mtllib chess.mtl
o bishop
v 0.000038 0.000000 0.000038
v -0.001798 0.000310 -0.000497
v -0.001798 0.000310 0.000497
v -0.003404 0.000932 0.000957
v -0.003404 0.000932 -0.000879
v -0.004857 0.002019 -0.001339
v -0.004857 0.002019 0.001339
v -0.005928 0.003573 -0.001567
v -0.005928 0.003573 0.001569
v -0.006616 0.005282 -0.001798
v -0.006616 0.005282 0.001798
v -0.006846 0.007146 0.001875
v -0.004857 0.005282 0.004858
v -0.005010 0.007146 0.005012
v -0.001798 0.007146 0.006848
v -0.004857 0.009010 0.004858
v -0.001798 0.009010 0.006617
v -0.004322 0.010719 0.004323
v -0.001568 0.010719 0.005930
v -0.003557 0.012117 0.003557
v -0.001263 0.012117 0.004858
v -0.002486 0.013205 0.002487
v -0.000957 0.013205 0.003405
v -0.006846 0.007146 -0.001873
v -0.006616 0.009010 -0.001798
v -0.006616 0.009010 0.001798
v -0.005928 0.010719 -0.001567
v -0.005928 0.010719 0.001569
v -0.004857 0.012117 -0.001339
v -0.004857 0.012117 0.001339
v -0.003404 0.013205 0.000957
v -0.005010 0.007146 -0.005010
v -0.004857 0.005282 -0.004858
v -0.001798 0.007146 -0.006846
v -0.001798 0.005282 -0.006616
v 0.001873 0.007146 -0.006846
v 0.001797 0.005282 -0.006616
v 0.005009 0.007146 -0.005010
v 0.004856 0.005282 -0.004858
v 0.006845 0.007146 -0.001873
v 0.006615 0.005282 -0.001798
v 0.006845 0.007146 0.001875
v 0.006615 0.005282 0.001798
v 0.005927 0.003573 -0.001567
v 0.005927 0.003573 0.001569
v 0.004856 0.002019 -0.001339
v 0.004856 0.002019 0.001339
v 0.003403 0.000932 -0.000879
v 0.003403 0.000932 0.000957
v 0.001797 0.000310 -0.000497
v 0.001797 0.000310 0.000497
v 0.000038 0.000000 0.000038
v -0.000498 0.000310 -0.001798
v -0.001263 0.000310 -0.001339
v -0.000957 0.000932 -0.003404
v -0.002486 0.000932 -0.002485
v -0.001263 0.002019 -0.004858
v -0.003557 0.002019 -0.003557
v -0.004322 0.003573 -0.004321
v -0.001568 0.003573 -0.005929
v 0.019541 0.097097 0.005240
v 0.025736 0.091038 0.006924
v 0.014340 0.097097 0.014344
v 0.018852 0.091038 0.018858
v 0.005239 0.097097 0.019547
v 0.006921 0.091038 0.025743
v -0.005240 0.097097 0.019547
v -0.006922 0.091038 0.025743
v -0.014341 0.097097 0.014344
v -0.018853 0.091038 0.018858
v -0.025737 0.091038 0.006924
v -0.022142 0.083426 0.022070
v -0.030173 0.083426 0.008072
v -0.023825 0.074726 0.023831
v -0.032620 0.074726 0.008760
v -0.023978 0.065871 0.023983
v -0.032697 0.065871 0.008760
v -0.022448 0.057326 0.022454
v -0.030708 0.057326 0.008225
v -0.019389 0.049403 0.019394
v -0.026502 0.049403 0.007076
v -0.002486 0.013205 0.002487
v -0.003404 0.013205 0.000957
v 0.030248 0.083426 0.008072
v 0.022141 0.083426 0.022070
v 0.008068 0.083426 0.030180
v -0.008069 0.083426 0.030180
v 0.032619 0.074726 0.008760
v 0.023824 0.074726 0.023831
v 0.008757 0.074726 0.032552
v -0.008758 0.074726 0.032552
v 0.023977 0.065871 0.023983
v 0.008757 0.065871 0.032780
v -0.008758 0.065871 0.032780
v 0.022447 0.057326 0.022454
v 0.008221 0.057326 0.030639
v -0.008222 0.057326 0.030639
v -0.007075 0.049403 0.026508
v 0.003403 0.013205 0.000957
v 0.004856 0.012117 0.001339
v 0.002485 0.013205 0.002487
v 0.003556 0.012117 0.003557
v 0.005927 0.010719 0.001569
v 0.004321 0.010719 0.004323
v 0.006615 0.009010 0.001798
v 0.004856 0.009010 0.004858
v 0.005009 0.007146 0.005012
v 0.006845 0.007146 0.001875
v 0.006615 0.005282 0.001798
v 0.004856 0.005282 0.004858
v 0.005927 0.003573 0.001569
v 0.004321 0.003573 0.004323
v 0.004856 0.002019 0.001339
v 0.003556 0.002019 0.003557
v 0.003403 0.000932 0.000957
v 0.002485 0.000932 0.002487
v 0.001797 0.000310 0.000497
v 0.001261 0.000310 0.001339
v 0.000038 0.000000 0.000038
v 0.001873 0.007146 0.006848
v 0.001797 0.005282 0.006617
v -0.001798 0.005282 0.006617
v -0.001568 0.003573 0.005930
v -0.004322 0.003573 0.004323
v -0.001263 0.002019 0.004858
v -0.003557 0.002019 0.003557
v -0.000957 0.000932 0.003405
v -0.002486 0.000932 0.002487
v -0.000498 0.000310 0.001798
v -0.001263 0.000310 0.001339
v 0.000038 0.000000 0.000038
v 0.001567 0.003573 0.005930
v -0.001568 0.003573 0.005930
v 0.001261 0.002019 0.004858
v -0.001263 0.002019 0.004858
v -0.000957 0.000932 0.003405
v 0.000955 0.000932 0.003405
v -0.000498 0.000310 0.001798
v 0.000497 0.000310 0.001798
v 0.000038 0.000000 0.000038
v 0.002485 0.013205 0.002487
v 0.003556 0.012117 0.003557
v 0.000955 0.013205 0.003405
v 0.001261 0.012117 0.004858
v 0.001567 0.010719 0.005930
v 0.004321 0.010719 0.004323
v 0.004856 0.009010 0.004858
v 0.001797 0.009010 0.006617
v -0.005928 0.003573 0.001569
v -0.004322 0.003573 0.004323
v -0.003557 0.002019 0.003557
v -0.004857 0.002019 0.001339
v -0.002486 0.000932 0.002487
v -0.003404 0.000932 0.000957
v -0.001263 0.000310 0.001339
v -0.001798 0.000310 0.000497
v 0.000038 0.000000 0.000038
v -0.005928 0.003573 -0.001567
v -0.004322 0.003573 -0.004321
v -0.004857 0.002019 -0.001339
v -0.003557 0.002019 -0.003557
v -0.003404 0.000932 -0.000879
v -0.002486 0.000932 -0.002485
v -0.001798 0.000310 -0.000497
v -0.001263 0.000310 -0.001339
v -0.001798 0.009010 0.006617
v 0.001797 0.009010 0.006617
v -0.001568 0.010719 0.005930
v 0.001567 0.010719 0.005930
v -0.001263 0.012117 0.004858
v 0.001261 0.012117 0.004858
v -0.000957 0.013205 0.003405
v 0.000955 0.013205 0.003405
v 0.000038 0.000000 0.000038
v 0.001261 0.000310 -0.001339
v 0.000497 0.000310 -0.001798
v 0.002485 0.000932 -0.002485
v 0.000955 0.000932 -0.003404
v 0.003556 0.002019 -0.003557
v 0.001261 0.002019 -0.004858
v 0.004321 0.003573 -0.004321
v 0.001567 0.003573 -0.005929
v -0.000957 0.013205 -0.003404
v -0.001263 0.012117 -0.004858
v 0.000955 0.013205 -0.003404
v 0.001261 0.012117 -0.004858
v -0.001568 0.010719 -0.005929
v 0.001567 0.010719 -0.005929
v -0.001798 0.009010 -0.006616
v 0.001797 0.009010 -0.006616
v -0.001568 0.003573 -0.005929
v 0.001567 0.003573 -0.005929
v 0.001261 0.002019 -0.004858
v -0.001263 0.002019 -0.004858
v -0.000957 0.000932 -0.003404
v 0.000955 0.000932 -0.003404
v -0.000498 0.000310 -0.001798
v 0.000497 0.000310 -0.001798
v 0.000038 0.000000 0.000038
v 0.004321 0.003573 -0.004321
v 0.005927 0.003573 -0.001567
v 0.003556 0.002019 -0.003557
v 0.004856 0.002019 -0.001339
v 0.002485 0.000932 -0.002485
v 0.003403 0.000932 -0.000879
v 0.001797 0.000310 -0.000497
v 0.001261 0.000310 -0.001339
v 0.000038 0.000000 0.000038
v 0.021529 0.112633 0.005777
v 0.021529 0.112633 -0.005775
v 0.021529 0.107351 0.005777
v 0.021529 0.107351 -0.005775
v 0.015793 0.112633 -0.015720
v 0.015793 0.107351 -0.015720
v 0.005774 0.112633 -0.021535
v 0.005774 0.107351 -0.021535
v -0.005775 0.112633 -0.021535
v -0.005775 0.107351 -0.021535
v -0.015718 0.112633 -0.015720
v -0.015718 0.107351 -0.015720
v -0.021530 0.112633 -0.005775
v -0.021530 0.107351 -0.005775
v -0.021530 0.112633 0.005777
v -0.021530 0.107351 0.005777
v -0.015718 0.112633 0.015721
v -0.015718 0.107351 0.015721
v -0.005775 0.112633 0.021535
v -0.005775 0.107351 0.021535
v 0.005774 0.112633 0.021535
v 0.005774 0.107351 0.021535
v 0.015793 0.112633 0.015721
v 0.015793 0.107351 0.015721
v 0.021529 0.112633 0.005777
v 0.021529 0.107351 0.005777
v 0.027112 0.114653 0.007306
v 0.027112 0.114653 -0.007306
v 0.019847 0.114653 -0.019851
v 0.007304 0.114653 -0.027120
v -0.007305 0.114653 -0.027120
v 0.009216 0.118226 -0.034463
v -0.009217 0.118226 -0.034463
v 0.010822 0.122886 -0.040430
v -0.010823 0.122886 -0.040430
v 0.025200 0.118226 -0.025207
v 0.034455 0.118226 -0.009217
v 0.040420 0.122886 -0.010825
v 0.029560 0.122886 -0.029567
v 0.040420 0.122886 0.010825
v 0.034455 0.118226 0.009219
v 0.047151 0.241268 0.012661
v 0.047151 0.245307 0.012661
v 0.047151 0.241268 -0.012661
v 0.047151 0.245307 -0.012661
v 0.034531 0.241268 -0.034540
v 0.034531 0.245307 -0.034540
v 0.012657 0.241268 -0.047162
v 0.012657 0.245307 -0.047162
v -0.012658 0.241268 -0.047162
v -0.012658 0.245307 -0.047162
v -0.034532 0.241268 -0.034540
v -0.034532 0.245307 -0.034540
v -0.047152 0.241268 -0.012661
v -0.047152 0.245307 -0.012661
v -0.047152 0.241268 0.012661
v -0.047152 0.245307 0.012661
v -0.034532 0.245307 0.034541
v -0.034532 0.241268 0.034541
v -0.012658 0.245307 0.047164
v -0.012658 0.241268 0.047164
v 0.012657 0.245307 0.047164
v 0.012657 0.241268 0.047164
v 0.034531 0.245307 0.034541
v 0.034531 0.241268 0.034541
v 0.047151 0.241268 0.012661
v 0.051128 0.245307 0.013732
v 0.047151 0.245307 0.012661
v 0.037438 0.245307 0.037372
v 0.013652 0.245307 0.051065
v -0.013653 0.245307 0.051065
v -0.037362 0.245307 0.037372
v -0.051052 0.245307 0.013732
v -0.051052 0.245307 -0.013732
v -0.037362 0.245307 -0.037370
v -0.013653 0.245307 -0.051063
v 0.013652 0.245307 -0.051063
v 0.037438 0.245307 -0.037370
v 0.051128 0.245307 -0.013732
v 0.051128 0.245307 0.013732
v 0.021529 0.141685 0.005777
v 0.019541 0.141685 0.005240
v 0.021529 0.141685 -0.005775
v 0.019541 0.141685 -0.005240
v 0.015793 0.141685 -0.015720
v 0.014340 0.141685 -0.014344
v 0.005774 0.141685 -0.021535
v 0.005239 0.141685 -0.019545
v -0.005775 0.141685 -0.021535
v -0.005240 0.141685 -0.019545
v -0.015718 0.141685 -0.015720
v -0.014341 0.141685 -0.014344
v -0.021530 0.141685 -0.005775
v -0.019542 0.141685 -0.005240
v -0.021530 0.141685 0.005777
v -0.019542 0.141685 0.005240
v -0.015718 0.141685 0.015721
v -0.014341 0.141685 0.014344
v -0.005775 0.141685 0.021535
v -0.005240 0.141685 0.019547
v 0.005774 0.141685 0.021535
v 0.005239 0.141685 0.019547
v 0.015793 0.141685 0.015721
v 0.014340 0.141685 0.014344
v 0.021529 0.141685 0.005777
v 0.019541 0.141685 0.005240
v 0.019541 0.107351 0.005240
v 0.014340 0.107351 0.014344
v 0.005239 0.107351 0.019547
v -0.005240 0.107351 0.019547
v -0.014341 0.107351 0.014344
v -0.019542 0.107351 0.005240
v -0.019542 0.107351 -0.005240
v -0.014341 0.107351 -0.014344
v -0.005240 0.107351 -0.019545
v 0.005239 0.107351 -0.019545
v 0.014340 0.107351 -0.014344
v 0.019541 0.107351 -0.005240
v 0.019541 0.107351 0.005240
v 0.053728 0.257270 0.014421
v 0.053728 0.257270 -0.014419
v 0.039350 0.257270 -0.039282
v 0.043174 0.268145 -0.043108
v 0.015793 0.268145 -0.058943
v 0.048680 0.277466 -0.048692
v 0.017858 0.277466 -0.066516
v 0.052505 0.285079 -0.052517
v 0.019235 0.285079 -0.071719
v 0.052505 0.294245 -0.052517
v 0.019235 0.294245 -0.071719
v 0.048680 0.301857 -0.048692
v 0.017858 0.301857 -0.066516
v 0.058929 0.268145 -0.015796
v 0.066501 0.277466 -0.017786
v 0.071702 0.285079 -0.019240
v 0.071702 0.294245 -0.019240
v 0.066501 0.301857 -0.017786
v 0.066501 0.277466 0.017786
v 0.058929 0.268145 0.015798
v 0.071702 0.285079 0.019240
v 0.071702 0.294245 0.019240
v 0.066501 0.301857 0.017786
v 0.021529 0.137645 0.005777
v 0.015793 0.137645 0.015721
v 0.005774 0.137645 0.021535
v -0.005775 0.137645 0.021535
v -0.015718 0.137645 0.015721
v -0.021530 0.137645 0.005777
v -0.021530 0.137645 -0.005775
v -0.015718 0.137645 -0.015720
v -0.005775 0.137645 -0.021535
v 0.005774 0.137645 -0.021535
v 0.015793 0.137645 -0.015720
v 0.021529 0.137645 -0.005775
v 0.021529 0.137645 0.005777
v -0.019848 0.114653 -0.019851
v -0.025201 0.118226 -0.025207
v -0.027114 0.114653 -0.007306
v -0.034456 0.118226 -0.009217
v -0.027114 0.114653 0.007306
v -0.034456 0.118226 0.009219
v -0.019848 0.114653 0.019852
v -0.025201 0.118226 0.025207
v -0.009217 0.118226 0.034465
v -0.029561 0.122886 0.029568
v -0.010823 0.122886 0.040432
v -0.007305 0.114653 0.027120
v 0.009216 0.118226 0.034465
v 0.010822 0.122886 0.040432
v 0.007304 0.114653 0.027120
v 0.019847 0.114653 0.019852
v 0.025200 0.118226 0.025207
v 0.029560 0.122886 0.029568
v 0.034455 0.118226 0.009219
v 0.027112 0.114653 0.007306
v -0.003404 0.013205 -0.000879
v -0.004857 0.012117 -0.001339
v -0.002486 0.013205 -0.002485
v -0.003557 0.012117 -0.003557
v -0.005928 0.010719 -0.001567
v -0.004322 0.010719 -0.004321
v -0.006616 0.009010 -0.001798
v -0.004857 0.009010 -0.004858
v 0.002485 0.013205 -0.002485
v 0.003556 0.012117 -0.003557
v 0.003403 0.013205 -0.000879
v 0.004856 0.012117 -0.001339
v 0.004321 0.010719 -0.004321
v 0.005927 0.010719 -0.001567
v 0.004856 0.009010 -0.004858
v 0.006615 0.009010 -0.001798
v 0.014416 0.257270 -0.053741
v -0.014417 0.257270 -0.053741
v -0.039274 0.257270 -0.039282
v -0.053729 0.257270 -0.014419
v -0.053729 0.257270 0.014421
v -0.015794 0.268145 -0.058943
v -0.043175 0.268145 -0.043108
v -0.058930 0.268145 -0.015796
v -0.058930 0.268145 0.015798
v -0.039274 0.257270 0.039284
v -0.017859 0.277466 -0.066516
v -0.048681 0.277466 -0.048692
v -0.066502 0.277466 -0.017786
v -0.066502 0.277466 0.017786
v -0.071703 0.285079 -0.019240
v -0.071703 0.285079 0.019240
v -0.071703 0.294245 0.019240
v -0.052506 0.294245 0.052519
v -0.066502 0.301857 0.017786
v -0.048681 0.301857 0.048694
v -0.048681 0.277466 0.048694
v -0.043175 0.268145 0.043185
v -0.015794 0.268145 0.058945
v -0.014417 0.257270 0.053743
v 0.014416 0.257270 0.053743
v 0.015793 0.268145 0.058945
v 0.017858 0.277466 0.066518
v -0.017859 0.277466 0.066518
v -0.019236 0.285079 0.071719
v -0.052506 0.285079 0.052519
v 0.019235 0.285079 0.071719
v 0.048680 0.277466 0.048694
v 0.043174 0.268145 0.043185
v 0.039350 0.257270 0.039284
v 0.053728 0.257270 0.014421
v 0.058929 0.268145 0.015798
v 0.066501 0.277466 0.017786
v 0.052505 0.285079 0.052519
v 0.071702 0.285079 0.019240
v 0.052505 0.294245 0.052519
v 0.071702 0.294245 0.019240
v 0.048680 0.301857 0.048694
v 0.066501 0.301857 0.017786
v 0.019235 0.294245 0.071719
v 0.017858 0.301857 0.066518
v -0.017859 0.301857 0.066518
v -0.019236 0.294245 0.071719
v -0.019542 0.097097 0.005240
v -0.019542 0.097097 -0.005240
v -0.025737 0.091038 -0.006922
v -0.030173 0.083426 -0.008070
v -0.032620 0.074726 -0.008759
v -0.032697 0.065871 -0.008759
v -0.023825 0.074726 -0.023830
v -0.023978 0.065871 -0.023983
v -0.008758 0.074726 -0.032550
v -0.008758 0.065871 -0.032780
v 0.008757 0.065871 -0.032780
v -0.008222 0.057326 -0.030639
v 0.008221 0.057326 -0.030639
v -0.007075 0.049403 -0.026508
v 0.007074 0.049403 -0.026508
v -0.000957 0.013205 -0.003404
v 0.000955 0.013205 -0.003404
v -0.030708 0.057326 -0.008223
v -0.026502 0.049403 -0.007076
v -0.003404 0.013205 -0.000879
v -0.022448 0.057326 -0.022452
v -0.019389 0.049403 -0.019392
v -0.002486 0.013205 -0.002485
v -0.014341 0.097097 -0.014344
v -0.018853 0.091038 -0.018856
v -0.005240 0.097097 -0.019545
v -0.006922 0.091038 -0.025743
v 0.005239 0.097097 -0.019545
v 0.006921 0.091038 -0.025743
v 0.014340 0.097097 -0.014344
v 0.018852 0.091038 -0.018856
v 0.025736 0.091038 -0.006922
v 0.022141 0.083426 -0.022070
v 0.030248 0.083426 -0.008070
v 0.023824 0.074726 -0.023830
v 0.032619 0.074726 -0.008759
v 0.023977 0.065871 -0.023983
v 0.032696 0.065871 -0.008759
v 0.022447 0.057326 -0.022452
v 0.030707 0.057326 -0.008223
v 0.019388 0.049403 -0.019392
v 0.026501 0.049403 -0.007076
v 0.002485 0.013205 -0.002485
v 0.003403 0.013205 -0.000879
v 0.008068 0.083426 -0.030179
v 0.008757 0.074726 -0.032550
v -0.008069 0.083426 -0.030179
v -0.022142 0.083426 -0.022070
v 0.019541 0.097097 -0.005240
v 0.019541 0.097097 0.005240
v 0.025736 0.091038 0.006924
v 0.030248 0.083426 0.008072
v 0.032619 0.074726 0.008760
v 0.032696 0.065871 0.008760
v 0.030707 0.057326 0.008225
v 0.026501 0.049403 0.007076
v 0.003403 0.013205 0.000957
v -0.066502 0.301857 -0.017786
v -0.071703 0.294245 -0.019240
v -0.048681 0.301857 -0.048692
v -0.052506 0.294245 -0.052517
v -0.017859 0.301857 -0.066516
v -0.019236 0.294245 -0.071719
v -0.052506 0.285079 -0.052517
v -0.019236 0.285079 -0.071719
v 0.006615 0.009010 0.001798
v 0.006615 0.009010 -0.001798
v 0.005927 0.010719 0.001569
v 0.005927 0.010719 -0.001567
v 0.004856 0.012117 0.001339
v 0.004856 0.012117 -0.001339
v 0.003403 0.013205 0.000957
v 0.003403 0.013205 -0.000879
v 0.000955 0.013205 -0.003404
v 0.001261 0.012117 -0.004858
v 0.002485 0.013205 -0.002485
v 0.003556 0.012117 -0.003557
v 0.001567 0.010719 -0.005929
v 0.004321 0.010719 -0.004321
v 0.001797 0.009010 -0.006616
v 0.004856 0.009010 -0.004858
v 0.020994 0.097563 0.005624
v 0.020994 0.097563 -0.005622
v 0.015411 0.097563 -0.015414
v 0.005621 0.097563 -0.021075
v -0.005622 0.097563 -0.021075
v -0.015412 0.097563 -0.015414
v -0.020995 0.097563 -0.005622
v -0.020995 0.097563 0.005624
v -0.015412 0.097563 0.015416
v -0.005622 0.097563 0.021076
v 0.005621 0.097563 0.021076
v -0.005928 0.098651 0.022070
v 0.005927 0.098651 0.022070
v -0.006004 0.100204 0.022529
v 0.006003 0.100204 0.022529
v -0.005928 0.101758 0.022070
v 0.005927 0.101758 0.022070
v -0.005622 0.102845 0.021076
v 0.005621 0.102845 0.021076
v -0.005240 0.103312 0.019547
v 0.005239 0.103312 0.019547
v -0.022142 0.098651 -0.005929
v -0.016177 0.098651 -0.016180
v -0.005928 0.098651 -0.022070
v 0.005927 0.098651 -0.022070
v 0.016175 0.098651 -0.016180
v 0.022141 0.098651 -0.005929
v 0.022524 0.100204 -0.006004
v 0.022524 0.100204 0.006005
v 0.022141 0.101758 -0.005929
v 0.022141 0.101758 0.005930
v 0.020994 0.102845 0.005624
v -0.006004 0.100204 -0.022529
v 0.006003 0.100204 -0.022529
v 0.016481 0.100204 -0.016485
v 0.016175 0.101758 -0.016180
v 0.020994 0.102845 -0.005622
v 0.019541 0.103312 0.005240
v 0.019541 0.103312 -0.005240
v 0.014340 0.103312 -0.014344
v 0.015411 0.102845 -0.015414
v 0.005621 0.102845 -0.021075
v 0.005927 0.101758 -0.022070
v -0.005928 0.101758 -0.022070
v -0.016482 0.100204 -0.016485
v 0.005239 0.103312 -0.019545
v -0.005622 0.102845 -0.021075
v -0.016177 0.101758 -0.016180
v -0.022142 0.101758 -0.005929
v -0.022525 0.100204 -0.006004
v -0.022525 0.100204 0.006005
v -0.022142 0.098651 0.005930
v -0.016177 0.098651 0.016180
v -0.016482 0.100204 0.016487
v -0.016177 0.101758 0.016180
v -0.015412 0.102845 0.015416
v -0.020995 0.102845 0.005624
v -0.022142 0.101758 0.005930
v -0.020995 0.102845 -0.005622
v -0.015412 0.102845 -0.015414
v -0.005240 0.103312 -0.019545
v -0.014341 0.103312 -0.014344
v -0.019542 0.103312 -0.005240
v -0.019542 0.103312 0.005240
v -0.014341 0.103312 0.014344
v 0.000038 0.000000 0.000038
v 0.000497 0.000310 0.001798
v 0.001261 0.000310 0.001339
v 0.000955 0.000932 0.003405
v 0.002485 0.000932 0.002487
v 0.001261 0.002019 0.004858
v 0.003556 0.002019 0.003557
v 0.001567 0.003573 0.005930
v 0.004321 0.003573 0.004323
v 0.022141 0.098651 0.005930
v 0.015411 0.097563 0.015416
v 0.016175 0.098651 0.016180
v 0.022141 0.098651 0.005930
v 0.016481 0.100204 0.016487
v 0.022524 0.100204 0.006005
v 0.022141 0.101758 0.005930
v 0.016175 0.101758 0.016180
v 0.015411 0.102845 0.015416
v 0.020994 0.102845 0.005624
v 0.014340 0.103312 0.014344
v 0.019541 0.103312 0.005240
v -0.029561 0.122886 -0.029567
v -0.040421 0.122886 -0.010825
v -0.040421 0.122886 0.010825
v 0.020994 0.097563 0.005624
v -0.002486 0.013205 -0.002485
v -0.003557 0.012117 -0.003557
v -0.000957 0.013205 -0.003404
v -0.001263 0.012117 -0.004858
v -0.004322 0.010719 -0.004321
v -0.001568 0.010719 -0.005929
v -0.004857 0.009010 -0.004858
v -0.001798 0.009010 -0.006616
v -0.002486 0.013205 0.002487
v -0.003557 0.012117 0.003557
v -0.003404 0.013205 0.000957
v -0.004857 0.012117 0.001339
v -0.004322 0.010719 0.004323
v -0.005928 0.010719 0.001569
v -0.004857 0.009010 0.004858
v -0.006616 0.009010 0.001798
v -0.000957 0.013205 0.003405
v 0.000955 0.013205 0.003405
v 0.007074 0.049403 0.026508
v 0.002485 0.013205 0.002487
v 0.019388 0.049403 0.019394
v 0.003403 0.013205 0.000957
v 0.026501 0.049403 0.007076
v 0.030707 0.057326 0.008225
v 0.032696 0.065871 0.008760
v 0.028872 0.134849 0.007765
v 0.028872 0.134849 -0.007765
v 0.036061 0.130965 -0.009676
v 0.021147 0.134849 -0.021151
v 0.026424 0.130965 -0.026430
v 0.009674 0.130965 -0.036069
v 0.010822 0.127081 -0.040430
v -0.010823 0.127081 -0.040430
v 0.029560 0.127081 -0.029567
v 0.040420 0.127081 -0.010825
v 0.036061 0.130965 0.009678
v 0.040420 0.127081 0.010825
v 0.007762 0.134849 -0.028878
v -0.007763 0.134849 -0.028878
v -0.009676 0.130965 -0.036069
v -0.021148 0.134849 -0.021151
v -0.026425 0.130965 -0.026430
v -0.029561 0.127081 -0.029567
v -0.040421 0.127081 -0.010825
v 0.048604 0.240802 0.013043
v 0.035602 0.240802 0.035612
v 0.013040 0.240802 0.048694
v 0.036443 0.239715 0.036376
v 0.013346 0.239715 0.049687
v 0.036673 0.238161 0.036683
v 0.013422 0.238161 0.050146
v 0.036443 0.236763 0.036376
v 0.013346 0.236763 0.049687
v 0.035602 0.235675 0.035612
v 0.013040 0.235675 0.048694
v 0.034531 0.235209 0.034541
v 0.012657 0.235209 0.047164
v 0.028107 0.221227 0.028114
v 0.010286 0.221227 0.038442
v 0.022829 0.206468 0.022836
v 0.008374 0.206468 0.031251
v 0.018776 0.190933 0.018782
v 0.006921 0.190933 0.025666
v 0.016023 0.174775 0.015950
v 0.005850 0.174775 0.021842
v 0.014493 0.158308 0.014497
v 0.005315 0.158308 0.019776
v 0.047151 0.235209 0.012661
v 0.048604 0.235675 0.013043
v 0.049751 0.236763 0.013350
v 0.050134 0.238161 0.013427
v 0.049751 0.239715 0.013350
v 0.038432 0.221227 0.010290
v 0.031166 0.206468 0.008377
v 0.025659 0.190933 0.006848
v 0.021835 0.174775 0.005852
v 0.019847 0.158308 0.005318
v -0.013041 0.240802 0.048694
v -0.035603 0.240802 0.035612
v -0.013347 0.239715 0.049687
v -0.013423 0.238161 0.050146
v -0.036674 0.238161 0.036683
v -0.013347 0.236763 0.049687
v -0.036444 0.236763 0.036376
v -0.013041 0.235675 0.048694
v -0.035603 0.235675 0.035612
v -0.012658 0.235209 0.047164
v -0.034532 0.235209 0.034541
v -0.010287 0.221227 0.038442
v -0.028108 0.221227 0.028114
v -0.008375 0.206468 0.031251
v -0.022830 0.206468 0.022836
v -0.006922 0.190933 0.025666
v -0.018777 0.190933 0.018782
v -0.016024 0.174775 0.015950
v -0.021836 0.174775 0.005852
v -0.014494 0.158308 0.014497
v -0.019771 0.158308 0.005318
v -0.025660 0.190933 0.006848
v -0.031167 0.206468 0.008377
v -0.038433 0.221227 0.010290
v -0.047152 0.235209 0.012661
v -0.048605 0.235675 0.013043
v -0.049752 0.236763 0.013350
v -0.050135 0.238161 0.013427
v -0.049752 0.239715 0.013350
v -0.036444 0.239715 0.036376
v -0.048605 0.235675 -0.013043
v -0.047152 0.235209 -0.012661
v -0.038433 0.221227 -0.010288
v -0.031167 0.206468 -0.008377
v -0.025660 0.190933 -0.006846
v -0.021836 0.174775 -0.005852
v -0.019771 0.158308 -0.005317
v -0.014494 0.158308 -0.014496
v -0.028108 0.221227 -0.028114
v -0.022830 0.206468 -0.022834
v -0.018777 0.190933 -0.018780
v -0.016024 0.174775 -0.015950
v -0.005851 0.174775 -0.021840
v -0.005316 0.158308 -0.019774
v 0.005850 0.174775 -0.021840
v 0.005315 0.158308 -0.019774
v 0.016023 0.174775 -0.015950
v 0.014493 0.158308 -0.014496
v 0.021835 0.174775 -0.005852
v 0.019847 0.158308 -0.005317
v 0.021835 0.174775 0.005852
v 0.019847 0.158308 0.005318
v -0.028873 0.134849 -0.007765
v -0.036062 0.130965 -0.009676
v -0.036062 0.130965 0.009678
v -0.040421 0.127081 0.010825
v -0.029561 0.127081 0.029568
v -0.005851 0.174775 0.021842
v -0.005316 0.158308 0.019776
v -0.028873 0.134849 0.007765
v -0.021148 0.134849 0.021153
v -0.026425 0.130965 0.026431
v -0.007763 0.134849 0.028880
v -0.009676 0.130965 0.036071
v 0.009674 0.130965 0.036071
v -0.010823 0.127081 0.040432
v 0.010822 0.127081 0.040432
v 0.078279 0.318014 0.021000
v 0.075526 0.311800 0.020234
v 0.057323 0.318014 0.057337
v 0.055258 0.311800 0.055273
v 0.020994 0.318014 0.078298
v 0.020229 0.311800 0.075545
v -0.020995 0.318014 0.078298
v -0.020230 0.311800 0.075545
v -0.057324 0.318014 0.057337
v -0.055259 0.311800 0.055273
v -0.078280 0.318014 0.021000
v -0.075527 0.311800 0.020234
v -0.075527 0.311800 -0.020234
v -0.071550 0.306362 0.019163
v -0.071550 0.306362 -0.019162
v 0.071549 0.306362 0.019163
v 0.052428 0.306362 0.052366
v 0.019158 0.306362 0.071567
v -0.019159 0.306362 0.071567
v -0.052353 0.306362 0.052366
v 0.028872 0.134849 0.007765
v 0.021147 0.134849 0.021153
v 0.007762 0.134849 0.028880
v 0.036061 0.130965 0.009678
v 0.026424 0.130965 0.026431
v 0.040420 0.127081 0.010825
v 0.029560 0.127081 0.029568
v 0.040420 0.122886 0.010825
v -0.078280 0.318014 -0.021000
v -0.057324 0.318014 -0.057260
v -0.055259 0.311800 -0.055271
v -0.052353 0.306362 -0.052364
v -0.019159 0.306362 -0.071566
v -0.020230 0.311800 -0.075543
v -0.020995 0.318014 -0.078298
v 0.020994 0.318014 -0.078298
v 0.020229 0.311800 -0.075543
v 0.019158 0.306362 -0.071566
v 0.052428 0.306362 -0.052364
v 0.055258 0.311800 -0.055271
v 0.057323 0.318014 -0.057260
v 0.075526 0.311800 -0.020234
v 0.078279 0.318014 -0.021000
v 0.071549 0.306362 -0.019162
v 0.071549 0.306362 0.019163
v 0.075526 0.311800 0.020234
v 0.078279 0.318014 0.021000
v 0.048604 0.240802 -0.013043
v 0.035602 0.240802 -0.035610
v 0.036443 0.239715 -0.036376
v 0.013346 0.239715 -0.049686
v 0.013422 0.238161 -0.050146
v -0.013423 0.238161 -0.050146
v -0.013347 0.236763 -0.049686
v -0.036444 0.236763 -0.036376
v -0.035603 0.235675 -0.035610
v 0.013040 0.240802 -0.048692
v -0.013347 0.239715 -0.049686
v -0.036674 0.238161 -0.036681
v -0.050135 0.238161 -0.013425
v -0.049752 0.236763 -0.013348
v -0.049752 0.239715 -0.013348
v -0.048605 0.240802 0.013043
v -0.048605 0.240802 -0.013043
v -0.035603 0.240802 -0.035610
v -0.013041 0.240802 -0.048692
v -0.036444 0.239715 -0.036376
v 0.048604 0.240802 0.013043
v 0.049751 0.239715 -0.013348
v 0.049751 0.239715 0.013350
v 0.050134 0.238161 -0.013425
v 0.050134 0.238161 0.013427
v 0.049751 0.236763 -0.013348
v 0.049751 0.236763 0.013350
v 0.048604 0.235675 -0.013043
v 0.048604 0.235675 0.013043
v 0.047151 0.235209 0.012661
v 0.036673 0.238161 -0.036681
v 0.036443 0.236763 -0.036376
v 0.035602 0.235675 -0.035610
v 0.034531 0.235209 -0.034540
v 0.047151 0.235209 -0.012661
v 0.028107 0.221227 -0.028114
v 0.038432 0.221227 -0.010288
v 0.022829 0.206468 -0.022834
v 0.031166 0.206468 -0.008377
v 0.018776 0.190933 -0.018780
v 0.025659 0.190933 -0.006846
v 0.013040 0.235675 -0.048692
v 0.012657 0.235209 -0.047162
v 0.010286 0.221227 -0.038442
v 0.008374 0.206468 -0.031251
v 0.006921 0.190933 -0.025666
v -0.006922 0.190933 -0.025666
v -0.008375 0.206468 -0.031251
v -0.010287 0.221227 -0.038442
v -0.012658 0.235209 -0.047162
v -0.013041 0.235675 -0.048692
v -0.034532 0.235209 -0.034540
v 0.013346 0.236763 -0.049686
v 0.038432 0.221227 0.010290
v 0.031166 0.206468 0.008377
v 0.025659 0.190933 0.006848
v -0.078280 0.318014 0.021000
v -0.078280 0.318014 -0.021000
v -0.000039 0.318014 0.000038
v -0.057324 0.318014 -0.057260
v -0.020995 0.318014 -0.078298
v 0.020994 0.318014 -0.078298
v 0.057323 0.318014 -0.057260
v 0.078279 0.318014 -0.021000
v 0.078279 0.318014 0.021000
v 0.057323 0.318014 0.057337
v 0.020994 0.318014 0.078298
v -0.020995 0.318014 0.078298
v -0.057324 0.318014 0.057337
v 0.000038 0.000000 0.000038
v 0.000038 0.000000 0.000038
v -0.003404 0.013205 -0.000879
vt -0.384057 1.266736
vt -0.381046 1.266046
vt -0.381095 1.267637
vt -0.378133 1.268508
vt -0.378034 1.265445
vt -0.374974 1.264875
vt -0.375122 1.269229
vt -0.371913 1.264574
vt -0.372111 1.269799
vt -0.368852 1.264364
vt -0.369099 1.270220
vt -0.366039 1.270460
vt -0.369692 1.276075
vt -0.366631 1.276525
vt -0.367668 1.282561
vt -0.363620 1.277096
vt -0.364656 1.282951
vt -0.360658 1.277967
vt -0.361546 1.283131
vt -0.357794 1.278958
vt -0.358485 1.283191
vt -0.354882 1.280099
vt -0.355425 1.283071
vt -0.365792 1.264364
vt -0.362731 1.264604
vt -0.362928 1.270430
vt -0.359720 1.265025
vt -0.359868 1.270249
vt -0.356659 1.265565
vt -0.356856 1.269919
vt -0.353796 1.269409
vt -0.365989 1.258238
vt -0.369050 1.258479
vt -0.366532 1.252173
vt -0.369593 1.252623
vt -0.367569 1.246137
vt -0.370580 1.246798
vt -0.369050 1.240282
vt -0.372012 1.241093
vt -0.370926 1.234457
vt -0.373838 1.235477
vt -0.373197 1.228781
vt -0.376010 1.230042
vt -0.376800 1.236318
vt -0.378726 1.231454
vt -0.379762 1.237039
vt -0.381391 1.232985
vt -0.382823 1.237519
vt -0.383958 1.234667
vt -0.385834 1.237970
vt -0.386427 1.236468
vt -0.384353 1.256887
vt -0.381441 1.255866
vt -0.381293 1.257428
vt -0.378528 1.254875
vt -0.378232 1.257878
vt -0.375616 1.253945
vt -0.375171 1.258238
vt -0.372111 1.258419
vt -0.372604 1.253194
vt 1.058914 0.830644
vt 1.057630 0.844367
vt 1.040698 0.830644
vt 1.037538 0.844367
vt 1.021100 0.830644
vt 1.018039 0.844367
vt 1.001353 0.830644
vt 0.998835 0.844367
vt 0.981607 0.830644
vt 0.979829 0.844367
vt 0.960972 0.844367
vt 0.978348 0.857158
vt 0.960231 0.857158
vt 0.976966 0.868719
vt 0.959540 0.868719
vt 0.975584 0.879829
vt 0.958800 0.879829
vt 0.974054 0.891270
vt 0.958059 0.891270
vt 0.972276 0.895264
vt 0.957170 0.895264
vt 0.953320 0.961655
vt 0.947840 0.961655
vt 1.055804 0.857158
vt 1.034823 0.857158
vt 1.015373 0.857158
vt 0.996713 0.857158
vt 1.052891 0.868719
vt 1.031812 0.868719
vt 1.012806 0.868719
vt 0.994639 0.868719
vt 1.028504 0.879829
vt 1.010091 0.879829
vt 0.992615 0.879829
vt 1.024703 0.891270
vt 1.007129 0.891270
vt 0.990344 0.891270
vt 0.987679 0.895264
vt -0.361151 1.302890
vt -0.364212 1.302409
vt -0.360065 1.300067
vt -0.362632 1.298386
vt -0.367223 1.301809
vt -0.365298 1.296854
vt -0.370185 1.300998
vt -0.368062 1.295503
vt -0.370876 1.294272
vt -0.373098 1.299977
vt -0.375912 1.298806
vt -0.373789 1.293311
vt -0.378676 1.297425
vt -0.376751 1.292470
vt -0.381293 1.295863
vt -0.379762 1.291809
vt -0.383860 1.294182
vt -0.382823 1.291329
vt -0.386427 1.292440
vt -0.385834 1.290939
vt -0.388895 1.290638
vt -0.369099 1.288476
vt -0.372061 1.287666
vt -0.370679 1.281900
vt -0.373641 1.281060
vt -0.372752 1.275895
vt -0.376553 1.280069
vt -0.375813 1.275835
vt -0.379417 1.278928
vt -0.378923 1.275955
vt -0.382280 1.277726
vt -0.381984 1.276195
vt -0.385044 1.276465
vt -0.374974 1.286645
vt -0.373740 1.281480
vt -0.377837 1.285444
vt -0.376800 1.281270
vt -0.379910 1.281180
vt -0.380601 1.284152
vt -0.382971 1.281210
vt -0.383317 1.282741
vt -0.386032 1.281330
vt -0.358782 1.296434
vt -0.361892 1.296133
vt -0.357893 1.293551
vt -0.360608 1.292050
vt -0.363373 1.290698
vt -0.364903 1.295683
vt -0.367914 1.295112
vt -0.366187 1.289467
vt -0.372160 1.270190
vt -0.372703 1.275474
vt -0.375665 1.274694
vt -0.375221 1.270400
vt -0.378627 1.273763
vt -0.378281 1.270730
vt -0.381490 1.272742
vt -0.381342 1.271150
vt -0.384403 1.271631
vt -0.371913 1.264154
vt -0.372111 1.258839
vt -0.374974 1.263734
vt -0.375122 1.259410
vt -0.378034 1.263223
vt -0.378133 1.260130
vt -0.380996 1.262532
vt -0.381046 1.260941
vt -0.364706 1.283312
vt -0.366088 1.289077
vt -0.361793 1.284333
vt -0.363027 1.289467
vt -0.358979 1.285534
vt -0.359966 1.289708
vt -0.356165 1.286825
vt -0.356856 1.289798
vt -0.385884 1.247609
vt -0.383218 1.246167
vt -0.382872 1.247699
vt -0.380503 1.244726
vt -0.379762 1.247639
vt -0.377738 1.243375
vt -0.376702 1.247549
vt -0.374924 1.242174
vt -0.373641 1.247248
vt -0.354783 1.248630
vt -0.357646 1.249771
vt -0.355326 1.245627
vt -0.358387 1.245537
vt -0.360559 1.250762
vt -0.361447 1.245537
vt -0.363521 1.251572
vt -0.364508 1.245747
vt -0.372654 1.252833
vt -0.373542 1.247609
vt -0.376455 1.248600
vt -0.375764 1.252864
vt -0.378824 1.252743
vt -0.379318 1.249741
vt -0.381885 1.252503
vt -0.382132 1.250972
vt -0.384946 1.252203
vt -0.375023 1.241753
vt -0.376652 1.236679
vt -0.378034 1.242234
vt -0.379367 1.238120
vt -0.381145 1.242564
vt -0.382082 1.239621
vt -0.384650 1.241273
vt -0.384156 1.242774
vt -0.387217 1.242894
vt 0.812873 0.792839
vt 0.833113 0.792839
vt 0.815638 0.803019
vt 0.836026 0.803019
vt 0.854588 0.792839
vt 0.856859 0.803019
vt 0.876457 0.792839
vt 0.878135 0.803019
vt 0.898277 0.792839
vt 0.899412 0.803019
vt 0.920195 0.792839
vt 0.920788 0.803019
vt 0.942163 0.792839
vt 0.942163 0.803019
vt 0.964180 0.792839
vt 0.963588 0.803019
vt 0.986099 0.792839
vt 0.984964 0.803019
vt 1.007968 0.792839
vt 1.006240 0.803019
vt 1.029689 0.792839
vt 1.027418 0.803019
vt 1.051262 0.792839
vt 1.048350 0.803019
vt 1.071404 0.792839
vt 1.068689 0.803019
vt 0.807394 0.783651
vt 0.829806 0.783651
vt 0.852317 0.783651
vt 0.874729 0.783651
vt 0.897141 0.783651
vt 0.872853 0.771610
vt 0.895956 0.771610
vt 0.871471 0.761130
vt 0.894969 0.761130
vt 0.849799 0.771610
vt 0.826252 0.771610
vt 0.823833 0.761130
vt 0.847973 0.761130
vt 0.795694 0.761130
vt 0.800680 0.771610
vt 0.680227 0.464726
vt 0.680276 0.458120
vt 0.730827 0.464726
vt 0.729148 0.458120
vt 0.776244 0.464726
vt 0.775010 0.458120
vt 0.819340 0.464726
vt 0.818501 0.458120
vt 0.861005 0.464726
vt 0.860512 0.458120
vt 0.901831 0.464726
vt 0.901584 0.458120
vt 0.942262 0.464726
vt 0.942262 0.458120
vt 0.982643 0.464726
vt 0.982890 0.458120
vt 1.024012 0.458120
vt 1.023469 0.464726
vt 1.066023 0.458120
vt 1.065184 0.464726
vt 1.109564 0.458120
vt 1.108280 0.464726
vt 1.155375 0.458120
vt 1.153697 0.464726
vt 1.204297 0.464726
vt 1.206568 0.451394
vt 1.204248 0.458120
vt 1.156807 0.451394
vt 1.110551 0.451394
vt 1.066714 0.451394
vt 1.024457 0.451394
vt 0.983137 0.451394
vt 0.942262 0.451394
vt 0.901387 0.451394
vt 0.860067 0.451394
vt 0.817810 0.451394
vt 0.773923 0.451394
vt 0.727717 0.451394
vt 0.678005 0.451394
vt 0.792386 0.713776
vt 0.791991 0.709993
vt 0.814947 0.713776
vt 0.813910 0.709993
vt 0.839037 0.713776
vt 0.838099 0.709993
vt 0.864263 0.713776
vt 0.863523 0.709993
vt 0.889983 0.713776
vt 0.889440 0.709993
vt 0.915999 0.713776
vt 0.915752 0.709993
vt 0.942163 0.713776
vt 0.942163 0.709993
vt 0.968377 0.713776
vt 0.968623 0.709993
vt 0.994442 0.713776
vt 0.994936 0.709993
vt 1.020162 0.713776
vt 1.020902 0.709993
vt 1.045289 0.713776
vt 1.046227 0.709993
vt 1.069478 0.713776
vt 1.070515 0.709993
vt 1.091940 0.713776
vt 1.092335 0.709993
vt 1.066566 0.806652
vt 1.047214 0.806652
vt 1.026579 0.806652
vt 1.005599 0.806652
vt 0.984519 0.806652
vt 0.963391 0.806652
vt 0.942163 0.806652
vt 0.920985 0.806652
vt 0.899856 0.806652
vt 0.878777 0.806652
vt 0.857747 0.806652
vt 0.837161 0.806652
vt 0.817761 0.806652
vt 0.674796 0.430645
vt 0.723916 0.430645
vt 0.771060 0.430645
vt 0.768839 0.410977
vt 0.814305 0.410977
vt 0.767259 0.391879
vt 0.813268 0.391879
vt 0.766370 0.378157
vt 0.812676 0.378157
vt 0.765630 0.364224
vt 0.812232 0.364224
vt 0.765038 0.350201
vt 0.811837 0.350201
vt 0.720756 0.410977
vt 0.718288 0.391879
vt 0.716906 0.378157
vt 0.715820 0.364224
vt 0.714980 0.350201
vt 0.664775 0.391879
vt 0.670156 0.410977
vt 0.661369 0.378157
vt 0.660233 0.364224
vt 0.661467 0.350201
vt 1.089225 0.721373
vt 1.067504 0.721373
vt 1.043462 0.721373
vt 1.018681 0.721373
vt 0.993405 0.721373
vt 0.967883 0.721373
vt 0.942163 0.721373
vt 0.916493 0.721373
vt 0.890971 0.721373
vt 0.865744 0.721373
vt 0.840864 0.721373
vt 0.816921 0.721373
vt 0.795102 0.721373
vt 0.919652 0.783651
vt 0.919060 0.771610
vt 0.942163 0.783651
vt 0.942163 0.771610
vt 0.964723 0.783651
vt 0.965316 0.771610
vt 0.987234 0.783651
vt 0.988469 0.771610
vt 1.011473 0.771610
vt 0.989357 0.761130
vt 1.012855 0.761130
vt 1.009647 0.783651
vt 1.034577 0.771610
vt 1.036354 0.761130
vt 1.032059 0.783651
vt 1.054520 0.783651
vt 1.058075 0.771610
vt 1.060494 0.761130
vt 1.083646 0.771610
vt 1.076933 0.783651
vt -0.353648 1.262532
vt -0.356659 1.263193
vt -0.353746 1.259440
vt -0.356807 1.258869
vt -0.359670 1.263824
vt -0.359818 1.258479
vt -0.362731 1.264184
vt -0.362879 1.258299
vt -0.357942 1.235087
vt -0.360608 1.236619
vt -0.358880 1.232144
vt -0.361941 1.232505
vt -0.363323 1.238000
vt -0.365002 1.232925
vt -0.366187 1.239201
vt -0.367964 1.233586
vt 0.815835 0.430645
vt 0.858883 0.430645
vt 0.900794 0.430645
vt 0.942262 0.430645
vt 0.983729 0.430645
vt 0.857994 0.410977
vt 0.900399 0.410977
vt 0.942262 0.410977
vt 0.984124 0.410977
vt 1.025641 0.430645
vt 0.857352 0.391879
vt 0.900103 0.391879
vt 0.942262 0.391879
vt 0.984421 0.391879
vt 0.942262 0.378157
vt 0.984618 0.378157
vt 0.984717 0.364224
vt 1.027813 0.364224
vt 0.984865 0.350201
vt 1.028060 0.350201
vt 1.027172 0.391879
vt 1.026579 0.410977
vt 1.070169 0.410977
vt 1.068689 0.430645
vt 1.113414 0.430645
vt 1.115685 0.410977
vt 1.117265 0.391879
vt 1.071206 0.391879
vt 1.071799 0.378157
vt 1.027517 0.378157
vt 1.118104 0.378157
vt 1.166236 0.391879
vt 1.163768 0.410977
vt 1.160608 0.430645
vt 1.209678 0.430645
vt 1.214368 0.410977
vt 1.219749 0.391879
vt 1.167618 0.378157
vt 1.223155 0.378157
vt 1.168704 0.364224
vt 1.224290 0.364224
vt 1.169543 0.350201
vt 1.223106 0.350201
vt 1.118844 0.364224
vt 1.119486 0.350201
vt 1.072687 0.350201
vt 1.072243 0.364224
vt 0.961910 0.830644
vt 0.942163 0.830644
vt 0.942213 0.844367
vt 0.942163 0.857158
vt 0.942163 0.868719
vt 0.942163 0.879829
vt 0.924836 0.868719
vt 0.925527 0.879829
vt 0.907409 0.868719
vt 0.908792 0.879829
vt 0.891810 0.879829
vt 0.910322 0.891270
vt 0.894031 0.891270
vt 0.912050 0.895264
vt 0.896648 0.895264
vt 0.931056 0.961655
vt 0.925872 0.961655
vt 0.942213 0.891270
vt 0.942213 0.895264
vt 0.942213 0.961655
vt 0.926317 0.891270
vt 0.927205 0.895264
vt 0.936486 0.961655
vt 0.922466 0.830644
vt 0.923404 0.844367
vt 0.902769 0.830644
vt 0.904497 0.844367
vt 0.883023 0.830644
vt 0.885491 0.844367
vt 0.863177 0.830644
vt 0.866337 0.844367
vt 0.846788 0.844367
vt 0.868953 0.857158
vt 0.849602 0.857158
vt 0.871570 0.868719
vt 0.852514 0.868719
vt 0.874285 0.879829
vt 0.855822 0.879829
vt 0.877247 0.891270
vt 0.859672 0.891270
vt 0.880752 0.895264
vt 0.864115 0.895264
vt 0.921183 0.961655
vt 0.916986 0.961655
vt 0.887663 0.857158
vt 0.889687 0.868719
vt 0.906027 0.857158
vt 0.924145 0.857158
vt 0.843678 0.830644
vt 0.825462 0.830644
vt 0.826696 0.844367
vt 0.828522 0.857158
vt 0.831435 0.868719
vt 0.835532 0.879829
vt 0.841555 0.891270
vt 0.846294 0.895264
vt 0.913728 0.961655
vt 0.942262 0.350201
vt 0.942262 0.364224
vt 0.899708 0.350201
vt 0.899807 0.364224
vt 0.856464 0.350201
vt 0.856710 0.364224
vt 0.899955 0.378157
vt 0.857007 0.378157
vt -0.370284 1.227760
vt -0.368112 1.233195
vt -0.367322 1.226920
vt -0.365397 1.231784
vt -0.364360 1.226229
vt -0.362731 1.230283
vt -0.361299 1.225688
vt -0.360164 1.228511
vt -0.356116 1.241723
vt -0.358880 1.243074
vt -0.356856 1.238811
vt -0.359966 1.238901
vt -0.361744 1.244276
vt -0.363027 1.239171
vt -0.364607 1.245296
vt -0.366039 1.239591
vt 0.823783 0.828002
vt 0.842888 0.828002
vt 0.862585 0.828002
vt 0.882480 0.828002
vt 0.902473 0.828002
vt 0.922367 0.828002
vt 0.942213 0.828002
vt 0.962058 0.828002
vt 0.981952 0.828002
vt 1.001797 0.828002
vt 1.021741 0.828002
vt 1.002291 0.825269
vt 1.022383 0.825269
vt 1.002785 0.822416
vt 1.022926 0.822416
vt 1.003229 0.819534
vt 1.023568 0.819534
vt 1.003673 0.816621
vt 1.024160 0.816621
vt 1.004216 0.813708
vt 1.024753 0.813708
vt 0.942213 0.825269
vt 0.922219 0.825269
vt 0.902127 0.825269
vt 0.881986 0.825269
vt 0.861993 0.825269
vt 0.842197 0.825269
vt 0.841506 0.822416
vt 0.821216 0.822416
vt 0.840815 0.819534
vt 0.820574 0.819534
vt 0.820278 0.816621
vt 0.901782 0.822416
vt 0.881591 0.822416
vt 0.861400 0.822416
vt 0.860808 0.819534
vt 0.840074 0.816621
vt 0.820130 0.813708
vt 0.839383 0.813708
vt 0.859574 0.813708
vt 0.860166 0.816621
vt 0.880653 0.816621
vt 0.881097 0.819534
vt 0.901486 0.819534
vt 0.922022 0.822416
vt 0.880159 0.813708
vt 0.901189 0.816621
vt 0.921874 0.819534
vt 0.942213 0.819534
vt 0.942163 0.822416
vt 0.962403 0.822416
vt 0.962206 0.825269
vt 0.982248 0.825269
vt 0.982545 0.822416
vt 0.982890 0.819534
vt 0.983236 0.816621
vt 0.962699 0.816621
vt 0.962551 0.819534
vt 0.942213 0.816621
vt 0.921726 0.816621
vt 0.900794 0.813708
vt 0.921479 0.813708
vt 0.942163 0.813708
vt 0.962897 0.813708
vt 0.983581 0.813708
vt -0.387315 1.286044
vt -0.384255 1.286134
vt -0.384699 1.287636
vt -0.381194 1.286344
vt -0.382082 1.289227
vt -0.378133 1.286615
vt -0.379367 1.290728
vt -0.375072 1.287065
vt -0.376603 1.292080
vt 0.822302 0.825269
vt 1.041389 0.828002
vt 1.042130 0.825269
vt 1.062024 0.825269
vt 1.042870 0.822416
vt 1.063159 0.822416
vt 1.063801 0.819534
vt 1.043512 0.819534
vt 1.044203 0.816621
vt 1.064097 0.816621
vt 1.044993 0.813708
vt 1.064196 0.813708
vt 0.918566 0.761130
vt 0.942213 0.761130
vt 0.965859 0.761130
vt 1.060592 0.828002
vt -0.353993 1.255536
vt -0.356955 1.256497
vt -0.354289 1.252563
vt -0.357350 1.252203
vt -0.359917 1.257248
vt -0.360411 1.252023
vt -0.362928 1.257908
vt -0.363471 1.252023
vt -0.354388 1.276255
vt -0.357449 1.276585
vt -0.354092 1.273222
vt -0.357004 1.272291
vt -0.360509 1.276736
vt -0.359966 1.271451
vt -0.363570 1.276706
vt -0.362978 1.270850
vt 0.958454 0.961655
vt 0.963193 0.961655
vt 1.003575 0.895264
vt 0.967291 0.961655
vt 1.020260 0.895264
vt 0.970598 0.961655
vt 1.038082 0.895264
vt 1.042821 0.891270
vt 1.048794 0.879829
vt 0.795102 0.734886
vt 0.819340 0.734886
vt 0.821315 0.746596
vt 0.843579 0.734886
vt 0.845751 0.746596
vt 0.869694 0.746596
vt 0.870780 0.755154
vt 0.894476 0.755154
vt 0.847035 0.755154
vt 0.822747 0.755154
vt 0.794509 0.746596
vt 0.794410 0.755154
vt 0.867966 0.734886
vt 0.892550 0.734886
vt 0.893784 0.746596
vt 0.917332 0.734886
vt 0.917924 0.746596
vt 0.918319 0.755154
vt 0.942213 0.755154
vt 1.204988 0.470192
vt 1.153055 0.470192
vt 1.107786 0.470192
vt 1.152364 0.475807
vt 1.107293 0.475807
vt 1.151673 0.481422
vt 1.106799 0.481422
vt 1.150982 0.486857
vt 1.106305 0.486857
vt 1.150291 0.492262
vt 1.105812 0.492262
vt 1.149501 0.497427
vt 1.105318 0.497427
vt 1.139134 0.525112
vt 1.098555 0.525112
vt 1.126299 0.556821
vt 1.089669 0.556821
vt 1.112279 0.591744
vt 1.079253 0.591744
vt 1.098357 0.629068
vt 1.068047 0.629068
vt 1.083548 0.677563
vt 1.056446 0.677563
vt 1.199805 0.497427
vt 1.201977 0.492262
vt 1.203804 0.486857
vt 1.204939 0.481422
vt 1.205334 0.475807
vt 1.179663 0.525112
vt 1.161398 0.556821
vt 1.143676 0.591744
vt 1.128125 0.629068
vt 1.109613 0.677563
vt 1.064789 0.470192
vt 1.023222 0.470192
vt 1.064443 0.475807
vt 1.064147 0.481422
vt 1.022877 0.481422
vt 1.063801 0.486857
vt 1.022630 0.486857
vt 1.063505 0.492262
vt 1.022432 0.492262
vt 1.063159 0.497427
vt 1.022235 0.497427
vt 1.058667 0.525112
vt 1.019520 0.525112
vt 1.052743 0.556821
vt 1.015817 0.556821
vt 1.045289 0.591744
vt 1.011078 0.591744
vt 1.005599 0.629068
vt 0.974004 0.629068
vt 1.000020 0.677563
vt 0.971240 0.677563
vt 0.976670 0.591744
vt 0.978990 0.556821
vt 0.980718 0.525112
vt 0.982051 0.497427
vt 0.982199 0.492262
vt 0.982248 0.486857
vt 0.982347 0.481422
vt 0.982446 0.475807
vt 1.023025 0.475807
vt 0.942262 0.492262
vt 0.942262 0.497427
vt 0.942262 0.525112
vt 0.942213 0.556821
vt 0.942262 0.591744
vt 0.942213 0.629068
vt 0.942213 0.677563
vt 0.913284 0.677563
vt 0.903756 0.525112
vt 0.905484 0.556821
vt 0.907755 0.591744
vt 0.910470 0.629068
vt 0.878728 0.629068
vt 0.884405 0.677563
vt 0.847331 0.629068
vt 0.855921 0.677563
vt 0.816428 0.629068
vt 0.827930 0.677563
vt 0.786117 0.629068
vt 0.800779 0.677563
vt 0.756349 0.629068
vt 0.774713 0.677563
vt 0.942213 0.734886
vt 0.942213 0.746596
vt 0.966451 0.746596
vt 0.966106 0.755154
vt 0.989851 0.755154
vt 1.037094 0.629068
vt 1.028504 0.677563
vt 0.967044 0.734886
vt 0.991825 0.734886
vt 0.990591 0.746596
vt 1.016410 0.734886
vt 1.014633 0.746596
vt 1.038625 0.746596
vt 1.013596 0.755154
vt 1.037292 0.755154
vt 1.228684 0.318972
vt 1.227549 0.329271
vt 1.170136 0.318972
vt 1.170136 0.329271
vt 1.119782 0.318972
vt 1.119782 0.329271
vt 1.072885 0.318972
vt 1.072885 0.329271
vt 1.028258 0.318972
vt 1.028208 0.329271
vt 0.984914 0.318972
vt 0.984914 0.329271
vt 0.942262 0.329271
vt 0.984914 0.339811
vt 0.942262 0.339811
vt 1.225623 0.339811
vt 1.169938 0.339811
vt 1.119634 0.339811
vt 1.072835 0.339811
vt 1.028208 0.339811
vt 1.089274 0.734886
vt 1.064986 0.734886
vt 1.040797 0.734886
vt 1.089817 0.746596
vt 1.063011 0.746596
vt 1.089867 0.755154
vt 1.061580 0.755154
vt 1.088583 0.761130
vt 0.942262 0.318972
vt 0.899610 0.318972
vt 0.899610 0.329271
vt 0.899610 0.339811
vt 0.856315 0.339811
vt 0.856315 0.329271
vt 0.856315 0.318972
vt 0.811590 0.318972
vt 0.811639 0.329271
vt 0.811738 0.339811
vt 0.764840 0.339811
vt 0.764741 0.329271
vt 0.764692 0.318972
vt 0.714339 0.329271
vt 0.714339 0.318972
vt 0.714585 0.339811
vt 0.658900 0.339811
vt 0.657025 0.329271
vt 0.655840 0.318972
vt 0.731469 0.470192
vt 0.776688 0.470192
vt 0.777182 0.475807
vt 0.819982 0.475807
vt 0.820328 0.481422
vt 0.861647 0.481422
vt 0.861894 0.486857
vt 0.902275 0.486857
vt 0.902374 0.492262
vt 0.819686 0.470192
vt 0.861499 0.475807
vt 0.902127 0.481422
vt 0.942262 0.481422
vt 0.942262 0.486857
vt 0.942262 0.475807
vt 0.982594 0.470192
vt 0.942311 0.470192
vt 0.901979 0.470192
vt 0.861252 0.470192
vt 0.902078 0.475807
vt 0.679437 0.470192
vt 0.732160 0.475807
vt 0.679239 0.475807
vt 0.732900 0.481422
vt 0.679634 0.481422
vt 0.733591 0.486857
vt 0.680770 0.486857
vt 0.734233 0.492262
vt 0.682448 0.492262
vt 0.684719 0.497427
vt 0.777675 0.481422
vt 0.778169 0.486857
vt 0.778663 0.492262
vt 0.779255 0.497427
vt 0.734974 0.497427
vt 0.785919 0.525112
vt 0.745341 0.525112
vt 0.794805 0.556821
vt 0.758176 0.556821
vt 0.805271 0.591744
vt 0.772097 0.591744
vt 0.821019 0.492262
vt 0.821315 0.497427
vt 0.825758 0.525112
vt 0.831781 0.556821
vt 0.839087 0.591744
vt 0.873396 0.591744
vt 0.868657 0.556821
vt 0.865004 0.525112
vt 0.862239 0.497427
vt 0.862042 0.492262
vt 0.902423 0.497427
vt 0.820673 0.486857
vt 0.704910 0.525112
vt 0.723076 0.556821
vt 0.740848 0.591744
vt -0.197700 1.106208
vt -0.197700 1.036574
vt -0.067769 1.071406
vt -0.162897 0.976308
vt -0.102621 0.941416
vt -0.032916 0.941416
vt 0.027360 0.976308
vt 0.062163 1.036574
vt 0.062163 1.106208
vt 0.027360 1.166564
vt -0.032916 1.201366
vt -0.102621 1.201366
vt -0.162897 1.166564
vt -0.384057 1.261812
vt -0.388895 1.238300
vt -0.353697 1.266376
vn 0.166489 0.986043 0.000000
vn 0.361157 0.932505 -0.000000
vn 0.361157 0.932505 0.000000
vn 0.599030 0.800727 -0.000000
vn 0.599030 0.800727 0.000000
vn 0.823392 0.567473 -0.000000
vn 0.823392 0.567473 0.000000
vn 0.927651 0.373449 -0.000000
vn 0.927651 0.373449 0.000000
vn 0.992473 0.122462 -0.000000
vn 0.860028 0.126276 -0.494375
vn 0.857658 0.111600 -0.501964
vn 0.493172 0.111299 -0.862783
vn 0.493172 -0.111299 -0.862783
vn 0.495660 -0.106360 -0.861980
vn 0.458287 -0.393428 -0.796987
vn 0.465406 -0.383725 -0.797591
vn 0.403496 -0.599190 -0.691493
vn 0.390113 -0.612084 -0.687870
vn 0.294782 -0.801832 -0.519777
vn 0.315286 -0.790461 -0.525134
vn 0.992473 0.122462 0.000000
vn 0.992473 -0.122462 0.000000
vn 0.992473 -0.122462 0.000000
vn 0.927651 -0.373449 0.000000
vn 0.927651 -0.373449 0.000000
vn 0.793826 -0.608145 0.000000
vn 0.793826 -0.608145 0.000000
vn 0.599383 -0.800463 0.000000
vn 0.856163 0.126073 0.501089
vn 0.861574 0.111371 0.495264
vn 0.493172 0.111299 0.862783
vn 0.495660 0.106360 0.861980
vn -0.000000 0.122462 0.992473
vn -0.000000 0.122462 0.992473
vn -0.501208 0.126069 0.856094
vn -0.495386 0.111376 0.861504
vn -0.857658 0.111600 0.501964
vn -0.860028 0.126276 0.494375
vn -0.992473 0.122462 0.000000
vn -0.992473 0.122462 0.000000
vn -0.927651 0.373449 0.000000
vn -0.927651 0.373449 0.000000
vn -0.823392 0.567473 0.000000
vn -0.823392 0.567473 0.000000
vn -0.599030 0.800727 0.000000
vn -0.599030 0.800727 0.000000
vn -0.361157 0.932505 0.000000
vn -0.361157 0.932505 0.000000
vn 0.085022 0.986251 0.141703
vn 0.185083 0.933054 0.308472
vn 0.185210 0.933025 0.308482
vn 0.315105 0.790734 0.524832
vn 0.294608 0.802095 0.519470
vn 0.409634 0.557222 0.722291
vn 0.414013 0.570247 0.709515
vn 0.465406 0.383725 0.797591
vn 0.458287 0.393428 0.796987
vn -0.606178 -0.715977 -0.346302
vn -0.607255 -0.713119 -0.350289
vn -0.348065 -0.712765 -0.608947
vn -0.349127 -0.715600 -0.605001
vn -0.000000 -0.714967 -0.699158
vn -0.000000 -0.714967 -0.699158
vn 0.346438 -0.715977 -0.606100
vn 0.350374 -0.713156 -0.607163
vn 0.607255 -0.713119 -0.350289
vn 0.747617 -0.505062 -0.431255
vn 0.750153 -0.502065 -0.430350
vn 0.837736 -0.259282 -0.480595
vn 0.831098 -0.272113 -0.485005
vn 0.863448 -0.023625 -0.503884
vn 0.867737 -0.007546 -0.496966
vn 0.842960 0.237376 -0.482775
vn 0.842329 0.226682 -0.488976
vn 0.764844 0.466778 -0.443995
vn 0.764461 0.469788 -0.441472
vn 0.730061 0.537828 -0.421606
vn 0.724158 0.535546 -0.434495
vn -0.746436 -0.507385 -0.430574
vn -0.746798 -0.505226 -0.432480
vn -0.432066 -0.502722 -0.748726
vn -0.431822 -0.501900 -0.749417
vn -0.000000 -0.503589 -0.863944
vn -0.000000 -0.503589 -0.863944
vn 0.432324 -0.501833 -0.749173
vn 0.431603 -0.502654 -0.749038
vn -0.834289 -0.265575 -0.483147
vn -0.834032 -0.259804 -0.486717
vn -0.481772 -0.262341 -0.836106
vn -0.482940 -0.265730 -0.834360
vn -0.000000 -0.263042 -0.964784
vn -0.000000 -0.263042 -0.964784
vn 0.481293 -0.265848 -0.835274
vn 0.483389 -0.262458 -0.835136
vn -0.500811 -0.023603 -0.865235
vn -0.500290 -0.022385 -0.865569
vn -0.000000 -0.025852 -0.999666
vn -0.000000 -0.025852 -0.999666
vn 0.500825 -0.022377 -0.865259
vn 0.500276 -0.023599 -0.865545
vn -0.486083 0.237615 -0.840989
vn -0.483976 0.241219 -0.841178
vn 0.000000 0.243150 -0.969989
vn 0.000000 0.462325 -0.886711
vn 0.441709 0.464227 -0.767715
vn 0.442443 0.466607 -0.765848
vn 0.000000 0.243150 -0.969989
vn 0.483976 0.241219 -0.841178
vn 0.486083 0.237615 -0.840989
vn -0.516243 -0.798468 -0.309746
vn -0.514257 -0.802926 -0.301413
vn -0.692253 -0.596793 -0.405739
vn -0.691620 -0.599162 -0.403319
vn -0.797711 -0.383744 -0.465186
vn -0.797118 -0.393248 -0.458213
vn -0.861574 -0.111371 -0.495264
vn -0.856163 -0.126073 -0.501089
vn -0.856163 0.126073 -0.501089
vn -0.861574 0.111371 -0.495264
vn -0.800442 0.384162 -0.460123
vn -0.794044 0.393802 -0.463048
vn -0.717795 0.556380 -0.418583
vn -0.715530 0.558692 -0.419382
vn -0.518124 0.799579 -0.303679
vn -0.509966 0.803935 -0.305979
vn -0.308472 0.933054 -0.185083
vn -0.297802 0.935615 -0.189575
vn -0.148763 0.984328 -0.094700
vn -0.502083 0.111604 -0.857588
vn -0.494497 0.126273 -0.859958
vn 0.000000 0.122462 -0.992473
vn 0.000000 0.122462 -0.992473
vn 0.495660 0.106360 -0.861980
vn 0.460238 0.384152 -0.800380
vn 0.463223 0.393989 -0.793849
vn 0.414013 0.570247 -0.709515
vn 0.409634 0.557222 -0.722291
vn 0.300432 0.793168 -0.529740
vn 0.306112 0.803955 -0.509854
vn 0.185185 0.933044 -0.308439
vn 0.185135 0.933015 -0.308558
vn 0.088037 0.985252 -0.146728
vn 0.000000 0.373449 -0.927651
vn 0.000000 0.373449 -0.927651
vn 0.000000 0.567473 -0.823392
vn 0.000000 0.567473 -0.823392
vn 0.000000 0.800924 -0.598765
vn 0.000000 0.800924 -0.598765
vn 0.000000 0.932505 -0.361157
vn 0.000000 0.932505 -0.361157
vn 0.000000 0.984840 -0.173466
vn -0.306161 -0.803673 -0.510269
vn -0.300496 -0.792915 -0.530083
vn -0.389911 -0.612276 -0.687814
vn -0.403496 -0.599190 -0.691493
vn -0.463223 -0.393989 -0.793849
vn -0.460238 -0.384152 -0.800380
vn -0.495386 -0.111376 -0.861504
vn -0.501208 -0.126069 -0.856094
vn 0.800442 0.384162 -0.460123
vn 0.794044 0.393802 -0.463048
vn 0.716583 0.558469 -0.417877
vn 0.717031 0.556100 -0.420261
vn 0.513952 0.803188 -0.301235
vn 0.515940 0.798734 -0.309564
vn 0.304272 0.934927 -0.182563
vn 0.305544 0.932176 -0.194140
vn 0.143577 0.985425 -0.091228
vn 0.800442 0.384162 0.460123
vn 0.794044 0.393802 0.463048
vn 0.717795 0.556380 0.418583
vn 0.715530 0.558692 0.419382
vn 0.509434 0.807046 0.298586
vn 0.518162 0.802360 0.296185
vn 0.317263 0.930837 0.181349
vn 0.298138 0.935536 0.189434
vn 0.000000 -0.122462 -0.992473
vn 0.000000 -0.122462 -0.992473
vn 0.000000 -0.373449 -0.927651
vn 0.000000 -0.373449 -0.927651
vn 0.000000 -0.608145 -0.793826
vn 0.000000 -0.608145 -0.793826
vn 0.000000 -0.800660 -0.599119
vn 0.000000 -0.800660 -0.599119
vn -0.086928 0.985651 0.144691
vn -0.185235 0.933074 0.308321
vn -0.185135 0.933015 0.308558
vn -0.305979 0.803935 0.509966
vn -0.300322 0.793186 0.529776
vn -0.409505 0.557202 0.722379
vn -0.413950 0.570427 0.709407
vn -0.463223 0.393989 0.793849
vn -0.460238 0.384152 0.800380
vn 0.000000 -0.800660 0.599119
vn 0.000000 -0.800660 0.599119
vn 0.000000 -0.608145 0.793826
vn 0.000000 -0.608145 0.793826
vn 0.000000 -0.373449 0.927651
vn 0.000000 -0.373449 0.927651
vn 0.000000 -0.122462 0.992473
vn 0.000000 -0.122462 0.992473
vn -0.000000 0.373449 0.927651
vn -0.000000 0.373449 0.927651
vn 0.000000 0.567473 0.823392
vn 0.000000 0.567473 0.823392
vn 0.000000 0.800924 0.598765
vn 0.000000 0.800924 0.598765
vn -0.000000 0.932505 0.361157
vn 0.000000 0.932505 0.361157
vn -0.000000 0.986043 0.166489
vn -0.797118 0.393248 0.458213
vn -0.797711 0.383744 0.465186
vn -0.716583 0.558469 0.417877
vn -0.717031 0.556100 0.420261
vn -0.513952 0.803188 0.301235
vn -0.511842 0.807725 0.292572
vn -0.317263 0.930837 0.181349
vn -0.297802 0.935615 0.189575
vn -0.145438 0.985026 0.092583
vn -1.000000 -0.000000 -0.000000
vn -1.000000 0.000000 0.000000
vn -0.866242 0.000000 0.499624
vn -0.866242 0.000000 0.499624
vn -0.501911 0.000000 0.864920
vn -0.501911 0.000000 0.864920
vn 0.000000 0.000000 1.000000
vn 0.000000 0.000000 1.000000
vn 0.504772 0.000000 0.863253
vn 0.504772 0.000000 0.863253
vn 0.863372 0.000000 0.504567
vn 0.863372 0.000000 0.504567
vn 1.000000 0.000000 -0.000000
vn 1.000000 0.000000 0.000000
vn 0.863372 0.000000 -0.504567
vn 0.863372 0.000000 -0.504567
vn 0.504772 0.000000 -0.863253
vn 0.504772 0.000000 -0.863253
vn 0.000000 0.000000 -1.000000
vn 0.000000 -0.000000 -1.000000
vn -0.501911 -0.000000 -0.864920
vn -0.501911 -0.000000 -0.864920
vn -0.866242 -0.000000 -0.499624
vn -0.866242 -0.000000 -0.499624
vn -0.340228 0.940343 0.000000
vn -0.340228 0.940343 0.000000
vn -0.293898 0.940686 0.169512
vn -0.294643 0.940252 0.170619
vn -0.170098 0.940822 0.293122
vn -0.170134 0.940662 0.293614
vn 0.000000 0.940382 0.340120
vn 0.000000 0.899223 0.437490
vn 0.000000 0.899223 0.437490
vn 0.000000 0.788134 0.615503
vn 0.000000 0.788134 0.615503
vn -0.219995 0.898502 0.379864
vn -0.219990 0.898591 0.379656
vn -0.379824 0.898553 0.219856
vn -0.379907 0.898484 0.219992
vn -0.437538 0.899200 0.000000
vn -0.532667 0.788163 0.308327
vn -0.533017 0.787725 0.308839
vn -0.308728 0.787727 0.533079
vn -0.308679 0.788171 0.532451
vn -0.615631 0.788034 0.000000
vn -0.615631 0.788034 0.000000
vn -1.000000 0.000000 0.000000
vn -1.000000 0.000000 -0.000000
vn -0.866228 0.000000 0.499648
vn -0.866228 0.000000 0.499648
vn -0.499823 0.000000 0.866128
vn -0.499823 0.000000 0.866128
vn 0.000000 -0.000000 1.000000
vn 0.000000 0.000000 1.000000
vn 0.499823 -0.000000 0.866128
vn 0.499823 0.000000 0.866128
vn 0.866228 -0.000000 0.499648
vn 0.866228 0.000000 0.499648
vn 1.000000 0.000000 0.000000
vn 1.000000 0.000000 -0.000000
vn 0.866228 0.000000 -0.499648
vn 0.866228 0.000000 -0.499648
vn 0.499823 0.000000 -0.866128
vn 0.499823 0.000000 -0.866128
vn 0.000000 0.000000 -1.000000
vn 0.000000 0.000000 -1.000000
vn -0.499823 -0.000000 -0.866128
vn -0.499823 0.000000 -0.866128
vn -0.866228 -0.000000 -0.499648
vn 0.000000 1.000000 0.000000
vn 0.000000 1.000000 0.000000
vn 0.000000 1.000000 0.000000
vn 0.000000 1.000000 0.000000
vn 0.000000 1.000000 0.000000
vn 0.000000 1.000000 0.000000
vn 0.000000 1.000000 0.000000
vn 0.000000 1.000000 0.000000
vn 0.000000 1.000000 0.000000
vn 0.000000 1.000000 0.000000
vn 0.000000 1.000000 0.000000
vn 0.000000 1.000000 0.000000
vn -0.000000 1.000000 0.000000
vn 0.000000 1.000000 0.000000
vn -0.000000 1.000000 0.000000
vn 0.000000 1.000000 0.000000
vn 0.000000 1.000000 0.000000
vn -0.000000 1.000000 0.000000
vn 0.000000 1.000000 -0.000000
vn 0.000000 1.000000 0.000000
vn 0.000000 1.000000 -0.000000
vn 0.000000 1.000000 0.000000
vn 0.000000 1.000000 -0.000000
vn 0.000000 1.000000 0.000000
vn 0.000000 -1.000000 -0.000000
vn 0.000000 -1.000000 0.000000
vn -0.000000 -1.000000 0.000000
vn 0.000000 -1.000000 0.000000
vn -0.000000 -1.000000 0.000000
vn 0.000000 -1.000000 0.000000
vn 0.000000 -1.000000 0.000000
vn -0.000000 -1.000000 0.000000
vn 0.000000 -1.000000 0.000000
vn 0.000000 -1.000000 0.000000
vn 0.000000 -1.000000 0.000000
vn 0.000000 -1.000000 0.000000
vn 0.000000 -1.000000 0.000000
vn 0.000000 -1.000000 0.000000
vn 0.000000 -1.000000 0.000000
vn 0.000000 -1.000000 0.000000
vn 0.000000 -1.000000 0.000000
vn 0.000000 -1.000000 0.000000
vn 0.000000 -1.000000 0.000000
vn 0.000000 -1.000000 0.000000
vn 0.000000 -1.000000 -0.000000
vn 0.000000 -1.000000 0.000000
vn 0.000000 -1.000000 -0.000000
vn 0.000000 -1.000000 0.000000
vn 0.000000 1.000000 0.000000
vn 0.000000 1.000000 0.000000
vn 0.000000 1.000000 0.000000
vn 0.000000 1.000000 0.000000
vn 0.000000 1.000000 0.000000
vn 0.000000 1.000000 0.000000
vn 0.000000 1.000000 0.000000
vn 0.000000 1.000000 0.000000
vn 0.000000 1.000000 0.000000
vn 0.000000 1.000000 0.000000
vn 0.000000 1.000000 0.000000
vn 0.000000 1.000000 0.000000
vn -0.000000 1.000000 0.000000
vn 0.000000 1.000000 0.000000
vn -0.000000 1.000000 0.000000
vn 0.000000 1.000000 0.000000
vn 0.000000 1.000000 0.000000
vn -0.000000 1.000000 0.000000
vn 0.000000 1.000000 -0.000000
vn 0.000000 1.000000 0.000000
vn 0.000000 1.000000 -0.000000
vn 0.000000 1.000000 0.000000
vn 0.000000 1.000000 -0.000000
vn 0.000000 1.000000 0.000000
vn -0.977187 0.212379 0.000000
vn -0.977187 0.212379 0.000000
vn -0.845996 0.212002 0.489230
vn -0.780280 0.433079 0.451227
vn -0.451260 0.433108 0.780244
vn -0.388199 0.631491 0.671209
vn -0.388199 0.631404 0.671290
vn -0.412723 0.565947 0.713697
vn -0.412915 0.563568 0.715467
vn -0.499855 0.000000 0.866109
vn -0.499855 0.000000 0.866109
vn -0.412114 -0.565908 0.714080
vn -0.413552 -0.563527 0.715131
vn -0.781653 0.430923 0.450915
vn -0.672998 0.629561 0.388235
vn -0.672834 0.629907 0.387957
vn -0.713960 0.566383 0.411670
vn -0.714202 0.565837 0.412000
vn -0.866206 0.000000 0.499686
vn -0.866206 0.000000 0.499686
vn -0.713859 -0.566414 0.411802
vn -0.714266 -0.565867 0.411847
vn -0.825706 0.564101 0.000000
vn -0.776167 0.630527 0.000000
vn -0.776167 0.630527 0.000000
vn -0.902137 0.431450 0.000000
vn -0.825706 0.564101 0.000000
vn -1.000000 0.000000 0.000000
vn -1.000000 0.000000 0.000000
vn -0.825672 -0.564151 -0.000000
vn -0.825672 -0.564151 0.000000
vn -0.866242 0.000000 -0.499624
vn -0.866242 0.000000 -0.499624
vn -0.501911 0.000000 -0.864920
vn -0.501911 0.000000 -0.864920
vn 0.000000 0.000000 -1.000000
vn 0.000000 0.000000 -1.000000
vn 0.504772 0.000000 -0.863253
vn 0.504772 0.000000 -0.863253
vn 0.863372 0.000000 -0.504567
vn 0.863372 0.000000 -0.504567
vn 1.000000 -0.000000 0.000000
vn 1.000000 0.000000 0.000000
vn 0.863372 -0.000000 0.504567
vn 0.863372 -0.000000 0.504567
vn 0.504772 -0.000000 0.863253
vn 0.504772 -0.000000 0.863253
vn 0.000000 0.000000 1.000000
vn 0.000000 -0.000000 1.000000
vn -0.501911 0.000000 0.864920
vn -0.501911 0.000000 0.864920
vn -0.866242 0.000000 0.499624
vn -0.866242 0.000000 0.499624
vn -1.000000 0.000000 0.000000
vn -1.000000 0.000000 0.000000
vn 0.000000 0.940382 0.340120
vn 0.170134 0.940662 0.293614
vn 0.169912 0.941644 0.290580
vn 0.290653 0.941631 0.169862
vn 0.220093 0.898491 0.379833
vn 0.219914 0.898580 0.379725
vn 0.379754 0.898563 0.219934
vn 0.379967 0.898472 0.219938
vn 0.437586 0.899176 -0.000000
vn 0.437586 0.899176 -0.000000
vn 0.379935 0.898461 -0.220039
vn 0.379824 0.898553 -0.219856
vn 0.219914 0.898580 -0.379725
vn 0.308756 0.787684 -0.533127
vn 0.308702 0.788167 -0.532443
vn 0.293677 0.940652 0.170082
vn 0.340174 0.940362 -0.000000
vn 0.340174 0.940362 -0.000000
vn 0.293276 0.940539 -0.171395
vn 0.291588 0.941519 -0.168873
vn 0.169912 0.941644 -0.290580
vn 0.170137 0.940647 -0.293660
vn 0.220046 0.898514 -0.379804
vn 0.000000 0.899247 -0.437442
vn 0.000000 0.788134 -0.615503
vn 0.000000 0.788134 -0.615503
vn 0.000000 0.899247 -0.437442
vn 0.000000 0.940362 -0.340174
vn 0.000000 0.940362 -0.340174
vn -0.220046 0.898514 -0.379804
vn -0.169920 0.940803 -0.293286
vn -0.170369 0.940627 -0.293589
vn -0.219914 0.898580 -0.379725
vn -0.308421 0.788206 -0.532548
vn -0.308988 0.787722 -0.532936
vn -0.533218 0.787666 -0.308645
vn -0.379931 0.898493 -0.219917
vn -0.379772 0.898561 -0.219914
vn -0.293723 0.940637 -0.170086
vn -0.295061 0.940200 -0.170183
vn 0.512149 -0.807467 0.292748
vn 0.514257 -0.802926 0.301413
vn 0.692253 -0.596793 0.405739
vn 0.691620 -0.599162 0.403319
vn 0.797711 -0.383744 0.465186
vn 0.797118 -0.393248 0.458213
vn 0.860028 -0.126276 0.494375
vn 0.857658 -0.111600 0.501964
vn -0.518469 -0.802098 0.296360
vn -0.509739 -0.806787 0.298765
vn -0.690585 -0.599384 0.404761
vn -0.692967 -0.597073 0.404105
vn -0.794044 -0.393802 0.463048
vn -0.800442 -0.384162 0.460123
vn -0.861574 -0.111371 0.495264
vn -0.856163 -0.126073 0.501089
vn -0.845430 0.213375 0.489612
vn -0.490091 0.213406 0.845144
vn -0.486651 0.220319 0.845358
vn 0.000000 0.218450 0.975848
vn 0.000000 0.218450 0.975848
vn 0.490481 0.220081 0.843204
vn 0.488615 0.213310 0.846022
vn 0.844584 0.213466 0.491029
vn 0.844708 0.217157 0.489194
vn 0.975865 0.218373 -0.000000
vn 0.975865 0.218373 -0.000000
vn 0.844708 0.217157 -0.489194
vn -0.452719 0.430766 0.780696
vn 0.000000 0.431517 0.902105
vn 0.000000 0.431517 0.902105
vn 0.451796 0.430875 0.781170
vn 0.452515 0.435942 0.777936
vn 0.778926 0.437455 0.449342
vn 0.780258 0.430600 0.453631
vn 0.902137 0.431450 -0.000000
vn 0.902137 0.431450 -0.000000
vn 0.780258 0.430600 -0.453631
vn 0.844584 0.213466 -0.491029
vn 0.488615 0.213310 -0.846022
vn 0.000000 0.630577 0.776127
vn 0.000000 0.630577 0.776127
vn 0.388236 0.631398 0.671274
vn 0.388166 0.631485 0.671233
vn 0.672740 0.629929 0.388086
vn 0.673063 0.629582 0.388088
vn 0.776167 0.630527 0.000000
vn 0.825706 0.564101 -0.000000
vn 0.825706 0.564101 0.000000
vn 1.000000 0.000000 0.000000
vn 0.866206 0.000000 -0.499686
vn 0.713859 -0.566414 -0.411802
vn 0.714266 -0.565867 -0.411847
vn 0.776167 0.630527 -0.000000
vn 0.673063 0.629582 -0.388088
vn 0.674659 0.627864 -0.388099
vn 0.388224 0.627924 -0.674532
vn 0.447957 0.439951 -0.778317
vn 0.453798 0.430637 -0.780141
vn 0.490481 0.220081 -0.843204
vn 0.000000 0.218450 -0.975848
vn 0.000000 0.218450 -0.975848
vn -0.486651 0.220319 -0.845358
vn 0.000000 0.431517 -0.902105
vn 0.000000 0.431517 -0.902105
vn 0.000000 0.630577 -0.776127
vn 0.000000 0.630577 -0.776127
vn 0.000000 0.564174 -0.825656
vn 0.413569 0.563477 -0.715161
vn 0.412132 0.565858 -0.714110
vn 0.714202 0.565837 -0.412000
vn 0.866206 0.000000 -0.499686
vn 0.000000 0.564174 -0.825656
vn -0.413569 0.563477 -0.715161
vn -0.388199 0.631404 -0.671290
vn -0.388224 0.627924 -0.674532
vn -0.450099 0.431076 -0.782039
vn -0.451046 0.437684 -0.777811
vn -0.490091 0.213406 -0.845144
vn -0.845744 0.213340 -0.489084
vn -0.845695 0.211967 -0.489765
vn -0.781216 0.430822 -0.451768
vn -0.780318 0.435445 -0.448879
vn -0.674659 0.627864 -0.388099
vn -0.673063 0.629582 -0.388088
vn -0.714296 0.565817 -0.411864
vn -0.713889 0.566363 -0.411819
vn -0.866206 0.000000 -0.499686
vn -0.866206 0.000000 -0.499686
vn -0.714172 -0.565888 -0.411982
vn -0.713930 -0.566433 -0.411652
vn -0.412132 0.565858 -0.714110
vn -0.499855 0.000000 -0.866109
vn -0.499855 0.000000 -0.866109
vn -0.412898 -0.563618 -0.715437
vn -0.412705 -0.565998 -0.713667
vn -0.000000 -0.564225 -0.825621
vn -0.000000 -0.564225 -0.825621
vn 0.413552 -0.563527 -0.715131
vn 0.412114 -0.565908 -0.714080
vn 0.499855 0.000000 -0.866109
vn 0.000000 0.000000 -1.000000
vn 0.000000 0.000000 -1.000000
vn 0.606178 -0.715977 -0.346302
vn 0.699216 -0.714911 0.000000
vn 0.699216 -0.714911 0.000000
vn 0.863993 -0.503504 0.000000
vn 0.863993 -0.503504 0.000000
vn 0.962647 -0.270758 0.000000
vn 0.962647 -0.270758 0.000000
vn 0.999962 -0.008695 0.000000
vn 0.863665 -0.007510 0.504010
vn 0.867521 -0.023574 0.496842
vn 0.500811 -0.023603 0.865235
vn 0.500331 -0.022482 0.865542
vn 0.000000 -0.025965 0.999663
vn -0.000000 0.243150 0.969989
vn 0.000000 0.243150 0.969989
vn -0.000000 0.462325 0.886711
vn 0.000000 0.462325 0.886711
vn -0.000000 0.538017 0.842934
vn 0.000000 0.538017 0.842934
vn 0.999962 -0.008695 0.000000
vn 0.973963 0.226707 0.000000
vn 0.973963 0.226707 0.000000
vn 0.883259 0.468886 0.000000
vn 0.883259 0.468886 0.000000
vn 0.842997 0.537918 0.000000
vn 0.842997 0.537918 0.000000
vn 0.845106 0.227017 0.484004
vn 0.840048 0.237727 0.487652
vn 0.486124 0.237618 0.840964
vn 0.484021 0.241215 0.841153
vn 0.763564 0.469570 0.443253
vn 0.765943 0.466559 0.442328
vn 0.441169 0.466438 0.766684
vn 0.443160 0.464055 0.766982
vn 0.729986 0.537964 0.421563
vn 0.732173 0.537371 0.418515
vn 0.421757 0.537876 0.729939
vn 0.434692 0.535583 0.724013
vn 0.606178 -0.715977 0.346302
vn 0.607255 -0.713119 0.350289
vn 0.348065 -0.712765 0.608947
vn 0.349143 -0.715643 0.604941
vn 0.000000 -0.715023 0.699101
vn 0.000000 -0.715023 0.699101
vn -0.346413 -0.716026 0.606057
vn -0.350409 -0.713162 0.607135
vn -0.607255 -0.713119 0.350289
vn -0.747596 -0.505105 0.431243
vn -0.745805 -0.507208 0.431874
vn -0.835731 -0.259517 0.483948
vn -0.832723 -0.265370 0.485953
vn -0.863448 -0.023625 0.503884
vn -0.867737 -0.007546 0.496966
vn -0.842960 0.237376 0.482775
vn -0.842329 0.226682 0.488976
vn -0.764844 0.466778 0.443995
vn -0.764461 0.469788 0.441472
vn -0.730061 0.537828 0.421606
vn -0.731596 0.538413 0.418185
vn -0.431582 -0.502727 0.749001
vn -0.481305 -0.265759 0.835295
vn -0.483401 -0.262368 0.835157
vn -0.500824 -0.022474 0.865257
vn -0.500318 -0.023599 0.865520
vn -0.485696 0.241088 0.840224
vn -0.484478 0.237499 0.841947
vn -0.441751 0.464222 0.767694
vn -0.442488 0.466613 0.765818
vn -0.421912 0.537389 0.730208
vn -0.433196 0.539506 0.721993
vn 0.000000 -0.262939 0.964812
vn 0.000000 -0.262939 0.964812
vn 0.482952 -0.265641 0.834381
vn 0.481784 -0.262252 0.836127
vn 0.834044 -0.259752 0.486724
vn 0.834565 -0.272593 0.478742
vn 0.000000 -0.503589 0.863944
vn 0.000000 -0.503589 0.863944
vn 0.431822 -0.501900 0.749417
vn 0.432089 -0.502802 0.748658
vn 0.748747 -0.504872 0.429513
vn 0.749254 -0.501820 0.432199
vn -0.606178 -0.715977 0.346302
vn -0.699216 -0.714911 0.000000
vn -0.699216 -0.714911 0.000000
vn -0.860233 -0.509902 0.000000
vn -0.860233 -0.509902 0.000000
vn -0.964812 -0.262939 0.000000
vn -0.964812 -0.262939 0.000000
vn -0.999962 -0.008695 0.000000
vn -0.999962 -0.008695 0.000000
vn -0.973963 0.226707 0.000000
vn -0.973963 0.226707 0.000000
vn -0.883259 0.468886 0.000000
vn -0.883259 0.468886 0.000000
vn -0.842997 0.537918 0.000000
vn -0.842997 0.537918 0.000000
vn 0.825672 -0.564151 0.000000
vn 0.825672 -0.564151 0.000000
vn 0.713930 -0.566433 0.411652
vn 0.714172 -0.565888 0.411982
vn 0.412705 -0.565998 0.713667
vn 0.412898 -0.563618 0.715437
vn 0.000000 -0.564225 0.825621
vn 0.000000 -0.564225 0.825621
vn 0.866206 0.000000 0.499686
vn 0.866206 0.000000 0.499686
vn 0.499855 0.000000 0.866109
vn 0.499855 0.000000 0.866109
vn -0.000000 0.000000 1.000000
vn 0.000000 0.000000 1.000000
vn 0.713889 0.566363 0.411819
vn 0.714296 0.565817 0.411864
vn 0.412132 0.565858 0.714110
vn 0.413569 0.563477 0.715161
vn 0.000000 0.564174 0.825656
vn -0.992473 -0.122462 -0.000000
vn -0.992473 -0.122462 -0.000000
vn -0.927651 -0.373449 -0.000000
vn -0.927651 -0.373449 -0.000000
vn -0.793826 -0.608145 -0.000000
vn -0.793826 -0.608145 -0.000000
vn -0.599383 -0.800463 -0.000000
vn -0.599383 -0.800463 -0.000000
vn -0.315115 -0.790491 0.525192
vn -0.294695 -0.801817 0.519850
vn -0.389911 -0.612276 0.687814
vn -0.403496 -0.599190 0.691493
vn -0.465406 -0.383725 0.797591
vn -0.458287 -0.393428 0.796987
vn -0.494497 -0.126273 0.859958
vn -0.502083 -0.111604 0.857588
vn -0.305394 0.952226 0.000000
vn -0.305394 0.952226 0.000000
vn -0.265401 0.952142 0.151620
vn -0.264004 0.952704 0.150524
vn -0.150768 0.952730 0.263772
vn -0.147104 0.955846 0.254399
vn 0.000000 0.956613 0.291361
vn 0.000000 0.956613 0.291361
vn 0.145640 0.955963 0.254800
vn 0.151900 0.952848 0.262692
vn 0.263820 0.952724 0.150717
vn 0.265475 0.952162 0.151363
vn 0.305394 0.952226 -0.000000
vn 0.305394 0.952226 -0.000000
vn 0.265401 0.952142 -0.151620
vn 0.264004 0.952704 -0.150524
vn 0.150768 0.952730 -0.263772
vn 0.147104 0.955846 -0.254399
vn 0.000000 0.956613 -0.291361
vn 0.000000 0.674495 -0.738280
vn 0.000000 0.674495 -0.738280
vn 0.000000 0.283436 -0.958991
vn 0.000000 0.283436 -0.958991
vn 0.000000 -0.283269 -0.959041
vn 0.000000 -0.283269 -0.959041
vn 0.000000 -0.674833 -0.737971
vn 0.000000 -0.674833 -0.737971
vn 0.000000 -0.956439 -0.291933
vn 0.000000 -0.956439 -0.291933
vn 0.688201 0.725520 0.000000
vn 0.597582 0.725815 0.340717
vn 0.623087 0.693041 0.362571
vn 0.360993 0.692779 0.624293
vn 0.364363 0.682201 0.633909
vn -0.000000 0.674864 0.737942
vn -0.000000 0.674864 0.737942
vn -0.366107 0.681985 0.633137
vn -0.359600 0.692360 0.625560
vn -0.623302 0.692750 0.362757
vn -0.840842 0.231316 0.489364
vn -0.970910 0.239445 0.000000
vn -0.970946 -0.239300 0.000000
vn -0.970946 -0.239300 0.000000
vn -0.687868 -0.725836 0.000000
vn 0.479868 0.269695 0.834860
vn -0.000000 0.282868 0.959159
vn -0.000000 0.282868 0.959159
vn -0.481105 0.269558 0.834192
vn -0.482454 -0.259723 0.836530
vn -0.834565 -0.259977 0.485710
vn -0.594990 -0.725312 0.346279
vn -0.687868 -0.725836 0.000000
vn -0.305988 -0.952035 0.000000
vn -0.305988 -0.952035 -0.000000
vn -0.265917 -0.951951 0.151915
vn -0.264518 -0.952515 0.150817
vn -0.152195 -0.952660 0.263203
vn -0.365950 -0.682320 0.632866
vn 0.000000 -0.675202 0.737633
vn 0.000000 -0.282701 0.959208
vn 0.481128 -0.269397 0.834231
vn 0.482472 0.259589 0.836561
vn 0.834681 0.259627 0.485696
vn -0.145926 -0.955786 0.255300
vn 0.000000 -0.956439 0.291933
vn 0.000000 -0.675202 0.737633
vn 0.364207 -0.682536 0.633638
vn 0.481283 -0.259339 0.837323
vn 0.834717 -0.259471 0.485717
vn 0.842790 -0.231479 0.485925
vn 0.970946 -0.239300 0.000000
vn 0.970910 0.239445 -0.000000
vn 0.970910 0.239445 0.000000
vn 0.688201 0.725520 -0.000000
vn 0.597582 0.725815 -0.340717
vn 0.623087 0.693041 -0.362571
vn 0.840877 0.231322 -0.489302
vn 0.836672 0.259368 -0.482398
vn 0.836709 -0.259212 -0.482419
vn 0.481222 -0.259334 -0.837360
vn 0.359292 -0.692852 -0.625192
vn 0.366096 -0.682009 -0.633117
vn 0.147393 -0.955669 -0.254898
vn 0.626694 -0.692518 -0.357315
vn 0.595009 -0.725319 -0.346232
vn 0.687868 -0.725836 0.000000
vn 0.687868 -0.725836 0.000000
vn 0.597293 -0.726131 0.340552
vn 0.622812 -0.693372 0.362411
vn 0.360834 -0.693110 0.624017
vn 0.147393 -0.955669 0.254898
vn 0.151062 -0.952541 0.264285
vn 0.264518 -0.952515 0.150817
vn 0.265917 -0.951951 0.151915
vn 0.305988 -0.952035 0.000000
vn 0.305988 -0.952035 0.000000
vn 0.265991 -0.951971 -0.151658
vn 0.264334 -0.952535 -0.151011
vn 0.151062 -0.952541 -0.264285
vn -0.090076 0.984585 -0.149930
vn -0.185338 0.932996 -0.308493
vn -0.185083 0.933054 -0.308472
vn -0.314934 0.790764 -0.524890
vn -0.294521 0.802081 -0.519542
vn -0.404643 0.571623 -0.713801
vn -0.418061 0.558497 -0.716454
vn -0.465406 0.383725 -0.797591
vn -0.458287 0.393428 -0.796987
vn 0.360993 0.692779 -0.624293
vn 0.364459 0.681896 -0.634183
vn 0.479736 0.270200 -0.834773
vn 0.482472 0.259589 -0.836561
vn 0.481058 -0.269895 -0.834110
vn -0.970910 0.239445 0.000000
vn -0.688201 0.725520 0.000000
vn -0.688201 0.725520 0.000000
vn -0.597582 0.725815 0.340717
vn -0.481258 0.259786 0.837199
vn -0.836555 0.259871 0.482330
vn -0.842790 -0.231479 0.485925
vn -0.626944 -0.692218 0.357458
vn -0.359441 -0.692691 0.625285
vn -0.479926 -0.269530 0.834880
vn 0.000000 -0.282701 0.959208
vn 0.970946 -0.239300 0.000000
vn 0.840906 -0.231181 -0.489318
vn 0.000000 0.956613 -0.291361
vn -0.145640 0.955963 -0.254800
vn -0.151900 0.952848 -0.262692
vn -0.361076 0.692606 -0.624436
vn -0.623302 0.692750 -0.362757
vn -0.834528 0.260133 -0.485689
vn -0.842761 0.231620 -0.485908
vn -0.842790 -0.231479 -0.485925
vn -0.364487 0.681892 -0.634171
vn -0.479771 0.270196 -0.834754
vn -0.482433 0.259879 -0.836494
vn -0.481058 -0.269895 -0.834110
vn -0.481219 -0.259625 -0.837271
vn -0.359399 -0.692684 -0.625317
vn -0.623027 -0.693081 -0.362597
vn -0.597293 -0.726131 -0.340552
vn -0.366096 -0.682009 -0.633117
vn -0.147393 -0.955669 -0.254898
vn -0.151062 -0.952541 -0.264285
vn -0.264334 -0.952535 -0.151011
vn -0.265991 -0.951971 -0.151658
vn 0.308679 0.788171 0.532451
vn 0.308728 0.787727 0.533079
vn 0.533190 0.787691 0.308629
vn 0.532571 0.788128 0.308581
vn 0.615631 0.788034 0.000000
vn 0.615631 0.788034 -0.000000
vn 0.532667 0.788163 -0.308327
vn -0.263820 0.952724 -0.150717
vn -0.265475 0.952162 -0.151363
vn 0.306294 -0.803694 0.510157
vn 0.300606 -0.792898 0.530046
vn 0.395424 -0.597915 0.697236
vn 0.399008 -0.610908 0.683801
vn 0.463223 -0.393989 0.793849
vn 0.460238 -0.384152 0.800380
vn 0.495386 -0.111376 0.861504
vn 0.493432 -0.106515 0.863238
vn 0.510269 -0.803673 -0.306161
vn 0.518428 -0.799314 -0.303858
vn 0.690585 -0.599384 -0.404761
vn 0.692967 -0.597073 -0.404105
vn 0.794044 -0.393802 -0.463048
vn 0.800442 -0.384162 -0.460123
vn 0.861574 -0.111371 -0.495264
vn 0.856163 -0.126073 -0.501089
vn 0.433395 0.539534 -0.721853
vn 0.421873 0.537372 -0.730242
vn 0.000000 0.538001 -0.842944
vn 0.000000 0.538001 -0.842944
vn -0.434474 0.535609 -0.724124
vn -0.421714 0.537870 -0.729968
vn -0.722006 0.539484 -0.433203
vn -0.730334 0.537335 -0.421764
vn 0.000000 0.462325 -0.886711
vn -0.443112 0.464061 -0.767007
vn -0.441130 0.466433 -0.766710
vn -0.765943 0.466559 -0.442328
vn -0.763564 0.469570 -0.443253
vn -0.842329 0.226682 -0.488976
vn -0.842960 0.237376 -0.482775
vn -0.867737 -0.007546 -0.496966
vn -0.355847 -0.934544 -0.000000
vn -0.355847 -0.934544 0.000000
vn -0.475333 -0.879806 -0.000000
vn -0.412001 -0.879620 0.237746
vn -0.411262 -0.880286 0.236560
vn -0.236611 -0.880316 0.411167
vn -0.332091 -0.746115 0.577086
vn 0.000000 -0.746767 0.665086
vn 0.000000 0.000000 1.000000
vn 0.000000 0.000000 1.000000
vn -0.582338 -0.740730 0.334964
vn -0.336755 -0.741062 0.580881
vn -0.501544 0.000000 0.865132
vn -0.501544 0.000000 0.865132
vn -0.865250 0.000000 0.501340
vn -0.576485 -0.745716 0.334025
vn -0.665256 -0.746615 0.000000
vn -0.475333 -0.879806 0.000000
vn -0.865250 0.000000 0.501340
vn -1.000000 0.000000 0.000000
vn -1.000000 0.000000 0.000000
vn -0.868296 0.000000 -0.496046
vn -0.868296 0.000000 -0.496046
vn -0.496242 0.000000 -0.868184
vn -0.496242 0.000000 -0.868184
vn 0.000000 0.000000 -1.000000
vn 0.000000 0.000000 -1.000000
vn 0.496242 0.000000 -0.868184
vn 0.496242 0.000000 -0.868184
vn 0.868296 0.000000 -0.496046
vn 0.868296 0.000000 -0.496046
vn 1.000000 -0.000000 0.000000
vn 1.000000 0.000000 0.000000
vn 0.868296 -0.000000 0.496046
vn 0.868296 -0.000000 0.496046
vn 0.496242 -0.000000 0.868184
vn 0.496242 -0.000000 0.868184
vn 0.000000 0.000000 1.000000
vn 0.000000 -0.000000 1.000000
vn -0.496242 0.000000 0.868184
vn -0.496242 0.000000 0.868184
vn -0.868296 0.000000 0.496046
vn -0.868296 0.000000 0.496046
vn -1.000000 0.000000 0.000000
vn -1.000000 0.000000 0.000000
vn -0.307804 -0.934724 0.177619
vn -0.307945 -0.934678 0.177614
vn -0.177724 -0.935210 0.306263
vn -0.177673 -0.934724 0.307772
vn -0.237783 -0.879659 0.411897
vn 0.000000 -0.934560 0.355805
vn 0.000000 -0.879861 0.475230
vn 0.000000 -0.879861 0.475230
vn 0.000000 -0.746767 0.665086
vn 0.000000 -0.934560 0.355805
vn 0.177673 -0.934724 0.307772
vn 0.237771 -0.879673 0.411875
vn 0.236621 -0.880318 0.411159
vn 0.335065 -0.740779 0.582219
vn 0.581007 -0.741013 0.336645
vn 0.865250 0.000000 0.501340
vn 1.000000 0.000000 0.000000
vn 0.865250 0.000000 0.501340
vn 0.501544 -0.000000 0.865132
vn 0.334120 -0.745788 0.576337
vn -0.265121 -0.952011 -0.152924
vn -0.263034 -0.952811 -0.151541
vn -0.152167 -0.952876 -0.262436
vn -0.355235 -0.706014 -0.612660
vn -0.365120 -0.682130 -0.633550
vn -0.485035 -0.237513 -0.841623
vn -0.482544 -0.269730 -0.833305
vn -0.483566 0.262340 -0.835070
vn -0.476714 0.297502 -0.827186
vn -0.353929 0.705391 -0.614132
vn -0.367049 0.681574 -0.633034
vn -0.152167 0.952876 -0.262436
vn -0.146804 0.955894 -0.254392
vn -0.423333 0.531647 -0.733581
vn -0.425265 0.529805 -0.733796
vn -0.450488 0.439131 -0.777319
vn -0.452445 0.437337 -0.777194
vn -0.473852 0.336038 -0.813967
vn -0.472858 0.336886 -0.814195
vn -0.488670 0.230682 -0.841420
vn -0.487499 0.231599 -0.841847
vn -0.497380 0.122001 -0.858911
vn -0.494670 0.123994 -0.860190
vn -0.498467 0.014220 -0.866792
vn 0.000000 0.013775 -0.999905
vn -0.733695 0.531594 -0.423202
vn -0.262924 0.952823 -0.151657
vn -0.265165 0.952024 -0.152769
vn -0.606366 0.714339 -0.349343
vn -0.596069 0.725280 -0.344486
vn -0.839567 0.244331 -0.485211
vn -0.836660 0.255887 -0.484274
vn -0.844050 -0.221125 -0.488552
vn -0.842247 -0.231700 -0.486760
vn -0.605516 -0.714764 -0.349946
vn -0.596132 -0.725721 -0.343447
vn -0.733908 0.529774 -0.425111
vn -0.776757 0.440693 -0.449931
vn -0.778393 0.438907 -0.448849
vn -0.816045 0.335624 -0.470561
vn -0.815980 0.335698 -0.470621
vn -0.843131 0.229483 -0.486280
vn -0.843700 0.228830 -0.485600
vn -0.860052 0.123588 -0.495011
vn -0.857600 0.119785 -0.500173
vn -0.863676 0.018232 -0.503717
vn -0.868228 0.012557 -0.496007
vn -0.146804 -0.955894 -0.254392
vn -0.000000 -0.956613 -0.291361
vn -0.000000 -0.956613 -0.291361
vn 0.147407 -0.955845 -0.254227
vn 0.151702 -0.952828 -0.262880
vn 0.262924 -0.952823 -0.151657
vn 0.366892 -0.681910 -0.632763
vn 0.000000 -0.674833 -0.737971
vn 0.000000 -0.674833 -0.737971
vn -0.000000 -0.283269 -0.959041
vn -0.000000 -0.283269 -0.959041
vn 0.482544 -0.269730 -0.833305
vn 0.478460 0.297291 -0.826253
vn 0.481843 0.262279 -0.836085
vn 0.365276 0.681795 -0.633821
vn 0.355398 0.705689 -0.612940
vn 0.147407 0.955845 -0.254227
vn 0.151702 0.952828 -0.262880
vn 0.423851 0.529991 -0.734479
vn 0.424627 0.531835 -0.732696
vn 0.450881 0.437525 -0.777996
vn 0.451959 0.439315 -0.776360
vn 0.473715 0.336800 -0.813732
vn 0.473025 0.335956 -0.814482
vn 0.488670 0.230682 -0.841420
vn 0.843700 0.228830 -0.485600
vn 0.860052 0.123588 -0.495011
vn 0.860282 0.123948 -0.494522
vn 0.866879 0.014250 -0.498314
vn 0.999905 0.013775 0.000000
vn 0.843131 0.229483 -0.486280
vn 0.816005 0.335617 -0.470635
vn 0.816024 0.335690 -0.470549
vn 0.777554 0.440883 -0.448366
vn 0.777436 0.439092 -0.450324
vn 0.733908 0.529774 -0.425111
vn 0.733695 0.531594 -0.423202
vn 0.265121 0.952011 -0.152924
vn 0.263034 0.952811 -0.151541
vn 0.596421 0.725405 -0.343613
vn 0.605801 0.714442 -0.350111
vn 0.836970 0.255941 -0.483710
vn 0.839230 0.244396 -0.485761
vn 0.841933 -0.231650 -0.487326
vn 0.844387 -0.221066 -0.487997
vn 0.605516 -0.714764 -0.349946
vn 0.353767 -0.705717 -0.613851
vn 0.688201 0.725520 0.000000
vn 0.305394 0.952226 0.000000
vn 0.305394 0.952226 0.000000
vn 0.848537 0.529137 0.000000
vn 0.848537 0.529137 0.000000
vn 0.897170 0.441686 0.000000
vn 0.897170 0.441686 0.000000
vn 0.942531 0.334118 0.000000
vn 0.942531 0.334118 0.000000
vn 0.973119 0.230301 0.000000
vn 0.973119 0.230301 0.000000
vn 0.992229 0.124428 0.000000
vn 0.860282 0.123948 0.494522
vn 0.866899 0.012566 0.498325
vn 0.496203 0.012557 0.868116
vn 0.733908 0.529774 0.425111
vn 0.776757 0.440693 0.449931
vn 0.778393 0.438907 0.448849
vn 0.816045 0.335624 0.470561
vn 0.815980 0.335698 0.470621
vn 0.843131 0.229483 0.486280
vn 0.843700 0.228830 0.485600
vn 0.860052 0.123588 0.495011
vn 0.497380 0.122001 0.858911
vn 0.494670 0.123994 0.860190
vn -0.000000 0.124487 0.992221
vn -0.000000 0.124487 0.992221
vn -0.497263 0.123892 0.858709
vn -0.494800 0.121894 0.860416
vn -0.860052 0.123588 0.495011
vn -0.857600 0.119785 0.500173
vn -0.992791 0.119856 0.000000
vn -0.992791 0.119856 0.000000
vn 0.498467 0.014220 0.866792
vn -0.000000 0.013775 0.999905
vn -0.000000 0.013775 0.999905
vn -0.496191 0.014228 0.868097
vn -0.498478 0.012566 0.866811
vn -0.868228 0.012557 0.496007
vn -0.863676 0.018232 0.503717
vn -0.999831 0.018405 0.000000
vn -0.999831 0.018405 0.000000
vn 0.177797 -0.935913 0.304065
vn 0.305501 -0.935730 0.176290
vn 0.412001 -0.879620 0.237746
vn 0.475333 -0.879806 0.000000
vn 0.665256 -0.746615 0.000000
vn 0.576480 -0.745714 -0.334040
vn 0.865239 0.000000 -0.501360
vn 0.501579 0.000000 -0.865112
vn 0.865239 0.000000 -0.501360
vn 1.000000 -0.000000 0.000000
vn 0.665256 -0.746615 0.000000
vn 0.577261 -0.746001 0.332044
vn 0.411262 -0.880286 0.236560
vn 0.000000 0.311943 -0.950101
vn 0.000000 0.311943 -0.950101
vn 0.000000 0.674495 -0.738280
vn 0.000000 0.674495 -0.738280
vn 0.000000 0.956613 -0.291361
vn 0.000000 0.956613 -0.291361
vn 0.000000 0.529224 -0.848482
vn 0.000000 0.529224 -0.848482
vn 0.000000 0.438054 -0.898949
vn 0.000000 0.438054 -0.898949
vn 0.000000 0.338258 -0.941053
vn 0.000000 0.338258 -0.941053
vn 0.000000 0.230358 -0.973106
vn 0.000000 0.230358 -0.973106
vn 0.000000 0.124487 -0.992221
vn 0.000000 0.124487 -0.992221
vn 0.000000 0.013775 -0.999905
vn 0.496191 0.014228 -0.868097
vn 0.487499 0.231599 -0.841847
vn 0.497263 0.123892 -0.858709
vn 0.494800 0.121894 -0.860416
vn 0.498478 0.012566 -0.866811
vn 0.868228 0.012557 -0.496007
vn 0.992229 0.124428 0.000000
vn 0.999905 0.013775 0.000000
vn 0.868208 0.014258 0.495996
vn 0.307217 -0.934549 0.179542
vn 0.355847 -0.934544 0.000000
vn 0.475333 -0.879806 0.000000
vn 0.412001 -0.879620 -0.237746
vn 0.411262 -0.880286 -0.236560
vn 0.237107 -0.880389 -0.410725
vn 0.237150 -0.879745 -0.412079
vn 0.000000 -0.879861 -0.475230
vn 0.000000 -0.746767 -0.665086
vn 0.000000 -0.746767 -0.665086
vn 0.000000 0.000000 -1.000000
vn -0.501579 -0.000000 -0.865112
vn 0.000000 0.000000 -1.000000
vn 0.501579 0.000000 -0.865112
vn 0.336813 -0.740999 -0.580929
vn 0.582375 -0.740691 -0.334986
vn -0.791360 0.406782 -0.456375
vn -0.788169 0.413429 -0.455923
vn -0.455070 0.413327 -0.788715
vn -0.457581 0.406755 -0.790677
vn 0.000000 0.405183 -0.914236
vn 0.000000 0.405183 -0.914236
vn 0.456522 0.406869 -0.791230
vn 0.456074 0.413447 -0.788072
vn 0.788818 0.413308 -0.454909
vn 0.790801 0.406666 -0.457445
vn 0.914290 0.405060 0.000000
vn 0.807174 0.590314 0.000000
vn 0.807174 0.590314 0.000000
vn 0.665840 0.746095 0.000000
vn 0.665840 0.746095 0.000000
vn -0.698587 0.590488 -0.404103
vn -0.704000 0.583103 -0.405433
vn -0.405844 0.586089 -0.701278
vn -0.403338 0.590675 -0.698872
vn 0.000000 0.590411 -0.807103
vn 0.000000 0.590411 -0.807103
vn 0.404217 0.590552 -0.698467
vn 0.404360 0.589773 -0.699043
vn 0.699062 0.589739 -0.404378
vn 0.698656 0.590509 -0.403954
vn -0.576129 0.746987 -0.331792
vn -0.574718 0.748254 -0.331383
vn -0.332610 0.746475 -0.576321
vn -0.334298 0.744356 -0.578082
vn 0.000000 0.746161 -0.665766
vn 0.000000 0.746161 -0.665766
vn 0.334373 0.744345 -0.578053
vn 0.334467 0.744053 -0.578375
vn 0.578406 0.744046 -0.334428
vn 0.575998 0.746941 -0.332121
vn -0.307826 -0.934730 -0.177546
vn -0.307892 -0.934685 -0.177670
vn -0.177724 -0.935210 -0.306263
vn -0.177673 -0.934724 -0.307772
vn 0.000000 -0.934560 -0.355805
vn -0.000000 -0.879861 -0.475230
vn -0.412001 -0.879620 -0.237746
vn -0.411262 -0.880286 -0.236560
vn -0.237107 -0.880389 -0.410725
vn -0.237151 -0.879732 -0.412105
vn -0.577261 -0.746001 -0.332044
vn -0.581035 -0.740976 -0.336679
vn -0.335089 -0.740709 -0.582294
vn -0.334124 -0.745822 -0.576290
vn -0.865239 -0.000000 -0.501360
vn -0.865239 0.000000 -0.501360
vn -0.501579 -0.000000 -0.865112
vn 0.355847 -0.934544 0.000000
vn 0.307804 -0.934724 -0.177619
vn 0.304137 -0.935900 -0.177742
vn 0.176329 -0.935741 -0.305444
vn 0.179617 -0.934548 -0.307178
vn 0.000000 -0.934560 -0.355805
vn 0.914290 0.405060 0.000000
vn 0.790948 0.406763 0.457106
vn 0.789980 0.408790 0.456970
vn 0.698587 0.590488 0.404103
vn 0.699156 0.589718 0.404244
vn 0.575703 0.746838 0.332865
vn 0.578906 0.743940 0.333798
vn 0.334467 0.744053 0.578375
vn 0.334373 0.744345 0.578053
vn 0.404360 0.589773 0.699043
vn 0.404217 0.590552 0.698467
vn 0.457557 0.406861 0.790636
vn 0.000000 0.405306 0.914181
vn 0.000000 0.405306 0.914181
vn -0.000000 0.590411 0.807103
vn 0.000000 0.590411 0.807103
vn -0.000000 0.746161 0.665766
vn 0.000000 0.746161 0.665766
vn -0.333750 0.744437 0.578295
vn -0.405048 0.585973 0.701835
vn -0.404217 0.590552 0.698467
vn -0.457881 0.405409 0.791195
vn -0.457786 0.406836 0.790517
vn -0.703091 0.583311 0.406708
vn -0.790778 0.406727 0.457431
vn -0.790177 0.408756 0.456660
vn -0.699237 0.590685 0.402690
vn -0.807174 0.590314 0.000000
vn -0.807174 0.590314 0.000000
vn -0.914290 0.405060 0.000000
vn -0.914290 0.405060 0.000000
vn -0.333067 0.746555 0.575953
vn -0.574937 0.748209 0.331106
vn -0.575998 0.746941 0.332121
vn -0.665840 0.746095 0.000000
vn -0.665840 0.746095 0.000000
vn -0.305394 -0.952226 -0.000000
vn -0.265165 -0.952024 0.152769
vn -0.606081 -0.714661 0.349179
vn -0.353767 -0.705717 0.613851
vn -0.480789 -0.269925 0.834256
vn 0.000000 -0.283269 0.959041
vn 0.000000 0.311943 0.950101
vn 0.476714 0.297502 0.827186
vn 0.353929 0.705391 0.614132
vn 0.606366 0.714339 0.349343
vn 0.265165 0.952024 0.152769
vn -0.262924 -0.952823 0.151657
vn -0.152167 -0.952876 0.262436
vn -0.366892 -0.681910 0.632763
vn 0.000000 -0.674833 0.737971
vn 0.000000 -0.283269 0.959041
vn 0.482544 -0.269730 0.833305
vn 0.483566 0.262340 0.835070
vn 0.839230 0.244396 0.485761
vn 0.836970 0.255941 0.483710
vn 0.964461 0.264226 0.000000
vn 0.688201 0.725520 -0.000000
vn 0.964461 0.264226 0.000000
vn 0.970946 -0.239300 0.000000
vn 0.970946 -0.239300 0.000000
vn 0.687868 -0.725836 0.000000
vn 0.596132 -0.725721 -0.343447
vn 0.265165 -0.952024 -0.152769
vn 0.305394 -0.952226 0.000000
vn 0.305394 -0.952226 0.000000
vn 0.265121 -0.952011 0.152924
vn 0.263034 -0.952811 0.151541
vn 0.152167 -0.952876 0.262436
vn 0.355235 -0.706014 0.612660
vn 0.365120 -0.682130 0.633550
vn 0.485035 -0.237513 0.841623
vn 0.605516 -0.714764 0.349946
vn 0.596132 -0.725721 0.343447
vn 0.687868 -0.725836 0.000000
vn 0.842247 -0.231700 0.486760
vn 0.844050 -0.221125 0.488552
vn -0.146804 -0.955894 0.254392
vn 0.000000 -0.956613 0.291361
vn 0.000000 -0.674833 0.737971
vn 0.000000 -0.956613 0.291361
vn 0.146804 -0.955894 0.254392
vn -0.305394 -0.952226 0.000000
vn -0.687868 -0.725836 0.000000
vn -0.687868 -0.725836 0.000000
vn -0.970946 -0.239300 0.000000
vn -0.970946 -0.239300 0.000000
vn -0.964461 0.264226 0.000000
vn -0.964461 0.264226 0.000000
vn -0.688201 0.725520 0.000000
vn -0.688201 0.725520 0.000000
vn -0.305394 0.952226 0.000000
vn -0.595781 -0.725596 0.344320
vn -0.844387 -0.221066 0.487997
vn -0.841933 -0.231650 0.487326
vn -0.839230 0.244396 0.485761
vn -0.836970 0.255941 0.483710
vn -0.605801 0.714442 0.350111
vn -0.596421 0.725405 0.343613
vn -0.263034 0.952811 0.151541
vn -0.265121 0.952011 0.152924
vn -0.733695 0.531594 0.423202
vn -0.733908 0.529774 0.425111
vn -0.777436 0.439092 0.450324
vn -0.777554 0.440883 0.448366
vn -0.816024 0.335690 0.470549
vn -0.816005 0.335617 0.470635
vn -0.843131 0.229483 0.486280
vn -0.973119 0.230301 0.000000
vn -0.355398 0.705689 0.612940
vn -0.147407 0.955845 0.254227
vn -0.151702 0.952828 0.262880
vn -0.423851 0.529991 0.734479
vn -0.424627 0.531835 0.732696
vn -0.450891 0.437483 0.778014
vn -0.451998 0.439320 0.776335
vn -0.473750 0.336842 0.813694
vn -0.473025 0.335956 0.814482
vn -0.488569 0.231528 0.841246
vn -0.487616 0.230613 0.842050
vn 0.000000 0.230358 0.973106
vn 0.000000 0.338312 0.941034
vn 0.000000 0.338312 0.941034
vn 0.000000 0.438005 0.898973
vn 0.000000 0.438005 0.898973
vn 0.000000 0.529224 0.848482
vn 0.000000 0.529224 0.848482
vn 0.000000 0.956613 0.291361
vn 0.146804 0.955894 0.254392
vn 0.152167 0.952876 0.262436
vn 0.262924 0.952823 0.151657
vn 0.367049 0.681574 0.633034
vn 0.000000 0.674495 0.738280
vn -0.000000 0.311943 0.950101
vn -0.476714 0.297502 0.827186
vn -0.483566 0.262340 0.835070
vn -0.365276 0.681795 0.633821
vn 0.000000 0.674495 0.738280
vn 0.000000 0.956613 0.291361
vn -0.305394 0.952226 0.000000
vn -0.848537 0.529137 0.000000
vn -0.848537 0.529137 0.000000
vn -0.897170 0.441686 0.000000
vn -0.897170 0.441686 0.000000
vn -0.942531 0.334118 0.000000
vn -0.942531 0.334118 0.000000
vn -0.973119 0.230301 0.000000
vn 0.733695 0.531594 0.423202
vn 0.423333 0.531647 0.733581
vn 0.425265 0.529805 0.733796
vn 0.450891 0.437483 0.778014
vn 0.451998 0.439320 0.776335
vn 0.473894 0.336042 0.813942
vn 0.472850 0.336933 0.814180
vn 0.488670 0.230682 0.841420
vn 0.487499 0.231599 0.841847
vn 0.000000 -1.000000 0.000000
vn 0.000000 -1.000000 0.000000
vn 0.000000 -1.000000 0.000000
vn 0.000000 -1.000000 0.000000
vn 0.000000 -1.000000 0.000000
vn 0.000000 -1.000000 0.000000
vn 0.000000 -1.000000 0.000000
vn -0.000000 -1.000000 0.000000
vn 0.000000 -1.000000 0.000000
vn -0.000000 -1.000000 0.000000
vn 0.000000 -1.000000 -0.000000
vn 0.000000 -1.000000 0.000000
vn 0.140480 0.986052 0.089260
vn -0.173562 0.984823 0.000000
vn -0.496203 0.012557 -0.868116
vn 0.713960 0.566383 -0.411670
vn 0.599383 -0.800463 0.000000
vn 1.000000 0.000000 0.000000
vn 0.842761 0.231620 0.485908
vn 0.596069 0.725280 0.344486
vn 0.501544 0.000000 0.865132
vn 0.458097 0.405436 0.791055
vn -0.000000 0.564174 0.825656
vn 0.000000 -0.025965 0.999663
vn 0.778435 0.439906 -0.447796
vn 0.000000 -0.956439 0.291933
vn 0.499855 0.000000 -0.866109
vn 0.388199 0.631404 -0.671290
vn -0.486770 -0.237569 0.840604
vn 0.000000 0.230358 0.973106
vn -0.843700 0.228830 0.485600
vn -0.437538 0.899200 0.000000
vn -0.902137 0.431450 0.000000
vn -0.432373 -0.501827 0.749149
vn 0.533036 0.787702 -0.308866
vn -0.597582 0.725815 -0.340717
vn -0.532566 0.788126 -0.308594
vn -0.834565 -0.259977 -0.485710
vn -0.863448 -0.023625 -0.503884
vn -0.665256 -0.746615 0.000000
vn 0.485035 -0.237513 -0.841623
vn 0.332129 -0.746075 -0.577116
vn -0.866228 0.000000 -0.499648
usemtl white_marble
f 1/1/1 2/2/1 3/3/1
f 2/2/2 4/4/2 3/3/2
f 2/2/3 5/5/3 4/4/3
f 5/5/4 6/6/4 4/4/4
f 4/4/5 6/6/5 7/7/5
f 6/6/6 8/8/6 7/7/6
f 7/7/7 8/8/7 9/9/7
f 8/8/8 10/10/8 9/9/8
f 9/9/9 10/10/9 11/11/9
f 10/10/10 12/12/10 11/11/10
f 11/11/11 12/12/11 13/13/11
f 12/12/12 14/14/12 13/13/12
f 13/13/13 14/14/13 15/15/13
f 14/14/14 16/16/14 15/15/14
f 15/15/15 16/16/15 17/17/15
f 16/16/16 18/18/16 17/17/16
f 17/17/17 18/18/17 19/19/17
f 18/18/18 20/20/18 19/19/18
f 19/19/19 20/20/19 21/21/19
f 20/20/20 22/22/20 21/21/20
f 21/21/21 22/22/21 23/23/21
f 10/10/22 24/24/22 12/12/22
f 24/24/23 25/25/23 12/12/23
f 12/12/24 25/25/24 26/26/24
f 25/25/25 27/27/25 26/26/25
f 26/26/26 27/27/26 28/28/26
f 27/27/27 29/29/27 28/28/27
f 28/28/28 29/29/28 30/30/28
f 29/29/29 31/31/29 30/30/29
f 24/24/30 10/10/30 32/32/30
f 10/10/31 33/33/31 32/32/31
f 32/32/32 33/33/32 34/34/32
f 33/33/33 35/35/33 34/34/33
f 34/34/34 35/35/34 36/36/34
f 35/35/35 37/37/35 36/36/35
f 36/36/36 37/37/36 38/38/36
f 37/37/37 39/39/37 38/38/37
f 38/38/38 39/39/38 40/40/38
f 39/39/39 41/41/39 40/40/39
f 40/40/40 41/41/40 42/42/40
f 41/41/41 43/43/41 42/42/41
f 41/41/42 44/44/42 43/43/42
f 44/44/43 45/45/43 43/43/43
f 44/44/44 46/46/44 45/45/44
f 46/46/45 47/47/45 45/45/45
f 46/46/46 48/48/46 47/47/46
f 48/48/47 49/49/47 47/47/47
f 48/48/48 50/50/48 49/49/48
f 50/50/49 51/51/49 49/49/49
f 52/52/50 53/53/50 54/54/50
f 53/53/51 55/55/51 54/54/51
f 54/54/52 55/55/52 56/56/52
f 55/55/53 57/57/53 56/56/53
f 56/56/54 57/57/54 58/58/54
f 57/57/55 59/59/55 58/58/55
f 57/57/56 60/60/56 59/59/56
f 60/60/57 35/35/57 59/59/57
f 59/59/58 35/35/58 33/33/58
f 61/61/59 62/62/59 63/63/59
f 62/62/60 64/64/60 63/63/60
f 63/63/61 64/64/61 65/65/61
f 64/64/62 66/66/62 65/65/62
f 65/65/63 66/66/63 67/67/63
f 66/66/64 68/68/64 67/67/64
f 67/67/65 68/68/65 69/69/65
f 68/68/66 70/70/66 69/69/66
f 69/69/67 70/70/67 71/71/67
f 70/70/68 72/72/68 71/71/68
f 71/71/69 72/72/69 73/73/69
f 72/72/70 74/74/70 73/73/70
f 73/73/71 74/74/71 75/75/71
f 74/74/72 76/76/72 75/75/72
f 75/75/73 76/76/73 77/77/73
f 76/76/74 78/78/74 77/77/74
f 77/77/75 78/78/75 79/79/75
f 78/78/76 80/80/76 79/79/76
f 79/79/77 80/80/77 81/81/77
f 80/80/78 82/82/78 81/81/78
f 81/81/79 82/82/79 83/83/79
f 62/62/80 84/84/80 64/64/80
f 84/84/81 85/85/81 64/64/81
f 64/64/82 85/85/82 66/66/82
f 85/85/83 86/86/83 66/66/83
f 66/66/84 86/86/84 68/68/84
f 86/86/85 87/87/85 68/68/85
f 68/68/86 87/87/86 70/70/86
f 87/87/87 72/72/87 70/70/87
f 84/84/88 88/88/88 85/85/88
f 88/88/89 89/89/89 85/85/89
f 85/85/90 89/89/90 86/86/90
f 89/89/91 90/90/91 86/86/91
f 86/86/92 90/90/92 87/87/92
f 90/90/93 91/91/93 87/87/93
f 87/87/94 91/91/94 72/72/94
f 91/91/95 74/74/95 72/72/95
f 89/89/96 92/92/96 90/90/96
f 92/92/97 93/93/97 90/90/97
f 90/90/98 93/93/98 91/91/98
f 93/93/99 94/94/99 91/91/99
f 91/91/100 94/94/100 74/74/100
f 94/94/101 76/76/101 74/74/101
f 92/92/102 95/95/102 93/93/102
f 95/95/103 96/96/103 93/93/103
f 93/93/104 96/96/104 97/97/104
f 96/96/105 98/98/105 97/97/105
f 97/97/106 98/98/106 78/78/106
f 98/98/107 80/80/107 78/78/107
f 93/93/108 97/97/108 94/94/108
f 97/97/109 78/78/109 94/94/109
f 94/94/110 78/78/110 76/76/110
f 99/99/111 100/100/111 101/101/111
f 100/100/112 102/102/112 101/101/112
f 100/100/113 103/103/113 102/102/113
f 103/103/114 104/104/114 102/102/114
f 103/103/115 105/105/115 104/104/115
f 105/105/116 106/106/116 104/104/116
f 106/106/117 105/105/117 107/107/117
f 105/105/118 108/108/118 107/107/118
f 107/107/119 108/108/119 109/109/119
f 107/107/120 109/109/120 110/110/120
f 109/109/121 111/111/121 110/110/121
f 110/110/122 111/111/122 112/112/122
f 111/111/123 113/113/123 112/112/123
f 112/112/124 113/113/124 114/114/124
f 113/113/125 115/115/125 114/114/125
f 114/114/126 115/115/126 116/116/126
f 115/115/127 117/117/127 116/116/127
f 116/116/128 117/117/128 118/118/128
f 117/117/129 119/119/129 118/118/129
f 107/107/130 110/110/130 120/120/130
f 110/110/131 121/121/131 120/120/131
f 120/120/132 121/121/132 15/15/132
f 121/121/133 122/122/133 15/15/133
f 15/15/134 122/122/134 13/13/134
f 122/122/135 123/123/135 13/13/135
f 13/13/136 123/123/136 124/124/136
f 123/123/137 125/125/137 124/124/137
f 124/124/138 125/125/138 126/126/138
f 125/125/139 127/127/139 126/126/139
f 126/126/140 127/127/140 128/128/140
f 127/127/141 129/129/141 128/128/141
f 128/128/142 129/129/142 130/130/142
f 129/129/143 131/131/143 130/130/143
f 121/121/144 132/132/144 122/122/144
f 132/132/145 133/133/145 122/122/145
f 132/132/146 134/134/146 133/133/146
f 134/134/147 135/135/147 133/133/147
f 135/135/148 134/134/148 136/136/148
f 134/134/149 137/137/149 136/136/149
f 136/136/150 137/137/150 138/138/150
f 137/137/151 139/139/151 138/138/151
f 138/138/152 139/139/152 140/140/152
f 141/141/153 142/142/153 143/143/153
f 142/142/154 144/144/154 143/143/154
f 144/144/155 142/142/155 145/145/155
f 142/142/156 146/146/156 145/145/156
f 145/145/157 146/146/157 147/147/157
f 145/145/158 147/147/158 148/148/158
f 147/147/159 107/107/159 148/148/159
f 148/148/160 107/107/160 120/120/160
f 11/11/161 13/13/161 149/149/161
f 13/13/162 150/150/162 149/149/162
f 149/149/163 150/150/163 151/151/163
f 149/149/164 151/151/164 152/152/164
f 151/151/165 153/153/165 152/152/165
f 152/152/166 153/153/166 154/154/166
f 153/153/167 155/155/167 154/154/167
f 154/154/168 155/155/168 156/156/168
f 155/155/169 157/157/169 156/156/169
f 10/10/170 158/158/170 33/33/170
f 158/158/171 159/159/171 33/33/171
f 158/158/172 160/160/172 159/159/172
f 160/160/173 161/161/173 159/159/173
f 160/160/174 162/162/174 161/161/174
f 162/162/175 163/163/175 161/161/175
f 162/162/176 164/164/176 163/163/176
f 164/164/177 165/165/177 163/163/177
f 15/15/178 166/166/178 120/120/178
f 166/166/179 167/167/179 120/120/179
f 166/166/180 168/168/180 167/167/180
f 168/168/181 169/169/181 167/167/181
f 168/168/182 170/170/182 169/169/182
f 170/170/183 171/171/183 169/169/183
f 170/170/184 172/172/184 171/171/184
f 172/172/185 173/173/185 171/171/185
f 174/174/186 175/175/186 176/176/186
f 175/175/187 177/177/187 176/176/187
f 176/176/188 177/177/188 178/178/188
f 177/177/189 179/179/189 178/178/189
f 178/178/190 179/179/190 180/180/190
f 179/179/191 181/181/191 180/180/191
f 180/180/192 181/181/192 182/182/192
f 181/181/193 39/39/193 182/182/193
f 182/182/194 39/39/194 37/37/194
f 183/183/195 184/184/195 185/185/195
f 184/184/196 186/186/196 185/185/196
f 184/184/197 187/187/197 186/186/197
f 187/187/198 188/188/198 186/186/198
f 187/187/199 189/189/199 188/188/199
f 189/189/200 190/190/200 188/188/200
f 189/189/201 34/34/201 190/190/201
f 34/34/202 36/36/202 190/190/202
f 35/35/203 191/191/203 37/37/203
f 191/191/204 192/192/204 37/37/204
f 192/192/205 191/191/205 193/193/205
f 191/191/206 194/194/206 193/193/206
f 193/193/207 194/194/207 195/195/207
f 193/193/208 195/195/208 196/196/208
f 195/195/209 197/197/209 196/196/209
f 196/196/210 197/197/210 198/198/210
f 197/197/211 199/199/211 198/198/211
f 39/39/212 200/200/212 41/41/212
f 200/200/213 201/201/213 41/41/213
f 200/200/214 202/202/214 201/201/214
f 202/202/215 203/203/215 201/201/215
f 202/202/216 204/204/216 203/203/216
f 204/204/217 205/205/217 203/203/217
f 205/205/218 204/204/218 206/206/218
f 204/204/219 207/207/219 206/206/219
f 206/206/220 207/207/220 208/208/220
f 209/209/221 210/210/221 211/211/221
f 210/210/222 212/212/222 211/211/222
f 210/210/223 213/213/223 212/212/223
f 213/213/224 214/214/224 212/212/224
f 213/213/225 215/215/225 214/214/225
f 215/215/226 216/216/226 214/214/226
f 215/215/227 217/217/227 216/216/227
f 217/217/228 218/218/228 216/216/228
f 217/217/229 219/219/229 218/218/229
f 219/219/230 220/220/230 218/218/230
f 219/219/231 221/221/231 220/220/231
f 221/221/232 222/222/232 220/220/232
f 221/221/233 223/223/233 222/222/233
f 223/223/234 224/224/234 222/222/234
f 223/223/235 225/225/235 224/224/235
f 225/225/236 226/226/236 224/224/236
f 225/225/237 227/227/237 226/226/237
f 227/227/238 228/228/238 226/226/238
f 227/227/239 229/229/239 228/228/239
f 229/229/240 230/230/240 228/228/240
f 229/229/241 231/231/241 230/230/241
f 231/231/242 232/232/242 230/230/242
f 231/231/243 233/233/243 232/232/243
f 233/233/244 234/234/244 232/232/244
f 209/209/245 235/235/245 210/210/245
f 235/235/246 236/236/246 210/210/246
f 210/210/247 236/236/247 213/213/247
f 236/236/248 237/237/248 213/213/248
f 213/213/249 237/237/249 215/215/249
f 237/237/250 238/238/250 215/215/250
f 215/215/251 238/238/251 239/239/251
f 238/238/252 240/240/252 239/239/252
f 239/239/253 240/240/253 241/241/253
f 240/240/254 242/242/254 241/241/254
f 241/241/255 242/242/255 243/243/255
f 240/240/256 238/238/256 244/244/256
f 238/238/257 237/237/257 244/244/257
f 244/244/258 237/237/258 245/245/258
f 237/237/259 236/236/259 245/245/259
f 245/245/260 236/236/260 235/235/260
f 245/245/261 246/246/261 244/244/261
f 246/246/262 247/247/262 244/244/262
f 244/244/263 247/247/263 240/240/263
f 247/247/264 242/242/264 240/240/264
f 246/246/265 245/245/265 248/248/265
f 245/245/266 249/249/266 248/248/266
f 250/250/267 251/251/267 252/252/267
f 251/251/268 253/253/268 252/252/268
f 252/252/269 253/253/269 254/254/269
f 253/253/270 255/255/270 254/254/270
f 254/254/271 255/255/271 256/256/271
f 255/255/272 257/257/272 256/256/272
f 256/256/273 257/257/273 258/258/273
f 257/257/274 259/259/274 258/258/274
f 258/258/275 259/259/275 260/260/275
f 259/259/276 261/261/276 260/260/276
f 260/260/277 261/261/277 262/262/277
f 261/261/278 263/263/278 262/262/278
f 262/262/279 263/263/279 264/264/279
f 263/263/280 265/265/280 264/264/280
f 264/264/281 265/265/281 266/266/281
f 264/264/282 266/266/282 267/267/282
f 266/266/283 268/268/283 267/267/283
f 267/267/284 268/268/284 269/269/284
f 268/268/285 270/270/285 269/269/285
f 269/269/286 270/270/286 271/271/286
f 270/270/287 272/272/287 271/271/287
f 271/271/288 272/272/288 273/273/288
f 272/272/289 274/274/289 273/273/289
f 275/275/290 276/276/290 277/277/290
f 276/276/291 272/272/291 277/277/291
f 277/277/292 272/272/292 278/278/292
f 272/272/293 270/270/293 278/278/293
f 278/278/294 270/270/294 279/279/294
f 270/270/295 268/268/295 279/279/295
f 279/279/296 268/268/296 280/280/296
f 268/268/297 266/266/297 280/280/297
f 280/280/298 266/266/298 281/281/298
f 266/266/299 265/265/299 281/281/299
f 281/281/300 265/265/300 282/282/300
f 265/265/301 263/263/301 282/282/301
f 282/282/302 263/263/302 283/283/302
f 263/263/303 261/261/303 283/283/303
f 283/283/304 261/261/304 284/284/304
f 261/261/305 259/259/305 284/284/305
f 284/284/306 259/259/306 285/285/306
f 259/259/307 257/257/307 285/285/307
f 285/285/308 257/257/308 286/286/308
f 257/257/309 255/255/309 286/286/309
f 286/286/310 255/255/310 287/287/310
f 255/255/311 253/253/311 287/287/311
f 287/287/312 253/253/312 288/288/312
f 253/253/313 251/251/313 288/288/313
f 289/289/314 290/290/314 291/291/314
f 290/290/315 292/292/315 291/291/315
f 291/291/316 292/292/316 293/293/316
f 292/292/317 294/294/317 293/293/317
f 293/293/318 294/294/318 295/295/318
f 294/294/319 296/296/319 295/295/319
f 295/295/320 296/296/320 297/297/320
f 296/296/321 298/298/321 297/297/321
f 297/297/322 298/298/322 299/299/322
f 298/298/323 300/300/323 299/299/323
f 299/299/324 300/300/324 301/301/324
f 300/300/325 302/302/325 301/301/325
f 301/301/326 302/302/326 303/303/326
f 302/302/327 304/304/327 303/303/327
f 303/303/328 304/304/328 305/305/328
f 304/304/329 306/306/329 305/305/329
f 305/305/330 306/306/330 307/307/330
f 306/306/331 308/308/331 307/307/331
f 307/307/332 308/308/332 309/309/332
f 308/308/333 310/310/333 309/309/333
f 309/309/334 310/310/334 311/311/334
f 310/310/335 312/312/335 311/311/335
f 311/311/336 312/312/336 313/313/336
f 312/312/337 314/314/337 313/313/337
f 234/234/338 315/315/338 232/232/338
f 315/315/339 316/316/339 232/232/339
f 232/232/340 316/316/340 230/230/340
f 316/316/341 317/317/341 230/230/341
f 230/230/342 317/317/342 228/228/342
f 317/317/343 318/318/343 228/228/343
f 228/228/344 318/318/344 226/226/344
f 318/318/345 319/319/345 226/226/345
f 226/226/346 319/319/346 224/224/346
f 319/319/347 320/320/347 224/224/347
f 224/224/348 320/320/348 222/222/348
f 320/320/349 321/321/349 222/222/349
f 222/222/350 321/321/350 220/220/350
f 321/321/351 322/322/351 220/220/351
f 220/220/352 322/322/352 218/218/352
f 322/322/353 323/323/353 218/218/353
f 218/218/354 323/323/354 216/216/354
f 323/323/355 324/324/355 216/216/355
f 216/216/356 324/324/356 214/214/356
f 324/324/357 325/325/357 214/214/357
f 214/214/358 325/325/358 212/212/358
f 325/325/359 326/326/359 212/212/359
f 212/212/360 326/326/360 211/211/360
f 326/326/361 327/327/361 211/211/361
f 288/288/362 328/328/362 287/287/362
f 328/328/363 329/329/363 287/287/363
f 287/287/364 329/329/364 330/330/364
f 329/329/365 331/331/365 330/330/365
f 330/330/366 331/331/366 332/332/366
f 331/331/367 333/333/367 332/332/367
f 332/332/368 333/333/368 334/334/368
f 333/333/369 335/335/369 334/334/369
f 334/334/370 335/335/370 336/336/370
f 335/335/371 337/337/371 336/336/371
f 336/336/372 337/337/372 338/338/372
f 337/337/373 339/339/373 338/338/373
f 338/338/374 339/339/374 340/340/374
f 329/329/375 341/341/375 331/331/375
f 341/341/376 342/342/376 331/331/376
f 331/331/377 342/342/377 333/333/377
f 342/342/378 343/343/378 333/333/378
f 333/333/379 343/343/379 335/335/379
f 343/343/380 344/344/380 335/335/380
f 335/335/381 344/344/381 337/337/381
f 344/344/382 345/345/382 337/337/382
f 337/337/383 345/345/383 339/339/383
f 343/343/384 342/342/384 346/346/384
f 342/342/385 341/341/385 346/346/385
f 346/346/386 341/341/386 347/347/386
f 341/341/387 328/328/387 347/347/387
f 346/346/388 348/348/388 343/343/388
f 348/348/389 349/349/389 343/343/389
f 343/343/390 349/349/390 344/344/390
f 349/349/391 350/350/391 344/344/391
f 344/344/392 350/350/392 345/345/392
f 351/351/393 352/352/393 313/313/393
f 352/352/394 311/311/394 313/313/394
f 352/352/395 353/353/395 311/311/395
f 353/353/396 309/309/396 311/311/396
f 353/353/397 354/354/397 309/309/397
f 354/354/398 307/307/398 309/309/398
f 354/354/399 355/355/399 307/307/399
f 355/355/400 305/305/400 307/307/400
f 355/355/401 356/356/401 305/305/401
f 356/356/402 303/303/402 305/305/402
f 356/356/403 357/357/403 303/303/403
f 357/357/404 301/301/404 303/303/404
f 357/357/405 358/358/405 301/301/405
f 358/358/406 299/299/406 301/301/406
f 358/358/407 359/359/407 299/299/407
f 359/359/408 297/297/408 299/299/408
f 359/359/409 360/360/409 297/297/409
f 360/360/410 295/295/410 297/297/410
f 360/360/411 361/361/411 295/295/411
f 361/361/412 293/293/412 295/295/412
f 361/361/413 362/362/413 293/293/413
f 362/362/414 291/291/414 293/293/414
f 362/362/415 363/363/415 291/291/415
f 363/363/416 289/289/416 291/291/416
f 215/215/417 239/239/417 217/217/417
f 239/239/418 364/364/418 217/217/418
f 217/217/419 364/364/419 219/219/419
f 364/364/420 221/221/420 219/219/420
f 239/239/421 241/241/421 364/364/421
f 241/241/422 365/365/422 364/364/422
f 364/364/423 365/365/423 366/366/423
f 365/365/424 367/367/424 366/366/424
f 366/366/425 367/367/425 368/368/425
f 367/367/426 369/369/426 368/368/426
f 368/368/427 369/369/427 370/370/427
f 369/369/428 371/371/428 370/370/428
f 370/370/429 371/371/429 372/372/429
f 371/371/430 373/373/430 372/372/430
f 372/372/431 373/373/431 374/374/431
f 364/364/432 366/366/432 221/221/432
f 366/366/433 368/368/433 221/221/433
f 221/221/434 368/368/434 223/223/434
f 368/368/435 225/225/435 223/223/435
f 368/368/436 370/370/436 225/225/436
f 370/370/437 227/227/437 225/225/437
f 227/227/438 370/370/438 375/375/438
f 370/370/439 372/372/439 375/375/439
f 375/375/440 372/372/440 376/376/440
f 372/372/441 374/374/441 376/376/441
f 376/376/442 374/374/442 377/377/442
f 376/376/443 378/378/443 375/375/443
f 378/378/444 229/229/444 375/375/444
f 375/375/445 229/229/445 227/227/445
f 376/376/446 379/379/446 378/378/446
f 379/379/447 231/231/447 378/378/447
f 378/378/448 231/231/448 229/229/448
f 379/379/449 376/376/449 380/380/449
f 376/376/450 377/377/450 380/380/450
f 380/380/451 377/377/451 381/381/451
f 381/381/452 382/382/452 380/380/452
f 382/382/453 383/383/453 380/380/453
f 380/380/454 383/383/454 379/379/454
f 383/383/455 233/233/455 379/379/455
f 379/379/456 233/233/456 231/231/456
f 384/384/457 385/385/457 386/386/457
f 385/385/458 387/387/458 386/386/458
f 385/385/459 388/388/459 387/387/459
f 388/388/460 389/389/460 387/387/460
f 388/388/461 390/390/461 389/389/461
f 390/390/462 391/391/462 389/389/462
f 390/390/463 24/24/463 391/391/463
f 24/24/464 32/32/464 391/391/464
f 392/392/465 393/393/465 394/394/465
f 393/393/466 395/395/466 394/394/466
f 393/393/467 396/396/467 395/395/467
f 396/396/468 397/397/468 395/395/468
f 396/396/469 398/398/469 397/397/469
f 398/398/470 399/399/470 397/397/470
f 398/398/471 38/38/471 399/399/471
f 38/38/472 40/40/472 399/399/472
f 287/287/473 330/330/473 286/286/473
f 330/330/474 400/400/474 286/286/474
f 286/286/475 400/400/475 285/285/475
f 400/400/476 401/401/476 285/285/476
f 285/285/477 401/401/477 284/284/477
f 401/401/478 402/402/478 284/284/478
f 284/284/479 402/402/479 283/283/479
f 402/402/480 403/403/480 283/283/480
f 283/283/481 403/403/481 282/282/481
f 403/403/482 404/404/482 282/282/482
f 282/282/483 404/404/483 281/281/483
f 404/404/484 280/280/484 281/281/484
f 330/330/485 332/332/485 400/400/485
f 332/332/486 405/405/486 400/400/486
f 400/400/487 405/405/487 401/401/487
f 405/405/488 406/406/488 401/401/488
f 401/401/489 406/406/489 402/402/489
f 406/406/490 407/407/490 402/402/490
f 402/402/491 407/407/491 403/403/491
f 407/407/492 408/408/492 403/403/492
f 403/403/493 408/408/493 404/404/493
f 408/408/494 409/409/494 404/404/494
f 404/404/495 409/409/495 280/280/495
f 409/409/496 279/279/496 280/280/496
f 332/332/497 334/334/497 405/405/497
f 334/334/498 410/410/498 405/405/498
f 405/405/499 410/410/499 406/406/499
f 410/410/500 411/411/500 406/406/500
f 406/406/501 411/411/501 407/407/501
f 411/411/502 412/412/502 407/407/502
f 407/407/503 412/412/503 413/413/503
f 412/412/504 414/414/504 413/413/504
f 413/413/505 414/414/505 415/415/505
f 414/414/506 416/416/506 415/415/506
f 415/415/507 416/416/507 417/417/507
f 416/416/508 418/418/508 417/417/508
f 417/417/509 418/418/509 419/419/509
f 407/407/510 413/413/510 408/408/510
f 413/413/511 420/420/511 408/408/511
f 408/408/512 420/420/512 421/421/512
f 420/420/513 422/422/513 421/421/513
f 421/421/514 422/422/514 409/409/514
f 422/422/515 423/423/515 409/409/515
f 409/409/516 423/423/516 279/279/516
f 423/423/517 424/424/517 279/279/517
f 279/279/518 424/424/518 278/278/518
f 424/424/519 277/277/519 278/278/519
f 424/424/520 423/423/520 425/425/520
f 423/423/521 422/422/521 425/425/521
f 425/425/522 422/422/522 426/426/522
f 422/422/523 427/427/523 426/426/523
f 426/426/524 427/427/524 428/428/524
f 427/427/525 420/420/525 428/428/525
f 428/428/526 420/420/526 429/429/526
f 420/420/527 415/415/527 429/429/527
f 429/429/528 415/415/528 417/417/528
f 428/428/529 430/430/529 426/426/529
f 430/430/530 431/431/530 426/426/530
f 426/426/531 431/431/531 425/425/531
f 431/431/532 432/432/532 425/425/532
f 425/425/533 432/432/533 424/424/533
f 432/432/534 433/433/534 424/424/534
f 424/424/535 433/433/535 277/277/535
f 433/433/536 434/434/536 277/277/536
f 277/277/537 434/434/537 275/275/537
f 434/434/538 433/433/538 435/435/538
f 433/433/539 432/432/539 435/435/539
f 435/435/540 432/432/540 431/431/540
f 435/435/541 431/431/541 436/436/541
f 431/431/542 437/437/542 436/436/542
f 436/436/543 437/437/543 438/438/543
f 437/437/544 439/439/544 438/438/544
f 438/438/545 439/439/545 440/440/545
f 439/439/546 441/441/546 440/440/546
f 440/440/547 441/441/547 442/442/547
f 431/431/548 430/430/548 437/437/548
f 430/430/549 443/443/549 437/437/549
f 437/437/550 443/443/550 439/439/550
f 443/443/551 444/444/551 439/439/551
f 439/439/552 444/444/552 441/441/552
f 444/444/553 443/443/553 445/445/553
f 443/443/554 446/446/554 445/445/554
f 445/445/555 446/446/555 419/419/555
f 446/446/556 417/417/556 419/419/556
f 417/417/557 446/446/557 428/428/557
f 446/446/558 443/443/558 428/428/558
f 428/428/559 443/443/559 430/430/559
f 69/69/560 71/71/560 447/447/560
f 71/71/561 448/448/561 447/447/561
f 448/448/562 71/71/562 449/449/562
f 71/71/563 73/73/563 449/449/563
f 449/449/564 73/73/564 450/450/564
f 73/73/565 75/75/565 450/450/565
f 450/450/566 75/75/566 451/451/566
f 75/75/567 452/452/567 451/451/567
f 451/451/568 452/452/568 453/453/568
f 452/452/569 454/454/569 453/453/569
f 453/453/570 454/454/570 455/455/570
f 454/454/571 456/456/571 455/455/571
f 455/455/572 456/456/572 457/457/572
f 456/456/573 458/458/573 457/457/573
f 457/457/574 458/458/574 459/459/574
f 458/458/575 460/460/575 459/459/575
f 459/459/576 460/460/576 461/461/576
f 460/460/577 462/462/577 461/461/577
f 461/461/578 462/462/578 463/463/578
f 75/75/579 77/77/579 452/452/579
f 77/77/580 79/79/580 452/452/580
f 452/452/581 79/79/581 464/464/581
f 79/79/582 81/81/582 464/464/582
f 464/464/583 81/81/583 465/465/583
f 81/81/584 83/83/584 465/465/584
f 465/465/585 83/83/585 466/466/585
f 452/452/586 464/464/586 454/454/586
f 464/464/587 467/467/587 454/454/587
f 454/454/588 467/467/588 456/456/588
f 467/467/589 458/458/589 456/456/589
f 464/464/590 465/465/590 467/467/590
f 465/465/591 468/468/591 467/467/591
f 467/467/592 468/468/592 458/458/592
f 468/468/593 460/460/593 458/458/593
f 465/465/594 466/466/594 468/468/594
f 466/466/595 469/469/595 468/468/595
f 468/468/596 469/469/596 460/460/596
f 469/469/597 462/462/597 460/460/597
f 448/448/598 449/449/598 470/470/598
f 449/449/599 471/471/599 470/470/599
f 470/470/600 471/471/600 472/472/600
f 471/471/601 473/473/601 472/472/601
f 472/472/602 473/473/602 474/474/602
f 473/473/603 475/475/603 474/474/603
f 474/474/604 475/475/604 476/476/604
f 475/475/605 477/477/605 476/476/605
f 476/476/606 477/477/606 478/478/606
f 477/477/607 479/479/607 478/478/607
f 478/478/608 479/479/608 480/480/608
f 479/479/609 481/481/609 480/480/609
f 480/480/610 481/481/610 482/482/610
f 481/481/611 483/483/611 482/482/611
f 482/482/612 483/483/612 484/484/612
f 483/483/613 485/485/613 484/484/613
f 484/484/614 485/485/614 486/486/614
f 485/485/615 487/487/615 486/486/615
f 486/486/616 487/487/616 488/488/616
f 487/487/617 489/489/617 488/488/617
f 488/488/618 489/489/618 490/490/618
f 477/477/619 491/491/619 479/479/619
f 491/491/620 492/492/620 479/479/620
f 479/479/621 492/492/621 481/481/621
f 492/492/622 457/457/622 481/481/622
f 481/481/623 457/457/623 483/483/623
f 457/457/624 459/459/624 483/483/624
f 483/483/625 459/459/625 485/485/625
f 459/459/626 461/461/626 485/485/626
f 485/485/627 461/461/627 487/487/627
f 461/461/628 463/463/628 487/487/628
f 487/487/629 463/463/629 489/489/629
f 492/492/630 491/491/630 455/455/630
f 491/491/631 493/493/631 455/455/631
f 455/455/632 493/493/632 453/453/632
f 493/493/633 494/494/633 453/453/633
f 453/453/634 494/494/634 451/451/634
f 494/494/635 450/450/635 451/451/635
f 491/491/636 475/475/636 493/493/636
f 475/475/637 473/473/637 493/493/637
f 493/493/638 473/473/638 494/494/638
f 473/473/639 471/471/639 494/494/639
f 494/494/640 471/471/640 450/450/640
f 471/471/641 449/449/641 450/450/641
f 476/476/642 478/478/642 495/495/642
f 478/478/643 496/496/643 495/495/643
f 496/496/644 478/478/644 497/497/644
f 478/478/645 498/498/645 497/497/645
f 478/478/646 480/480/646 498/498/646
f 480/480/647 482/482/647 498/498/647
f 498/498/648 482/482/648 499/499/648
f 482/482/649 484/484/649 499/499/649
f 499/499/650 484/484/650 500/500/650
f 484/484/651 486/486/651 500/500/651
f 500/500/652 486/486/652 501/501/652
f 486/486/653 502/502/653 501/501/653
f 486/486/654 488/488/654 502/502/654
f 488/488/655 490/490/655 502/502/655
f 502/502/656 490/490/656 503/503/656
f 418/418/657 416/416/657 504/504/657
f 416/416/658 505/505/658 504/504/658
f 504/504/659 505/505/659 506/506/659
f 505/505/660 507/507/660 506/506/660
f 506/506/661 507/507/661 508/508/661
f 507/507/662 509/509/662 508/508/662
f 508/508/663 509/509/663 340/340/663
f 509/509/664 338/338/664 340/340/664
f 505/505/665 414/414/665 507/507/665
f 414/414/666 510/510/666 507/507/666
f 507/507/667 510/510/667 509/509/667
f 510/510/668 511/511/668 509/509/668
f 509/509/669 511/511/669 338/338/669
f 511/511/670 336/336/670 338/338/670
f 414/414/671 412/412/671 510/510/671
f 412/412/672 411/411/672 510/510/672
f 510/510/673 411/411/673 511/511/673
f 411/411/674 410/410/674 511/511/674
f 511/511/675 410/410/675 334/334/675
f 42/42/676 512/512/676 40/40/676
f 512/512/677 513/513/677 40/40/677
f 512/512/678 514/514/678 513/513/678
f 514/514/679 515/515/679 513/513/679
f 514/514/680 516/516/680 515/515/680
f 516/516/681 517/517/681 515/515/681
f 516/516/682 518/518/682 517/517/682
f 518/518/683 519/519/683 517/517/683
f 520/520/684 521/521/684 522/522/684
f 521/521/685 523/523/685 522/522/685
f 521/521/686 524/524/686 523/523/686
f 524/524/687 525/525/687 523/523/687
f 524/524/688 526/526/688 525/525/688
f 526/526/689 527/527/689 525/525/689
f 526/526/690 36/36/690 527/527/690
f 36/36/691 38/38/691 527/527/691
f 496/496/692 528/528/692 495/495/692
f 528/528/693 529/529/693 495/495/693
f 495/495/694 529/529/694 476/476/694
f 529/529/695 530/530/695 476/476/695
f 476/476/696 530/530/696 474/474/696
f 530/530/697 531/531/697 474/474/697
f 474/474/698 531/531/698 472/472/698
f 531/531/699 532/532/699 472/472/699
f 472/472/700 532/532/700 470/470/700
f 532/532/701 533/533/701 470/470/701
f 470/470/702 533/533/702 448/448/702
f 533/533/703 534/534/703 448/448/703
f 448/448/704 534/534/704 447/447/704
f 534/534/705 535/535/705 447/447/705
f 447/447/706 535/535/706 69/69/706
f 535/535/707 536/536/707 69/69/707
f 69/69/708 536/536/708 67/67/708
f 536/536/709 537/537/709 67/67/709
f 67/67/710 537/537/710 538/538/710
f 537/537/711 539/539/711 538/538/711
f 538/538/712 539/539/712 540/540/712
f 539/539/713 541/541/713 540/540/713
f 540/540/714 541/541/714 542/542/714
f 541/541/715 543/543/715 542/542/715
f 542/542/716 543/543/716 544/544/716
f 543/543/717 545/545/717 544/544/717
f 544/544/718 545/545/718 546/546/718
f 545/545/719 547/547/719 546/546/719
f 546/546/720 547/547/720 548/548/720
f 535/535/721 534/534/721 549/549/721
f 534/534/722 533/533/722 549/549/722
f 549/549/723 533/533/723 550/550/723
f 533/533/724 532/532/724 550/550/724
f 550/550/725 532/532/725 551/551/725
f 532/532/726 531/531/726 551/551/726
f 551/551/727 531/531/727 552/552/727
f 531/531/728 530/530/728 552/552/728
f 552/552/729 530/530/729 553/553/729
f 530/530/730 554/554/730 553/553/730
f 553/553/731 554/554/731 555/555/731
f 554/554/732 556/556/732 555/555/732
f 555/555/733 556/556/733 557/557/733
f 556/556/734 558/558/734 557/557/734
f 557/557/735 558/558/735 559/559/735
f 550/550/736 551/551/736 560/560/736
f 551/551/737 552/552/737 560/560/737
f 560/560/738 552/552/738 561/561/738
f 552/552/739 562/562/739 561/561/739
f 561/561/740 562/562/740 563/563/740
f 562/562/741 557/557/741 563/563/741
f 563/563/742 557/557/742 564/564/742
f 557/557/743 559/559/743 564/564/743
f 564/564/744 559/559/744 565/565/744
f 565/565/745 566/566/745 564/564/745
f 566/566/746 567/567/746 564/564/746
f 564/564/747 567/567/747 568/568/747
f 567/567/748 569/569/748 568/568/748
f 568/568/749 569/569/749 570/570/749
f 569/569/750 571/571/750 570/570/750
f 570/570/751 571/571/751 560/560/751
f 571/571/752 572/572/752 560/560/752
f 560/560/753 572/572/753 550/550/753
f 572/572/754 549/549/754 550/550/754
f 567/567/755 573/573/755 569/569/755
f 573/573/756 574/574/756 569/569/756
f 569/569/757 574/574/757 571/571/757
f 574/574/758 575/575/758 571/571/758
f 571/571/759 575/575/759 572/572/759
f 575/575/760 576/576/760 572/572/760
f 572/572/761 576/576/761 577/577/761
f 576/576/762 578/578/762 577/577/762
f 577/577/763 578/578/763 549/549/763
f 578/578/764 579/579/764 549/549/764
f 549/549/765 579/579/765 535/535/765
f 579/579/766 536/536/766 535/535/766
f 536/536/767 579/579/767 580/580/767
f 579/579/768 578/578/768 580/580/768
f 580/580/769 578/578/769 581/581/769
f 578/578/770 582/582/770 581/581/770
f 581/581/771 582/582/771 543/543/771
f 582/582/772 583/583/772 543/543/772
f 543/543/773 583/583/773 545/545/773
f 583/583/774 547/547/774 545/545/774
f 583/583/775 582/582/775 584/584/775
f 582/582/776 585/585/776 584/584/776
f 584/584/777 585/585/777 586/586/777
f 585/585/778 576/576/778 586/586/778
f 586/586/779 576/576/779 587/587/779
f 576/576/780 575/575/780 587/587/780
f 587/587/781 575/575/781 574/574/781
f 574/574/782 588/588/782 587/587/782
f 588/588/783 589/589/783 587/587/783
f 587/587/784 589/589/784 586/586/784
f 589/589/785 590/590/785 586/586/785
f 586/586/786 590/590/786 584/584/786
f 590/590/787 591/591/787 584/584/787
f 584/584/788 591/591/788 583/583/788
f 591/591/789 592/592/789 583/583/789
f 583/583/790 592/592/790 547/547/790
f 593/593/791 594/594/791 595/595/791
f 594/594/792 596/596/792 595/595/792
f 595/595/793 596/596/793 597/597/793
f 596/596/794 598/598/794 597/597/794
f 597/597/795 598/598/795 599/599/795
f 598/598/796 600/600/796 599/599/796
f 599/599/797 600/600/797 601/601/797
f 600/600/798 121/121/798 601/601/798
f 601/601/799 121/121/799 110/110/799
f 536/536/800 580/580/800 537/537/800
f 580/580/801 539/539/801 537/537/801
f 539/539/802 580/580/802 541/541/802
f 580/580/803 581/581/803 541/541/803
f 541/541/804 581/581/804 543/543/804
f 556/556/805 554/554/805 602/602/805
f 554/554/806 528/528/806 602/602/806
f 528/528/807 554/554/807 529/529/807
f 554/554/808 530/530/808 529/529/808
f 552/552/809 553/553/809 562/562/809
f 553/553/810 555/555/810 562/562/810
f 562/562/811 555/555/811 557/557/811
f 564/564/812 568/568/812 563/563/812
f 568/568/813 570/570/813 563/563/813
f 563/563/814 570/570/814 561/561/814
f 570/570/815 560/560/815 561/561/815
f 576/576/816 585/585/816 578/578/816
f 585/585/817 582/582/817 578/578/817
f 67/67/818 538/538/818 65/65/818
f 538/538/819 63/63/819 65/65/819
f 63/63/820 538/538/820 603/603/820
f 538/538/821 604/604/821 603/603/821
f 603/603/822 604/604/822 605/605/822
f 604/604/823 606/606/823 605/605/823
f 605/605/824 606/606/824 607/607/824
f 606/606/825 608/608/825 607/607/825
f 538/538/826 540/540/826 604/604/826
f 540/540/827 542/542/827 604/604/827
f 604/604/828 542/542/828 606/606/828
f 542/542/829 544/544/829 606/606/829
f 606/606/830 544/544/830 609/609/830
f 544/544/831 610/610/831 609/609/831
f 609/609/832 610/610/832 608/608/832
f 610/610/833 611/611/833 608/608/833
f 544/544/834 546/546/834 610/610/834
f 546/546/835 548/548/835 610/610/835
f 610/610/836 548/548/836 612/612/836
f 612/612/837 613/613/837 610/610/837
f 613/613/838 611/611/838 610/610/838
f 243/243/839 614/614/839 241/241/839
f 614/614/840 365/365/840 241/241/840
f 365/365/841 614/614/841 367/367/841
f 614/614/842 615/615/842 367/367/842
f 367/367/843 615/615/843 616/616/843
f 367/367/844 616/616/844 369/369/844
f 616/616/845 371/371/845 369/369/845
f 63/63/846 603/603/846 61/61/846
f 603/603/847 617/617/847 61/61/847
f 618/618/848 619/619/848 620/620/848
f 619/619/849 621/621/849 620/620/849
f 619/619/850 622/622/850 621/621/850
f 622/622/851 623/623/851 621/621/851
f 622/622/852 624/624/852 623/623/852
f 624/624/853 625/625/853 623/623/853
f 624/624/854 32/32/854 625/625/854
f 32/32/855 34/34/855 625/625/855
f 626/626/856 627/627/856 628/628/856
f 627/627/857 629/629/857 628/628/857
f 627/627/858 630/630/858 629/629/858
f 630/630/859 631/631/859 629/629/859
f 630/630/860 632/632/860 631/631/860
f 632/632/861 633/633/861 631/631/861
f 632/632/862 14/14/862 633/633/862
f 14/14/863 12/12/863 633/633/863
f 82/82/864 80/80/864 634/634/864
f 80/80/865 98/98/865 634/634/865
f 634/634/866 98/98/866 635/635/866
f 98/98/867 636/636/867 635/635/867
f 635/635/868 636/636/868 637/637/868
f 636/636/869 638/638/869 637/637/869
f 637/637/870 638/638/870 639/639/870
f 638/638/871 640/640/871 639/639/871
f 98/98/872 96/96/872 636/636/872
f 96/96/873 638/638/873 636/636/873
f 96/96/874 95/95/874 638/638/874
f 95/95/875 640/640/875 638/638/875
f 640/640/876 95/95/876 641/641/876
f 95/95/877 642/642/877 641/641/877
f 95/95/878 92/92/878 642/642/878
f 92/92/879 88/88/879 642/642/879
f 363/363/880 362/362/880 643/643/880
f 362/362/881 644/644/881 643/643/881
f 643/643/882 644/644/882 645/645/882
f 644/644/883 646/646/883 645/645/883
f 645/645/884 646/646/884 647/647/884
f 646/646/885 648/648/885 647/647/885
f 647/647/886 648/648/886 649/649/886
f 648/648/887 650/650/887 649/649/887
f 649/649/888 650/650/888 242/242/888
f 650/650/889 243/243/889 242/242/889
f 645/645/890 647/647/890 651/651/890
f 647/647/891 649/649/891 651/651/891
f 651/651/892 649/649/892 242/242/892
f 242/242/893 247/247/893 651/651/893
f 247/247/894 652/652/894 651/651/894
f 651/651/895 652/652/895 645/645/895
f 652/652/896 653/653/896 645/645/896
f 645/645/897 653/653/897 643/643/897
f 247/247/898 246/246/898 652/652/898
f 246/246/899 248/248/899 652/652/899
f 652/652/900 248/248/900 654/654/900
f 613/613/901 612/612/901 315/315/901
f 612/612/902 316/316/902 315/315/902
f 612/612/903 548/548/903 316/316/903
f 548/548/904 317/317/904 316/316/904
f 548/548/905 547/547/905 317/317/905
f 547/547/906 318/318/906 317/317/906
f 547/547/907 592/592/907 318/318/907
f 592/592/908 319/319/908 318/318/908
f 592/592/909 591/591/909 319/319/909
f 591/591/910 320/320/910 319/319/910
f 591/591/911 590/590/911 320/320/911
f 590/590/912 321/321/912 320/320/912
f 590/590/913 589/589/913 321/321/913
f 589/589/914 322/322/914 321/321/914
f 589/589/915 588/588/915 322/322/915
f 588/588/916 323/323/916 322/322/916
f 588/588/917 573/573/917 323/323/917
f 573/573/918 324/324/918 323/323/918
f 573/573/919 567/567/919 324/324/919
f 567/567/920 325/325/920 324/324/920
f 567/567/921 566/566/921 325/325/921
f 566/566/922 326/326/922 325/325/922
f 566/566/923 565/565/923 326/326/923
f 565/565/924 327/327/924 326/326/924
f 644/644/925 362/362/925 646/646/925
f 362/362/926 361/361/926 646/646/926
f 646/646/927 361/361/927 360/360/927
f 360/360/928 655/655/928 646/646/928
f 655/655/929 648/648/929 646/646/929
f 360/360/930 656/656/930 655/655/930
f 656/656/931 657/657/931 655/655/931
f 655/655/932 657/657/932 648/648/932
f 657/657/933 650/650/933 648/648/933
f 360/360/934 359/359/934 656/656/934
f 359/359/935 658/658/935 656/656/935
f 656/656/936 658/658/936 657/657/936
f 658/658/937 659/659/937 657/657/937
f 657/657/938 659/659/938 660/660/938
f 659/659/939 661/661/939 660/660/939
f 660/660/940 661/661/940 615/615/940
f 661/661/941 616/616/941 615/615/941
f 615/615/942 614/614/942 660/660/942
f 614/614/943 650/650/943 660/660/943
f 660/660/944 650/650/944 657/657/944
f 274/274/945 662/662/945 273/273/945
f 662/662/946 663/663/946 273/273/946
f 273/273/947 663/663/947 664/664/947
f 663/663/948 665/665/948 664/664/948
f 664/664/949 665/665/949 666/666/949
f 665/665/950 667/667/950 666/666/950
f 666/666/951 667/667/951 668/668/951
f 667/667/952 669/669/952 668/668/952
f 668/668/953 669/669/953 670/670/953
f 669/669/954 671/671/954 670/670/954
f 670/670/955 671/671/955 672/672/955
f 671/671/956 673/673/956 672/672/956
f 672/672/957 673/673/957 674/674/957
f 673/673/958 675/675/958 674/674/958
f 674/674/959 675/675/959 676/676/959
f 675/675/960 677/677/960 676/676/960
f 676/676/961 677/677/961 678/678/961
f 677/677/962 679/679/962 678/678/962
f 678/678/963 679/679/963 680/680/963
f 679/679/964 681/681/964 680/680/964
f 680/680/965 681/681/965 682/682/965
f 681/681/966 683/683/966 682/682/966
f 682/682/967 683/683/967 684/684/967
f 683/683/968 310/310/968 684/684/968
f 684/684/969 310/310/969 308/308/969
f 675/675/970 673/673/970 685/685/970
f 673/673/971 671/671/971 685/685/971
f 685/685/972 671/671/972 686/686/972
f 671/671/973 669/669/973 686/686/973
f 686/686/974 669/669/974 687/687/974
f 669/669/975 667/667/975 687/687/975
f 687/687/976 667/667/976 688/688/976
f 667/667/977 665/665/977 688/688/977
f 688/688/978 665/665/978 689/689/978
f 665/665/979 663/663/979 689/689/979
f 689/689/980 663/663/980 662/662/980
f 685/685/981 690/690/981 675/675/981
f 690/690/982 691/691/982 675/675/982
f 675/675/983 691/691/983 677/677/983
f 691/691/984 692/692/984 677/677/984
f 677/677/985 692/692/985 679/679/985
f 692/692/986 693/693/986 679/679/986
f 679/679/987 693/693/987 681/681/987
f 693/693/988 683/683/988 681/681/988
f 693/693/989 694/694/989 683/683/989
f 694/694/990 314/314/990 683/683/990
f 683/683/991 314/314/991 312/312/991
f 273/273/992 664/664/992 271/271/992
f 664/664/993 695/695/993 271/271/993
f 271/271/994 695/695/994 269/269/994
f 695/695/995 696/696/995 269/269/995
f 269/269/996 696/696/996 267/267/996
f 696/696/997 264/264/997 267/267/997
f 696/696/998 695/695/998 697/697/998
f 695/695/999 664/664/999 697/697/999
f 697/697/1000 664/664/1000 666/666/1000
f 666/666/1001 668/668/1001 697/697/1001
f 668/668/1002 698/698/1002 697/697/1002
f 697/697/1003 698/698/1003 699/699/1003
f 698/698/1004 700/700/1004 699/699/1004
f 699/699/1005 700/700/1005 701/701/1005
f 700/700/1006 702/702/1006 701/701/1006
f 701/701/1007 702/702/1007 703/703/1007
f 702/702/1008 704/704/1008 703/703/1008
f 703/703/1009 704/704/1009 705/705/1009
f 704/704/1010 706/706/1010 705/705/1010
f 705/705/1011 706/706/1011 707/707/1011
f 706/706/1012 708/708/1012 707/707/1012
f 707/707/1013 708/708/1013 709/709/1013
f 708/708/1014 710/710/1014 709/709/1014
f 709/709/1015 710/710/1015 711/711/1015
f 710/710/1016 712/712/1016 711/711/1016
f 711/711/1017 712/712/1017 713/713/1017
f 712/712/1018 714/714/1018 713/713/1018
f 713/713/1019 714/714/1019 715/715/1019
f 714/714/1020 304/304/1020 715/715/1020
f 715/715/1021 304/304/1021 302/302/1021
f 713/713/1022 716/716/1022 711/711/1022
f 716/716/1023 717/717/1023 711/711/1023
f 711/711/1024 717/717/1024 709/709/1024
f 717/717/1025 718/718/1025 709/709/1025
f 709/709/1026 718/718/1026 707/707/1026
f 718/718/1027 719/719/1027 707/707/1027
f 707/707/1028 719/719/1028 705/705/1028
f 719/719/1029 720/720/1029 705/705/1029
f 705/705/1030 720/720/1030 703/703/1030
f 720/720/1031 721/721/1031 703/703/1031
f 703/703/1032 721/721/1032 701/701/1032
f 721/721/1033 722/722/1033 701/701/1033
f 701/701/1034 722/722/1034 699/699/1034
f 722/722/1035 723/723/1035 699/699/1035
f 699/699/1036 723/723/1036 724/724/1036
f 723/723/1037 696/696/1037 724/724/1037
f 724/724/1038 696/696/1038 697/697/1038
f 721/721/1039 720/720/1039 725/725/1039
f 720/720/1040 719/719/1040 725/725/1040
f 725/725/1041 719/719/1041 726/726/1041
f 719/719/1042 718/718/1042 726/726/1042
f 726/726/1043 718/718/1043 727/727/1043
f 718/718/1044 717/717/1044 727/727/1044
f 727/727/1045 717/717/1045 728/728/1045
f 717/717/1046 716/716/1046 728/728/1046
f 728/728/1047 716/716/1047 729/729/1047
f 716/716/1048 713/713/1048 729/729/1048
f 729/729/1049 713/713/1049 730/730/1049
f 713/713/1050 731/731/1050 730/730/1050
f 730/730/1051 731/731/1051 732/732/1051
f 731/731/1052 300/300/1052 732/732/1052
f 732/732/1053 300/300/1053 298/298/1053
f 726/726/1054 727/727/1054 733/733/1054
f 727/727/1055 728/728/1055 733/733/1055
f 733/733/1056 728/728/1056 734/734/1056
f 728/728/1057 729/729/1057 734/734/1057
f 734/734/1058 729/729/1058 735/735/1058
f 729/729/1059 730/730/1059 735/735/1059
f 735/735/1060 730/730/1060 736/736/1060
f 730/730/1061 732/732/1061 736/736/1061
f 736/736/1062 732/732/1062 737/737/1062
f 732/732/1063 738/738/1063 737/737/1063
f 737/737/1064 738/738/1064 739/739/1064
f 738/738/1065 740/740/1065 739/739/1065
f 739/739/1066 740/740/1066 741/741/1066
f 740/740/1067 742/742/1067 741/741/1067
f 741/741/1068 742/742/1068 743/743/1068
f 742/742/1069 744/744/1069 743/743/1069
f 743/743/1070 744/744/1070 745/745/1070
f 744/744/1071 746/746/1071 745/745/1071
f 732/732/1072 298/298/1072 738/738/1072
f 298/298/1073 296/296/1073 738/738/1073
f 738/738/1074 296/296/1074 740/740/1074
f 296/296/1075 294/294/1075 740/740/1075
f 740/740/1076 294/294/1076 742/742/1076
f 294/294/1077 292/292/1077 742/742/1077
f 742/742/1078 292/292/1078 744/744/1078
f 292/292/1079 290/290/1079 744/744/1079
f 744/744/1080 290/290/1080 746/746/1080
f 359/359/1081 358/358/1081 658/658/1081
f 358/358/1082 747/747/1082 658/658/1082
f 658/658/1083 747/747/1083 748/748/1083
f 747/747/1084 749/749/1084 748/748/1084
f 748/748/1085 749/749/1085 750/750/1085
f 749/749/1086 751/751/1086 750/750/1086
f 750/750/1087 751/751/1087 373/373/1087
f 751/751/1088 374/374/1088 373/373/1088
f 373/373/1089 616/616/1089 750/750/1089
f 616/616/1090 661/661/1090 750/750/1090
f 750/750/1091 661/661/1091 748/748/1091
f 661/661/1092 659/659/1092 748/748/1092
f 748/748/1093 659/659/1093 658/658/1093
f 698/698/1094 668/668/1094 700/700/1094
f 668/668/1095 670/670/1095 700/700/1095
f 700/700/1096 670/670/1096 672/672/1096
f 700/700/1097 672/672/1097 702/702/1097
f 672/672/1098 704/704/1098 702/702/1098
f 672/672/1099 674/674/1099 704/704/1099
f 674/674/1100 706/706/1100 704/704/1100
f 674/674/1101 676/676/1101 706/706/1101
f 676/676/1102 678/678/1102 706/706/1102
f 706/706/1103 678/678/1103 708/708/1103
f 678/678/1104 680/680/1104 708/708/1104
f 708/708/1105 680/680/1105 710/710/1105
f 680/680/1106 682/682/1106 710/710/1106
f 710/710/1107 682/682/1107 752/752/1107
f 682/682/1108 684/684/1108 752/752/1108
f 752/752/1109 684/684/1109 753/753/1109
f 684/684/1110 308/308/1110 753/753/1110
f 753/753/1111 308/308/1111 306/306/1111
f 710/710/1112 752/752/1112 712/712/1112
f 752/752/1113 753/753/1113 712/712/1113
f 712/712/1114 753/753/1114 714/714/1114
f 753/753/1115 306/306/1115 714/714/1115
f 714/714/1116 306/306/1116 304/304/1116
f 713/713/1117 715/715/1117 731/731/1117
f 715/715/1118 302/302/1118 731/731/1118
f 731/731/1119 302/302/1119 300/300/1119
f 358/358/1120 357/357/1120 747/747/1120
f 357/357/1121 754/754/1121 747/747/1121
f 747/747/1122 754/754/1122 749/749/1122
f 754/754/1123 755/755/1123 749/749/1123
f 749/749/1124 755/755/1124 756/756/1124
f 755/755/1125 757/757/1125 756/756/1125
f 756/756/1126 757/757/1126 758/758/1126
f 757/757/1127 759/759/1127 758/758/1127
f 758/758/1128 759/759/1128 760/760/1128
f 759/759/1129 761/761/1129 760/760/1129
f 760/760/1130 761/761/1130 377/377/1130
f 761/761/1131 381/381/1131 377/377/1131
f 377/377/1132 374/374/1132 760/760/1132
f 374/374/1133 751/751/1133 760/760/1133
f 760/760/1134 751/751/1134 756/756/1134
f 751/751/1135 749/749/1135 756/756/1135
f 762/762/1136 763/763/1136 764/764/1136
f 763/763/1137 765/765/1137 764/764/1137
f 764/764/1138 765/765/1138 766/766/1138
f 765/765/1139 767/767/1139 766/766/1139
f 766/766/1140 767/767/1140 768/768/1140
f 767/767/1141 769/769/1141 768/768/1141
f 768/768/1142 769/769/1142 770/770/1142
f 769/769/1143 771/771/1143 770/770/1143
f 770/770/1144 771/771/1144 772/772/1144
f 771/771/1145 773/773/1145 772/772/1145
f 772/772/1146 773/773/1146 774/774/1146
f 773/773/1147 775/775/1147 774/774/1147
f 774/774/1148 775/775/1148 776/776/1148
f 775/775/1149 418/418/1149 776/776/1149
f 776/776/1150 418/418/1150 504/504/1150
f 763/763/1151 777/777/1151 765/765/1151
f 777/777/1152 778/778/1152 765/765/1152
f 765/765/1153 778/778/1153 767/767/1153
f 778/778/1154 779/779/1154 767/767/1154
f 767/767/1155 779/779/1155 769/769/1155
f 779/779/1156 780/780/1156 769/769/1156
f 769/769/1157 780/780/1157 771/771/1157
f 780/780/1158 781/781/1158 771/771/1158
f 771/771/1159 781/781/1159 773/773/1159
f 781/781/1160 775/775/1160 773/773/1160
f 777/777/1161 442/442/1161 778/778/1161
f 442/442/1162 441/441/1162 778/778/1162
f 778/778/1163 441/441/1163 779/779/1163
f 441/441/1164 444/444/1164 779/779/1164
f 779/779/1165 444/444/1165 780/780/1165
f 444/444/1166 445/445/1166 780/780/1166
f 780/780/1167 445/445/1167 781/781/1167
f 445/445/1168 419/419/1168 781/781/1168
f 781/781/1169 419/419/1169 775/775/1169
f 419/419/1170 418/418/1170 775/775/1170
f 351/351/1171 782/782/1171 352/352/1171
f 782/782/1172 783/783/1172 352/352/1172
f 352/352/1173 783/783/1173 353/353/1173
f 783/783/1174 784/784/1174 353/353/1174
f 353/353/1175 784/784/1175 757/757/1175
f 784/784/1176 759/759/1176 757/757/1176
f 782/782/1177 785/785/1177 783/783/1177
f 785/785/1178 786/786/1178 783/783/1178
f 783/783/1179 786/786/1179 784/784/1179
f 786/786/1180 759/759/1180 784/784/1180
f 785/785/1181 787/787/1181 786/786/1181
f 787/787/1182 788/788/1182 786/786/1182
f 786/786/1183 788/788/1183 759/759/1183
f 788/788/1184 761/761/1184 759/759/1184
f 787/787/1185 789/789/1185 788/788/1185
f 789/789/1186 381/381/1186 788/788/1186
f 788/788/1187 381/381/1187 761/761/1187
f 357/357/1188 356/356/1188 754/754/1188
f 356/356/1189 755/755/1189 754/754/1189
f 356/356/1190 355/355/1190 755/755/1190
f 355/355/1191 757/757/1191 755/755/1191
f 355/355/1192 354/354/1192 757/757/1192
f 354/354/1193 353/353/1193 757/757/1193
f 772/772/1194 774/774/1194 790/790/1194
f 774/774/1195 791/791/1195 790/790/1195
f 791/791/1196 774/774/1196 792/792/1196
f 774/774/1197 776/776/1197 792/792/1197
f 792/792/1198 776/776/1198 793/793/1198
f 776/776/1199 504/504/1199 793/793/1199
f 793/793/1200 504/504/1200 506/506/1200
f 506/506/1201 508/508/1201 793/793/1201
f 508/508/1202 794/794/1202 793/793/1202
f 793/793/1203 794/794/1203 792/792/1203
f 794/794/1204 795/795/1204 792/792/1204
f 792/792/1205 795/795/1205 796/796/1205
f 795/795/1206 797/797/1206 796/796/1206
f 797/797/1207 795/795/1207 798/798/1207
f 795/795/1208 794/794/1208 798/798/1208
f 798/798/1209 794/794/1209 799/799/1209
f 794/794/1210 508/508/1210 799/799/1210
f 799/799/1211 508/508/1211 340/340/1211
f 340/340/1212 800/800/1212 799/799/1212
f 800/800/1213 801/801/1213 799/799/1213
f 799/799/1214 801/801/1214 798/798/1214
f 801/801/1215 802/802/1215 798/798/1215
f 798/798/1216 802/802/1216 797/797/1216
f 800/800/1217 803/803/1217 801/801/1217
f 803/803/1218 804/804/1218 801/801/1218
f 801/801/1219 804/804/1219 802/802/1219
f 800/800/1220 805/805/1220 803/803/1220
f 805/805/1221 806/806/1221 803/803/1221
f 803/803/1222 806/806/1222 807/807/1222
f 807/807/1223 808/808/1223 803/803/1223
f 808/808/1224 804/804/1224 803/803/1224
f 340/340/1225 339/339/1225 800/800/1225
f 339/339/1226 805/805/1226 800/800/1226
f 339/339/1227 345/345/1227 805/805/1227
f 345/345/1228 350/350/1228 805/805/1228
f 805/805/1229 350/350/1229 806/806/1229
f 250/250/1230 252/252/1230 809/809/1230
f 252/252/1231 810/810/1231 809/809/1231
f 809/809/1232 810/810/1232 811/811/1232
f 810/810/1233 812/812/1233 811/811/1233
f 811/811/1234 812/812/1234 813/813/1234
f 812/812/1235 814/814/1235 813/813/1235
f 813/813/1236 814/814/1236 815/815/1236
f 814/814/1237 816/816/1237 815/815/1237
f 815/815/1238 816/816/1238 817/817/1238
f 816/816/1239 725/725/1239 817/817/1239
f 817/817/1240 725/725/1240 726/726/1240
f 252/252/1241 254/254/1241 810/810/1241
f 254/254/1242 818/818/1242 810/810/1242
f 810/810/1243 818/818/1243 812/812/1243
f 818/818/1244 819/819/1244 812/812/1244
f 812/812/1245 819/819/1245 814/814/1245
f 819/819/1246 820/820/1246 814/814/1246
f 814/814/1247 820/820/1247 816/816/1247
f 820/820/1248 821/821/1248 816/816/1248
f 816/816/1249 821/821/1249 822/822/1249
f 821/821/1250 721/721/1250 822/822/1250
f 822/822/1251 721/721/1251 725/725/1251
f 721/721/1252 821/821/1252 722/722/1252
f 821/821/1253 823/823/1253 722/722/1253
f 722/722/1254 823/823/1254 723/723/1254
f 823/823/1255 824/824/1255 723/723/1255
f 723/723/1256 824/824/1256 696/696/1256
f 824/824/1257 264/264/1257 696/696/1257
f 264/264/1258 824/824/1258 262/262/1258
f 824/824/1259 825/825/1259 262/262/1259
f 262/262/1260 825/825/1260 260/260/1260
f 825/825/1261 826/826/1261 260/260/1261
f 260/260/1262 826/826/1262 827/827/1262
f 826/826/1263 828/828/1263 827/827/1263
f 827/827/1264 828/828/1264 819/819/1264
f 828/828/1265 820/820/1265 819/819/1265
f 828/828/1266 826/826/1266 823/823/1266
f 826/826/1267 825/825/1267 823/823/1267
f 823/823/1268 825/825/1268 824/824/1268
f 823/823/1269 821/821/1269 828/828/1269
f 821/821/1270 820/820/1270 828/828/1270
f 254/254/1271 256/256/1271 818/818/1271
f 256/256/1272 827/827/1272 818/818/1272
f 818/818/1273 827/827/1273 819/819/1273
f 256/256/1274 258/258/1274 827/827/1274
f 258/258/1275 260/260/1275 827/827/1275
f 250/250/1276 809/809/1276 829/829/1276
f 809/809/1277 830/830/1277 829/829/1277
f 829/829/1278 830/830/1278 831/831/1278
f 830/830/1279 832/832/1279 831/831/1279
f 831/831/1280 832/832/1280 833/833/1280
f 832/832/1281 834/834/1281 833/833/1281
f 833/833/1282 834/834/1282 835/835/1282
f 834/834/1283 836/836/1283 835/835/1283
f 835/835/1284 836/836/1284 837/837/1284
f 836/836/1285 838/838/1285 837/837/1285
f 809/809/1286 811/811/1286 830/830/1286
f 811/811/1287 839/839/1287 830/830/1287
f 830/830/1288 839/839/1288 832/832/1288
f 839/839/1289 840/840/1289 832/832/1289
f 832/832/1290 840/840/1290 834/834/1290
f 840/840/1291 841/841/1291 834/834/1291
f 834/834/1292 841/841/1292 836/836/1292
f 841/841/1293 842/842/1293 836/836/1293
f 836/836/1294 842/842/1294 843/843/1294
f 842/842/1295 844/844/1295 843/843/1295
f 843/843/1296 844/844/1296 845/845/1296
f 844/844/1297 846/846/1297 845/845/1297
f 845/845/1298 846/846/1298 847/847/1298
f 846/846/1299 848/848/1299 847/847/1299
f 847/847/1300 848/848/1300 849/849/1300
f 848/848/1301 743/743/1301 849/849/1301
f 849/849/1302 743/743/1302 745/745/1302
f 840/840/1303 850/850/1303 841/841/1303
f 850/850/1304 851/851/1304 841/841/1304
f 841/841/1305 851/851/1305 842/842/1305
f 851/851/1306 852/852/1306 842/842/1306
f 842/842/1307 852/852/1307 844/844/1307
f 852/852/1308 853/853/1308 844/844/1308
f 844/844/1309 853/853/1309 846/846/1309
f 853/853/1310 854/854/1310 846/846/1310
f 846/846/1311 854/854/1311 848/848/1311
f 854/854/1312 739/739/1312 848/848/1312
f 848/848/1313 739/739/1313 741/741/1313
f 739/739/1314 854/854/1314 855/855/1314
f 854/854/1315 853/853/1315 855/855/1315
f 855/855/1316 853/853/1316 856/856/1316
f 853/853/1317 852/852/1317 856/856/1317
f 856/856/1318 852/852/1318 857/857/1318
f 852/852/1319 851/851/1319 857/857/1319
f 857/857/1320 851/851/1320 858/858/1320
f 851/851/1321 859/859/1321 858/858/1321
f 858/858/1322 859/859/1322 860/860/1322
f 859/859/1323 817/817/1323 860/860/1323
f 860/860/1324 817/817/1324 726/726/1324
f 817/817/1325 859/859/1325 815/815/1325
f 859/859/1326 861/861/1326 815/815/1326
f 815/815/1327 861/861/1327 813/813/1327
f 861/861/1328 840/840/1328 813/813/1328
f 813/813/1329 840/840/1329 839/839/1329
f 840/840/1330 861/861/1330 850/850/1330
f 861/861/1331 859/859/1331 850/850/1331
f 850/850/1332 859/859/1332 851/851/1332
f 836/836/1333 843/843/1333 838/838/1333
f 843/843/1334 845/845/1334 838/838/1334
f 838/838/1335 845/845/1335 862/862/1335
f 845/845/1336 847/847/1336 862/862/1336
f 862/862/1337 847/847/1337 863/863/1337
f 847/847/1338 849/849/1338 863/863/1338
f 863/863/1339 849/849/1339 864/864/1339
f 849/849/1340 745/745/1340 864/864/1340
f 726/726/1341 733/733/1341 860/860/1341
f 733/733/1342 858/858/1342 860/860/1342
f 858/858/1343 733/733/1343 857/857/1343
f 733/733/1344 856/856/1344 857/857/1344
f 733/733/1345 734/734/1345 856/856/1345
f 734/734/1346 735/735/1346 856/856/1346
f 856/856/1347 735/735/1347 855/855/1347
f 735/735/1348 736/736/1348 855/855/1348
f 855/855/1349 736/736/1349 737/737/1349
f 865/865/1350 866/866/1350 867/867/1350
f 866/866/1351 868/868/1351 867/867/1351
f 867/867/1352 868/868/1352 869/869/1352
f 869/869/1353 870/870/1353 867/867/1353
f 870/870/1354 871/871/1354 867/867/1354
f 867/867/1355 871/871/1355 872/872/1355
f 872/872/1356 873/873/1356 867/867/1356
f 873/873/1357 874/874/1357 867/867/1357
f 867/867/1358 874/874/1358 875/875/1358
f 875/875/1359 876/876/1359 867/867/1359
f 876/876/1360 877/877/1360 867/867/1360
f 867/867/1361 877/877/1361 865/865/1361
f 878/878/1362 165/165/1362 164/164/1362
f 879/879/1363 51/51/1363 50/50/1363
f 683/683/1364 312/312/1364 310/310/1364
f 420/420/1365 413/413/1365 415/415/1365
f 31/31/1366 29/29/1366 880/880/1366
f 416/416/1367 414/414/1367 505/505/1367
f 549/549/1368 572/572/1368 577/577/1368
f 725/725/1369 816/816/1369 822/822/1369
f 614/614/1370 243/243/1370 650/650/1370
f 792/792/1371 796/796/1371 791/791/1371
f 511/511/1372 334/334/1372 336/336/1372
f 455/455/1373 457/457/1373 492/492/1373
f 408/408/1374 421/421/1374 409/409/1374
f 574/574/1375 573/573/1375 588/588/1375
f 417/417/1376 428/428/1376 429/429/1376
f 420/420/1377 427/427/1377 422/422/1377
f 813/813/1378 839/839/1378 811/811/1378
f 855/855/1379 737/737/1379 739/739/1379
f 848/848/1380 741/741/1380 743/743/1380
f 235/235/1381 249/249/1381 245/245/1381
f 328/328/1382 341/341/1382 329/329/1382
f 491/491/1383 477/477/1383 475/475/1383
f 371/371/1384 616/616/1384 373/373/1384
f 603/603/1385 605/605/1385 617/617/1385
f 382/382/1386 381/381/1386 789/789/1386
f 606/606/1387 609/609/1387 608/608/1387
f 88/88/1388 92/92/1388 89/89/1388
f 653/653/1389 652/652/1389 654/654/1389
f 697/697/1390 699/699/1390 724/724/1390
f 756/756/1391 758/758/1391 760/760/1391
f 274/274/1392 272/272/1392 276/276/1392
