mtllib chess.mtl
o king
v -0.007271 -0.417782 0.026450
v -0.007271 -0.414228 0.020661
v -0.007271 -0.395263 0.015143
v -0.007271 -0.387309 0.007201
v -0.007271 -0.344052 0.026450
v -0.007271 -0.366581 0.015143
v -0.007271 -0.347616 0.020661
v -0.007271 -0.374534 0.007201
v 0.007001 -0.371270 0.010498
v 0.007001 -0.366581 0.015143
v 0.007001 -0.346153 0.023016
v 0.007001 -0.344052 0.026450
v -0.006732 -0.347616 0.020661
v -0.006732 -0.374534 0.007201
v -0.007271 -0.374534 0.007201
v -0.006732 -0.361075 0.034121
v -0.007271 -0.361075 0.034121
v 0.007001 -0.371270 0.010498
v 0.007001 -0.358711 0.035601
v 0.007001 -0.366581 0.015143
v 0.007001 -0.355316 0.037688
v -0.007271 -0.387309 0.007201
v -0.006732 -0.387309 0.007201
v -0.007271 -0.400768 0.034121
v -0.006732 -0.400768 0.034121
v 0.007001 -0.344052 0.026450
v 0.007001 -0.344052 -0.024766
v 0.007001 -0.346153 0.023016
v 0.007001 -0.346153 -0.021401
v -0.006732 -0.414228 0.020661
v -0.007271 -0.417782 0.026450
v -0.007271 -0.417782 -0.024766
v -0.007271 -0.414228 0.020661
v -0.007271 -0.414228 -0.019045
v -0.006732 -0.414228 -0.019045
v 0.007001 -0.371270 -0.008817
v 0.007001 -0.346153 -0.021401
v 0.007001 -0.366581 -0.013527
v 0.007001 -0.344052 -0.024766
v -0.007271 -0.387309 -0.005519
v -0.006732 -0.387309 -0.005519
v -0.007271 -0.414228 -0.019045
v 0.007001 -0.371270 -0.008817
v 0.007001 -0.366581 -0.013527
v 0.007001 -0.358711 -0.033919
v 0.007001 -0.355316 -0.036073
v -0.007271 -0.387309 -0.005519
v -0.006732 -0.400768 -0.032505
v -0.007271 -0.400768 -0.032505
v -0.007271 -0.361075 -0.032505
v -0.006732 -0.361075 -0.032505
v -0.007271 -0.400768 -0.032505
v -0.007271 -0.395263 -0.013527
v -0.007271 -0.417782 -0.024766
v -0.007271 -0.374534 -0.005519
v -0.006732 -0.374534 -0.005519
v -0.007271 -0.361075 -0.032505
v 0.007001 -0.358711 -0.033919
v 0.007001 -0.355316 -0.036073
v 0.007001 -0.403122 -0.033919
v 0.007001 -0.406518 -0.036073
v -0.007271 -0.374534 -0.005519
v -0.006732 -0.347616 -0.019045
v -0.007271 -0.347616 -0.019045
v 0.007001 -0.390573 -0.008817
v 0.007001 -0.403122 -0.033919
v 0.007001 -0.395263 -0.013527
v 0.007001 -0.406518 -0.036073
v 0.021272 -0.259091 0.000001
v 0.023427 -0.259084 0.000001
v 0.018445 -0.259091 -0.010633
v 0.020263 -0.259084 -0.011711
v 0.010636 -0.259091 -0.018440
v 0.011713 -0.259084 -0.020258
v 0.000067 -0.259091 -0.021200
v 0.000067 -0.259084 -0.023352
v -0.010569 -0.259091 -0.018440
v -0.011646 -0.259084 -0.020258
v -0.018311 -0.259091 -0.010633
v -0.020196 -0.259084 -0.011711
v -0.021205 -0.259091 0.000001
v -0.023360 -0.259084 0.000001
v -0.018311 -0.259091 0.010634
v -0.020196 -0.259084 0.011710
v -0.010569 -0.259091 0.018374
v -0.011646 -0.259084 0.020257
v 0.000067 -0.259091 0.021267
v 0.000067 -0.259084 0.023353
v 0.010636 -0.259094 0.018374
v 0.011713 -0.259084 0.020257
v 0.018445 -0.259094 0.010634
v 0.020263 -0.259084 0.011710
v 0.021272 -0.259091 0.000001
v 0.023427 -0.259084 0.000001
v -0.007271 -0.395263 -0.013527
v -0.007271 -0.406518 -0.036073
v 0.007001 -0.417782 -0.024766
v 0.007001 -0.415681 -0.021401
v 0.007001 -0.395263 -0.013527
v 0.007001 -0.390573 -0.008817
v 0.021272 -0.223002 0.000001
v 0.023427 -0.223002 0.000001
v 0.018445 -0.223002 0.010634
v 0.020263 -0.223002 0.011710
v 0.010636 -0.223002 0.018374
v 0.011713 -0.223002 0.020257
v 0.000067 -0.223002 0.021267
v 0.000067 -0.223002 0.023353
v -0.010569 -0.223002 0.018374
v -0.011646 -0.223002 0.020257
v -0.018311 -0.223002 0.010634
v -0.020196 -0.223002 0.011710
v -0.021205 -0.223002 0.000001
v -0.023360 -0.223002 0.000001
v -0.018311 -0.223002 -0.010633
v -0.020196 -0.223002 -0.011711
v -0.010569 -0.223002 -0.018440
v -0.011646 -0.223002 -0.020258
v 0.000067 -0.223002 -0.021200
v 0.000067 -0.223002 -0.023352
v 0.010636 -0.223002 -0.018440
v 0.011713 -0.223002 -0.020258
v 0.018445 -0.223002 -0.010633
v 0.020263 -0.223002 -0.011711
v 0.021272 -0.223002 0.000001
v 0.023427 -0.223002 0.000001
v 0.053114 -0.072211 0.000001
v 0.048873 -0.072211 0.000001
v 0.045978 -0.072211 0.026516
v 0.042343 -0.072211 0.024430
v 0.026591 -0.072211 0.045966
v 0.024436 -0.072211 0.042264
v 0.000067 -0.072211 0.053099
v 0.000067 -0.072211 0.048861
v -0.026524 -0.072211 0.045966
v -0.024369 -0.072211 0.042264
v -0.045979 -0.072211 0.026516
v -0.042276 -0.072211 0.024430
v -0.053047 -0.072211 0.000001
v -0.048806 -0.072211 0.000001
v -0.045979 -0.072211 -0.026516
v -0.042276 -0.072211 -0.024429
v -0.026524 -0.072211 -0.045965
v -0.024369 -0.072211 -0.042331
v 0.000067 -0.072211 -0.053099
v 0.000067 -0.072211 -0.048860
v 0.026591 -0.072211 -0.045965
v 0.024436 -0.072211 -0.042331
v 0.045978 -0.072211 -0.026516
v 0.042343 -0.072211 -0.024429
v 0.053114 -0.072211 0.000001
v 0.048873 -0.072211 0.000001
v 0.006395 -0.415681 -0.021401
v 0.006395 -0.415681 0.023016
v 0.006395 -0.390573 -0.008817
v 0.006395 -0.390573 0.010498
v 0.006395 -0.371270 0.010498
v 0.006395 -0.403122 0.035601
v 0.006395 -0.358711 0.035601
v 0.006395 -0.371270 -0.008817
v 0.006395 -0.346153 0.023016
v 0.006395 -0.346153 -0.021401
v 0.006395 -0.358711 -0.033919
v 0.006395 -0.403122 -0.033919
v 0.007001 -0.415681 -0.021401
v 0.007001 -0.417782 -0.024766
v 0.007001 -0.415681 0.023016
v 0.007001 -0.417782 0.026450
v -0.007271 -0.417782 -0.024766
v 0.007001 -0.417782 -0.024766
v -0.007271 -0.395263 -0.013527
v 0.007001 -0.395263 -0.013527
v 0.007001 -0.406518 -0.036073
v -0.007271 -0.406518 -0.036073
v -0.007271 -0.355316 -0.036073
v -0.007271 -0.406518 -0.036073
v -0.007271 -0.366581 -0.013527
v -0.007271 -0.355316 -0.036073
v -0.007271 -0.406518 0.037688
v 0.007001 -0.406518 0.037688
v -0.007271 -0.395263 0.015143
v 0.007001 -0.395263 0.015143
v -0.007271 -0.366581 -0.013527
v -0.007271 -0.344052 -0.024766
v -0.007271 -0.417782 0.026450
v 0.007001 -0.417782 0.026450
v -0.007271 -0.355316 -0.036073
v 0.007001 -0.355316 -0.036073
v -0.007271 -0.366581 -0.013527
v 0.007001 -0.366581 -0.013527
v 0.072233 -0.016986 0.000001
v 0.062606 -0.016986 -0.036139
v 0.077887 -0.024883 0.000001
v 0.067453 -0.024883 -0.038900
v 0.077887 -0.034572 0.000001
v 0.067453 -0.034572 -0.038900
v 0.072233 -0.042469 0.000001
v 0.062606 -0.042469 -0.036139
v 0.063548 -0.050761 0.000001
v 0.055066 -0.050761 -0.031766
v 0.057086 -0.060862 0.000001
v 0.049412 -0.060862 -0.028468
v 0.036150 -0.016986 -0.062522
v 0.038977 -0.024883 -0.067435
v 0.038977 -0.034572 -0.067435
v 0.036150 -0.042469 -0.062522
v 0.031842 -0.050761 -0.055052
v 0.028543 -0.060862 -0.049399
v 0.000067 -0.042469 -0.072213
v 0.000067 -0.050761 -0.063531
v 0.000067 -0.060862 -0.057003
v 0.000067 -0.034572 -0.077866
v -0.038843 -0.034572 -0.067435
v -0.038843 -0.024883 -0.067435
v -0.067386 -0.024883 -0.038900
v -0.062472 -0.016986 -0.036139
v -0.072166 -0.016986 0.000001
v -0.067386 -0.034572 -0.038900
v -0.036083 -0.042469 -0.062522
v -0.031707 -0.050761 -0.055052
v -0.062472 -0.042469 -0.036139
v -0.077820 -0.034572 0.000001
v -0.077820 -0.024883 0.000001
v -0.062472 -0.016986 0.036073
v -0.072166 -0.042469 0.000001
v -0.054999 -0.050761 -0.031766
v -0.049345 -0.060862 -0.028468
v -0.028476 -0.060862 -0.049399
v -0.062472 -0.042469 0.036073
v -0.063482 -0.050761 0.000001
v -0.056952 -0.060862 0.000001
v -0.054999 -0.050761 0.031766
v -0.049345 -0.060862 0.028535
v -0.028476 -0.060862 0.049398
v 0.000067 -0.060862 0.057070
v 0.028543 -0.060862 0.049398
v 0.049412 -0.060862 0.028535
v 0.057086 -0.060862 0.000001
v 0.000067 -0.050761 0.063531
v -0.031707 -0.050761 0.054984
v 0.000067 -0.042469 0.072213
v -0.036083 -0.042469 0.062522
v -0.038843 -0.034572 0.067367
v -0.067386 -0.034572 0.038900
v -0.067386 -0.024883 0.038900
v -0.036083 -0.016986 -0.062522
v 0.000067 -0.016986 -0.072213
v 0.000067 -0.024883 -0.077866
v -0.007271 -0.344052 0.026450
v -0.007271 -0.347616 0.020661
v -0.007271 -0.344052 -0.024766
v -0.007271 -0.347616 -0.019045
v 0.021272 -0.263352 0.000001
v 0.018445 -0.263352 -0.010633
v 0.010636 -0.263352 -0.018440
v 0.000067 -0.263352 -0.021200
v -0.010569 -0.263352 -0.018440
v -0.018311 -0.263352 -0.010633
v -0.021205 -0.263352 0.000001
v -0.018311 -0.263352 0.010634
v -0.010569 -0.263352 0.018374
v 0.000067 -0.263352 0.021267
v 0.010636 -0.263352 0.018374
v 0.018445 -0.263352 0.010634
v 0.021272 -0.263352 0.000001
v 0.007001 -0.355316 0.037688
v -0.007271 -0.355316 0.037688
v 0.007001 -0.366581 0.015143
v -0.007271 -0.366581 0.015143
v -0.007271 -0.344052 0.026450
v 0.007001 -0.344052 0.026450
v -0.007271 -0.344052 -0.024766
v 0.007001 -0.344052 -0.024766
v -0.007271 -0.344052 -0.024766
v 0.007001 -0.344052 -0.024766
v 0.021272 -0.269721 0.000001
v 0.018445 -0.269721 -0.010633
v 0.023763 -0.292306 0.000001
v 0.020599 -0.292306 -0.011911
v 0.030966 -0.313860 0.000001
v 0.026860 -0.313860 -0.015479
v 0.042545 -0.333434 0.000001
v 0.036823 -0.333434 -0.021200
v 0.010636 -0.269721 -0.018440
v 0.011915 -0.292306 -0.020594
v 0.015483 -0.313860 -0.026785
v 0.021272 -0.333434 -0.036812
v 0.000067 -0.292306 -0.023757
v 0.000067 -0.313860 -0.030957
v 0.000067 -0.333434 -0.042466
v 0.000067 -0.269721 -0.021200
v -0.010569 -0.269721 -0.018440
v -0.011848 -0.292306 -0.020594
v -0.015416 -0.313860 -0.026785
v -0.026726 -0.313860 -0.015479
v -0.021205 -0.333434 -0.036812
v -0.020532 -0.292306 -0.011911
v -0.023696 -0.292306 0.000001
v -0.030899 -0.313860 0.000001
v -0.026726 -0.313860 0.015479
v -0.042411 -0.333434 0.000001
v -0.036756 -0.333434 0.021267
v -0.036756 -0.333434 -0.021200
v -0.018311 -0.269721 -0.010633
v -0.021205 -0.269721 0.000001
v -0.018311 -0.269721 0.010634
v -0.020532 -0.292306 0.011844
v -0.015416 -0.313860 0.026786
v -0.021205 -0.333434 0.036813
v 0.000067 -0.333434 0.042467
v 0.000067 -0.313860 0.030958
v 0.015483 -0.313860 0.026786
v 0.011915 -0.292306 0.020594
v 0.020599 -0.292306 0.011844
v 0.018445 -0.269721 0.010634
v 0.023763 -0.292306 0.000001
v 0.021272 -0.269721 0.000001
v 0.010636 -0.269721 0.018374
v 0.000067 -0.292306 0.023758
v 0.000067 -0.269721 0.021267
v -0.011848 -0.292306 0.020594
v -0.010569 -0.269721 0.018374
v 0.021272 -0.333434 0.036813
v 0.026860 -0.313860 0.015479
v 0.036823 -0.333434 0.021267
v 0.042545 -0.333434 0.000001
v 0.030966 -0.313860 0.000001
v 0.023427 -0.253485 0.000001
v 0.020263 -0.253485 -0.011711
v 0.011713 -0.253485 -0.020258
v 0.000067 -0.253485 -0.023352
v -0.011646 -0.253485 -0.020258
v -0.020196 -0.253485 -0.011711
v -0.023360 -0.253485 0.000001
v -0.020196 -0.253485 0.011710
v -0.011646 -0.253485 0.020257
v 0.000067 -0.253485 0.023353
v 0.011713 -0.253485 0.020257
v 0.020263 -0.253485 0.011710
v 0.023427 -0.253485 0.000001
v 0.063548 -0.050761 0.000001
v 0.055066 -0.050761 0.031766
v 0.072233 -0.042469 0.000001
v 0.062606 -0.042469 0.036073
v 0.077887 -0.034572 0.000001
v 0.067453 -0.034572 0.038900
v 0.077887 -0.024883 0.000001
v 0.067453 -0.024883 0.038900
v 0.072233 -0.016986 0.000001
v 0.062606 -0.016986 0.036073
v 0.031842 -0.050761 0.054984
v 0.036150 -0.042469 0.062522
v 0.038977 -0.034572 0.067367
v 0.038977 -0.024883 0.067367
v 0.036150 -0.016986 0.062522
v 0.000067 -0.034572 0.077799
v 0.000067 -0.024883 0.077799
v 0.000067 -0.016986 0.072213
v -0.038843 -0.024883 0.067367
v -0.036083 -0.016986 0.062522
v 0.048873 -0.076460 0.000001
v 0.050489 -0.076882 0.000001
v 0.042343 -0.076460 0.024430
v 0.043690 -0.076882 0.025237
v 0.024436 -0.076460 0.042264
v 0.025244 -0.076882 0.043677
v 0.000067 -0.076460 0.048861
v 0.000067 -0.076882 0.050407
v -0.024369 -0.076460 0.042264
v -0.025177 -0.076882 0.043677
v -0.042276 -0.076460 0.024430
v -0.043690 -0.076882 0.025237
v -0.048806 -0.076460 0.000001
v -0.050422 -0.076882 0.000001
v -0.043690 -0.076882 -0.025237
v -0.044632 -0.078045 -0.025776
v -0.025177 -0.076882 -0.043678
v -0.025783 -0.078045 -0.044687
v 0.000067 -0.076882 -0.050475
v 0.000067 -0.078045 -0.051619
v 0.025850 -0.078045 -0.044687
v 0.026052 -0.079640 -0.045023
v 0.045103 -0.079640 -0.026044
v 0.044699 -0.081234 -0.025776
v 0.051633 -0.081234 0.000001
v 0.043690 -0.082397 -0.025237
v 0.050489 -0.082397 0.000001
v 0.048873 -0.082829 0.000001
v -0.051566 -0.078045 0.000001
v -0.044632 -0.078045 0.025776
v -0.025783 -0.078045 0.044687
v 0.000067 -0.078045 0.051619
v 0.025850 -0.078045 0.044687
v 0.044699 -0.078045 0.025776
v 0.051633 -0.078045 0.000001
v -0.025985 -0.079640 0.045091
v 0.000067 -0.079640 0.052024
v 0.026052 -0.079640 0.045091
v 0.045103 -0.079640 0.026045
v 0.052104 -0.079640 0.000001
v 0.000067 -0.081234 0.051619
v 0.025850 -0.081234 0.044687
v 0.044699 -0.081234 0.025776
v 0.051633 -0.081234 0.000001
v -0.025783 -0.081234 0.044687
v -0.045036 -0.079640 0.026045
v -0.051970 -0.079640 0.000001
v -0.044632 -0.081234 0.025776
v -0.051566 -0.081234 0.000001
v -0.045036 -0.079640 -0.026044
v -0.025985 -0.079640 -0.045023
v 0.000067 -0.079640 -0.052022
v -0.044632 -0.081234 -0.025776
v -0.025783 -0.081234 -0.044687
v 0.000067 -0.081234 -0.051619
v 0.025850 -0.081234 -0.044687
v -0.043690 -0.082397 -0.025237
v -0.025177 -0.082397 -0.043678
v 0.000067 -0.082397 -0.050475
v 0.025244 -0.082397 -0.043678
v 0.000067 -0.082829 -0.048860
v -0.024369 -0.082829 -0.042331
v -0.042276 -0.082829 -0.024429
v 0.024436 -0.082829 -0.042331
v 0.042343 -0.082829 -0.024429
v 0.084956 -0.000000 0.000001
v 0.081994 -0.006528 0.000001
v 0.073646 -0.000000 0.042467
v 0.071021 -0.006528 0.040985
v 0.042545 -0.000000 0.073559
v 0.040997 -0.006528 0.070934
v 0.000067 -0.006528 0.081972
v 0.038843 -0.012268 0.067233
v 0.000067 -0.012268 0.077664
v 0.067251 -0.012268 0.038832
v 0.077685 -0.012268 0.000001
v 0.052104 -0.079640 0.000001
v 0.044699 -0.078045 -0.025776
v 0.025244 -0.076882 -0.043678
v 0.024436 -0.076460 -0.042331
v 0.000067 -0.076460 -0.048860
v 0.051633 -0.078045 0.000001
v 0.043690 -0.076882 -0.025237
v 0.050489 -0.076882 0.000001
v 0.048873 -0.076460 0.000001
v 0.042343 -0.076460 -0.024429
v -0.042276 -0.076460 -0.024429
v -0.024369 -0.076460 -0.042331
v -0.048806 -0.082829 0.000001
v -0.050422 -0.082397 0.000001
v -0.043690 -0.082397 0.025237
v -0.025177 -0.082397 0.043677
v 0.000067 -0.082397 0.050407
v 0.025244 -0.082397 0.043677
v 0.043690 -0.082397 0.025237
v 0.024436 -0.082829 0.042264
v 0.042343 -0.082829 0.024430
v -0.024369 -0.082829 0.042264
v 0.000067 -0.082829 0.048861
v -0.042276 -0.082829 0.024430
v 0.050489 -0.082397 0.000001
v 0.048873 -0.082829 0.000001
v 0.007001 -0.415681 0.023016
v 0.007001 -0.390573 0.010498
v 0.000067 -0.000000 0.084932
v -0.042411 -0.000000 0.073559
v -0.040930 -0.006528 0.070934
v -0.038776 -0.012268 0.067233
v -0.070954 -0.006528 0.040985
v -0.067184 -0.012268 0.038832
v -0.081859 -0.006528 0.000001
v -0.077551 -0.012268 0.000001
v -0.070954 -0.006528 -0.040986
v -0.067184 -0.012268 -0.038831
v -0.040930 -0.006528 -0.071001
v -0.038776 -0.012268 -0.067233
v 0.000067 -0.012268 -0.077664
v 0.007001 -0.358711 0.035601
v 0.007001 -0.403122 0.035601
v -0.073512 -0.000000 0.042467
v -0.084956 -0.000000 0.000001
v -0.073512 -0.000000 -0.042466
v -0.042411 -0.000000 -0.073558
v 0.000067 -0.000000 -0.084932
v 0.000067 -0.006528 -0.081903
v 0.040997 -0.006528 -0.071001
v 0.038843 -0.012268 -0.067233
v 0.071021 -0.006528 -0.040986
v 0.067251 -0.012268 -0.038831
v 0.077685 -0.012268 0.000001
v 0.023427 -0.227242 0.000001
v 0.030562 -0.229731 0.000001
v 0.020263 -0.227242 0.011710
v 0.026456 -0.229731 0.015277
v 0.011713 -0.227242 0.020257
v 0.015281 -0.229731 0.026382
v 0.000067 -0.227242 0.023353
v 0.000067 -0.229731 0.030488
v -0.015214 -0.229731 0.026382
v 0.000067 -0.234394 0.039236
v -0.019590 -0.234394 0.033987
v -0.021879 -0.238337 0.037957
v -0.033929 -0.234394 0.019652
v -0.037901 -0.238337 0.021940
v -0.039180 -0.234394 0.000001
v -0.043824 -0.238337 0.000001
v -0.033929 -0.234394 -0.019651
v -0.037901 -0.238337 -0.021940
v -0.021879 -0.238337 -0.037958
v -0.021879 -0.242793 -0.037958
v 0.000067 -0.238337 -0.043813
v 0.000067 -0.242793 -0.043813
v 0.021946 -0.242793 -0.037958
v -0.037901 -0.242793 -0.021940
v -0.043824 -0.242793 0.000001
v -0.037901 -0.242793 0.021940
v -0.021879 -0.242793 0.037957
v 0.000067 -0.238337 0.043813
v 0.000067 -0.242793 0.043813
v 0.021946 -0.238337 0.037957
v 0.021946 -0.242793 0.037957
v 0.038035 -0.238337 0.021940
v 0.038035 -0.242793 0.021940
v 0.043891 -0.238337 0.000001
v 0.043891 -0.242793 0.000001
v 0.019657 -0.234394 0.033987
v 0.033996 -0.234394 0.019652
v 0.039314 -0.234394 0.000001
v 0.081994 -0.006528 0.000001
v 0.084956 -0.000000 0.000001
v 0.073646 -0.000000 -0.042466
v 0.042545 -0.000000 -0.073558
v 0.007001 -0.403122 0.035601
v 0.007001 -0.390573 0.010498
v -0.011646 -0.227242 0.020257
v -0.020196 -0.227242 0.011710
v -0.026389 -0.229731 0.015277
v -0.030495 -0.229731 0.000001
v -0.026389 -0.229731 -0.015276
v -0.019590 -0.234394 -0.033987
v 0.000067 -0.234394 -0.039236
v 0.000067 -0.229731 -0.030486
v -0.015214 -0.229731 -0.026449
v -0.011646 -0.227242 -0.020258
v -0.020196 -0.227242 -0.011711
v -0.023360 -0.227242 0.000001
v 0.021946 -0.238337 -0.037958
v 0.019657 -0.234394 -0.033987
v 0.015281 -0.229731 -0.026449
v 0.011713 -0.227242 -0.020258
v 0.026456 -0.229731 -0.015276
v 0.020263 -0.227242 -0.011711
v 0.023427 -0.227242 0.000001
v 0.033996 -0.234394 -0.019651
v 0.038035 -0.238337 -0.021940
v 0.038035 -0.242793 -0.021940
v 0.043891 -0.242793 0.000001
v 0.043891 -0.238337 0.000001
v 0.039314 -0.234394 0.000001
v 0.030562 -0.229731 0.000001
v 0.000067 -0.227242 -0.023352
v 0.039987 -0.105123 0.000001
v 0.034669 -0.105123 -0.019987
v 0.032784 -0.128009 0.000001
v 0.028341 -0.128009 -0.016353
v 0.027264 -0.151372 0.000001
v 0.023629 -0.151372 -0.013595
v 0.023494 -0.175074 0.000001
v 0.020330 -0.175074 -0.011711
v 0.021474 -0.199001 0.000001
v 0.018647 -0.199001 -0.010701
v 0.019993 -0.105123 -0.034592
v 0.016426 -0.128009 -0.028334
v 0.013665 -0.151372 -0.023555
v 0.011781 -0.175074 -0.020324
v 0.010771 -0.199001 -0.018574
v 0.000067 -0.105123 -0.039909
v 0.000067 -0.128009 -0.032708
v 0.000067 -0.151372 -0.027256
v 0.000067 -0.175074 -0.023487
v 0.000067 -0.199001 -0.021469
v -0.011714 -0.175074 -0.020324
v -0.010704 -0.199001 -0.018574
v -0.020263 -0.175074 -0.011711
v -0.018580 -0.199001 -0.010701
v -0.023427 -0.175074 0.000001
v -0.021407 -0.199001 0.000001
v -0.018580 -0.199001 0.010769
v -0.010704 -0.199001 0.018574
v -0.019926 -0.105123 -0.034592
v -0.016291 -0.128009 -0.028334
v -0.013599 -0.151372 -0.023555
v -0.023562 -0.151372 -0.013595
v -0.034535 -0.105123 -0.019987
v -0.028341 -0.128009 -0.016353
v -0.027197 -0.151372 0.000001
v -0.039920 -0.105123 0.000001
v -0.032717 -0.128009 0.000001
v -0.023562 -0.151372 0.013662
v -0.020263 -0.175074 0.011710
v -0.011714 -0.175074 0.020324
v 0.000067 -0.175074 0.023487
v 0.000067 -0.199001 0.021469
v 0.011781 -0.175074 0.020324
v 0.010771 -0.199001 0.018574
v 0.020330 -0.175074 0.011710
v 0.018647 -0.199001 0.010769
v 0.023494 -0.175074 0.000001
v 0.021474 -0.199001 0.000001
v 0.030495 -0.251122 0.000001
v 0.026389 -0.251122 0.015210
v 0.038506 -0.247104 0.000001
v 0.033323 -0.247104 0.019248
v 0.015281 -0.251122 0.026382
v 0.019253 -0.247104 0.033313
v 0.000067 -0.247104 0.038429
v 0.000067 -0.251122 0.030488
v -0.015214 -0.251122 0.026382
v -0.026322 -0.251122 0.015210
v -0.019186 -0.247104 0.033313
v -0.033256 -0.247104 0.019248
v -0.038439 -0.247104 0.000001
v -0.033256 -0.247104 -0.019180
v -0.019186 -0.247104 -0.033313
v 0.000067 -0.247104 -0.038496
v 0.019253 -0.247104 -0.033313
v 0.033323 -0.247104 -0.019180
v 0.038506 -0.247104 0.000001
v -0.030428 -0.251122 0.000001
v -0.026322 -0.251122 -0.015210
v -0.015214 -0.251122 -0.026382
v 0.000067 -0.251122 -0.030486
v 0.015281 -0.251122 -0.026382
v 0.026389 -0.251122 -0.015210
v 0.030495 -0.251122 0.000001
v 0.022888 -0.269299 0.000001
v 0.019791 -0.269299 0.011441
v 0.024033 -0.268126 0.000001
v 0.020801 -0.268126 0.012047
v 0.024436 -0.266541 0.000001
v 0.021205 -0.266541 0.012181
v 0.024033 -0.264947 0.000001
v 0.020801 -0.264947 0.012047
v 0.022888 -0.263774 0.000001
v 0.019791 -0.263774 0.011441
v 0.011444 -0.269299 0.019786
v 0.012050 -0.268126 0.020795
v 0.012252 -0.266541 0.021132
v 0.012050 -0.264947 0.020795
v 0.011444 -0.263774 0.019786
v 0.000067 -0.268126 0.023959
v 0.000067 -0.266541 0.024430
v 0.000067 -0.264947 0.023959
v 0.000067 -0.263774 0.022815
v -0.011983 -0.268126 0.020795
v -0.012185 -0.266541 0.021132
v -0.011983 -0.264947 0.020795
v -0.011377 -0.263774 0.019786
v -0.020734 -0.268126 0.012047
v -0.021138 -0.266541 0.012181
v -0.020734 -0.264947 0.012047
v -0.019724 -0.263774 0.011441
v -0.022821 -0.263774 0.000001
v -0.019724 -0.269299 0.011441
v -0.023966 -0.268126 0.000001
v -0.024369 -0.266541 0.000001
v -0.023966 -0.264947 0.000001
v -0.020734 -0.264947 -0.011980
v -0.019724 -0.263774 -0.011440
v -0.011377 -0.263774 -0.019787
v -0.011377 -0.269299 0.019786
v 0.000067 -0.269299 0.022815
v -0.022821 -0.269299 0.000001
v -0.019724 -0.269299 -0.011440
v -0.011377 -0.269299 -0.019787
v -0.020734 -0.268126 -0.011980
v -0.011983 -0.268126 -0.020795
v -0.021138 -0.266541 -0.012248
v -0.012185 -0.266541 -0.021132
v -0.011983 -0.264947 -0.020795
v 0.000067 -0.264947 -0.024026
v 0.000067 -0.263774 -0.022815
v 0.012050 -0.264947 -0.020795
v 0.011444 -0.263774 -0.019787
v 0.020801 -0.264947 -0.011980
v 0.019791 -0.263774 -0.011440
v 0.024033 -0.264947 0.000001
v 0.022888 -0.263774 0.000001
v 0.000067 -0.269299 -0.022815
v 0.011444 -0.269299 -0.019787
v 0.019791 -0.269299 -0.011440
v 0.022888 -0.269299 0.000001
v 0.000067 -0.268126 -0.024026
v 0.012050 -0.268126 -0.020795
v 0.020801 -0.268126 -0.011980
v 0.024033 -0.268126 0.000001
v 0.021205 -0.266541 -0.012248
v 0.012252 -0.266541 -0.021132
v 0.000067 -0.266541 -0.024429
v 0.024436 -0.266541 0.000001
v 0.007001 -0.406518 0.037688
v 0.007001 -0.355316 0.037688
v 0.007001 -0.395263 0.015143
v 0.007001 -0.417782 0.026450
v 0.027264 -0.151372 0.000001
v 0.023629 -0.151372 0.013662
v 0.032784 -0.128009 0.000001
v 0.028341 -0.128009 0.016354
v 0.039987 -0.105123 0.000001
v 0.034669 -0.105123 0.019988
v 0.013665 -0.151372 0.023555
v 0.016426 -0.128009 0.028333
v 0.000067 -0.151372 0.027189
v 0.000067 -0.128009 0.032709
v -0.013599 -0.151372 0.023555
v -0.016291 -0.128009 0.028333
v -0.028341 -0.128009 0.016354
v -0.034535 -0.105123 0.019988
v 0.019993 -0.105123 0.034592
v 0.000067 -0.105123 0.039976
v -0.019926 -0.105123 0.034592
v 0.007001 -0.395263 0.015143
v 0.007001 -0.406518 0.037688
v -0.007271 -0.361075 0.034121
v -0.007271 -0.400768 0.034121
v -0.007271 -0.406518 0.037688
v -0.007271 -0.355316 0.037688
v -0.007271 -0.406518 0.037688
v -0.007271 -0.395263 0.015143
v -0.007271 -0.366581 0.015143
v -0.007271 -0.355316 0.037688
v 0.013867 -0.339812 0.023891
v 0.013867 -0.344206 0.023891
v 0.000067 -0.339812 0.027661
v 0.000067 -0.344206 0.027661
v -0.013733 -0.339812 0.023891
v -0.013733 -0.344206 0.023891
v -0.023831 -0.339812 0.013797
v -0.023831 -0.344206 0.013797
v -0.027601 -0.339812 0.000001
v -0.027601 -0.344206 0.000001
v -0.023831 -0.339812 -0.013796
v -0.023831 -0.344206 -0.013796
v -0.013733 -0.339812 -0.023892
v -0.013733 -0.344206 -0.023892
v 0.000067 -0.339812 -0.027592
v 0.000067 -0.344206 -0.027592
v 0.013867 -0.339812 -0.023892
v 0.013867 -0.344206 -0.023892
v 0.023965 -0.339812 -0.013796
v 0.023965 -0.344206 -0.013796
v 0.027668 -0.339812 0.000001
v 0.027668 -0.344206 0.000001
v 0.023965 -0.339812 0.013797
v 0.023965 -0.344206 0.013797
v -0.073512 -0.000000 -0.042466
v -0.042411 -0.000000 -0.073558
v 0.000067 -0.000000 0.000001
v 0.000067 -0.000000 -0.084932
v 0.042545 -0.000000 -0.073558
v 0.073646 -0.000000 -0.042466
v 0.084956 -0.000000 0.000001
v 0.073646 -0.000000 0.042467
v 0.042545 -0.000000 0.073559
v 0.000067 -0.000000 0.084932
v -0.042411 -0.000000 0.073559
v -0.073512 -0.000000 0.042467
v -0.084956 -0.000000 0.000001
v 0.021272 -0.333434 -0.036812
v 0.033121 -0.336923 -0.019114
v 0.036823 -0.333434 -0.021200
v 0.038169 -0.336923 0.000001
v 0.042545 -0.333434 0.000001
v 0.033121 -0.336923 0.019113
v 0.036823 -0.333434 0.021267
v 0.019118 -0.336923 0.033045
v 0.021272 -0.333434 0.036813
v 0.000067 -0.336923 0.038159
v 0.000067 -0.333434 0.042467
v -0.021205 -0.333434 0.036813
v 0.033121 -0.339100 0.000001
v 0.028678 -0.339100 0.016557
v 0.016560 -0.339100 0.028671
v 0.000067 -0.339100 0.033112
v -0.016493 -0.339100 0.028671
v -0.019051 -0.336923 0.033045
v -0.032986 -0.336923 0.019113
v -0.036756 -0.333434 0.021267
v 0.028678 -0.339100 -0.016556
v 0.016560 -0.339100 -0.028670
v 0.000067 -0.339100 -0.033045
v 0.019118 -0.336923 -0.033045
v 0.000067 -0.336923 -0.038159
v -0.016493 -0.339100 -0.028670
v 0.000067 -0.333434 -0.042466
v -0.021205 -0.333434 -0.036812
v -0.019051 -0.336923 -0.033045
v -0.032986 -0.336923 -0.019114
v -0.028610 -0.339100 -0.016556
v -0.036756 -0.333434 -0.021200
v -0.042411 -0.333434 0.000001
v -0.038170 -0.336923 0.000001
v -0.033054 -0.339100 0.000001
v -0.028610 -0.339100 0.016557
v 0.000067 -0.344206 0.000001
vt -0.076746 1.318542
vt -0.070859 1.309045
vt -0.039403 1.299859
vt -0.026167 1.286677
vt 0.044739 1.318542
vt 0.007352 1.299859
vt 0.038809 1.309045
vt -0.005883 1.286677
vt 1.283273 1.254554
vt 1.291051 1.246769
vt 1.324957 1.233692
vt 1.328438 1.228087
vt 0.039239 1.308162
vt -0.005411 1.285795
vt -0.004551 1.285328
vt 0.016935 1.330478
vt 0.017795 1.330063
vt 1.284605 1.255851
vt 1.305447 1.214127
vt 1.292383 1.248067
vt 1.311076 1.210650
vt -0.027499 1.285328
vt -0.026640 1.285795
vt -0.049845 1.330063
vt -0.048986 1.330478
vt 1.329899 1.228969
vt 1.329899 1.313923
vt 1.326418 1.234574
vt 1.326418 1.308318
vt -0.071289 1.308162
vt -0.078208 1.317659
vt -0.078208 1.232706
vt -0.072320 1.308162
vt -0.072320 1.242254
vt -0.071289 1.242254
vt 1.283273 1.288338
vt 1.324957 1.309200
vt 1.291051 1.296123
vt 1.328438 1.314805
vt -0.026167 1.263739
vt -0.026640 1.264622
vt -0.070859 1.241372
vt 1.284605 1.286989
vt 1.292383 1.294773
vt 1.305447 1.328713
vt 1.311076 1.332190
vt -0.027499 1.265037
vt -0.048986 1.219887
vt -0.049845 1.220354
vt 0.016935 1.218901
vt 0.016935 1.219887
vt -0.048986 1.218901
vt -0.039403 1.250506
vt -0.076746 1.231823
vt -0.004551 1.265037
vt -0.005411 1.264622
vt 0.017795 1.220354
vt 1.304587 1.330166
vt 1.310217 1.333643
vt 1.230845 1.330166
vt 1.225216 1.333643
vt -0.005883 1.263739
vt 0.039239 1.242254
vt 0.038809 1.241372
vt 1.250785 1.286989
vt 1.229943 1.328713
vt 1.243007 1.294773
vt 1.224313 1.332190
vt 0.387752 0.207085
vt 0.385517 0.203452
vt 0.407133 0.207085
vt 0.406188 0.203452
vt 0.427932 0.207085
vt 0.427287 0.203452
vt 0.449118 0.207085
vt 0.448731 0.203452
vt 0.470605 0.207085
vt 0.470347 0.203452
vt 0.492306 0.207085
vt 0.492134 0.203452
vt 0.514008 0.207085
vt 0.514008 0.203452
vt 0.535709 0.207085
vt 0.535795 0.203452
vt 0.557325 0.207085
vt 0.557582 0.203452
vt 0.578811 0.207085
vt 0.579198 0.203452
vt 0.600040 0.207085
vt 0.600642 0.203452
vt 0.620753 0.207085
vt 0.621742 0.203452
vt 0.640177 0.207085
vt 0.642369 0.203452
vt -0.040735 1.251855
vt -0.059385 1.214438
vt 1.206952 1.314805
vt 1.210433 1.309200
vt 1.244339 1.296123
vt 1.252117 1.288338
vt 0.655819 0.104331
vt 0.656120 0.107756
vt 0.634333 0.104331
vt 0.634032 0.107756
vt 0.611299 0.104331
vt 0.610869 0.107756
vt 0.587406 0.104331
vt 0.587019 0.107756
vt 0.563083 0.104331
vt 0.562825 0.107756
vt 0.538545 0.104331
vt 0.538373 0.107756
vt 0.513879 0.104331
vt 0.513879 0.107756
vt 0.489212 0.104331
vt 0.489341 0.107756
vt 0.464631 0.104331
vt 0.464889 0.107756
vt 0.440308 0.104331
vt 0.440695 0.107756
vt 0.416458 0.104331
vt 0.416888 0.107756
vt 0.393339 0.104331
vt 0.393725 0.107756
vt 0.371852 0.104331
vt 0.371594 0.107756
vt 0.787275 -0.224586
vt 0.784739 -0.217217
vt 0.736265 -0.224586
vt 0.734675 -0.217217
vt 0.688264 -0.224586
vt 0.687147 -0.217217
vt 0.642756 -0.224586
vt 0.641939 -0.217217
vt 0.598794 -0.224586
vt 0.598364 -0.217217
vt 0.555907 -0.224586
vt 0.555735 -0.217217
vt 0.513578 -0.224586
vt 0.513578 -0.217217
vt 0.471163 -0.224586
vt 0.471421 -0.217217
vt 0.428276 -0.224586
vt 0.428749 -0.217217
vt 0.384357 -0.224586
vt 0.385174 -0.217217
vt 0.338848 -0.224586
vt 0.339966 -0.217217
vt 0.290890 -0.224586
vt 0.292394 -0.217217
vt 0.239795 -0.224586
vt 0.242330 -0.217217
vt 1.210003 1.308318
vt 1.210003 1.234574
vt 1.251687 1.287456
vt 1.251687 1.255436
vt 1.283702 1.255436
vt 1.230845 1.213712
vt 1.304587 1.213712
vt 1.283702 1.287456
vt 1.325429 1.234574
vt 1.325429 1.308318
vt 1.304587 1.329180
vt 1.230845 1.329180
vt 1.209015 1.308318
vt 1.205534 1.313923
vt 1.209015 1.234574
vt 1.205534 1.228969
vt 0.846879 -0.108079
vt 0.823157 -0.108079
vt 0.846879 -0.149856
vt 0.823157 -0.149856
vt 0.823157 -0.191684
vt 0.846879 -0.191684
vt 0.026475 1.212985
vt -0.058526 1.212985
vt 0.008685 1.251855
vt 0.027378 1.214438
vt 0.846879 0.060479
vt 0.823157 0.060479
vt 0.846879 0.018651
vt 0.823157 0.018651
vt 0.007352 1.250506
vt 0.044739 1.231823
vt 0.846879 -0.023126
vt 0.823157 -0.023126
vt 0.846879 -0.276638
vt 0.823157 -0.276638
vt 0.846879 -0.318518
vt 0.823157 -0.318518
vt 0.221402 -0.327236
vt 0.277525 -0.327236
vt 0.220242 -0.312498
vt 0.278514 -0.312498
vt 0.221531 -0.297863
vt 0.279674 -0.297863
vt 0.225184 -0.283747
vt 0.281178 -0.283747
vt 0.230856 -0.265221
vt 0.283671 -0.265221
vt 0.235884 -0.245500
vt 0.286894 -0.245500
vt 0.329695 -0.327236
vt 0.330383 -0.312498
vt 0.331156 -0.297863
vt 0.332102 -0.283747
vt 0.333649 -0.265221
vt 0.335926 -0.245500
vt 0.379845 -0.283747
vt 0.380919 -0.265221
vt 0.382380 -0.245500
vt 0.379243 -0.297863
vt 0.425139 -0.297863
vt 0.424795 -0.312498
vt 0.469530 -0.312498
vt 0.469401 -0.327236
vt 0.513578 -0.327236
vt 0.469659 -0.297863
vt 0.425526 -0.283747
vt 0.426170 -0.265221
vt 0.469831 -0.283747
vt 0.513578 -0.297863
vt 0.513578 -0.312498
vt 0.557668 -0.327236
vt 0.513578 -0.283747
vt 0.470175 -0.265221
vt 0.470605 -0.245500
vt 0.427030 -0.245500
vt 0.557239 -0.283747
vt 0.513578 -0.265221
vt 0.513578 -0.245500
vt 0.556938 -0.265221
vt 0.556508 -0.245500
vt 0.600040 -0.245500
vt 0.644689 -0.245500
vt 0.691186 -0.245500
vt 0.740176 -0.245500
vt 0.791142 -0.245500
vt 0.646193 -0.265221
vt 0.600943 -0.265221
vt 0.647225 -0.283747
vt 0.601544 -0.283747
vt 0.601931 -0.297863
vt 0.557411 -0.297863
vt 0.557540 -0.312498
vt 0.424580 -0.327236
vt 0.378298 -0.327236
vt 0.378728 -0.312498
vt 0.046157 1.317659
vt 0.040270 1.308162
vt 0.046157 1.232758
vt 0.040270 1.242254
vt 0.390116 0.213883
vt 0.409110 0.213883
vt 0.429264 0.213883
vt 0.450020 0.213883
vt 0.471120 0.213883
vt 0.492564 0.213883
vt 0.514008 0.213883
vt 0.535451 0.213883
vt 0.556809 0.213883
vt 0.577952 0.213883
vt 0.598708 0.213883
vt 0.618819 0.213883
vt 0.637814 0.213883
vt 0.823115 0.145484
vt 0.846879 0.145484
vt 0.823115 0.187313
vt 0.846879 0.187313
vt 0.846879 0.229141
vt 0.823115 0.229141
vt 0.846879 -0.360294
vt 0.823157 -0.360294
vt 0.846879 0.314095
vt 0.823115 0.314095
vt 0.395960 0.231528
vt 0.412762 0.231528
vt 0.399656 0.258877
vt 0.416286 0.258877
vt 0.394327 0.288717
vt 0.414181 0.288717
vt 0.388740 0.315132
vt 0.412634 0.315132
vt 0.431671 0.231528
vt 0.434550 0.258877
vt 0.434034 0.288717
vt 0.433605 0.315132
vt 0.453802 0.258877
vt 0.453888 0.288717
vt 0.453802 0.315132
vt 0.451610 0.231528
vt 0.472109 0.231528
vt 0.473613 0.258877
vt 0.473828 0.288717
vt 0.493896 0.288717
vt 0.473828 0.315132
vt 0.493767 0.258877
vt 0.514008 0.258877
vt 0.514008 0.288717
vt 0.534119 0.288717
vt 0.514008 0.315132
vt 0.534119 0.315132
vt 0.493939 0.315132
vt 0.493037 0.231528
vt 0.514008 0.231528
vt 0.535021 0.231528
vt 0.534248 0.258877
vt 0.554145 0.288717
vt 0.554188 0.315132
vt 0.574213 0.315132
vt 0.574127 0.288717
vt 0.593981 0.288717
vt 0.593465 0.258877
vt 0.611729 0.258877
vt 0.615167 0.231528
vt 0.628317 0.258877
vt 0.631969 0.231528
vt 0.596301 0.231528
vt 0.574213 0.258877
vt 0.576362 0.231528
vt 0.554402 0.258877
vt 0.555821 0.231528
vt 0.594411 0.315132
vt 0.613835 0.288717
vt 0.615382 0.315132
vt 0.639232 0.315132
vt 0.633645 0.288717
vt 0.382423 0.193644
vt 0.403566 0.193644
vt 0.425611 0.193644
vt 0.447614 0.193644
vt 0.469659 0.193644
vt 0.491790 0.193644
vt 0.513965 0.193644
vt 0.536139 0.193644
vt 0.558270 0.193644
vt 0.580315 0.193644
vt 0.602318 0.193644
vt 0.624363 0.193644
vt 0.645463 0.193644
vt 0.796213 -0.265221
vt 0.743442 -0.265221
vt 0.801800 -0.283747
vt 0.745934 -0.283747
vt 0.805452 -0.297863
vt 0.747396 -0.297863
vt 0.806742 -0.312498
vt 0.748556 -0.312498
vt 0.805624 -0.327236
vt 0.749544 -0.327236
vt 0.693421 -0.265221
vt 0.694968 -0.283747
vt 0.695914 -0.297863
vt 0.696730 -0.312498
vt 0.697332 -0.327236
vt 0.647826 -0.297863
vt 0.648342 -0.312498
vt 0.648772 -0.327236
vt 0.602275 -0.312498
vt 0.602490 -0.327236
vt 0.784696 -0.210003
vt 0.785427 -0.203879
vt 0.732828 -0.210003
vt 0.732140 -0.203879
vt 0.685815 -0.210003
vt 0.685256 -0.203879
vt 0.641037 -0.210003
vt 0.640650 -0.203879
vt 0.597763 -0.210003
vt 0.597591 -0.203879
vt 0.555477 -0.210003
vt 0.555348 -0.203879
vt 0.513578 -0.210003
vt 0.513578 -0.203879
vt 0.471808 -0.203879
vt 0.471894 -0.198067
vt 0.429565 -0.203879
vt 0.429780 -0.198067
vt 0.386463 -0.203879
vt 0.386850 -0.198067
vt 0.342415 -0.198067
vt 0.342974 -0.192359
vt 0.296477 -0.192359
vt 0.297207 -0.186494
vt 0.243276 -0.186494
vt 0.298024 -0.180993
vt 0.245210 -0.180993
vt 0.247659 -0.175440
vt 0.513578 -0.198067
vt 0.555219 -0.198067
vt 0.597333 -0.198067
vt 0.640306 -0.198067
vt 0.684698 -0.198067
vt 0.731409 -0.198067
vt 0.785599 -0.198067
vt 0.597075 -0.192359
vt 0.639919 -0.192359
vt 0.684139 -0.192359
vt 0.730679 -0.192359
vt 0.785083 -0.192359
vt 0.639576 -0.186494
vt 0.683623 -0.186494
vt 0.729948 -0.186494
vt 0.783794 -0.186494
vt 0.596903 -0.186494
vt 0.555133 -0.192359
vt 0.513578 -0.192359
vt 0.555004 -0.186494
vt 0.513578 -0.186494
vt 0.471980 -0.192359
vt 0.430038 -0.192359
vt 0.387193 -0.192359
vt 0.472109 -0.186494
vt 0.430253 -0.186494
vt 0.387580 -0.186494
vt 0.343489 -0.186494
vt 0.472237 -0.180993
vt 0.430467 -0.180993
vt 0.387924 -0.180993
vt 0.344091 -0.180993
vt 0.388311 -0.175440
vt 0.430682 -0.175440
vt 0.472366 -0.175440
vt 0.344607 -0.175440
vt 0.298754 -0.175440
vt 0.811555 -0.360086
vt 0.810351 -0.349188
vt 0.750232 -0.360086
vt 0.750189 -0.349188
vt 0.697718 -0.360086
vt 0.697718 -0.349188
vt 0.648987 -0.349188
vt 0.697632 -0.338134
vt 0.648944 -0.338134
vt 0.749974 -0.338134
vt 0.808332 -0.338134
vt 0.242030 -0.192359
vt 0.295746 -0.198067
vt 0.341899 -0.203879
vt 0.341341 -0.210003
vt 0.386076 -0.210003
vt 0.241514 -0.198067
vt 0.295016 -0.203879
vt 0.241686 -0.203879
vt 0.242416 -0.210003
vt 0.294242 -0.210003
vt 0.471722 -0.210003
vt 0.429350 -0.210003
vt 0.513578 -0.175440
vt 0.513578 -0.180993
vt 0.554918 -0.180993
vt 0.596688 -0.180993
vt 0.639189 -0.180993
vt 0.683065 -0.180993
vt 0.729132 -0.180993
vt 0.682549 -0.175440
vt 0.728358 -0.175440
vt 0.596430 -0.175440
vt 0.638845 -0.175440
vt 0.554832 -0.175440
vt 0.781860 -0.180993
vt 0.779454 -0.175440
vt 1.210433 1.233692
vt 1.252117 1.254554
vt 0.649030 -0.360086
vt 0.602661 -0.360086
vt 0.602661 -0.349188
vt 0.602619 -0.338134
vt 0.557754 -0.349188
vt 0.557711 -0.338134
vt 0.513578 -0.349188
vt 0.513578 -0.338134
vt 0.469358 -0.349188
vt 0.469358 -0.338134
vt 0.424408 -0.349188
vt 0.424494 -0.338134
vt 0.378126 -0.338134
vt 1.304587 1.212726
vt 1.230845 1.212726
vt 0.557754 -0.360086
vt 0.513578 -0.360086
vt 0.469358 -0.360086
vt 0.424408 -0.360086
vt 0.378040 -0.360086
vt 0.378040 -0.349188
vt 0.329351 -0.349188
vt 0.329437 -0.338134
vt 0.276838 -0.349188
vt 0.277096 -0.338134
vt 0.218652 -0.338134
vt 0.654917 0.115073
vt 0.657495 0.126387
vt 0.633430 0.115073
vt 0.633130 0.126387
vt 0.610096 0.115073
vt 0.609064 0.126387
vt 0.586289 0.115073
vt 0.585300 0.126387
vt 0.561536 0.126387
vt 0.584269 0.140502
vt 0.560805 0.140502
vt 0.560419 0.149013
vt 0.537342 0.140502
vt 0.537170 0.149013
vt 0.513922 0.140502
vt 0.513922 0.149013
vt 0.490458 0.140502
vt 0.490673 0.149013
vt 0.467424 0.149013
vt 0.467725 0.156279
vt 0.444133 0.149013
vt 0.444563 0.156279
vt 0.421056 0.156279
vt 0.490802 0.156279
vt 0.513922 0.156279
vt 0.537041 0.156279
vt 0.560161 0.156279
vt 0.583710 0.149013
vt 0.583281 0.156279
vt 0.607303 0.149013
vt 0.606787 0.156279
vt 0.632141 0.149013
vt 0.631582 0.156279
vt 0.662781 0.149013
vt 0.662523 0.156279
vt 0.607990 0.140502
vt 0.632743 0.140502
vt 0.661105 0.140502
vt 0.216632 -0.349188
vt 0.215429 -0.360086
vt 0.276795 -0.360086
vt 0.329308 -0.360086
vt 1.229943 1.214127
vt 1.250785 1.255851
vt 0.562310 0.115073
vt 0.538116 0.115073
vt 0.537729 0.126387
vt 0.513922 0.126387
vt 0.490071 0.126387
vt 0.467038 0.140502
vt 0.443574 0.140502
vt 0.442500 0.126387
vt 0.466221 0.126387
vt 0.465448 0.115073
vt 0.489599 0.115073
vt 0.513922 0.115073
vt 0.420541 0.149013
vt 0.419853 0.140502
vt 0.418736 0.126387
vt 0.417704 0.115073
vt 0.394671 0.126387
vt 0.394327 0.115073
vt 0.372797 0.115073
vt 0.395100 0.140502
vt 0.395702 0.149013
vt 0.396304 0.156279
vt 0.365320 0.156279
vt 0.365019 0.149013
vt 0.366695 0.140502
vt 0.370262 0.126387
vt 0.441469 0.115073
vt 0.275033 -0.133924
vt 0.314826 -0.133924
vt 0.299743 -0.089086
vt 0.333477 -0.089086
vt 0.323378 -0.041756
vt 0.352600 -0.041756
vt 0.344607 0.007285
vt 0.370348 0.007285
vt 0.361409 0.057054
vt 0.384529 0.057054
vt 0.355264 -0.133924
vt 0.368672 -0.089086
vt 0.383369 -0.041756
vt 0.397421 0.007285
vt 0.408981 0.057054
vt 0.395358 -0.133924
vt 0.404598 -0.089086
vt 0.415212 -0.041756
vt 0.425654 0.007285
vt 0.434378 0.057054
vt 0.454661 0.007285
vt 0.460463 0.057054
vt 0.484098 0.007285
vt 0.487106 0.057054
vt 0.513793 0.007285
vt 0.513836 0.057054
vt 0.540565 0.057054
vt 0.567080 0.057054
vt 0.435066 -0.133924
vt 0.440867 -0.089086
vt 0.447743 -0.041756
vt 0.480660 -0.041756
vt 0.474386 -0.133924
vt 0.477222 -0.089086
vt 0.513707 -0.041756
vt 0.513621 -0.133924
vt 0.513664 -0.089086
vt 0.546753 -0.041756
vt 0.543358 0.007285
vt 0.572795 0.007285
vt 0.601802 0.007285
vt 0.593207 0.057054
vt 0.630035 0.007285
vt 0.618605 0.057054
vt 0.657109 0.007285
vt 0.643013 0.057054
vt 0.682807 0.007285
vt 0.666133 0.057054
vt 0.652382 0.181604
vt 0.627629 0.181604
vt 0.659042 0.167696
vt 0.630336 0.167696
vt 0.604294 0.181604
vt 0.605884 0.167696
vt 0.582636 0.167696
vt 0.581519 0.181604
vt 0.559001 0.181604
vt 0.536483 0.181604
vt 0.559688 0.167696
vt 0.536826 0.167696
vt 0.513965 0.167696
vt 0.491060 0.167696
vt 0.468155 0.167696
vt 0.445250 0.167696
vt 0.422002 0.167696
vt 0.397507 0.167696
vt 0.368801 0.167696
vt 0.513965 0.181604
vt 0.491404 0.181604
vt 0.468886 0.181604
vt 0.446368 0.181604
vt 0.423635 0.181604
vt 0.400257 0.181604
vt 0.375462 0.181604
vt 0.633903 0.228829
vt 0.615811 0.228829
vt 0.635536 0.225819
vt 0.616413 0.225819
vt 0.636739 0.222758
vt 0.617015 0.222758
vt 0.637427 0.219696
vt 0.617573 0.219696
vt 0.637728 0.216686
vt 0.618218 0.216686
vt 0.596688 0.228829
vt 0.597118 0.225819
vt 0.597462 0.222758
vt 0.597891 0.219696
vt 0.598278 0.216686
vt 0.576877 0.225819
vt 0.577135 0.222758
vt 0.577393 0.219696
vt 0.577651 0.216686
vt 0.556164 0.225819
vt 0.556250 0.222758
vt 0.556465 0.219696
vt 0.556637 0.216686
vt 0.535150 0.225819
vt 0.535193 0.222758
vt 0.535322 0.219696
vt 0.535365 0.216686
vt 0.514008 0.216686
vt 0.535064 0.228829
vt 0.514008 0.225819
vt 0.514008 0.222758
vt 0.514008 0.219696
vt 0.492693 0.219696
vt 0.492607 0.216686
vt 0.471335 0.216686
vt 0.556035 0.228829
vt 0.576620 0.228829
vt 0.514008 0.228829
vt 0.492908 0.228829
vt 0.471980 0.228829
vt 0.492865 0.225819
vt 0.471851 0.225819
vt 0.492779 0.222758
vt 0.471679 0.222758
vt 0.471507 0.219696
vt 0.450579 0.219696
vt 0.450278 0.216686
vt 0.430081 0.219696
vt 0.429694 0.216686
vt 0.410356 0.219696
vt 0.409797 0.216686
vt 0.390502 0.219696
vt 0.390201 0.216686
vt 0.451352 0.228829
vt 0.431284 0.228829
vt 0.412161 0.228829
vt 0.394026 0.228829
vt 0.451095 0.225819
vt 0.430854 0.225819
vt 0.411559 0.225819
vt 0.392393 0.225819
vt 0.410958 0.222758
vt 0.430510 0.222758
vt 0.450837 0.222758
vt 0.391233 0.222758
vt 1.225216 1.209197
vt 1.310217 1.209197
vt 1.244339 1.246769
vt 1.206952 1.228087
vt 0.703907 -0.041756
vt 0.674685 -0.041756
vt 0.727456 -0.089086
vt 0.693808 -0.089086
vt 0.752123 -0.133924
vt 0.712372 -0.133924
vt 0.644002 -0.041756
vt 0.658613 -0.089086
vt 0.612159 -0.041756
vt 0.622644 -0.089086
vt 0.579628 -0.041756
vt 0.586418 -0.089086
vt 0.550019 -0.089086
vt 0.552769 -0.133924
vt 0.671934 -0.133924
vt 0.631840 -0.133924
vt 0.592133 -0.133924
vt 1.243007 1.248067
vt 1.224313 1.210650
vt 0.016935 1.331516
vt -0.048986 1.331516
vt -0.058526 1.337432
vt 0.026475 1.337432
vt -0.059385 1.335979
vt -0.040735 1.298562
vt 0.008685 1.298562
vt 0.027378 1.335979
vt 1.086498 1.230163
vt 1.091655 1.235508
vt 1.073907 1.251907
vt 1.080997 1.253931
vt 1.073520 1.277077
vt 1.080782 1.275260
vt 1.086369 1.298717
vt 1.091655 1.293528
vt 1.108070 1.311380
vt 1.110090 1.304218
vt 1.133253 1.311328
vt 1.131362 1.304166
vt 1.154954 1.298717
vt 1.149755 1.293476
vt 1.167503 1.277077
vt 1.160326 1.275105
vt 1.167331 1.252115
vt 1.160197 1.253983
vt 1.154868 1.230526
vt 1.149583 1.235664
vt 1.133296 1.217915
vt 1.131276 1.225025
vt 1.108242 1.217760
vt 1.110047 1.224973
vt 0.732957 1.157716
vt 0.659945 1.157716
vt 0.696429 1.021541
vt 0.596688 1.121285
vt 0.560247 1.058024
vt 0.560247 0.985006
vt 0.596731 0.921849
vt 0.659945 0.885314
vt 0.732957 0.885314
vt 0.796127 0.921849
vt 0.832655 0.985006
vt 0.832655 1.058024
vt 0.796170 1.121285
vt 1.195392 1.244642
vt 1.168534 1.217137
vt 1.175581 1.210027
vt 1.138496 1.199492
vt 1.141117 1.189684
vt 1.103515 1.199077
vt 1.100894 1.189321
vt 1.072961 1.216306
vt 1.065742 1.209145
vt 1.054998 1.246769
vt 1.045200 1.244071
vt 1.045072 1.284705
vt 1.135917 1.208885
vt 1.106008 1.208574
vt 1.079880 1.223312
vt 1.064538 1.249312
vt 1.064582 1.279464
vt 1.055041 1.282059
vt 1.072532 1.312729
vt 1.065355 1.319943
vt 1.161615 1.223987
vt 1.176312 1.249831
vt 1.176226 1.279360
vt 1.185723 1.247288
vt 1.185680 1.281851
vt 1.161658 1.305204
vt 1.195392 1.284290
vt 1.175968 1.319164
vt 1.168663 1.312055
vt 1.138582 1.329907
vt 1.135874 1.320358
vt 1.141246 1.339611
vt 1.100765 1.340182
vt 1.103343 1.330218
vt 1.105836 1.320566
vt 1.079536 1.305671
vt 1.120576 1.264622
vn 1.000000 -0.000000 0.000000
vn 1.000000 -0.000000 0.000000
vn 1.000000 -0.000000 0.000000
vn 1.000000 -0.000000 0.000000
vn -1.000000 -0.000000 0.000000
vn -1.000000 -0.000000 0.000000
vn 0.000000 -0.447240 0.894414
vn 0.000000 -0.447240 0.894414
vn -0.000000 0.894440 -0.447187
vn 0.000000 0.894440 -0.447187
vn -1.000000 -0.000000 0.000000
vn -1.000000 0.000000 -0.000000
vn 0.000000 -0.894440 -0.447187
vn 0.000000 -0.894440 -0.447187
vn -1.000000 -0.000000 0.000000
vn -1.000000 -0.000000 0.000000
vn 0.000000 0.447227 0.894421
vn 0.000000 0.447227 0.894421
vn 1.000000 -0.000000 0.000000
vn 1.000000 -0.000000 0.000000
vn 0.000000 -1.000000 0.000000
vn 0.000000 -1.000000 -0.000000
vn -1.000000 -0.000000 0.000000
vn -1.000000 -0.000000 -0.000000
vn 0.000000 0.449005 -0.893529
vn 0.000000 0.449005 -0.893529
vn -1.000000 -0.000000 0.000000
vn -1.000000 -0.000000 0.000000
vn 0.000000 -0.894884 0.446298
vn 0.000000 -0.894884 0.446298
vn 0.000000 -0.000000 -1.000000
vn 0.000000 -0.000000 -1.000000
vn 1.000000 -0.000000 0.000000
vn 1.000000 -0.000000 0.000000
vn 0.000000 0.894884 0.446298
vn 0.000000 0.894884 0.446298
vn -1.000000 -0.000000 -0.000000
vn -1.000000 -0.000000 0.000000
vn 0.000000 -0.449018 -0.893522
vn 0.000000 -0.449018 -0.893522
vn -1.000000 -0.000000 0.000000
vn -1.000000 -0.000000 0.000000
vn 1.000000 -0.000000 0.000000
vn 1.000000 0.000000 0.000000
vn 1.000000 -0.000000 0.000000
vn 1.000000 0.000000 0.000000
vn 1.000000 0.000000 0.000000
vn 1.000000 -0.000000 0.000000
vn 1.000000 -0.000000 -0.000000
vn 1.000000 -0.000000 -0.000000
vn 1.000000 -0.000000 -0.000000
vn 1.000000 -0.000000 0.000000
vn -0.003248 0.999994 0.000864
vn -0.003319 0.999994 0.000897
vn -0.002418 0.999994 0.002418
vn -0.002418 0.999994 0.002419
vn -0.000871 0.999994 0.003336
vn -0.000864 0.999994 0.003251
vn 0.000843 0.999994 0.003251
vn 0.000880 0.999994 0.003331
vn 0.002431 0.999994 0.002411
vn 0.002363 0.999994 0.002364
vn 0.003214 0.999994 0.000875
vn 0.003248 0.999994 0.000878
vn 0.003248 0.999994 -0.000884
vn 0.003217 0.999994 -0.000869
vn 0.002363 0.999994 -0.002364
vn 0.002364 0.999994 -0.002364
vn 0.000875 0.999994 -0.003215
vn 0.000887 0.999994 -0.003356
vn -0.000635 0.999994 -0.003356
vn -0.001225 0.999989 -0.004608
vn -0.003358 0.999989 -0.003388
vn -0.003454 0.999988 -0.003455
vn -0.004896 0.999987 -0.001020
vn -0.003248 0.999994 -0.000878
vn 1.000000 -0.000000 0.000000
vn 1.000000 -0.000000 0.000000
vn -1.000000 -0.000000 0.000000
vn -1.000000 -0.000000 0.000000
vn 0.000000 -1.000000 -0.000000
vn 0.000000 -1.000000 0.000000
vn 0.000000 -1.000000 -0.000000
vn 0.000000 -1.000000 0.000000
vn 0.000000 -1.000000 -0.000000
vn 0.000000 -1.000000 0.000000
vn 0.000000 -1.000000 -0.000000
vn 0.000000 -1.000000 0.000000
vn 0.000000 -1.000000 0.000000
vn 0.000000 -1.000000 0.000000
vn 0.000000 -1.000000 0.000000
vn 0.000000 -1.000000 0.000000
vn 0.000000 -1.000000 0.000000
vn 0.000000 -1.000000 0.000000
vn 0.000000 -1.000000 0.000000
vn 0.000000 -1.000000 0.000000
vn 0.000000 -1.000000 0.000000
vn 0.000000 -1.000000 0.000000
vn -0.000000 -1.000000 0.000000
vn 0.000000 -1.000000 0.000000
vn -0.000000 -1.000000 0.000000
vn 0.000000 -1.000000 0.000000
vn -0.000000 -1.000000 0.000000
vn 0.000000 -1.000000 0.000000
vn 0.000000 1.000000 0.000000
vn 0.000000 1.000000 0.000000
vn -0.000000 1.000000 0.000000
vn 0.000000 1.000000 0.000000
vn -0.000000 1.000000 0.000000
vn 0.000000 1.000000 0.000000
vn 0.000000 1.000000 -0.000000
vn 0.000000 1.000000 0.000000
vn 0.000000 1.000000 -0.000000
vn 0.000000 1.000000 0.000000
vn 0.000000 1.000000 -0.000000
vn 0.000000 1.000000 0.000000
vn 0.000000 1.000000 0.000000
vn 0.000000 1.000000 0.000000
vn 0.000000 1.000000 0.000000
vn 0.000000 1.000000 0.000000
vn 0.000000 1.000000 0.000000
vn 0.000000 1.000000 0.000000
vn 0.000000 1.000000 0.000000
vn 0.000000 1.000000 0.000000
vn 0.000000 1.000000 0.000000
vn 0.000000 1.000000 0.000000
vn 0.000000 1.000000 0.000000
vn 0.000000 1.000000 0.000000
vn -1.000000 -0.000000 0.000000
vn -1.000000 -0.000000 0.000000
vn -1.000000 -0.000000 0.000000
vn -1.000000 -0.000000 0.000000
vn -1.000000 -0.000000 0.000000
vn -1.000000 -0.000000 0.000000
vn -1.000000 0.000000 -0.000000
vn -1.000000 0.000000 0.000000
vn -1.000000 -0.000000 -0.000000
vn -1.000000 -0.000000 0.000000
vn -1.000000 -0.000000 0.000000
vn -1.000000 -0.000000 0.000000
vn -0.000000 -0.446562 0.894753
vn 0.000000 -0.446562 0.894753
vn -0.000000 0.894705 -0.446658
vn 0.000000 0.894705 -0.446658
vn 1.000000 -0.000000 0.000000
vn 1.000000 0.000000 0.000000
vn 1.000000 -0.000000 0.000000
vn 1.000000 -0.000000 -0.000000
vn 0.000000 0.894713 0.446642
vn 0.000000 0.894713 0.446642
vn 1.000000 -0.000000 0.000000
vn 1.000000 -0.000000 0.000000
vn 0.000000 -0.448721 -0.893672
vn 0.000000 -0.448721 -0.893672
vn 0.000000 -0.894546 -0.446976
vn 0.000000 -0.894546 -0.446976
vn -0.794660 -0.568951 0.211682
vn -0.797444 -0.564209 0.213895
vn -0.965859 -0.000000 0.259069
vn -0.965859 -0.000000 0.259069
vn -0.794413 0.568774 0.213082
vn -0.797926 0.564036 0.212552
vn -0.679158 0.711347 0.180915
vn -0.678199 0.712217 0.181089
vn -0.821839 0.525762 0.219443
vn -0.818612 0.530264 0.220670
vn -0.914719 0.320139 0.246577
vn -0.915118 0.319234 0.246268
vn -0.583668 -0.562806 0.585305
vn -0.581830 -0.569514 0.580627
vn -0.707838 -0.000000 0.706375
vn -0.707838 -0.000000 0.706375
vn -0.584967 0.563063 0.583758
vn -0.580291 0.569767 0.581918
vn -0.495421 0.712557 0.496811
vn -0.499661 0.708523 0.498331
vn -0.599913 0.531151 0.598316
vn -0.600129 0.530869 0.598351
vn -0.671346 0.318206 0.669357
vn -0.671479 0.317964 0.669339
vn -0.182972 0.708796 0.681270
vn -0.181282 0.711142 0.679275
vn -0.218664 0.529961 0.819346
vn -0.218827 0.529688 0.819479
vn -0.244510 0.319036 0.915659
vn -0.246495 0.315178 0.916462
vn -0.213124 0.569981 0.793536
vn -0.212984 0.568720 0.794478
vn 0.212984 0.568720 0.794478
vn 0.258937 -0.000000 0.965894
vn 0.707008 -0.000000 0.707206
vn 0.582709 -0.566312 0.582873
vn 0.794397 -0.568796 0.213085
vn 0.707008 0.000000 0.707206
vn 0.582719 0.566292 0.582882
vn 0.212983 0.568713 0.794483
vn 0.182474 0.709496 0.680675
vn 0.181288 0.711141 0.679274
vn 0.218712 0.529702 0.819500
vn 0.497388 0.710690 0.497520
vn 0.582713 0.566312 0.582868
vn 0.794399 0.568795 0.213079
vn 0.965859 -0.000000 0.259069
vn 0.965859 -0.000000 0.259069
vn 0.794413 -0.568774 0.213082
vn 0.794345 -0.568725 -0.213467
vn 0.794412 0.568773 0.213089
vn 0.680537 0.709611 0.182543
vn 0.497385 0.710695 0.497514
vn 0.599103 0.531005 0.599257
vn 0.601415 0.527958 0.599634
vn 0.671402 0.317972 0.669413
vn 0.245574 0.319124 0.915343
vn 0.794345 0.568725 -0.213467
vn 0.679001 0.711100 -0.182470
vn 0.679142 0.711248 0.181363
vn 0.819441 0.529745 0.218829
vn 0.819232 0.530036 0.218909
vn 0.917189 0.314161 0.245084
vn 0.671132 0.314461 0.671339
vn 0.681540 0.708785 -0.182009
vn 0.819912 0.528961 -0.218962
vn 0.819509 0.529789 -0.218469
vn 0.916906 0.315492 -0.244433
vn 0.916914 0.315495 0.244400
vn 0.600377 0.528097 -0.600550
vn 0.670286 0.318079 -0.670479
vn 0.916931 0.315434 -0.244414
vn 0.670304 0.318046 -0.670477
vn 0.246005 0.319086 -0.915241
vn 0.245451 0.320162 -0.915014
vn -0.246458 0.320078 -0.914773
vn -0.246123 0.319096 -0.915206
vn -0.670294 0.318048 -0.670486
vn -0.670576 0.321814 -0.668404
vn -0.914732 0.320545 -0.246001
vn -0.914811 0.320172 -0.246194
vn 0.220839 0.525535 -0.821610
vn 0.221055 0.525169 -0.821786
vn 0.182662 0.710996 -0.679058
vn 0.181780 0.712214 -0.678017
vn 0.213819 0.564129 -0.797521
vn 0.585149 0.562785 -0.583844
vn 0.580478 0.569485 -0.582007
vn 0.793592 0.569998 -0.212868
vn 0.965857 -0.000000 -0.259075
vn 0.965857 -0.000000 -0.259075
vn 0.793592 -0.569998 -0.212868
vn 0.499324 0.708845 -0.498211
vn 0.495160 0.712804 -0.496716
vn 0.600705 0.525390 -0.602594
vn 0.582724 -0.566291 0.582879
vn 0.212983 -0.568713 0.794483
vn 0.212984 -0.568720 0.794478
vn -0.212984 -0.568720 0.794478
vn -0.213124 -0.569981 0.793536
vn 0.258937 -0.000000 0.965894
vn -0.258937 -0.000000 0.965894
vn -0.258937 -0.000000 0.965894
vn 0.218481 0.528857 0.820108
vn 0.244291 0.315359 0.916990
vn 1.000000 -0.000000 0.000000
vn 1.000000 -0.000000 0.000000
vn -0.966432 -0.000000 0.256922
vn -0.966432 -0.000000 0.256922
vn -0.707016 -0.000000 0.707197
vn -0.707016 -0.000000 0.707197
vn -0.252582 -0.000000 0.967575
vn -0.252582 -0.000000 0.967575
vn 0.251092 0.000000 0.967963
vn 0.251092 0.000000 0.967963
vn 0.710057 0.000000 0.704145
vn 0.710057 0.000000 0.704145
vn 0.964906 0.000000 0.262595
vn 0.964906 0.000000 0.262595
vn 0.964900 -0.000000 -0.262618
vn 0.964900 -0.000000 -0.262618
vn 0.707015 -0.000000 -0.707198
vn 0.707015 -0.000000 -0.707198
vn 0.262549 -0.000000 -0.964919
vn 0.262549 -0.000000 -0.964919
vn -0.264098 -0.000000 -0.964496
vn -0.264098 -0.000000 -0.964496
vn -0.703962 -0.000000 -0.710238
vn -0.703962 -0.000000 -0.710238
vn -0.966426 -0.000000 -0.256944
vn -0.966426 -0.000000 -0.256944
vn 0.000000 -0.894554 0.446960
vn 0.000000 -0.894554 0.446960
vn 0.000000 0.448562 -0.893752
vn 0.000000 0.448562 -0.893752
vn 0.000000 0.446403 0.894832
vn 0.000000 0.446403 0.894832
vn -0.000000 -1.000000 0.000000
vn 0.000000 -1.000000 0.000000
vn -0.960988 -0.105992 0.255474
vn -0.961032 -0.106101 0.255264
vn -0.919706 -0.307351 0.244287
vn -0.919728 -0.307537 0.243969
vn -0.839094 -0.496366 0.222580
vn -0.839640 -0.493606 0.226624
vn -0.702970 -0.106833 0.703150
vn -0.702979 -0.106840 0.703140
vn -0.672916 -0.306856 0.673071
vn -0.671296 -0.305167 0.675452
vn -0.613445 -0.492643 0.617243
vn -0.615263 -0.495887 0.612819
vn -0.245642 -0.304996 0.920129
vn -0.248622 -0.306925 0.918686
vn -0.226782 -0.496338 0.837985
vn -0.224007 -0.493972 0.840126
vn -0.256476 -0.106108 0.960709
vn -0.251080 -0.108894 0.961822
vn 0.249597 -0.108937 0.962203
vn 0.255130 -0.106066 0.961072
vn 0.244163 -0.307284 0.919761
vn 0.247766 -0.305168 0.919502
vn 0.226257 -0.493709 0.839678
vn 0.673337 -0.304949 0.673516
vn 0.613875 -0.496101 0.614038
vn 0.223068 -0.495886 0.839248
vn 0.673347 -0.304959 0.673502
vn 0.920446 -0.304970 0.244484
vn 0.918879 -0.307075 0.247722
vn 0.918879 -0.307075 -0.247722
vn 0.839603 -0.493794 -0.226350
vn 0.839171 -0.495985 -0.223140
vn 0.839603 -0.493794 0.226350
vn 0.839270 -0.495486 0.223871
vn 0.615722 -0.494751 0.613277
vn -0.000000 0.448096 -0.893985
vn 0.000000 0.448096 -0.893985
vn 0.706001 -0.106723 0.700123
vn 0.702821 -0.108894 0.702983
vn 0.960738 -0.108919 0.255186
vn 0.959488 -0.105826 0.261121
vn 0.959482 -0.105825 -0.261144
vn 0.960448 -0.108208 -0.256574
vn 0.919847 -0.305778 -0.245727
vn 0.672869 -0.306880 -0.673107
vn 0.613836 -0.496129 -0.614053
vn 0.613850 -0.496119 -0.614048
vn 0.223027 -0.495914 -0.839242
vn 0.226313 -0.493670 -0.839686
vn -0.227246 -0.493560 -0.839498
vn -0.248818 -0.305252 -0.919190
vn -0.675998 -0.304660 -0.670976
vn -0.705824 -0.104881 -0.700580
vn -0.960741 -0.105390 -0.256652
vn -0.960982 -0.105991 -0.255497
vn -0.699766 -0.109025 -0.706004
vn -0.256473 -0.108926 -0.960394
vn -0.262617 -0.105740 -0.959089
vn 0.255208 -0.105957 -0.961063
vn 0.260983 -0.109061 -0.959163
vn 0.705526 -0.108789 -0.700284
vn 0.702969 -0.106832 -0.703151
vn 0.244236 -0.307278 -0.919744
vn 0.247821 -0.305172 -0.919486
vn 0.675998 -0.304660 -0.670976
vn -0.223674 -0.495993 -0.839024
vn -0.611902 -0.496423 -0.615744
vn -0.614490 -0.494532 -0.614687
vn -0.839541 -0.494113 -0.225883
vn -0.670497 -0.308552 -0.674707
vn -0.919040 -0.308367 -0.245512
vn -0.919779 -0.307375 -0.243983
vn 0.000000 -1.000000 0.000000
vn 0.000000 -1.000000 0.000000
vn -0.965387 -0.000000 0.260822
vn -0.965387 -0.000000 0.260822
vn -0.706983 -0.000000 0.707231
vn -0.706983 -0.000000 0.707231
vn -0.256841 -0.000000 0.966454
vn -0.256841 -0.000000 0.966454
vn 0.255468 0.000000 0.966817
vn 0.255468 0.000000 0.966817
vn 0.706983 0.000000 0.707231
vn 0.706983 0.000000 0.707231
vn 0.965387 0.000000 0.260822
vn 0.965387 0.000000 0.260822
vn 0.965381 -0.000000 -0.260843
vn 0.965381 -0.000000 -0.260843
vn 0.706983 -0.000000 -0.707231
vn 0.706983 -0.000000 -0.707231
vn 0.255545 -0.000000 -0.966797
vn 0.255545 -0.000000 -0.966797
vn -0.256919 -0.000000 -0.966433
vn -0.256919 -0.000000 -0.966433
vn -0.706983 -0.000000 -0.707231
vn -0.706983 -0.000000 -0.707231
vn -0.965381 -0.000000 -0.260843
vn -0.965381 -0.000000 -0.260843
vn 0.000000 1.000000 0.000000
vn 0.000000 1.000000 -0.000000
vn -0.821554 0.525580 -0.220943
vn -0.819921 0.528958 -0.218938
vn -0.679104 0.711291 -0.181337
vn -0.678931 0.711494 -0.181190
vn -0.794594 0.568904 -0.212058
vn -0.796638 0.565427 -0.213685
vn -0.965857 0.000000 -0.259075
vn -0.965857 0.000000 -0.259075
vn -0.794412 -0.568774 -0.213088
vn -0.796996 -0.565294 -0.212699
vn -0.600377 0.528097 -0.600550
vn -0.600369 0.528166 -0.600498
vn -0.497374 0.710727 -0.497481
vn -0.497398 0.710662 -0.497548
vn -0.582727 0.566261 -0.582904
vn -0.582719 0.566291 -0.582883
vn -0.707007 0.000000 -0.707206
vn -0.707007 0.000000 -0.707206
vn -0.582733 -0.566262 -0.582897
vn -0.582713 -0.566292 -0.582889
vn -0.221202 0.526287 -0.821031
vn -0.220993 0.525516 -0.821581
vn -0.182510 0.711554 -0.678513
vn -0.182406 0.711030 -0.679091
vn -0.213962 0.565413 -0.796573
vn -0.213820 0.564131 -0.797519
vn -0.258960 0.000000 -0.965888
vn -0.258960 0.000000 -0.965888
vn -0.213601 -0.565364 -0.796704
vn -0.214198 -0.564083 -0.797452
vn 0.258960 -0.000000 -0.965888
vn 0.258960 -0.000000 -0.965888
vn 0.213820 -0.564129 -0.797521
vn 0.583604 -0.563042 -0.585141
vn 0.581768 -0.569737 -0.580470
vn 0.706176 -0.000000 -0.708036
vn 0.706176 -0.000000 -0.708036
vn -0.252091 -0.965355 -0.067383
vn -0.259802 -0.963122 -0.069992
vn -0.188506 -0.963659 -0.189277
vn -0.183458 -0.965746 -0.183518
vn -0.067618 -0.965930 -0.249814
vn -0.070174 -0.962371 -0.262521
vn 0.070859 -0.962324 -0.262509
vn 0.066730 -0.965865 -0.250302
vn 0.183026 -0.965779 -0.183775
vn 0.183225 -0.965707 -0.183951
vn 0.250114 -0.965906 -0.066854
vn 0.252094 -0.965364 -0.067246
vn 0.252094 -0.965364 0.067244
vn 0.717528 -0.669718 0.191394
vn 0.524717 -0.668700 0.526794
vn 0.505331 -0.700700 0.503647
vn 0.186243 -0.697752 0.691705
vn 0.187748 -0.688789 0.700229
vn -0.188219 -0.688726 0.700165
vn -0.252646 -0.229979 0.939830
vn -0.686493 -0.232105 0.689097
vn -0.676293 0.285970 0.678859
vn -0.927806 0.277273 0.249589
vn -0.697328 0.691769 0.187588
vn -0.700111 0.688674 0.188607
vn -0.257635 0.963746 0.069406
vn 0.700147 -0.688709 0.188347
vn 0.700355 -0.688913 -0.186820
vn 0.716863 -0.670015 -0.192843
vn 0.524558 -0.668951 -0.526635
vn 0.505316 -0.700702 -0.503659
vn 0.184593 -0.697498 -0.692403
vn 0.182548 -0.709418 -0.680737
vn -0.181985 -0.709493 -0.680809
vn -0.185999 -0.697714 -0.691808
vn -0.504294 -0.700864 -0.504458
vn -0.515637 -0.685550 -0.513946
vn -0.697153 -0.691884 -0.187817
vn -0.700147 -0.688709 -0.188347
vn 0.684037 -0.259323 -0.681795
vn 0.249583 -0.267351 -0.930716
vn 0.249763 -0.237756 -0.938664
vn -0.252204 -0.237600 -0.938051
vn -0.248377 -0.267285 -0.931057
vn -0.684037 -0.259323 -0.681795
vn -0.677503 -0.285898 -0.677681
vn -0.927851 -0.277113 -0.249601
vn -0.928694 -0.274241 -0.249637
vn 0.249754 0.237896 -0.938631
vn -0.250358 0.237858 -0.938480
vn -0.250174 0.267540 -0.930503
vn -0.682771 0.259618 -0.682951
vn -0.678649 0.286156 -0.676424
vn -0.927859 0.277257 -0.249412
vn -0.928606 0.274387 -0.249804
vn 0.249572 0.267507 -0.930674
vn 0.682771 0.259618 -0.682951
vn 0.677503 -0.285898 -0.677681
vn 0.928558 -0.276888 -0.247211
vn 0.938017 -0.237592 -0.252336
vn 0.938017 -0.237592 0.252336
vn 0.678649 0.286156 -0.676424
vn 0.927806 0.277273 -0.249589
vn 0.938598 0.237888 -0.249884
vn 0.938598 0.237888 0.249884
vn 0.928558 -0.276888 0.247211
vn 0.676328 -0.285805 0.678893
vn 0.688976 -0.231911 0.686680
vn 0.252501 -0.229970 0.939871
vn 0.251557 -0.237642 0.938214
vn -0.252633 -0.237573 0.937942
vn 0.927806 0.277273 0.249589
vn 0.678667 0.286157 0.676406
vn 0.686470 0.232243 0.689074
vn 0.252029 0.230075 0.939972
vn 0.252015 0.237752 0.938063
vn -0.252161 0.237743 0.938026
vn -0.253097 0.230147 0.939667
vn -0.688952 0.232048 0.686657
vn 0.716942 0.669923 0.192865
vn 0.524717 0.668700 0.526794
vn 0.505331 0.700700 0.503647
vn 0.186243 0.697752 0.691705
vn 0.187748 0.688789 0.700229
vn -0.188994 0.688622 0.700058
vn -0.185975 0.697711 0.691819
vn -0.504294 0.700864 0.504458
vn -0.515804 0.685318 0.514086
vn -0.069593 0.963694 0.257781
vn 0.069409 0.963706 0.257784
vn 0.071037 0.961377 0.265911
vn 0.192913 0.962054 0.192967
vn -0.071207 0.961391 0.265814
vn -0.192913 0.962054 0.192967
vn -0.192839 0.962082 0.192902
vn -0.265734 0.961426 0.071029
vn -0.884987 0.401552 -0.235699
vn -0.881848 0.408167 -0.236099
vn -0.646008 0.406366 -0.646174
vn -0.643498 0.412001 -0.645109
vn -0.237425 0.410353 -0.880477
vn -0.211247 0.584522 -0.783396
vn -0.210374 0.586747 -0.781966
vn -0.173398 0.744661 -0.644526
vn 0.172819 0.744738 -0.644592
vn -0.779667 0.590378 -0.208742
vn -0.571143 0.589412 -0.571304
vn -0.572679 0.585177 -0.574113
vn -0.473292 0.742875 -0.473425
vn -0.173423 0.743681 -0.645650
vn -0.473307 0.742849 -0.473450
vn -0.648807 0.740714 -0.174332
vn -0.644615 0.744900 -0.172032
vn -0.928650 0.274400 0.249625
vn -0.927904 -0.277096 0.249424
vn -0.678702 -0.285993 0.676441
vn -0.505331 -0.700700 0.503647
vn -0.186688 -0.697820 0.691517
vn -0.070149 -0.963100 0.259842
vn -0.067569 -0.965304 0.252234
vn -0.928650 -0.274228 0.249816
vn -0.697328 -0.691769 0.187588
vn -0.514997 -0.685116 0.515164
vn -0.188764 -0.963698 0.188825
vn -0.700111 -0.688674 0.188607
vn -0.252082 -0.965320 0.067910
vn -0.260034 -0.963095 0.069506
vn 0.250076 -0.965916 0.066844
vn 0.183148 -0.965737 0.183873
vn 0.188769 -0.963697 0.188822
vn 0.069988 -0.963086 0.259935
vn 0.067384 -0.965316 0.252237
vn 0.187186 0.964181 0.187927
vn 0.255591 0.964368 0.068318
vn 0.257647 0.963792 0.068725
vn 0.700356 0.688914 0.186813
vn 0.700355 0.688913 -0.186820
vn 0.716863 0.670015 -0.192843
vn 0.526227 0.669315 -0.524502
vn 0.503267 0.701025 -0.505259
vn 0.185566 0.697648 -0.691992
vn 0.181518 0.709555 -0.680869
vn -0.183007 0.709356 -0.680678
vn -0.185035 0.697566 -0.692216
vn -0.504294 0.700864 -0.504458
vn -0.187503 0.964190 -0.187564
vn -0.192643 0.962015 -0.193432
vn 0.187077 0.964223 -0.187818
vn 0.068202 0.964315 -0.255822
vn 0.072410 0.960623 -0.268254
vn -0.071710 0.960672 -0.268268
vn -0.069109 0.964382 -0.255324
vn 0.187255 0.964149 -0.188022
vn 0.255630 0.964357 -0.068329
vn 0.257647 0.963792 -0.068728
vn -0.515637 0.685550 -0.513946
vn -0.697251 0.691853 -0.187567
vn -0.700110 0.688673 -0.188614
vn -0.265498 0.961454 -0.071527
vn -0.257645 0.963782 -0.068867
vn 0.000000 0.446187 0.894940
vn 0.000000 0.446187 0.894940
vn -0.236888 0.401320 -0.884775
vn 0.236888 0.401320 -0.884775
vn 0.237305 0.408288 -0.881469
vn 0.210933 0.584479 -0.783512
vn 0.572679 0.585177 -0.574113
vn 0.571143 0.589412 -0.571304
vn 0.780101 0.590220 -0.207564
vn 0.782168 0.587035 -0.208816
vn 0.782283 0.587121 0.208139
vn 0.779850 0.590329 0.208197
vn 0.571114 0.589478 0.571266
vn 0.571139 0.589440 0.571280
vn 0.209347 0.590392 0.779494
vn 0.173091 0.744760 0.644494
vn -0.173095 0.744760 0.644493
vn 0.173119 0.743638 0.645781
vn 0.473302 0.742873 0.473418
vn 0.473315 0.742850 0.473441
vn 0.646008 0.743592 0.172465
vn 0.648929 0.740670 0.174065
vn 0.649021 0.740776 -0.173270
vn 0.644388 0.744834 -0.173168
vn 0.470955 0.745840 -0.471088
vn 0.473977 0.742760 -0.472920
vn 0.173403 0.743678 -0.645658
vn 0.000000 0.000000 1.000000
vn 0.000000 -0.000000 1.000000
vn 0.645242 0.406496 -0.646857
vn 0.647741 0.400808 -0.647908
vn 0.884637 0.400730 -0.238397
vn 0.878455 0.416755 -0.233733
vn 0.877838 0.416462 0.236560
vn 0.885515 0.400441 0.235606
vn 0.647731 0.400806 0.647919
vn 0.647757 0.400748 0.647929
vn 0.237004 0.400471 0.885128
vn 0.234494 0.409163 0.881815
vn -0.234857 0.409126 0.881736
vn -0.207778 0.590182 0.780072
vn -0.571133 0.589441 0.571285
vn -0.571119 0.589479 0.571260
vn -0.779398 0.590492 0.209421
vn -0.644484 0.744750 0.173170
vn -0.650582 0.739398 0.173302
vn -0.475690 0.739816 0.475807
vn -0.472606 0.742989 0.473932
vn -0.173672 0.743716 0.645543
vn -0.211518 0.580623 0.786217
vn 0.209180 0.580922 0.786622
vn -0.328081 -0.940481 -0.088646
vn -0.327416 -0.940773 -0.088000
vn -0.239863 -0.940686 -0.239948
vn -0.240435 -0.940021 -0.241973
vn -0.087909 -0.939639 -0.330683
vn -0.088555 -0.940474 -0.328125
vn 0.088170 -0.940507 -0.328136
vn 0.125383 -0.875520 -0.466630
vn 0.124370 -0.876179 -0.465664
vn 0.171618 -0.746761 -0.642570
vn 0.470256 -0.746722 -0.470388
vn 0.470282 -0.746699 -0.470399
vn 0.642479 -0.746824 -0.171679
vn 0.637569 -0.750918 -0.172128
vn 0.637762 -0.751146 0.170410
vn 0.641792 -0.747050 0.173260
vn 0.470282 -0.746699 0.470399
vn 0.707018 -0.000000 0.707195
vn 0.257775 0.000000 0.966205
vn 0.257775 -0.000000 0.966205
vn -0.258512 -0.000000 0.966008
vn 0.707018 -0.000000 0.707195
vn 0.965438 0.000000 0.260633
vn 0.965438 -0.000000 0.260633
vn 0.965435 -0.000000 -0.260644
vn 0.965435 -0.000000 -0.260644
vn 0.707018 -0.000000 -0.707195
vn 0.707018 -0.000000 -0.707195
vn 0.257775 -0.000000 -0.966205
vn 0.257775 -0.000000 -0.966205
vn -0.258512 -0.000000 -0.966008
vn -0.258512 -0.000000 -0.966008
vn -0.705541 -0.000000 -0.708669
vn -0.705541 -0.000000 -0.708669
vn -0.966174 -0.000000 -0.257893
vn -0.966174 -0.000000 -0.257893
vn -0.172080 -0.746259 -0.643029
vn -0.172144 -0.746836 -0.642341
vn -0.470256 -0.746722 -0.470388
vn -0.342394 -0.874910 -0.342490
vn -0.467997 -0.874733 -0.125784
vn -0.339653 -0.876237 -0.341824
vn -0.124745 -0.876225 -0.465477
vn -0.125927 -0.875459 -0.466598
vn -0.466662 -0.750013 -0.468730
vn -0.636427 -0.751862 -0.172231
vn -0.642999 -0.746388 -0.171631
vn -0.782009 0.587051 0.209364
vn -0.884729 0.401435 0.236865
vn -0.882208 0.408052 0.234954
vn -0.645998 0.406364 0.646185
vn -0.646024 0.406306 0.646196
vn 0.000000 -0.894463 -0.447142
vn 0.000000 -0.894463 -0.447142
vn 0.087470 -0.939596 -0.330921
vn 0.241331 -0.939935 -0.241416
vn 0.239312 -0.940598 -0.240843
vn 0.339653 -0.876237 -0.341824
vn 0.342394 -0.874910 -0.342490
vn 0.327416 -0.940773 -0.088000
vn 0.469257 -0.874008 -0.126122
vn 0.469257 -0.874008 0.126122
vn 0.468312 -0.874657 0.125133
vn 0.342372 -0.874927 0.342468
vn 0.470256 -0.746722 0.470388
vn 0.171451 -0.746737 0.642642
vn 0.171698 -0.746379 0.642992
vn 0.124616 -0.875605 0.466676
vn 0.123932 -0.874462 0.468996
vn 0.086723 -0.940624 0.328184
vn 0.239877 -0.940684 0.239942
vn 0.239885 -0.940675 0.239969
vn 0.327427 -0.940769 0.088003
vn 0.328081 -0.940482 0.088639
vn 0.328081 -0.940481 -0.088646
vn -0.172059 -0.746331 0.642950
vn -0.172114 -0.746832 0.642354
vn -0.125036 -0.875559 0.466651
vn -0.124414 -0.874523 0.468754
vn -0.087057 -0.940656 0.328004
vn -0.239877 -0.940684 0.239942
vn -0.239885 -0.940675 0.239969
vn -0.327211 -0.940807 0.088404
vn -0.342374 -0.874927 0.342466
vn -0.342375 -0.874925 0.342470
vn -0.467480 -0.750202 0.467611
vn -0.469136 -0.746905 0.471215
vn -0.705541 -0.000000 0.708669
vn -0.705541 -0.000000 0.708669
vn -0.966176 -0.000000 0.257882
vn -0.966176 -0.000000 0.257882
vn -0.637342 -0.751570 0.170113
vn -0.642736 -0.746082 0.173930
vn -0.467605 -0.874833 0.126538
vn -0.466506 -0.875586 0.125383
vn -0.328095 -0.940520 0.088182
vn 0.000000 -0.000000 1.000000
vn -0.000000 -0.000000 1.000000
vn -0.087212 -0.940586 0.328164
vn 0.086717 -0.940627 0.328178
vn -0.000000 0.894320 -0.447427
vn 0.000000 0.894320 -0.447427
vn -0.901554 0.359344 0.240980
vn -0.902191 0.358377 0.240037
vn -0.924562 0.290991 0.245988
vn -0.922148 0.294755 0.250526
vn -0.940874 0.222301 0.255614
vn -0.942431 0.219833 0.251985
vn -0.954857 0.151878 0.255307
vn -0.953981 0.153268 0.257740
vn -0.962197 0.081232 0.259960
vn -0.963844 0.078544 0.254629
vn -0.966799 0.008137 0.255410
vn -0.966394 0.008851 0.256912
vn -0.659958 0.358701 0.660143
vn -0.657927 0.360618 0.661125
vn -0.674216 0.293999 0.677494
vn -0.678494 0.290301 0.674812
vn -0.691545 0.220698 0.687792
vn -0.689243 0.222498 0.689520
vn -0.698663 0.152801 0.698943
vn -0.701676 0.150674 0.696382
vn -0.707538 0.079409 0.702199
vn -0.704677 0.081298 0.704856
vn -0.706995 0.007924 0.707174
vn -0.706994 0.007925 0.707175
vn -0.241327 0.360818 0.900873
vn -0.240322 0.361670 0.900800
vn -0.246598 0.291225 0.924325
vn -0.247137 0.290830 0.924306
vn -0.251832 0.222423 0.941864
vn -0.256271 0.219627 0.941323
vn -0.259688 0.150631 0.953872
vn -0.257664 0.151740 0.954245
vn -0.259822 0.081195 0.962237
vn 0.258443 0.081226 0.962605
vn 0.258622 0.081317 0.962550
vn 0.707435 0.081213 0.702097
vn 0.704789 0.079332 0.704968
vn 0.962395 0.078669 0.260013
vn 0.963626 0.081353 0.254572
vn 0.964014 0.081385 -0.253089
vn 0.967149 0.012268 -0.253913
vn 0.703894 0.011884 -0.710206
vn 0.706981 0.009899 -0.707163
vn 0.262537 0.009557 -0.964875
vn 0.964868 0.008121 -0.262610
vn 0.964874 0.008121 0.262587
vn 0.966766 0.011548 0.255401
vn 0.710022 0.009923 0.704110
vn 0.706995 0.007925 0.707174
vn 0.251086 0.006816 0.967941
vn 0.259466 0.010823 0.965692
vn -0.252567 0.010844 0.967519
vn -0.260989 0.006857 0.965317
vn 0.240627 0.361641 0.900730
vn 0.239670 0.360663 0.901377
vn 0.245850 0.290928 0.924618
vn 0.247064 0.291936 0.923977
vn 0.251888 0.221717 0.942016
vn 0.689589 0.220559 0.689797
vn 0.698909 0.150856 0.699120
vn 0.701427 0.152963 0.696134
vn 0.659489 0.360425 0.659673
vn 0.659490 0.360427 0.659671
vn 0.676122 0.292349 0.676307
vn 0.674671 0.290352 0.678613
vn 0.687408 0.222264 0.691425
vn 0.941868 0.222403 0.251835
vn 0.954665 0.153166 0.255256
vn 0.954203 0.151774 0.257800
vn 0.900999 0.360833 0.240832
vn 0.901138 0.359178 0.242777
vn 0.924177 0.289660 0.248984
vn 0.924241 0.290890 0.247308
vn 0.941795 0.222519 0.252005
vn 0.942133 0.222599 -0.250670
vn 0.955161 0.151926 -0.254136
vn 0.953867 0.153991 -0.257731
vn 0.962445 0.077935 -0.260049
vn 0.707649 0.077425 -0.702309
vn 0.701608 0.081391 -0.707900
vn 0.258442 0.081313 -0.962599
vn 0.258624 0.081222 -0.962557
vn -0.259822 0.081195 -0.962237
vn -0.260130 0.081351 -0.962140
vn -0.707435 0.081213 -0.702097
vn -0.701840 0.077246 -0.708134
vn -0.962445 0.077935 -0.260049
vn -0.964014 0.081385 -0.253089
vn 0.259473 0.008088 -0.965717
vn -0.260987 0.008084 -0.965309
vn -0.264086 0.009562 -0.964452
vn -0.703909 0.009907 -0.710221
vn -0.703927 0.009919 -0.710203
vn -0.967178 0.009568 -0.253920
vn -0.966394 0.008133 -0.256936
vn 0.255079 0.219699 0.941630
vn 0.258441 0.151708 0.954040
vn 0.000000 -0.000000 -1.000000
vn 0.000000 -0.000000 -1.000000
vn -0.315916 0.944940 -0.085359
vn -0.315813 0.944983 -0.085260
vn -0.445081 0.887392 -0.120159
vn -0.444643 0.887669 -0.119737
vn -0.616293 0.769831 -0.165961
vn -0.613360 0.772648 -0.163719
vn -0.231894 0.944676 -0.231976
vn -0.231311 0.945305 -0.229986
vn -0.325922 0.888123 -0.324055
vn -0.326723 0.886817 -0.326816
vn -0.449427 0.771956 -0.449555
vn -0.450756 0.769306 -0.452754
vn -0.164767 0.768695 -0.618029
vn -0.118915 0.887078 -0.446040
vn -0.120952 0.885731 -0.448164
vn -0.085057 0.945218 -0.315164
vn -0.083299 0.945981 -0.313338
vn 0.120429 0.885788 -0.448192
vn 0.084188 0.945910 -0.313315
vn 0.083526 0.945075 -0.316001
vn 0.231311 0.945305 -0.229986
vn 0.327919 0.886661 -0.326040
vn 0.118550 0.887034 -0.446224
vn 0.163811 0.770055 -0.616588
vn -0.164972 0.769904 -0.616467
vn 0.325147 0.887975 -0.325239
vn 0.451839 0.769134 -0.451967
vn 0.164872 0.768710 -0.617982
vn 0.444643 0.887669 -0.119737
vn 0.617317 0.768951 -0.166237
vn 0.451866 0.769112 -0.451978
vn 0.616250 0.769777 -0.166373
vn 0.616235 0.769758 0.166516
vn 0.615924 0.770059 0.166277
vn 0.450331 0.772145 0.448324
vn 0.451848 0.769133 0.451961
vn 0.166175 0.768897 0.617400
vn 0.165701 0.766024 0.621089
vn -0.167694 0.765762 0.620876
vn -0.165323 0.768775 0.617781
vn -0.453081 0.768935 0.451062
vn -0.446231 0.774588 0.448209
vn -0.611343 0.773932 0.165194
vn -0.616443 0.770017 0.164535
vn 0.445075 0.887381 0.120266
vn 0.445301 0.887275 0.120211
vn 0.327329 0.886941 0.325870
vn 0.327919 0.886661 0.326040
vn 0.119917 0.887197 0.445535
vn 0.119596 0.887408 0.445200
vn -0.120115 0.887352 0.445172
vn -0.084535 0.945882 0.313305
vn -0.083922 0.945112 0.315785
vn -0.120286 0.887241 0.445349
vn -0.327919 0.886661 0.326040
vn -0.327329 0.886941 0.325870
vn -0.445301 0.887275 0.120211
vn -0.445075 0.887381 0.120266
vn -0.231311 0.945305 0.229986
vn -0.231894 0.944676 0.231976
vn -0.315783 0.944988 0.085316
vn -0.252097 0.965378 -0.067025
vn -0.259749 0.963113 -0.070312
vn -0.702537 0.685767 -0.190172
vn -0.694908 0.694508 -0.186447
vn -0.937971 0.238487 -0.251662
vn -0.933580 0.259051 -0.247631
vn -0.938946 -0.237387 -0.249055
vn -0.933211 -0.257729 -0.250385
vn -0.702760 -0.685985 -0.188554
vn -0.694279 -0.694735 -0.187937
vn -0.259749 -0.963113 -0.070312
vn -0.188158 -0.963618 -0.189835
vn -0.188158 0.963618 -0.189835
vn -0.183468 0.965745 -0.183512
vn -0.506602 0.697558 -0.506723
vn -0.506590 0.697579 -0.506706
vn -0.687433 0.233784 -0.687590
vn -0.687432 0.233803 -0.687585
vn -0.687647 -0.232536 -0.687800
vn -0.687642 -0.232554 -0.687799
vn -0.506604 -0.697558 -0.506720
vn -0.506587 -0.697579 -0.506708
vn -0.183468 -0.965745 -0.183512
vn -0.068301 -0.965979 -0.249438
vn -0.248348 0.231633 -0.940569
vn -0.251133 0.275721 -0.927852
vn -0.254208 -0.230781 -0.939212
vn -0.245470 -0.274701 -0.929668
vn -0.183835 -0.693870 -0.696239
vn -0.187094 -0.686180 -0.702960
vn -0.069872 -0.962392 -0.262527
vn 0.071424 -0.962285 -0.262498
vn 0.244082 0.276235 -0.929580
vn 0.252840 0.231935 -0.939297
vn 0.249953 -0.274377 -0.928569
vn 0.247137 -0.230308 -0.941213
vn 0.184664 -0.686501 -0.703289
vn 0.184181 -0.693924 -0.696094
vn 0.066292 -0.965833 -0.250543
vn 0.183466 -0.965745 -0.183513
vn 0.687430 0.233803 -0.687587
vn 0.687435 0.233784 -0.687589
vn 0.687643 -0.232554 -0.687797
vn 0.687645 -0.232536 -0.687802
vn 0.506590 -0.697579 -0.506706
vn 0.506602 -0.697558 -0.506723
vn 0.183479 -0.965741 -0.183523
vn 0.249812 -0.965930 -0.067622
vn 0.252070 -0.965274 -0.068606
vn 0.252070 -0.965274 0.068600
vn 0.506604 0.697558 -0.506720
vn 0.694908 0.694508 -0.186447
vn 0.932858 0.259094 -0.250290
vn 0.938645 0.238659 -0.248975
vn 0.933933 -0.257686 -0.247725
vn 0.938272 -0.237217 -0.251743
vn 0.702760 -0.685985 -0.188554
vn 0.702622 -0.685850 0.189556
vn 0.699397 -0.689203 0.189322
vn 0.516796 -0.682481 0.516858
vn 0.183564 -0.965712 0.183586
vn 0.189775 -0.963622 0.188195
vn 0.506587 0.697579 -0.506708
vn 0.182915 0.693726 -0.696625
vn 0.186036 0.686320 -0.703104
vn -0.187094 0.686180 -0.702960
vn -0.069872 0.962392 -0.262527
vn -0.068301 0.965979 -0.249438
vn 0.183468 0.965745 -0.183512
vn 0.066292 0.965833 -0.250543
vn 0.071424 0.962285 -0.262498
vn 0.183478 0.965740 -0.183525
vn 0.249635 0.965953 -0.067943
vn 0.252077 0.965299 -0.068235
vn 0.252070 0.965274 0.068600
vn 0.249850 0.965920 0.067633
vn 0.183564 0.965712 0.183586
vn 0.516796 0.682481 0.516858
vn 0.508756 0.697235 0.505005
vn 0.679700 0.287754 0.674689
vn 0.684809 0.234009 0.690128
vn 0.674973 -0.285864 0.680215
vn 0.690296 -0.232343 0.685207
vn 0.508756 -0.697235 0.505005
vn 0.186344 -0.694259 0.695184
vn 0.181048 -0.706416 0.684250
vn -0.184324 -0.705979 0.683826
vn -0.185157 -0.694075 0.695684
vn -0.508756 -0.697235 0.505005
vn -0.516796 -0.682481 0.516858
vn -0.699622 -0.689133 0.188746
vn -0.702537 -0.685767 0.190172
vn 0.699622 0.689133 0.188746
vn 0.927203 0.278788 0.250144
vn 0.938967 0.238740 0.247678
vn 0.939268 -0.237469 0.247757
vn 0.702537 0.685767 0.190172
vn 0.702537 0.685767 -0.190172
vn 0.445081 0.887392 -0.120159
vn 0.315813 0.944983 -0.085260
vn 0.315916 0.944940 -0.085359
vn 0.315918 0.944946 0.085283
vn 0.315783 0.944988 0.085316
vn 0.231894 0.944676 0.231976
vn 0.231311 0.945305 0.229986
vn 0.083502 0.945073 0.316014
vn 0.084167 0.945912 0.313315
vn 0.067759 -0.962900 0.261214
vn 0.066743 -0.965358 0.252248
vn -0.067134 -0.965333 0.252242
vn -0.068133 -0.962931 0.261000
vn -0.188772 -0.963697 0.188820
vn -0.188875 -0.963662 0.188897
vn -0.260417 -0.963011 0.069231
vn 0.189775 0.963622 0.188195
vn 0.067759 0.962900 0.261214
vn 0.066743 0.965358 0.252248
vn -0.065852 0.965415 0.252263
vn -0.069289 0.963029 0.260336
vn -0.188772 0.963697 0.188820
vn -0.188875 0.963662 0.188897
vn -0.260417 0.963011 0.069231
vn -0.252077 0.965299 0.068235
vn 0.181048 0.706416 0.684250
vn -0.182079 0.706280 0.684117
vn -0.187279 0.694402 0.694789
vn -0.506621 0.697574 0.506682
vn -0.518461 0.682895 0.514638
vn -0.699397 0.689203 0.189322
vn -0.702622 0.685850 0.189556
vn -0.927203 0.278788 0.250144
vn -0.674659 0.287353 0.679899
vn -0.690084 0.233590 0.684996
vn -0.254059 0.232016 0.938948
vn -0.252719 0.238975 0.937563
vn 0.252324 0.239000 0.937663
vn 0.251854 0.231869 0.939578
vn -0.938967 0.238740 0.247678
vn -0.929133 -0.276849 0.245084
vn -0.674973 -0.285864 0.680215
vn -0.690296 -0.232343 0.685207
vn -0.253238 -0.230716 0.939489
vn -0.253704 -0.237644 0.937635
vn 0.251484 -0.237786 0.938197
vn 0.252846 -0.230690 0.939601
vn -0.966084 -0.000000 0.258229
vn -0.966084 -0.000000 0.258229
vn -0.707008 -0.000000 0.707206
vn -0.707008 -0.000000 0.707206
vn -0.258758 -0.000000 0.965942
vn -0.258758 -0.000000 0.965942
vn 0.258096 0.000000 0.966119
vn 0.258096 0.000000 0.966119
vn 0.707008 0.000000 0.707206
vn 0.707008 0.000000 0.707206
vn 0.966084 0.000000 0.258229
vn 0.966084 0.000000 0.258229
vn 0.966084 -0.000000 -0.258229
vn 0.966084 -0.000000 -0.258229
vn 0.705661 -0.000000 -0.708550
vn 0.705661 -0.000000 -0.708550
vn 0.260603 -0.000000 -0.965446
vn 0.260603 -0.000000 -0.965446
vn -0.261270 -0.000000 -0.965266
vn -0.261270 -0.000000 -0.965266
vn -0.705661 -0.000000 -0.708550
vn -0.705661 -0.000000 -0.708550
vn -0.966084 -0.000000 -0.258229
vn -0.966084 -0.000000 -0.258229
vn -0.000000 0.000000 -1.000000
vn 0.000000 -0.000000 -1.000000
vn 0.000000 -0.447968 -0.894050
vn 0.000000 -0.447968 -0.894050
vn -1.000000 -0.000000 0.000000
vn -1.000000 0.000000 0.000000
vn -1.000000 -0.000000 0.000000
vn -1.000000 0.000000 0.000000
vn -0.954198 0.151773 -0.257821
vn -0.954877 0.153829 -0.254061
vn -0.942133 0.222599 -0.250670
vn -0.941516 0.219364 -0.255788
vn -0.923370 0.290616 -0.250858
vn -0.923558 0.294382 -0.245722
vn -0.901796 0.359440 -0.239931
vn -0.901877 0.358474 -0.241067
vn -0.701211 0.154912 -0.695920
vn -0.696496 0.150989 -0.701495
vn -0.686887 0.222659 -0.691816
vn -0.251720 0.222378 -0.941905
vn -0.251882 0.222488 -0.941836
vn 0.250539 0.222568 -0.942175
vn 0.251943 0.221682 -0.942009
vn 0.687231 0.220727 -0.692093
vn 0.687682 0.220376 -0.691758
vn 0.941970 0.221727 -0.252052
vn 0.924638 0.289536 -0.247414
vn 0.923853 0.290768 -0.248897
vn 0.901138 0.359178 -0.242777
vn 0.696529 0.151015 -0.701457
vn 0.254060 0.150445 -0.955416
vn 0.256399 0.149160 -0.954993
vn -0.255294 0.149205 -0.955281
vn -0.257710 0.150588 -0.954415
vn -0.658744 0.358541 -0.661441
vn -0.658374 0.358891 -0.661620
vn -0.243493 0.358641 -0.901159
vn -0.249389 0.293114 -0.922979
vn 0.247009 0.293299 -0.923560
vn -0.247155 0.291267 -0.924163
vn -0.674909 0.290679 -0.678236
vn -0.677584 0.294369 -0.673964
vn 0.900999 0.360833 -0.240832
vn 0.658276 0.360265 -0.660970
vn 0.659938 0.358701 -0.660164
vn 0.243268 0.358620 -0.901228
vn 0.242685 0.359117 -0.901188
vn -0.243852 0.359008 -0.900916
vn 0.248693 0.292064 -0.923499
vn 0.674171 0.292548 -0.678166
vn 0.676488 0.290543 -0.676719
vn -0.965381 0.000000 -0.260843
vn -0.965381 0.000000 -0.260843
vn -0.706983 0.000000 -0.707231
vn -0.706983 0.000000 -0.707231
vn -0.256919 0.000000 -0.966433
vn -0.256919 0.000000 -0.966433
vn 0.255545 -0.000000 -0.966797
vn 0.255545 -0.000000 -0.966797
vn 0.706983 -0.000000 -0.707231
vn 0.706983 -0.000000 -0.707231
vn 0.965381 -0.000000 -0.260843
vn 0.965381 -0.000000 -0.260843
vn 0.965387 -0.000000 0.260822
vn 0.965387 -0.000000 0.260822
vn 0.706983 -0.000000 0.707231
vn 0.706983 -0.000000 0.707231
vn 0.255468 -0.000000 0.966817
vn 0.255468 -0.000000 0.966817
vn -0.256841 -0.000000 0.966454
vn -0.256841 -0.000000 0.966454
vn -0.706983 -0.000000 0.707231
vn -0.706983 -0.000000 0.707231
vn -0.965387 -0.000000 0.260822
vn -0.965387 -0.000000 0.260822
vn 0.000000 1.000000 0.000000
vn 0.000000 1.000000 -0.000000
vn 0.000000 0.894320 0.447427
vn 0.000000 0.894320 0.447427
vn 0.000000 -0.446059 0.895004
vn 0.000000 -0.446059 0.895004
vn -1.000000 -0.000000 0.000000
vn -1.000000 -0.000000 0.000000
vn 0.000000 0.000000 1.000000
vn 0.000000 -0.000000 1.000000
vn 1.000000 -0.000000 0.000000
vn 1.000000 -0.000000 0.000000
vn 1.000000 -0.000000 0.000000
vn 1.000000 -0.000000 -0.000000
vn 0.000000 -0.894463 0.447142
vn 0.000000 -0.894463 0.447142
vn 1.000000 -0.000000 0.000000
vn 1.000000 -0.000000 0.000000
vn 0.000000 1.000000 0.000000
vn 0.000000 1.000000 -0.000000
vn -0.263466 -0.000000 -0.964669
vn -0.263466 -0.000000 -0.964669
vn 0.263466 -0.000000 -0.964669
vn 0.263466 -0.000000 -0.964669
vn 0.707002 -0.000000 -0.707212
vn 0.707002 -0.000000 -0.707212
vn 0.964631 -0.000000 -0.263603
vn 0.964631 -0.000000 -0.263603
vn 0.964636 0.000000 0.263585
vn 0.964636 -0.000000 0.263585
vn 0.707002 0.000000 0.707212
vn 0.707002 -0.000000 0.707212
vn 0.259035 0.000000 0.965868
vn 0.259035 -0.000000 0.965868
vn -0.259035 -0.000000 0.965868
vn -0.259035 -0.000000 0.965868
vn -0.707002 -0.000000 0.707212
vn -0.707002 -0.000000 0.707212
vn -0.965819 -0.000000 0.259218
vn -0.965819 -0.000000 0.259218
vn -0.965814 -0.000000 -0.259235
vn -0.965814 -0.000000 -0.259235
vn -0.707002 -0.000000 -0.707212
vn -0.707002 -0.000000 -0.707212
vn -0.000000 -1.000000 0.000000
vn -0.000000 -1.000000 0.000000
vn 0.000000 -1.000000 0.000000
vn 0.000000 -1.000000 -0.000000
vn 0.000000 -1.000000 -0.000000
vn 0.000000 -1.000000 0.000000
vn 0.000000 -1.000000 0.000000
vn 0.000000 -1.000000 0.000000
vn 0.000000 -1.000000 -0.000000
vn 0.000000 -1.000000 0.000000
vn 0.000000 -1.000000 0.000000
vn 0.000000 -1.000000 0.000000
vn -0.459497 0.761182 0.457673
vn -0.625540 0.762501 0.165205
vn -0.614767 0.771057 0.165929
vn -0.615126 0.771508 -0.162463
vn -0.622778 0.764245 -0.167562
vn -0.454631 0.764512 -0.456981
vn -0.452505 0.768340 -0.452651
vn -0.165727 0.769108 -0.617257
vn -0.165492 0.766320 -0.620778
vn 0.164985 0.766386 -0.620832
vn -0.393856 0.913268 0.104017
vn -0.393786 0.913107 -0.105677
vn -0.389326 0.915343 -0.102826
vn -0.284645 0.915369 -0.284739
vn -0.286115 0.914018 -0.287594
vn -0.105771 0.913516 -0.392812
vn -0.105727 0.913102 -0.393784
vn 0.105605 0.913114 -0.393790
vn 0.105180 0.913449 -0.393125
vn 0.286966 0.913922 -0.287048
vn 0.452514 0.768338 -0.452644
vn 0.452484 0.768365 -0.452629
vn 0.034713 0.990979 -0.129440
vn -0.034854 0.990975 -0.129439
vn -0.034951 0.991162 -0.127973
vn -0.094416 0.991043 -0.094447
vn -0.094413 0.991043 -0.094441
vn -0.129377 0.990987 -0.034720
vn -0.129393 0.990985 -0.034731
vn -0.129393 0.990985 0.034724
vn -0.129382 0.990987 0.034725
vn -0.094424 0.991041 0.094455
vn -0.094430 0.991040 0.094458
vn -0.034082 0.991126 0.128484
vn -0.034708 0.990983 0.129417
vn 0.034708 0.990983 0.129417
vn -0.388551 0.915508 0.104272
vn -0.284079 0.915293 0.285547
vn -0.286924 0.913945 0.287019
vn -0.105469 0.913514 0.392898
vn -0.103343 0.915174 0.389584
vn 0.102929 0.915214 0.389601
vn 0.033855 0.991177 0.128145
vn 0.093606 0.991197 0.093633
vn -0.451281 0.768493 0.453613
vn -0.164726 0.768893 0.617794
vn -0.166586 0.766248 0.620575
vn 0.164991 0.766456 0.620744
vn 0.165202 0.768960 0.617584
vn 0.452560 0.768285 0.452689
vn 0.286931 0.913944 0.287014
vn 0.286919 0.913955 0.286990
vn 0.093615 0.991195 0.093638
vn 0.127555 0.991219 0.034854
vn 0.456379 0.764910 0.454566
vn 0.619126 0.767729 0.165149
vn 0.626092 0.761036 0.169805
vn 0.626091 0.761035 -0.169814
vn 0.389362 0.915011 -0.105606
vn 0.392854 0.913535 -0.105451
vn 0.127854 0.991199 -0.034319
vn 0.093602 0.991198 -0.093626
vn 0.093593 0.991199 -0.093621
vn 0.034838 0.991219 -0.127557
vn 0.129390 0.990963 -0.035358
vn 0.129393 0.990985 0.034732
vn 0.392836 0.913543 0.105446
vn 0.000000 1.000000 0.000000
vn 0.000000 1.000000 0.000000
vn 0.000000 1.000000 0.000000
vn 0.000000 1.000000 0.000000
vn 0.000000 1.000000 0.000000
vn 0.000000 1.000000 0.000000
vn 0.000000 1.000000 -0.000000
vn 0.000000 1.000000 -0.000000
vn 0.000000 1.000000 0.000000
vn -0.000000 1.000000 0.000000
vn -0.000000 1.000000 0.000000
vn 0.000000 1.000000 -0.000000
vn 0.210027 0.586792 -0.782026
vn -0.236773 0.402511 0.884265
vn 0.171570 -0.746326 -0.643087
vn 0.468320 -0.874652 -0.125141
vn 0.186344 0.694259 0.695184
vn -0.260130 0.081351 0.962140
vn 0.927609 -0.277335 0.250253
vn -0.258512 -0.000000 0.966008
vn 0.286954 0.913933 -0.287025
vn -0.188700 -0.963724 0.188753
vn -0.315918 0.944946 0.085283
vn -0.252077 -0.965299 0.068235
vn -0.937943 -0.237134 0.253041
vn -0.781884 0.586958 -0.210089
vn 0.105145 0.913477 0.393070
vn -0.466455 -0.875491 -0.126233
vn 0.701211 0.154912 -0.695920
vn 0.389363 0.915011 0.105601
vn 0.617804 0.768981 -0.164277
vn -0.839094 -0.496366 -0.222580
vn -0.252097 -0.965378 -0.067025
vn 0.231894 0.944676 -0.231976
vn 0.249850 -0.965920 0.067633
vn -0.691816 0.218818 -0.688120
vn 0.342377 -0.874925 0.342469
vn 0.694279 -0.694735 -0.187937
vn -0.245534 -0.307174 -0.919433
vn -0.183835 0.693870 -0.696239
vn 0.256347 0.150502 0.954796
vn 0.165208 0.769036 -0.617487
vn 0.213819 -0.564131 -0.797520
vn 0.213820 0.564131 -0.797519
usemtl white_marble
f 1/1/1 2/2/1 3/3/1
f 2/2/2 4/4/2 3/3/2
f 5/5/3 6/6/3 7/7/3
f 6/6/4 8/8/4 7/7/4
f 9/9/5 10/10/5 11/11/5
f 10/10/6 12/12/6 11/11/6
f 13/13/7 7/7/7 14/14/7
f 7/7/8 8/8/8 14/14/8
f 14/14/9 15/15/9 16/16/9
f 15/15/10 17/17/10 16/16/10
f 18/18/11 19/19/11 20/20/11
f 19/19/12 21/21/12 20/20/12
f 22/22/13 23/23/13 24/24/13
f 23/23/14 25/25/14 24/24/14
f 26/26/15 27/27/15 28/28/15
f 27/27/16 29/29/16 28/28/16
f 2/2/17 30/30/17 4/4/17
f 30/30/18 23/23/18 4/4/18
f 31/31/19 32/32/19 33/33/19
f 32/32/20 34/34/20 33/33/20
f 34/34/21 35/35/21 33/33/21
f 35/35/22 30/30/22 33/33/22
f 36/36/23 37/37/23 38/38/23
f 37/37/24 39/39/24 38/38/24
f 40/40/25 41/41/25 42/42/25
f 41/41/26 35/35/26 42/42/26
f 43/43/27 44/44/27 45/45/27
f 44/44/28 46/46/28 45/45/28
f 41/41/29 47/47/29 48/48/29
f 47/47/30 49/49/30 48/48/30
f 50/50/31 51/51/31 52/52/31
f 51/51/32 48/48/32 52/52/32
f 40/40/33 42/42/33 53/53/33
f 42/42/34 54/54/34 53/53/34
f 55/55/35 56/56/35 57/57/35
f 56/56/36 51/51/36 57/57/36
f 58/58/37 59/59/37 60/60/37
f 59/59/38 61/61/38 60/60/38
f 56/56/39 62/62/39 63/63/39
f 62/62/40 64/64/40 63/63/40
f 65/65/41 66/66/41 67/67/41
f 66/66/42 68/68/42 67/67/42
f 51/51/43 56/56/43 48/48/43
f 56/56/44 41/41/44 48/48/44
f 56/56/45 23/23/45 41/41/45
f 23/23/46 30/30/46 41/41/46
f 41/41/47 30/30/47 35/35/47
f 56/56/48 14/14/48 23/23/48
f 14/14/49 16/16/49 23/23/49
f 23/23/50 16/16/50 25/25/50
f 56/56/51 63/63/51 14/14/51
f 63/63/52 13/13/52 14/14/52
f 69/69/53 70/70/53 71/71/53
f 70/70/54 72/72/54 71/71/54
f 71/71/55 72/72/55 73/73/55
f 72/72/56 74/74/56 73/73/56
f 73/73/57 74/74/57 75/75/57
f 74/74/58 76/76/58 75/75/58
f 75/75/59 76/76/59 77/77/59
f 76/76/60 78/78/60 77/77/60
f 77/77/61 78/78/61 79/79/61
f 78/78/62 80/80/62 79/79/62
f 79/79/63 80/80/63 81/81/63
f 80/80/64 82/82/64 81/81/64
f 81/81/65 82/82/65 83/83/65
f 82/82/66 84/84/66 83/83/66
f 83/83/67 84/84/67 85/85/67
f 84/84/68 86/86/68 85/85/68
f 85/85/69 86/86/69 87/87/69
f 86/86/70 88/88/70 87/87/70
f 87/87/71 88/88/71 89/89/71
f 88/88/72 90/90/72 89/89/72
f 89/89/73 90/90/73 91/91/73
f 90/90/74 92/92/74 91/91/74
f 91/91/75 92/92/75 93/93/75
f 92/92/76 94/94/76 93/93/76
f 47/47/77 95/95/77 49/49/77
f 95/95/78 96/96/78 49/49/78
f 97/97/79 98/98/79 99/99/79
f 98/98/80 100/100/80 99/99/80
f 101/101/81 102/102/81 103/103/81
f 102/102/82 104/104/82 103/103/82
f 103/103/83 104/104/83 105/105/83
f 104/104/84 106/106/84 105/105/84
f 105/105/85 106/106/85 107/107/85
f 106/106/86 108/108/86 107/107/86
f 107/107/87 108/108/87 109/109/87
f 108/108/88 110/110/88 109/109/88
f 109/109/89 110/110/89 111/111/89
f 110/110/90 112/112/90 111/111/90
f 111/111/91 112/112/91 113/113/91
f 112/112/92 114/114/92 113/113/92
f 113/113/93 114/114/93 115/115/93
f 114/114/94 116/116/94 115/115/94
f 115/115/95 116/116/95 117/117/95
f 116/116/96 118/118/96 117/117/96
f 117/117/97 118/118/97 119/119/97
f 118/118/98 120/120/98 119/119/98
f 119/119/99 120/120/99 121/121/99
f 120/120/100 122/122/100 121/121/100
f 121/121/101 122/122/101 123/123/101
f 122/122/102 124/124/102 123/123/102
f 123/123/103 124/124/103 125/125/103
f 124/124/104 126/126/104 125/125/104
f 127/127/105 128/128/105 129/129/105
f 128/128/106 130/130/106 129/129/106
f 129/129/107 130/130/107 131/131/107
f 130/130/108 132/132/108 131/131/108
f 131/131/109 132/132/109 133/133/109
f 132/132/110 134/134/110 133/133/110
f 133/133/111 134/134/111 135/135/111
f 134/134/112 136/136/112 135/135/112
f 135/135/113 136/136/113 137/137/113
f 136/136/114 138/138/114 137/137/114
f 137/137/115 138/138/115 139/139/115
f 138/138/116 140/140/116 139/139/116
f 139/139/117 140/140/117 141/141/117
f 140/140/118 142/142/118 141/141/118
f 141/141/119 142/142/119 143/143/119
f 142/142/120 144/144/120 143/143/120
f 143/143/121 144/144/121 145/145/121
f 144/144/122 146/146/122 145/145/122
f 145/145/123 146/146/123 147/147/123
f 146/146/124 148/148/124 147/147/124
f 147/147/125 148/148/125 149/149/125
f 148/148/126 150/150/126 149/149/126
f 149/149/127 150/150/127 151/151/127
f 150/150/128 152/152/128 151/151/128
f 153/153/129 154/154/129 155/155/129
f 154/154/130 156/156/130 155/155/130
f 155/155/131 156/156/131 157/157/131
f 156/156/132 158/158/132 157/157/132
f 157/157/133 158/158/133 159/159/133
f 155/155/134 157/157/134 160/160/134
f 157/157/135 161/161/135 160/160/135
f 160/160/136 161/161/136 162/162/136
f 160/160/137 163/163/137 155/155/137
f 163/163/138 164/164/138 155/155/138
f 165/165/139 166/166/139 167/167/139
f 166/166/140 168/168/140 167/167/140
f 169/169/141 170/170/141 171/171/141
f 170/170/142 172/172/142 171/171/142
f 173/173/143 174/174/143 172/172/143
f 174/174/144 171/171/144 172/172/144
f 175/175/145 50/50/145 176/176/145
f 50/50/146 52/52/146 176/176/146
f 55/55/147 57/57/147 177/177/147
f 57/57/148 178/178/148 177/177/148
f 179/179/149 180/180/149 181/181/149
f 180/180/150 182/182/150 181/181/150
f 62/62/151 183/183/151 64/64/151
f 183/183/152 184/184/152 64/64/152
f 181/181/153 182/182/153 185/185/153
f 182/182/154 186/186/154 185/185/154
f 187/187/155 188/188/155 189/189/155
f 188/188/156 190/190/156 189/189/156
f 191/191/157 192/192/157 193/193/157
f 192/192/158 194/194/158 193/193/158
f 193/193/159 194/194/159 195/195/159
f 194/194/160 196/196/160 195/195/160
f 195/195/161 196/196/161 197/197/161
f 196/196/162 198/198/162 197/197/162
f 197/197/163 198/198/163 199/199/163
f 198/198/164 200/200/164 199/199/164
f 199/199/165 200/200/165 201/201/165
f 200/200/166 202/202/166 201/201/166
f 201/201/167 202/202/167 151/151/167
f 202/202/168 149/149/168 151/151/168
f 192/192/169 203/203/169 194/194/169
f 203/203/170 204/204/170 194/194/170
f 194/194/171 204/204/171 196/196/171
f 204/204/172 205/205/172 196/196/172
f 196/196/173 205/205/173 198/198/173
f 205/205/174 206/206/174 198/198/174
f 198/198/175 206/206/175 200/200/175
f 206/206/176 207/207/176 200/200/176
f 200/200/177 207/207/177 202/202/177
f 207/207/178 208/208/178 202/202/178
f 202/202/179 208/208/179 149/149/179
f 208/208/180 147/147/180 149/149/180
f 206/206/181 209/209/181 207/207/181
f 209/209/182 210/210/182 207/207/182
f 207/207/183 210/210/183 208/208/183
f 210/210/184 211/211/184 208/208/184
f 208/208/185 211/211/185 147/147/185
f 211/211/186 145/145/186 147/147/186
f 206/206/187 205/205/187 209/209/187
f 205/205/188 212/212/188 209/209/188
f 209/209/189 212/212/189 213/213/189
f 212/212/190 214/214/190 213/213/190
f 213/213/191 214/214/191 215/215/191
f 214/214/192 216/216/192 215/215/192
f 215/215/193 216/216/193 217/217/193
f 215/215/194 218/218/194 213/213/194
f 218/218/195 219/219/195 213/213/195
f 213/213/196 219/219/196 209/209/196
f 219/219/197 220/220/197 209/209/197
f 209/209/198 220/220/198 210/210/198
f 220/220/199 211/211/199 210/210/199
f 220/220/200 219/219/200 221/221/200
f 219/219/201 218/218/201 221/221/201
f 221/221/202 218/218/202 222/222/202
f 218/218/203 215/215/203 222/222/203
f 222/222/204 215/215/204 223/223/204
f 215/215/205 217/217/205 223/223/205
f 223/223/206 217/217/206 224/224/206
f 222/222/207 225/225/207 221/221/207
f 225/225/208 226/226/208 221/221/208
f 221/221/209 226/226/209 220/220/209
f 226/226/210 227/227/210 220/220/210
f 220/220/211 227/227/211 228/228/211
f 227/227/212 143/143/212 228/228/212
f 228/228/213 143/143/213 145/145/213
f 222/222/214 229/229/214 225/225/214
f 229/229/215 230/230/215 225/225/215
f 225/225/216 230/230/216 226/226/216
f 230/230/217 231/231/217 226/226/217
f 226/226/218 231/231/218 227/227/218
f 231/231/219 141/141/219 227/227/219
f 227/227/220 141/141/220 143/143/220
f 229/229/221 232/232/221 230/230/221
f 232/232/222 233/233/222 230/230/222
f 230/230/223 233/233/223 231/231/223
f 233/233/224 139/139/224 231/231/224
f 231/231/225 139/139/225 141/141/225
f 232/232/226 234/234/226 233/233/226
f 234/234/227 137/137/227 233/233/227
f 233/233/228 137/137/228 139/139/228
f 137/137/229 234/234/229 135/135/229
f 234/234/230 235/235/230 135/135/230
f 135/135/231 235/235/231 133/133/231
f 235/235/232 236/236/232 133/133/232
f 133/133/233 236/236/233 131/131/233
f 236/236/234 237/237/234 131/131/234
f 131/131/235 237/237/235 129/129/235
f 237/237/236 238/238/236 129/129/236
f 129/129/237 238/238/237 127/127/237
f 235/235/238 234/234/238 239/239/238
f 234/234/239 240/240/239 239/239/239
f 239/239/240 240/240/240 241/241/240
f 240/240/241 242/242/241 241/241/241
f 241/241/242 242/242/242 243/243/242
f 242/242/243 229/229/243 243/243/243
f 243/243/244 229/229/244 244/244/244
f 229/229/245 222/222/245 244/244/245
f 244/244/246 222/222/246 245/245/246
f 222/222/247 223/223/247 245/245/247
f 245/245/248 223/223/248 224/224/248
f 229/229/249 242/242/249 232/232/249
f 242/242/250 240/240/250 232/232/250
f 232/232/251 240/240/251 234/234/251
f 216/216/252 214/214/252 246/246/252
f 214/214/253 247/247/253 246/246/253
f 214/214/254 248/248/254 247/247/254
f 248/248/255 204/204/255 247/247/255
f 247/247/256 204/204/256 203/203/256
f 214/214/257 212/212/257 248/248/257
f 212/212/258 205/205/258 248/248/258
f 248/248/259 205/205/259 204/204/259
f 220/220/260 228/228/260 211/211/260
f 228/228/261 145/145/261 211/211/261
f 249/249/262 250/250/262 251/251/262
f 250/250/263 252/252/263 251/251/263
f 69/69/264 71/71/264 253/253/264
f 71/71/265 254/254/265 253/253/265
f 71/71/266 73/73/266 254/254/266
f 73/73/267 255/255/267 254/254/267
f 73/73/268 75/75/268 255/255/268
f 75/75/269 256/256/269 255/255/269
f 75/75/270 77/77/270 256/256/270
f 77/77/271 257/257/271 256/256/271
f 77/77/272 79/79/272 257/257/272
f 79/79/273 258/258/273 257/257/273
f 79/79/274 81/81/274 258/258/274
f 81/81/275 259/259/275 258/258/275
f 81/81/276 83/83/276 259/259/276
f 83/83/277 260/260/277 259/259/277
f 83/83/278 85/85/278 260/260/278
f 85/85/279 261/261/279 260/260/279
f 85/85/280 87/87/280 261/261/280
f 87/87/281 262/262/281 261/261/281
f 87/87/282 89/89/282 262/262/282
f 89/89/283 263/263/283 262/262/283
f 89/89/284 91/91/284 263/263/284
f 91/91/285 264/264/285 263/263/285
f 91/91/286 93/93/286 264/264/286
f 93/93/287 265/265/287 264/264/287
f 266/266/288 267/267/288 268/268/288
f 267/267/289 269/269/289 268/268/289
f 270/270/290 271/271/290 269/269/290
f 271/271/291 268/268/291 269/269/291
f 189/189/292 190/190/292 272/272/292
f 190/190/293 273/273/293 272/272/293
f 270/270/294 274/274/294 271/271/294
f 274/274/295 275/275/295 271/271/295
f 276/276/296 277/277/296 278/278/296
f 277/277/297 279/279/297 278/278/297
f 278/278/298 279/279/298 280/280/298
f 279/279/299 281/281/299 280/280/299
f 280/280/300 281/281/300 282/282/300
f 281/281/301 283/283/301 282/282/301
f 277/277/302 284/284/302 279/279/302
f 284/284/303 285/285/303 279/279/303
f 279/279/304 285/285/304 281/281/304
f 285/285/305 286/286/305 281/281/305
f 281/281/306 286/286/306 283/283/306
f 286/286/307 287/287/307 283/283/307
f 285/285/308 288/288/308 286/286/308
f 288/288/309 289/289/309 286/286/309
f 286/286/310 289/289/310 287/287/310
f 289/289/311 290/290/311 287/287/311
f 285/285/312 284/284/312 288/288/312
f 284/284/313 291/291/313 288/288/313
f 288/288/314 291/291/314 292/292/314
f 292/292/315 293/293/315 288/288/315
f 293/293/316 289/289/316 288/288/316
f 293/293/317 294/294/317 289/289/317
f 294/294/318 290/290/318 289/289/318
f 293/293/319 295/295/319 294/294/319
f 295/295/320 296/296/320 294/294/320
f 294/294/321 296/296/321 290/290/321
f 293/293/322 297/297/322 295/295/322
f 297/297/323 298/298/323 295/295/323
f 295/295/324 298/298/324 299/299/324
f 298/298/325 300/300/325 299/299/325
f 299/299/326 300/300/326 301/301/326
f 300/300/327 302/302/327 301/301/327
f 299/299/328 301/301/328 295/295/328
f 301/301/329 303/303/329 295/295/329
f 295/295/330 303/303/330 296/296/330
f 98/98/331 153/153/331 100/100/331
f 153/153/332 155/155/332 100/100/332
f 292/292/333 304/304/333 293/293/333
f 304/304/334 297/297/334 293/293/334
f 297/297/335 304/304/335 298/298/335
f 304/304/336 305/305/336 298/298/336
f 298/298/337 305/305/337 306/306/337
f 306/306/338 307/307/338 298/298/338
f 307/307/339 300/300/339 298/298/339
f 307/307/340 308/308/340 300/300/340
f 308/308/341 309/309/341 300/300/341
f 300/300/342 309/309/342 302/302/342
f 309/309/343 308/308/343 310/310/343
f 308/308/344 311/311/344 310/310/344
f 310/310/345 311/311/345 312/312/345
f 311/311/346 313/313/346 312/312/346
f 312/312/347 313/313/347 314/314/347
f 313/313/348 315/315/348 314/314/348
f 314/314/349 315/315/349 316/316/349
f 315/315/350 317/317/350 316/316/350
f 315/315/351 313/313/351 318/318/351
f 313/313/352 319/319/352 318/318/352
f 318/318/353 319/319/353 320/320/353
f 319/319/354 321/321/354 320/320/354
f 320/320/355 321/321/355 322/322/355
f 321/321/356 307/307/356 322/322/356
f 322/322/357 307/307/357 306/306/357
f 319/319/358 311/311/358 321/321/358
f 311/311/359 308/308/359 321/321/359
f 321/321/360 308/308/360 307/307/360
f 310/310/361 312/312/361 323/323/361
f 312/312/362 324/324/362 323/323/362
f 323/323/363 324/324/363 325/325/363
f 324/324/364 326/326/364 325/325/364
f 312/312/365 314/314/365 324/324/365
f 314/314/366 316/316/366 324/324/366
f 324/324/367 316/316/367 327/327/367
f 167/167/368 154/154/368 165/165/368
f 154/154/369 153/153/369 165/165/369
f 328/328/370 329/329/370 70/70/370
f 329/329/371 72/72/371 70/70/371
f 329/329/372 330/330/372 72/72/372
f 330/330/373 74/74/373 72/72/373
f 330/330/374 331/331/374 74/74/374
f 331/331/375 76/76/375 74/74/375
f 331/331/376 332/332/376 76/76/376
f 332/332/377 78/78/377 76/76/377
f 332/332/378 333/333/378 78/78/378
f 333/333/379 80/80/379 78/78/379
f 333/333/380 334/334/380 80/80/380
f 334/334/381 82/82/381 80/80/381
f 334/334/382 335/335/382 82/82/382
f 335/335/383 84/84/383 82/82/383
f 335/335/384 336/336/384 84/84/384
f 336/336/385 86/86/385 84/84/385
f 336/336/386 337/337/386 86/86/386
f 337/337/387 88/88/387 86/86/387
f 337/337/388 338/338/388 88/88/388
f 338/338/389 90/90/389 88/88/389
f 338/338/390 339/339/390 90/90/390
f 339/339/391 92/92/391 90/90/391
f 339/339/392 340/340/392 92/92/392
f 340/340/393 94/94/393 92/92/393
f 185/185/394 186/186/394 169/169/394
f 186/186/395 170/170/395 169/169/395
f 238/238/396 237/237/396 341/341/396
f 237/237/397 342/342/397 341/341/397
f 341/341/398 342/342/398 343/343/398
f 342/342/399 344/344/399 343/343/399
f 343/343/400 344/344/400 345/345/400
f 344/344/401 346/346/401 345/345/401
f 345/345/402 346/346/402 347/347/402
f 346/346/403 348/348/403 347/347/403
f 347/347/404 348/348/404 349/349/404
f 348/348/405 350/350/405 349/349/405
f 237/237/406 236/236/406 342/342/406
f 236/236/407 351/351/407 342/342/407
f 342/342/408 351/351/408 344/344/408
f 351/351/409 352/352/409 344/344/409
f 344/344/410 352/352/410 346/346/410
f 352/352/411 353/353/411 346/346/411
f 346/346/412 353/353/412 348/348/412
f 353/353/413 354/354/413 348/348/413
f 348/348/414 354/354/414 350/350/414
f 354/354/415 355/355/415 350/350/415
f 236/236/416 235/235/416 351/351/416
f 235/235/417 239/239/417 351/351/417
f 351/351/418 239/239/418 352/352/418
f 239/239/419 241/241/419 352/352/419
f 352/352/420 241/241/420 353/353/420
f 241/241/421 356/356/421 353/353/421
f 353/353/422 356/356/422 354/354/422
f 356/356/423 357/357/423 354/354/423
f 354/354/424 357/357/424 355/355/424
f 357/357/425 358/358/425 355/355/425
f 356/356/426 243/243/426 357/357/426
f 243/243/427 359/359/427 357/357/427
f 357/357/428 359/359/428 360/360/428
f 359/359/429 245/245/429 360/360/429
f 360/360/430 245/245/430 224/224/430
f 245/245/431 359/359/431 244/244/431
f 359/359/432 243/243/432 244/244/432
f 361/361/433 362/362/433 363/363/433
f 362/362/434 364/364/434 363/363/434
f 363/363/435 364/364/435 365/365/435
f 364/364/436 366/366/436 365/365/436
f 365/365/437 366/366/437 367/367/437
f 366/366/438 368/368/438 367/367/438
f 367/367/439 368/368/439 369/369/439
f 368/368/440 370/370/440 369/369/440
f 369/369/441 370/370/441 371/371/441
f 370/370/442 372/372/442 371/371/442
f 371/371/443 372/372/443 373/373/443
f 372/372/444 374/374/444 373/373/444
f 373/373/445 374/374/445 375/375/445
f 374/374/446 376/376/446 375/375/446
f 375/375/447 376/376/447 377/377/447
f 376/376/448 378/378/448 377/377/448
f 377/377/449 378/378/449 379/379/449
f 378/378/450 380/380/450 379/379/450
f 379/379/451 380/380/451 381/381/451
f 380/380/452 382/382/452 381/381/452
f 381/381/453 382/382/453 383/383/453
f 382/382/454 384/384/454 383/383/454
f 383/383/455 384/384/455 385/385/455
f 384/384/456 386/386/456 385/385/456
f 385/385/457 386/386/457 387/387/457
f 386/386/458 388/388/458 387/387/458
f 376/376/459 374/374/459 389/389/459
f 374/374/460 372/372/460 389/389/460
f 389/389/461 372/372/461 390/390/461
f 372/372/462 370/370/462 390/390/462
f 390/390/463 370/370/463 391/391/463
f 370/370/464 368/368/464 391/391/464
f 391/391/465 368/368/465 392/392/465
f 368/368/466 366/366/466 392/392/466
f 392/392/467 366/366/467 393/393/467
f 366/366/468 364/364/468 393/393/468
f 393/393/469 364/364/469 394/394/469
f 364/364/470 362/362/470 394/394/470
f 394/394/471 362/362/471 395/395/471
f 390/390/472 391/391/472 396/396/472
f 391/391/473 392/392/473 396/396/473
f 396/396/474 392/392/474 397/397/474
f 392/392/475 393/393/475 397/397/475
f 397/397/476 393/393/476 398/398/476
f 393/393/477 394/394/477 398/398/477
f 398/398/478 394/394/478 399/399/478
f 394/394/479 395/395/479 399/399/479
f 399/399/480 395/395/480 400/400/480
f 396/396/481 397/397/481 401/401/481
f 397/397/482 398/398/482 401/401/482
f 401/401/483 398/398/483 402/402/483
f 398/398/484 399/399/484 402/402/484
f 402/402/485 399/399/485 403/403/485
f 399/399/486 400/400/486 403/403/486
f 403/403/487 400/400/487 404/404/487
f 401/401/488 405/405/488 396/396/488
f 405/405/489 406/406/489 396/396/489
f 396/396/490 406/406/490 390/390/490
f 406/406/491 407/407/491 390/390/491
f 390/390/492 407/407/492 389/389/492
f 407/407/493 376/376/493 389/389/493
f 405/405/494 408/408/494 406/406/494
f 408/408/495 409/409/495 406/406/495
f 406/406/496 409/409/496 407/407/496
f 409/409/497 410/410/497 407/407/497
f 407/407/498 410/410/498 376/376/498
f 410/410/499 411/411/499 376/376/499
f 376/376/500 411/411/500 378/378/500
f 411/411/501 412/412/501 378/378/501
f 378/378/502 412/412/502 380/380/502
f 412/412/503 382/382/503 380/380/503
f 409/409/504 413/413/504 410/410/504
f 413/413/505 414/414/505 410/410/505
f 410/410/506 414/414/506 411/411/506
f 414/414/507 415/415/507 411/411/507
f 411/411/508 415/415/508 412/412/508
f 415/415/509 416/416/509 412/412/509
f 412/412/510 416/416/510 382/382/510
f 416/416/511 384/384/511 382/382/511
f 409/409/512 417/417/512 413/413/512
f 417/417/513 418/418/513 413/413/513
f 413/413/514 418/418/514 414/414/514
f 418/418/515 419/419/515 414/414/515
f 414/414/516 419/419/516 415/415/516
f 419/419/517 420/420/517 415/415/517
f 415/415/518 420/420/518 416/416/518
f 420/420/519 386/386/519 416/416/519
f 416/416/520 386/386/520 384/384/520
f 420/420/521 419/419/521 421/421/521
f 419/419/522 418/418/522 421/421/522
f 421/421/523 418/418/523 422/422/523
f 418/418/524 423/423/524 422/422/524
f 421/421/525 424/424/525 420/420/525
f 424/424/526 425/425/526 420/420/526
f 420/420/527 425/425/527 386/386/527
f 425/425/528 388/388/528 386/386/528
f 426/426/529 427/427/529 428/428/529
f 427/427/530 429/429/530 428/428/530
f 428/428/531 429/429/531 430/430/531
f 429/429/532 431/431/532 430/430/532
f 430/430/533 431/431/533 432/432/533
f 431/431/534 433/433/534 432/432/534
f 432/432/535 433/433/535 434/434/535
f 433/433/536 358/358/536 434/434/536
f 434/434/537 358/358/537 360/360/537
f 427/427/538 435/435/538 429/429/538
f 435/435/539 433/433/539 429/429/539
f 429/429/540 433/433/540 431/431/540
f 435/435/541 355/355/541 433/433/541
f 355/355/542 358/358/542 433/433/542
f 355/355/543 435/435/543 350/350/543
f 435/435/544 436/436/544 350/350/544
f 350/350/545 436/436/545 349/349/545
f 385/385/546 437/437/546 383/383/546
f 437/437/547 438/438/547 383/383/547
f 383/383/548 438/438/548 381/381/548
f 438/438/549 439/439/549 381/381/549
f 381/381/550 439/439/550 379/379/550
f 439/439/551 440/440/551 379/379/551
f 379/379/552 440/440/552 441/441/552
f 437/437/553 442/442/553 438/438/553
f 442/442/554 443/443/554 438/438/554
f 438/438/555 443/443/555 439/439/555
f 443/443/556 440/440/556 439/439/556
f 442/442/557 444/444/557 443/443/557
f 444/444/558 445/445/558 443/443/558
f 443/443/559 445/445/559 446/446/559
f 373/373/560 375/375/560 447/447/560
f 375/375/561 377/377/561 447/447/561
f 447/447/562 377/377/562 448/448/562
f 377/377/563 379/379/563 448/448/563
f 448/448/564 379/379/564 441/441/564
f 418/418/565 417/417/565 423/423/565
f 417/417/566 449/449/566 423/423/566
f 449/449/567 417/417/567 450/450/567
f 417/417/568 409/409/568 450/450/568
f 450/450/569 409/409/569 451/451/569
f 409/409/570 408/408/570 451/451/570
f 451/451/571 408/408/571 405/405/571
f 451/451/572 405/405/572 452/452/572
f 405/405/573 401/401/573 452/452/573
f 452/452/574 401/401/574 453/453/574
f 401/401/575 402/402/575 453/453/575
f 453/453/576 402/402/576 454/454/576
f 402/402/577 455/455/577 454/454/577
f 454/454/578 455/455/578 456/456/578
f 455/455/579 457/457/579 456/456/579
f 451/451/580 452/452/580 458/458/580
f 452/452/581 453/453/581 458/458/581
f 458/458/582 453/453/582 459/459/582
f 453/453/583 454/454/583 459/459/583
f 459/459/584 454/454/584 456/456/584
f 458/458/585 460/460/585 451/451/585
f 460/460/586 449/449/586 451/451/586
f 451/451/587 449/449/587 450/450/587
f 402/402/588 403/403/588 455/455/588
f 403/403/589 404/404/589 455/455/589
f 455/455/590 404/404/590 461/461/590
f 455/455/591 461/461/591 457/457/591
f 461/461/592 462/462/592 457/457/592
f 154/154/593 463/463/593 156/156/593
f 463/463/594 464/464/594 156/156/594
f 430/430/595 432/432/595 465/465/595
f 432/432/596 466/466/596 465/465/596
f 466/466/597 432/432/597 467/467/597
f 432/432/598 468/468/598 467/467/598
f 467/467/599 468/468/599 469/469/599
f 468/468/600 470/470/600 469/469/600
f 469/469/601 470/470/601 471/471/601
f 470/470/602 472/472/602 471/471/602
f 471/471/603 472/472/603 473/473/603
f 472/472/604 474/474/604 473/473/604
f 473/473/605 474/474/605 475/475/605
f 474/474/606 476/476/606 475/475/606
f 475/475/607 476/476/607 477/477/607
f 476/476/608 247/247/608 477/477/608
f 477/477/609 247/247/609 203/203/609
f 247/247/610 476/476/610 246/246/610
f 476/476/611 474/474/611 246/246/611
f 246/246/612 474/474/612 216/216/612
f 474/474/613 472/472/613 216/216/613
f 216/216/614 472/472/614 217/217/614
f 472/472/615 470/470/615 217/217/615
f 217/217/616 470/470/616 224/224/616
f 470/470/617 468/468/617 224/224/617
f 224/224/618 468/468/618 360/360/618
f 468/468/619 434/434/619 360/360/619
f 478/478/620 159/159/620 479/479/620
f 159/159/621 158/158/621 479/479/621
f 467/467/622 469/469/622 466/466/622
f 469/469/623 480/480/623 466/466/623
f 480/480/624 469/469/624 481/481/624
f 469/469/625 471/471/625 481/481/625
f 481/481/626 471/471/626 482/482/626
f 471/471/627 473/473/627 482/482/627
f 482/482/628 473/473/628 483/483/628
f 473/473/629 475/475/629 483/483/629
f 483/483/630 475/475/630 484/484/630
f 475/475/631 485/485/631 484/484/631
f 484/484/632 485/485/632 486/486/632
f 485/485/633 487/487/633 486/486/633
f 486/486/634 487/487/634 488/488/634
f 487/487/635 489/489/635 488/488/635
f 488/488/636 489/489/636 490/490/636
f 489/489/637 191/191/637 490/490/637
f 191/191/638 489/489/638 192/192/638
f 489/489/639 487/487/639 192/192/639
f 192/192/640 487/487/640 203/203/640
f 487/487/641 477/477/641 203/203/641
f 487/487/642 485/485/642 477/477/642
f 485/485/643 475/475/643 477/477/643
f 491/491/644 492/492/644 493/493/644
f 492/492/645 494/494/645 493/493/645
f 493/493/646 494/494/646 495/495/646
f 494/494/647 496/496/647 495/495/647
f 495/495/648 496/496/648 497/497/648
f 496/496/649 498/498/649 497/497/649
f 497/497/650 498/498/650 499/499/650
f 498/498/651 500/500/651 499/499/651
f 499/499/652 500/500/652 501/501/652
f 500/500/653 502/502/653 501/501/653
f 501/501/654 502/502/654 503/503/654
f 502/502/655 504/504/655 503/503/655
f 503/503/656 504/504/656 505/505/656
f 504/504/657 506/506/657 505/505/657
f 505/505/658 506/506/658 507/507/658
f 506/506/659 508/508/659 507/507/659
f 507/507/660 508/508/660 509/509/660
f 508/508/661 510/510/661 509/509/661
f 509/509/662 510/510/662 511/511/662
f 510/510/663 512/512/663 511/511/663
f 511/511/664 512/512/664 513/513/664
f 510/510/665 508/508/665 514/514/665
f 508/508/666 506/506/666 514/514/666
f 514/514/667 506/506/667 515/515/667
f 506/506/668 504/504/668 515/515/668
f 515/515/669 504/504/669 516/516/669
f 504/504/670 502/502/670 516/516/670
f 516/516/671 502/502/671 517/517/671
f 502/502/672 518/518/672 517/517/672
f 517/517/673 518/518/673 519/519/673
f 518/518/674 520/520/674 519/519/674
f 519/519/675 520/520/675 521/521/675
f 520/520/676 522/522/676 521/521/676
f 521/521/677 522/522/677 523/523/677
f 522/522/678 524/524/678 523/523/678
f 523/523/679 524/524/679 525/525/679
f 518/518/680 500/500/680 520/520/680
f 500/500/681 526/526/681 520/520/681
f 520/520/682 526/526/682 527/527/682
f 526/526/683 494/494/683 527/527/683
f 527/527/684 494/494/684 492/492/684
f 494/494/685 526/526/685 496/496/685
f 526/526/686 500/500/686 496/496/686
f 496/496/687 500/500/687 498/498/687
f 520/520/688 527/527/688 522/522/688
f 527/527/689 528/528/689 522/522/689
f 522/522/690 528/528/690 524/524/690
f 490/490/691 529/529/691 488/488/691
f 529/529/692 530/530/692 488/488/692
f 488/488/693 530/530/693 531/531/693
f 531/531/694 532/532/694 488/488/694
f 532/532/695 486/486/695 488/488/695
f 533/533/696 158/158/696 534/534/696
f 158/158/697 156/156/697 534/534/697
f 497/497/698 499/499/698 535/535/698
f 499/499/699 536/536/699 535/535/699
f 536/536/700 499/499/700 537/537/700
f 499/499/701 501/501/701 537/537/701
f 537/537/702 501/501/702 503/503/702
f 536/536/703 537/537/703 538/538/703
f 537/537/704 505/505/704 538/538/704
f 538/538/705 505/505/705 539/539/705
f 505/505/706 507/507/706 539/539/706
f 539/539/707 507/507/707 540/540/707
f 507/507/708 509/509/708 540/540/708
f 540/540/709 509/509/709 511/511/709
f 511/511/710 541/541/710 540/540/710
f 541/541/711 542/542/711 540/540/711
f 540/540/712 542/542/712 543/543/712
f 542/542/713 544/544/713 543/543/713
f 543/543/714 544/544/714 539/539/714
f 544/544/715 545/545/715 539/539/715
f 539/539/716 545/545/716 538/538/716
f 545/545/717 546/546/717 538/538/717
f 538/538/718 546/546/718 536/536/718
f 511/511/719 547/547/719 541/541/719
f 547/547/720 548/548/720 541/541/720
f 541/541/721 548/548/721 542/542/721
f 548/548/722 549/549/722 542/542/722
f 542/542/723 549/549/723 550/550/723
f 549/549/724 551/551/724 550/550/724
f 550/550/725 551/551/725 552/552/725
f 551/551/726 553/553/726 552/552/726
f 551/551/727 549/549/727 554/554/727
f 549/549/728 548/548/728 554/554/728
f 554/554/729 548/548/729 555/555/729
f 548/548/730 547/547/730 555/555/730
f 555/555/731 547/547/731 556/556/731
f 547/547/732 513/513/732 556/556/732
f 556/556/733 557/557/733 555/555/733
f 557/557/734 558/558/734 555/555/734
f 555/555/735 558/558/735 554/554/735
f 558/558/736 559/559/736 554/554/736
f 554/554/737 559/559/737 551/551/737
f 559/559/738 560/560/738 551/551/738
f 551/551/739 560/560/739 553/553/739
f 187/187/740 174/174/740 188/188/740
f 174/174/741 173/173/741 188/188/741
f 550/550/742 561/561/742 542/542/742
f 561/561/743 544/544/743 542/542/743
f 18/18/744 157/157/744 19/19/744
f 157/157/745 159/159/745 19/19/745
f 388/388/746 425/425/746 562/562/746
f 425/425/747 563/563/747 562/562/747
f 562/562/748 563/563/748 564/564/748
f 563/563/749 565/565/749 564/564/749
f 564/564/750 565/565/750 566/566/750
f 565/565/751 567/567/751 566/566/751
f 566/566/752 567/567/752 568/568/752
f 567/567/753 569/569/753 568/568/753
f 568/568/754 569/569/754 570/570/754
f 569/569/755 571/571/755 570/570/755
f 570/570/756 571/571/756 125/125/756
f 571/571/757 123/123/757 125/125/757
f 425/425/758 424/424/758 563/563/758
f 424/424/759 572/572/759 563/563/759
f 563/563/760 572/572/760 565/565/760
f 572/572/761 573/573/761 565/565/761
f 565/565/762 573/573/762 567/567/762
f 573/573/763 574/574/763 567/567/763
f 567/567/764 574/574/764 569/569/764
f 574/574/765 575/575/765 569/569/765
f 569/569/766 575/575/766 571/571/766
f 575/575/767 576/576/767 571/571/767
f 571/571/768 576/576/768 123/123/768
f 576/576/769 121/121/769 123/123/769
f 424/424/770 421/421/770 572/572/770
f 421/421/771 577/577/771 572/572/771
f 572/572/772 577/577/772 573/573/772
f 577/577/773 578/578/773 573/573/773
f 573/573/774 578/578/774 574/574/774
f 578/578/775 579/579/775 574/574/775
f 574/574/776 579/579/776 575/575/776
f 579/579/777 580/580/777 575/575/777
f 575/575/778 580/580/778 581/581/778
f 580/580/779 582/582/779 581/581/779
f 581/581/780 582/582/780 583/583/780
f 582/582/781 584/584/781 583/583/781
f 583/583/782 584/584/782 585/585/782
f 584/584/783 586/586/783 585/585/783
f 585/585/784 586/586/784 587/587/784
f 586/586/785 588/588/785 587/587/785
f 587/587/786 588/588/786 111/111/786
f 588/588/787 589/589/787 111/111/787
f 111/111/788 589/589/788 109/109/788
f 589/589/789 107/107/789 109/109/789
f 111/111/790 113/113/790 587/587/790
f 113/113/791 115/115/791 587/587/791
f 587/587/792 115/115/792 585/585/792
f 115/115/793 117/117/793 585/585/793
f 585/585/794 117/117/794 583/583/794
f 117/117/795 119/119/795 583/583/795
f 583/583/796 119/119/796 581/581/796
f 119/119/797 121/121/797 581/581/797
f 581/581/798 121/121/798 576/576/798
f 421/421/799 422/422/799 577/577/799
f 422/422/800 590/590/800 577/577/800
f 577/577/801 590/590/801 578/578/801
f 590/590/802 591/591/802 578/578/802
f 578/578/803 591/591/803 592/592/803
f 591/591/804 593/593/804 592/592/804
f 592/592/805 593/593/805 582/582/805
f 593/593/806 584/584/806 582/582/806
f 422/422/807 423/423/807 590/590/807
f 423/423/808 594/594/808 590/590/808
f 590/590/809 594/594/809 591/591/809
f 594/594/810 595/595/810 591/591/810
f 591/591/811 595/595/811 593/593/811
f 595/595/812 596/596/812 593/593/812
f 593/593/813 596/596/813 584/584/813
f 596/596/814 586/586/814 584/584/814
f 423/423/815 449/449/815 594/594/815
f 449/449/816 597/597/816 594/594/816
f 594/594/817 597/597/817 595/595/817
f 597/597/818 598/598/818 595/595/818
f 595/595/819 598/598/819 596/596/819
f 598/598/820 599/599/820 596/596/820
f 596/596/821 599/599/821 586/586/821
f 599/599/822 600/600/822 586/586/822
f 586/586/823 600/600/823 588/588/823
f 600/600/824 601/601/824 588/588/824
f 588/588/825 601/601/825 589/589/825
f 601/601/826 602/602/826 589/589/826
f 589/589/827 602/602/827 603/603/827
f 602/602/828 604/604/828 603/603/828
f 603/603/829 604/604/829 605/605/829
f 604/604/830 606/606/830 605/605/830
f 605/605/831 606/606/831 607/607/831
f 606/606/832 608/608/832 607/607/832
f 607/607/833 608/608/833 609/609/833
f 589/589/834 603/603/834 107/107/834
f 603/603/835 605/605/835 107/107/835
f 107/107/836 605/605/836 105/105/836
f 605/605/837 607/607/837 105/105/837
f 105/105/838 607/607/838 103/103/838
f 607/607/839 609/609/839 103/103/839
f 103/103/840 609/609/840 101/101/840
f 578/578/841 592/592/841 579/579/841
f 592/592/842 580/580/842 579/579/842
f 267/267/843 266/266/843 179/179/843
f 266/266/844 180/180/844 179/179/844
f 340/340/845 339/339/845 610/610/845
f 339/339/846 611/611/846 610/610/846
f 610/610/847 611/611/847 612/612/847
f 611/611/848 613/613/848 612/612/848
f 612/612/849 613/613/849 525/525/849
f 613/613/850 523/523/850 525/525/850
f 339/339/851 338/338/851 611/611/851
f 338/338/852 614/614/852 611/611/852
f 611/611/853 614/614/853 613/613/853
f 614/614/854 615/615/854 613/613/854
f 613/613/855 615/615/855 523/523/855
f 615/615/856 521/521/856 523/523/856
f 521/521/857 615/615/857 616/616/857
f 615/615/858 614/614/858 616/616/858
f 616/616/859 614/614/859 617/617/859
f 614/614/860 338/338/860 617/617/860
f 617/617/861 338/338/861 337/337/861
f 616/616/862 617/617/862 618/618/862
f 617/617/863 337/337/863 618/618/863
f 618/618/864 337/337/864 336/336/864
f 336/336/865 619/619/865 618/618/865
f 619/619/866 620/620/866 618/618/866
f 618/618/867 620/620/867 616/616/867
f 620/620/868 519/519/868 616/616/868
f 616/616/869 519/519/869 521/521/869
f 619/619/870 621/621/870 620/620/870
f 621/621/871 517/517/871 620/620/871
f 620/620/872 517/517/872 519/519/872
f 619/619/873 622/622/873 621/621/873
f 622/622/874 516/516/874 621/621/874
f 621/621/875 516/516/875 517/517/875
f 516/516/876 622/622/876 515/515/876
f 622/622/877 623/623/877 515/515/877
f 515/515/878 623/623/878 514/514/878
f 623/623/879 624/624/879 514/514/879
f 514/514/880 624/624/880 510/510/880
f 624/624/881 625/625/881 510/510/881
f 510/510/882 625/625/882 512/512/882
f 625/625/883 626/626/883 512/512/883
f 512/512/884 626/626/884 513/513/884
f 626/626/885 627/627/885 513/513/885
f 513/513/886 627/627/886 556/556/886
f 627/627/887 628/628/887 556/556/887
f 556/556/888 628/628/888 557/557/888
f 622/622/889 629/629/889 623/623/889
f 629/629/890 630/630/890 623/623/890
f 623/623/891 630/630/891 624/624/891
f 630/630/892 631/631/892 624/624/892
f 624/624/893 631/631/893 625/625/893
f 631/631/894 632/632/894 625/625/894
f 625/625/895 632/632/895 633/633/895
f 632/632/896 331/331/896 633/633/896
f 633/633/897 331/331/897 330/330/897
f 625/625/898 633/633/898 626/626/898
f 633/633/899 634/634/899 626/626/899
f 626/626/900 634/634/900 627/627/900
f 634/634/901 635/635/901 627/627/901
f 627/627/902 635/635/902 628/628/902
f 633/633/903 330/330/903 634/634/903
f 330/330/904 329/329/904 634/634/904
f 634/634/905 329/329/905 328/328/905
f 317/317/906 315/315/906 636/636/906
f 315/315/907 637/637/907 636/636/907
f 636/636/908 637/637/908 638/638/908
f 637/637/909 639/639/909 638/638/909
f 638/638/910 639/639/910 640/640/910
f 639/639/911 641/641/911 640/640/911
f 640/640/912 641/641/912 642/642/912
f 641/641/913 643/643/913 642/642/913
f 642/642/914 643/643/914 644/644/914
f 643/643/915 645/645/915 644/644/915
f 644/644/916 645/645/916 264/264/916
f 645/645/917 263/263/917 264/264/917
f 315/315/918 318/318/918 637/637/918
f 318/318/919 646/646/919 637/637/919
f 637/637/920 646/646/920 639/639/920
f 646/646/921 647/647/921 639/639/921
f 639/639/922 647/647/922 641/641/922
f 647/647/923 648/648/923 641/641/923
f 641/641/924 648/648/924 643/643/924
f 648/648/925 649/649/925 643/643/925
f 643/643/926 649/649/926 645/645/926
f 649/649/927 650/650/927 645/645/927
f 645/645/928 650/650/928 263/263/928
f 650/650/929 262/262/929 263/263/929
f 647/647/930 651/651/930 648/648/930
f 651/651/931 652/652/931 648/648/931
f 648/648/932 652/652/932 649/649/932
f 652/652/933 653/653/933 649/649/933
f 649/649/934 653/653/934 650/650/934
f 653/653/935 654/654/935 650/650/935
f 650/650/936 654/654/936 262/262/936
f 654/654/937 261/261/937 262/262/937
f 651/651/938 655/655/938 652/652/938
f 655/655/939 656/656/939 652/652/939
f 652/652/940 656/656/940 653/653/940
f 656/656/941 657/657/941 653/653/941
f 653/653/942 657/657/942 654/654/942
f 657/657/943 658/658/943 654/654/943
f 654/654/944 658/658/944 261/261/944
f 658/658/945 260/260/945 261/261/945
f 655/655/946 659/659/946 656/656/946
f 659/659/947 660/660/947 656/656/947
f 656/656/948 660/660/948 657/657/948
f 660/660/949 661/661/949 657/657/949
f 657/657/950 661/661/950 658/658/950
f 661/661/951 662/662/951 658/658/951
f 658/658/952 662/662/952 260/260/952
f 662/662/953 663/663/953 260/260/953
f 260/260/954 663/663/954 259/259/954
f 663/663/955 258/258/955 259/259/955
f 655/655/956 664/664/956 659/659/956
f 664/664/957 665/665/957 659/659/957
f 659/659/958 665/665/958 660/660/958
f 665/665/959 666/666/959 660/660/959
f 660/660/960 666/666/960 661/661/960
f 666/666/961 667/667/961 661/661/961
f 661/661/962 667/667/962 663/663/962
f 667/667/963 668/668/963 663/663/963
f 663/663/964 668/668/964 669/669/964
f 668/668/965 670/670/965 669/669/965
f 669/669/966 670/670/966 258/258/966
f 670/670/967 257/257/967 258/258/967
f 664/664/968 655/655/968 671/671/968
f 655/655/969 651/651/969 671/671/969
f 671/671/970 651/651/970 672/672/970
f 651/651/971 646/646/971 672/672/971
f 672/672/972 646/646/972 320/320/972
f 646/646/973 318/318/973 320/320/973
f 664/664/974 671/671/974 322/322/974
f 671/671/975 672/672/975 322/322/975
f 322/322/976 672/672/976 320/320/976
f 322/322/977 306/306/977 664/664/977
f 306/306/978 305/305/978 664/664/978
f 664/664/979 305/305/979 673/673/979
f 305/305/980 304/304/980 673/673/980
f 673/673/981 304/304/981 674/674/981
f 304/304/982 675/675/982 674/674/982
f 674/674/983 675/675/983 676/676/983
f 675/675/984 677/677/984 676/676/984
f 676/676/985 677/677/985 678/678/985
f 677/677/986 679/679/986 678/678/986
f 678/678/987 679/679/987 668/668/987
f 679/679/988 680/680/988 668/668/988
f 668/668/989 680/680/989 670/670/989
f 680/680/990 681/681/990 670/670/990
f 670/670/991 681/681/991 682/682/991
f 681/681/992 683/683/992 682/682/992
f 682/682/993 683/683/993 684/684/993
f 683/683/994 685/685/994 684/684/994
f 684/684/995 685/685/995 686/686/995
f 685/685/996 687/687/996 686/686/996
f 686/686/997 687/687/997 688/688/997
f 674/674/998 676/676/998 665/665/998
f 676/676/999 678/678/999 665/665/999
f 665/665/1000 678/678/1000 666/666/1000
f 678/678/1001 667/667/1001 666/666/1001
f 674/674/1002 665/665/1002 673/673/1002
f 665/665/1003 664/664/1003 673/673/1003
f 622/622/1004 619/619/1004 629/629/1004
f 619/619/1005 335/335/1005 629/629/1005
f 629/629/1006 335/335/1006 334/334/1006
f 629/629/1007 334/334/1007 630/630/1007
f 334/334/1008 333/333/1008 630/630/1008
f 630/630/1009 333/333/1009 332/332/1009
f 630/630/1010 332/332/1010 631/631/1010
f 332/332/1011 331/331/1011 631/631/1011
f 631/631/1012 331/331/1012 632/632/1012
f 257/257/1013 670/670/1013 256/256/1013
f 670/670/1014 682/682/1014 256/256/1014
f 256/256/1015 682/682/1015 684/684/1015
f 256/256/1016 684/684/1016 255/255/1016
f 684/684/1017 254/254/1017 255/255/1017
f 684/684/1018 686/686/1018 254/254/1018
f 686/686/1019 253/253/1019 254/254/1019
f 304/304/1020 292/292/1020 675/675/1020
f 292/292/1021 291/291/1021 675/675/1021
f 675/675/1022 291/291/1022 689/689/1022
f 291/291/1023 284/284/1023 689/689/1023
f 689/689/1024 284/284/1024 690/690/1024
f 284/284/1025 277/277/1025 690/690/1025
f 690/690/1026 277/277/1026 691/691/1026
f 277/277/1027 276/276/1027 691/691/1027
f 691/691/1028 276/276/1028 692/692/1028
f 675/675/1029 689/689/1029 693/693/1029
f 689/689/1030 690/690/1030 693/693/1030
f 693/693/1031 690/690/1031 694/694/1031
f 690/690/1032 691/691/1032 694/694/1032
f 694/694/1033 691/691/1033 695/695/1033
f 691/691/1034 692/692/1034 695/695/1034
f 695/695/1035 692/692/1035 696/696/1035
f 696/696/1036 697/697/1036 695/695/1036
f 697/697/1037 698/698/1037 695/695/1037
f 695/695/1038 698/698/1038 694/694/1038
f 698/698/1039 699/699/1039 694/694/1039
f 694/694/1040 699/699/1040 693/693/1040
f 699/699/1041 679/679/1041 693/693/1041
f 693/693/1042 679/679/1042 677/677/1042
f 696/696/1043 700/700/1043 697/697/1043
f 700/700/1044 685/685/1044 697/697/1044
f 697/697/1045 685/685/1045 698/698/1045
f 685/685/1046 683/683/1046 698/698/1046
f 698/698/1047 683/683/1047 681/681/1047
f 698/698/1048 681/681/1048 699/699/1048
f 681/681/1049 680/680/1049 699/699/1049
f 699/699/1050 680/680/1050 679/679/1050
f 152/152/1051 150/150/1051 445/445/1051
f 150/150/1052 446/446/1052 445/445/1052
f 150/150/1053 148/148/1053 446/446/1053
f 148/148/1054 440/440/1054 446/446/1054
f 148/148/1055 146/146/1055 440/440/1055
f 146/146/1056 441/441/1056 440/440/1056
f 146/146/1057 144/144/1057 441/441/1057
f 144/144/1058 448/448/1058 441/441/1058
f 144/144/1059 142/142/1059 448/448/1059
f 142/142/1060 447/447/1060 448/448/1060
f 142/142/1061 140/140/1061 447/447/1061
f 140/140/1062 373/373/1062 447/447/1062
f 140/140/1063 138/138/1063 373/373/1063
f 138/138/1064 371/371/1064 373/373/1064
f 138/138/1065 136/136/1065 371/371/1065
f 136/136/1066 369/369/1066 371/371/1066
f 136/136/1067 134/134/1067 369/369/1067
f 134/134/1068 367/367/1068 369/369/1068
f 134/134/1069 132/132/1069 367/367/1069
f 132/132/1070 365/365/1070 367/367/1070
f 132/132/1071 130/130/1071 365/365/1071
f 130/130/1072 363/363/1072 365/365/1072
f 130/130/1073 128/128/1073 363/363/1073
f 128/128/1074 361/361/1074 363/363/1074
f 60/60/1075 164/164/1075 58/58/1075
f 164/164/1076 163/163/1076 58/58/1076
f 36/36/1077 160/160/1077 37/37/1077
f 160/160/1078 162/162/1078 37/37/1078
f 479/479/1079 701/701/1079 478/478/1079
f 701/701/1080 702/702/1080 478/478/1080
f 464/464/1081 463/463/1081 703/703/1081
f 463/463/1082 704/704/1082 703/703/1082
f 608/608/1083 606/606/1083 705/705/1083
f 606/606/1084 706/706/1084 705/705/1084
f 705/705/1085 706/706/1085 707/707/1085
f 706/706/1086 708/708/1086 707/707/1086
f 707/707/1087 708/708/1087 709/709/1087
f 708/708/1088 710/710/1088 709/709/1088
f 709/709/1089 710/710/1089 462/462/1089
f 710/710/1090 457/457/1090 462/462/1090
f 606/606/1091 604/604/1091 706/706/1091
f 604/604/1092 711/711/1092 706/706/1092
f 706/706/1093 711/711/1093 712/712/1093
f 711/711/1094 713/713/1094 712/712/1094
f 712/712/1095 713/713/1095 714/714/1095
f 713/713/1096 715/715/1096 714/714/1096
f 714/714/1097 715/715/1097 716/716/1097
f 715/715/1098 599/599/1098 716/716/1098
f 716/716/1099 599/599/1099 717/717/1099
f 599/599/1100 598/598/1100 717/717/1100
f 717/717/1101 598/598/1101 718/718/1101
f 598/598/1102 597/597/1102 718/718/1102
f 718/718/1103 597/597/1103 449/449/1103
f 599/599/1104 715/715/1104 601/601/1104
f 715/715/1105 713/713/1105 601/601/1105
f 601/601/1106 713/713/1106 602/602/1106
f 713/713/1107 711/711/1107 602/602/1107
f 602/602/1108 711/711/1108 604/604/1108
f 457/457/1109 710/710/1109 456/456/1109
f 710/710/1110 719/719/1110 456/456/1110
f 456/456/1111 719/719/1111 720/720/1111
f 719/719/1112 714/714/1112 720/720/1112
f 720/720/1113 714/714/1113 716/716/1113
f 714/714/1114 719/719/1114 712/712/1114
f 719/719/1115 710/710/1115 712/712/1115
f 712/712/1116 710/710/1116 708/708/1116
f 449/449/1117 460/460/1117 718/718/1117
f 460/460/1118 458/458/1118 718/718/1118
f 718/718/1119 458/458/1119 721/721/1119
f 458/458/1120 459/459/1120 721/721/1120
f 721/721/1121 459/459/1121 720/720/1121
f 459/459/1122 456/456/1122 720/720/1122
f 720/720/1123 716/716/1123 721/721/1123
f 716/716/1124 717/717/1124 721/721/1124
f 721/721/1125 717/717/1125 718/718/1125
f 491/491/1126 493/493/1126 102/102/1126
f 493/493/1127 104/104/1127 102/102/1127
f 493/493/1128 495/495/1128 104/104/1128
f 495/495/1129 106/106/1129 104/104/1129
f 495/495/1130 497/497/1130 106/106/1130
f 497/497/1131 108/108/1131 106/106/1131
f 497/497/1132 535/535/1132 108/108/1132
f 535/535/1133 110/110/1133 108/108/1133
f 535/535/1134 536/536/1134 110/110/1134
f 536/536/1135 112/112/1135 110/110/1135
f 536/536/1136 546/546/1136 112/112/1136
f 546/546/1137 114/114/1137 112/112/1137
f 546/546/1138 545/545/1138 114/114/1138
f 545/545/1139 116/116/1139 114/114/1139
f 545/545/1140 544/544/1140 116/116/1140
f 544/544/1141 118/118/1141 116/116/1141
f 544/544/1142 561/561/1142 118/118/1142
f 561/561/1143 120/120/1143 118/118/1143
f 561/561/1144 550/550/1144 120/120/1144
f 550/550/1145 122/122/1145 120/120/1145
f 550/550/1146 552/552/1146 122/122/1146
f 552/552/1147 124/124/1147 122/122/1147
f 552/552/1148 553/553/1148 124/124/1148
f 553/553/1149 126/126/1149 124/124/1149
f 161/161/1150 28/28/1150 162/162/1150
f 28/28/1151 29/29/1151 162/162/1151
f 45/45/1152 163/163/1152 43/43/1152
f 163/163/1153 160/160/1153 43/43/1153
f 11/11/1154 161/161/1154 9/9/1154
f 161/161/1155 157/157/1155 9/9/1155
f 534/534/1156 722/722/1156 533/533/1156
f 722/722/1157 723/723/1157 533/533/1157
f 16/16/1158 724/724/1158 25/25/1158
f 724/724/1159 725/725/1159 25/25/1159
f 726/726/1160 725/725/1160 727/727/1160
f 725/725/1161 724/724/1161 727/727/1161
f 728/728/1162 729/729/1162 24/24/1162
f 729/729/1163 22/22/1163 24/24/1163
f 65/65/1164 155/155/1164 66/66/1164
f 155/155/1165 164/164/1165 66/66/1165
f 15/15/1166 730/730/1166 17/17/1166
f 730/730/1167 731/731/1167 17/17/1167
f 250/250/1168 13/13/1168 252/252/1168
f 13/13/1169 63/63/1169 252/252/1169
f 732/732/1170 733/733/1170 734/734/1170
f 733/733/1171 735/735/1171 734/734/1171
f 734/734/1172 735/735/1172 736/736/1172
f 735/735/1173 737/737/1173 736/736/1173
f 736/736/1174 737/737/1174 738/738/1174
f 737/737/1175 739/739/1175 738/738/1175
f 738/738/1176 739/739/1176 740/740/1176
f 739/739/1177 741/741/1177 740/740/1177
f 740/740/1178 741/741/1178 742/742/1178
f 741/741/1179 743/743/1179 742/742/1179
f 742/742/1180 743/743/1180 744/744/1180
f 743/743/1181 745/745/1181 744/744/1181
f 744/744/1182 745/745/1182 746/746/1182
f 745/745/1183 747/747/1183 746/746/1183
f 746/746/1184 747/747/1184 748/748/1184
f 747/747/1185 749/749/1185 748/748/1185
f 748/748/1186 749/749/1186 750/750/1186
f 749/749/1187 751/751/1187 750/750/1187
f 750/750/1188 751/751/1188 752/752/1188
f 751/751/1189 753/753/1189 752/752/1189
f 752/752/1190 753/753/1190 754/754/1190
f 753/753/1191 755/755/1191 754/754/1191
f 754/754/1192 755/755/1192 732/732/1192
f 755/755/1193 733/733/1193 732/732/1193
f 756/756/1194 757/757/1194 758/758/1194
f 757/757/1195 759/759/1195 758/758/1195
f 758/758/1196 759/759/1196 760/760/1196
f 760/760/1197 761/761/1197 758/758/1197
f 761/761/1198 762/762/1198 758/758/1198
f 758/758/1199 762/762/1199 763/763/1199
f 763/763/1200 764/764/1200 758/758/1200
f 764/764/1201 765/765/1201 758/758/1201
f 758/758/1202 765/765/1202 766/766/1202
f 766/766/1203 767/767/1203 758/758/1203
f 767/767/1204 768/768/1204 758/758/1204
f 758/758/1205 768/768/1205 756/756/1205
f 769/769/1206 770/770/1206 771/771/1206
f 770/770/1207 772/772/1207 771/771/1207
f 771/771/1208 772/772/1208 773/773/1208
f 772/772/1209 774/774/1209 773/773/1209
f 773/773/1210 774/774/1210 775/775/1210
f 774/774/1211 776/776/1211 775/775/1211
f 775/775/1212 776/776/1212 777/777/1212
f 776/776/1213 778/778/1213 777/777/1213
f 777/777/1214 778/778/1214 779/779/1214
f 778/778/1215 780/780/1215 779/779/1215
f 770/770/1216 781/781/1216 772/772/1216
f 781/781/1217 782/782/1217 772/772/1217
f 772/772/1218 782/782/1218 774/774/1218
f 782/782/1219 783/783/1219 774/774/1219
f 774/774/1220 783/783/1220 776/776/1220
f 783/783/1221 784/784/1221 776/776/1221
f 776/776/1222 784/784/1222 778/778/1222
f 784/784/1223 785/785/1223 778/778/1223
f 778/778/1224 785/785/1224 786/786/1224
f 785/785/1225 787/787/1225 786/786/1225
f 786/786/1226 787/787/1226 780/780/1226
f 787/787/1227 788/788/1227 780/780/1227
f 785/785/1228 784/784/1228 734/734/1228
f 784/784/1229 783/783/1229 734/734/1229
f 734/734/1230 783/783/1230 732/732/1230
f 783/783/1231 782/782/1231 732/732/1231
f 732/732/1232 782/782/1232 754/754/1232
f 782/782/1233 781/781/1233 754/754/1233
f 754/754/1234 781/781/1234 752/752/1234
f 781/781/1235 789/789/1235 752/752/1235
f 752/752/1236 789/789/1236 750/750/1236
f 789/789/1237 790/790/1237 750/750/1237
f 750/750/1238 790/790/1238 748/748/1238
f 790/790/1239 791/791/1239 748/748/1239
f 748/748/1240 791/791/1240 746/746/1240
f 791/791/1241 744/744/1241 746/746/1241
f 781/781/1242 770/770/1242 789/789/1242
f 770/770/1243 792/792/1243 789/789/1243
f 789/789/1244 792/792/1244 790/790/1244
f 792/792/1245 793/793/1245 790/790/1245
f 790/790/1246 793/793/1246 791/791/1246
f 793/793/1247 794/794/1247 791/791/1247
f 791/791/1248 794/794/1248 744/744/1248
f 794/794/1249 742/742/1249 744/744/1249
f 770/770/1250 769/769/1250 792/792/1250
f 769/769/1251 795/795/1251 792/792/1251
f 792/792/1252 795/795/1252 793/793/1252
f 795/795/1253 796/796/1253 793/793/1253
f 793/793/1254 796/796/1254 797/797/1254
f 796/796/1255 798/798/1255 797/797/1255
f 797/797/1256 798/798/1256 794/794/1256
f 798/798/1257 799/799/1257 794/794/1257
f 794/794/1258 799/799/1258 742/742/1258
f 799/799/1259 740/740/1259 742/742/1259
f 796/796/1260 800/800/1260 798/798/1260
f 800/800/1261 801/801/1261 798/798/1261
f 798/798/1262 801/801/1262 802/802/1262
f 801/801/1263 787/787/1263 802/802/1263
f 802/802/1264 787/787/1264 803/803/1264
f 787/787/1265 804/804/1265 803/803/1265
f 803/803/1266 804/804/1266 738/738/1266
f 804/804/1267 785/785/1267 738/738/1267
f 738/738/1268 785/785/1268 736/736/1268
f 785/785/1269 734/734/1269 736/736/1269
f 738/738/1270 740/740/1270 803/803/1270
f 740/740/1271 799/799/1271 803/803/1271
f 803/803/1272 799/799/1272 798/798/1272
f 745/745/1273 743/743/1273 805/805/1273
f 743/743/1274 741/741/1274 805/805/1274
f 805/805/1275 741/741/1275 739/739/1275
f 739/739/1276 737/737/1276 805/805/1276
f 737/737/1277 735/735/1277 805/805/1277
f 805/805/1278 735/735/1278 733/733/1278
f 733/733/1279 755/755/1279 805/805/1279
f 755/755/1280 753/753/1280 805/805/1280
f 805/805/1281 753/753/1281 751/751/1281
f 751/751/1282 749/749/1282 805/805/1282
f 749/749/1283 747/747/1283 805/805/1283
f 805/805/1284 747/747/1284 745/745/1284
f 432/432/1285 434/434/1285 468/468/1285
f 486/486/1286 532/532/1286 484/484/1286
f 502/502/1287 500/500/1287 518/518/1287
f 505/505/1288 537/537/1288 503/503/1288
f 675/675/1289 693/693/1289 677/677/1289
f 575/575/1290 581/581/1290 576/576/1290
f 678/678/1291 668/668/1291 667/667/1291
f 513/513/1292 547/547/1292 511/511/1292
f 785/785/1293 804/804/1293 787/787/1293
f 443/443/1294 446/446/1294 440/440/1294
f 634/634/1295 328/328/1295 635/635/1295
f 253/253/1296 686/686/1296 688/688/1296
f 685/685/1297 700/700/1297 687/687/1297
f 427/427/1298 436/436/1298 435/435/1298
f 793/793/1299 797/797/1299 794/794/1299
f 492/492/1300 528/528/1300 527/527/1300
f 601/601/1301 600/600/1301 599/599/1301
f 803/803/1302 798/798/1302 802/802/1302
f 801/801/1303 788/788/1303 787/787/1303
f 326/326/1304 324/324/1304 327/327/1304
f 264/264/1305 265/265/1305 644/644/1305
f 619/619/1306 336/336/1306 335/335/1306
f 258/258/1307 663/663/1307 669/669/1307
f 712/712/1308 708/708/1308 706/706/1308
f 539/539/1309 540/540/1309 543/543/1309
f 661/661/1310 663/663/1310 662/662/1310
f 313/313/1311 311/311/1311 319/319/1311
f 646/646/1312 651/651/1312 647/647/1312
f 580/580/1313 592/592/1313 582/582/1313
f 780/780/1314 778/778/1314 786/786/1314
f 357/357/1315 360/360/1315 358/358/1315
f 241/241/1316 243/243/1316 356/356/1316
