mtllib chess.mtl
o knight
v -0.008583 0.283456 0.022744
v -0.008267 0.283456 0.013250
v -0.028995 0.257839 0.022190
v -0.022270 0.264209 0.007713
v -0.028836 0.257839 0.015070
v -0.028598 0.257839 0.007555
v -0.028598 0.257839 -0.010087
v -0.022270 0.264209 -0.010245
v -0.028836 0.257839 -0.017602
v -0.028995 0.257839 -0.024643
v -0.008267 0.283456 -0.015782
v -0.008583 0.283456 -0.025276
v -0.019105 0.105794 -0.017839
v -0.032871 0.105794 -0.017444
v -0.027016 0.118672 -0.017681
v -0.038092 0.117287 -0.017365
v -0.032158 0.129889 -0.017523
v -0.042681 0.129058 -0.017206
v -0.036589 0.140967 -0.017365
v -0.046557 0.140274 -0.017127
v -0.041494 0.157999 -0.017286
v -0.050592 0.156614 -0.016969
v -0.044184 0.175170 -0.017127
v -0.053439 0.174339 -0.016890
v -0.044975 0.193448 -0.017127
v -0.054785 0.192340 -0.016811
v -0.043629 0.209927 -0.017206
v -0.053756 0.210342 -0.016890
v -0.041257 0.221974 -0.017206
v -0.048771 0.224743 -0.017048
v -0.036509 0.240114 -0.017365
v -0.040544 0.240668 -0.017206
v -0.032713 0.251330 -0.017523
v -0.033424 0.251607 -0.017444
v -0.028836 0.257839 -0.017602
v -0.068867 0.016201 0.002966
v -0.061114 0.016201 -0.031842
v -0.074009 0.011770 0.003204
v -0.065701 0.011770 -0.034215
v -0.069341 0.006231 -0.036113
v -0.041968 0.006231 -0.065938
v -0.071873 0.000000 -0.037458
v -0.043551 0.000000 -0.068390
v -0.080971 0.000000 0.003520
v -0.078122 0.006231 0.003362
v -0.036589 0.106210 0.028993
v -0.033820 0.102886 0.026145
v 0.039833 0.106210 0.026857
v 0.036984 0.102886 0.024167
v -0.032158 0.098870 0.024326
v 0.035165 0.098870 0.022427
v 0.034532 0.094578 0.021873
v -0.031525 0.094578 0.023693
v 0.035165 0.090147 0.022427
v -0.032158 0.090147 0.024326
v -0.033820 0.086131 0.026145
v 0.036984 0.086131 0.024167
v 0.039833 0.082807 0.026857
v 0.060322 0.217543 0.010798
v 0.033108 0.242607 0.009532
v 0.027492 0.223359 0.023772
v 0.002096 0.242607 0.023060
v -0.033266 0.221143 0.022032
v -0.036667 0.240114 0.021952
v -0.032949 0.251330 0.022032
v 0.016099 0.257839 0.023455
v -0.002097 0.262685 0.022981
v -0.016336 0.263655 0.022506
v 0.001069 0.262408 0.022981
v -0.007872 0.275286 0.022823
v -0.054547 0.192340 0.006764
v -0.053597 0.210342 0.006843
v -0.062142 0.196218 0.006605
v -0.062142 0.202726 0.006605
v -0.074167 0.023679 0.003204
v -0.065860 0.023679 -0.034294
v -0.036984 0.016201 -0.058106
v -0.039833 0.023679 -0.062615
v -0.003204 0.023679 -0.074165
v -0.039833 0.032957 -0.062615
v -0.003204 0.032957 -0.074165
v -0.036984 0.040573 -0.058106
v -0.002966 0.040573 -0.068785
v -0.032791 0.049851 -0.051461
v -0.002649 0.049851 -0.060954
v -0.002413 0.060790 -0.055574
v 0.025672 0.060790 -0.049325
v 0.024406 0.072699 -0.046951
v 0.044579 0.072699 -0.028361
v -0.065860 0.032957 -0.034294
v -0.061114 0.040573 -0.031842
v -0.054152 0.049851 -0.028203
v -0.029865 0.060790 -0.046872
v -0.002333 0.072699 -0.052806
v -0.068867 0.040573 0.002966
v -0.074167 0.032957 0.003204
v -0.061034 0.049851 0.002650
v -0.049326 0.060790 -0.025671
v -0.046953 0.072699 -0.024405
v -0.028440 0.072699 -0.044657
v -0.055575 0.060790 0.002413
v -0.040307 0.240668 -0.009691
v -0.040940 0.246761 -0.009691
v -0.033266 0.251607 -0.009929
v -0.035085 0.251607 -0.009849
v -0.048613 0.224743 0.007001
v -0.040307 0.240668 0.007159
v -0.055339 0.231806 0.006764
v -0.047189 0.240668 0.007001
v -0.048852 0.076715 0.002096
v -0.050354 0.077130 0.002175
v -0.043314 0.076715 -0.022586
v -0.044659 0.077130 -0.023219
v -0.026226 0.076715 -0.041176
v -0.027096 0.077130 -0.042521
v -0.002097 0.076715 -0.048771
v -0.002175 0.077130 -0.050274
v 0.022586 0.076715 -0.043312
v 0.023219 0.077130 -0.044657
v 0.042443 0.077130 -0.027016
v 0.023774 0.078238 -0.045686
v 0.043393 0.078238 -0.027649
v 0.023931 0.079761 -0.046002
v 0.043789 0.079761 -0.027886
v 0.043393 0.081284 -0.027649
v 0.051858 0.079761 -0.002255
v 0.051384 0.081284 -0.002176
v 0.045687 0.081284 0.023772
v 0.044658 0.082392 0.023297
v 0.027649 0.081284 0.043391
v 0.027016 0.082392 0.042521
v 0.002175 0.081284 0.051460
v 0.002175 0.082392 0.050352
v -0.023852 0.081284 0.045685
v -0.023298 0.082392 0.044657
v -0.043471 0.081284 0.027648
v -0.042523 0.082392 0.027015
v -0.051462 0.081284 0.002175
v -0.050354 0.082392 0.002175
v -0.051858 0.079761 0.002254
v -0.043787 0.079761 0.027886
v -0.024011 0.079761 0.046002
v 0.002255 0.079761 0.051856
v 0.027887 0.079761 0.043786
v 0.046003 0.079761 0.024009
v 0.045687 0.078238 0.023772
v 0.051384 0.078238 -0.002176
v 0.044658 0.077130 0.023297
v 0.050276 0.077130 -0.002176
v 0.048772 0.076715 -0.002097
v 0.041177 0.076715 -0.026225
v 0.027649 0.078238 0.043391
v 0.002175 0.078238 0.051460
v -0.023852 0.078238 0.045685
v -0.043471 0.078238 0.027648
v -0.051462 0.078238 0.002175
v -0.050354 0.077130 0.002175
v -0.042523 0.077130 0.027015
v -0.041177 0.076715 0.026224
v -0.023298 0.077130 0.044657
v -0.022586 0.076715 0.043312
v 0.002175 0.077130 0.050352
v 0.002096 0.076715 0.048849
v 0.027016 0.077130 0.042521
v 0.026226 0.076715 0.041176
v 0.043314 0.076715 0.022585
v -0.050354 0.156614 -0.009454
v -0.056366 0.157999 -0.009296
v -0.053281 0.174339 -0.009375
v -0.059293 0.165338 -0.009216
v 0.028520 0.176554 0.011115
v 0.028361 0.176554 0.018313
v 0.036193 0.163122 0.011431
v 0.036035 0.163122 0.018313
v -0.037934 0.117287 0.007317
v -0.040069 0.117287 0.007238
v -0.037934 0.117287 -0.009849
v -0.040069 0.117287 -0.009770
v -0.028598 0.257839 -0.010087
v -0.033266 0.253408 -0.009929
v -0.028598 0.257839 0.007555
v -0.033266 0.253408 0.007396
v -0.033266 0.251607 -0.009929
v -0.033266 0.251607 0.007396
v -0.025276 0.208957 -0.024880
v -0.025118 0.208957 -0.020846
v -0.033266 0.221143 -0.024564
v -0.033108 0.221143 -0.020846
v -0.032633 0.105794 0.007396
v -0.035482 0.105794 0.007317
v -0.032633 0.105794 -0.009929
v -0.035482 0.105794 -0.009849
v -0.035085 0.251607 0.007317
v -0.040940 0.246761 0.007159
v -0.033266 0.251607 0.007396
v -0.040307 0.240668 0.007159
v 0.001069 0.262408 0.022981
v 0.001543 0.262408 0.008425
v -0.001700 0.269471 0.008267
v 0.042285 0.130858 -0.020846
v 0.042523 0.130858 -0.014042
v 0.040704 0.118395 -0.020846
v 0.040940 0.118395 -0.014042
v 0.041573 0.145121 0.011589
v 0.036193 0.163122 0.011431
v 0.041415 0.145121 0.018313
v 0.036035 0.163122 0.018313
v 0.036984 0.105794 -0.013963
v 0.036826 0.105794 -0.020846
v 0.040940 0.118395 -0.014042
v 0.040704 0.118395 -0.020846
v 0.041415 0.145121 -0.020846
v 0.041573 0.145121 -0.014121
v 0.042285 0.130858 -0.020846
v 0.042523 0.130858 -0.014042
v 0.016416 0.257839 0.014358
v 0.016416 0.269471 0.014358
v 0.001543 0.262408 0.008425
v -0.001700 0.269471 0.008267
v -0.042523 0.129058 -0.009612
v -0.044737 0.129058 -0.009612
v -0.046320 0.140274 -0.009533
v -0.048219 0.137782 -0.009533
v -0.010402 0.199126 -0.025196
v 0.007555 0.198156 -0.025750
v -0.010244 0.199126 -0.020846
v 0.007713 0.198156 -0.020846
v -0.048852 0.076715 0.002096
v -0.048852 0.072699 0.002096
v -0.041177 0.072699 0.026224
v -0.022586 0.072699 0.043312
v 0.002096 0.072699 0.048849
v 0.026226 0.072699 0.041176
v 0.043314 0.072699 0.022585
v 0.048772 0.072699 -0.002097
v 0.041177 0.072699 -0.026225
v 0.022586 0.072699 -0.043312
v -0.002097 0.072699 -0.048771
v -0.026226 0.072699 -0.041176
v -0.043314 0.072699 -0.022586
v -0.010402 0.199126 0.022664
v -0.025276 0.208957 0.022348
v -0.010244 0.199126 0.018313
v -0.025118 0.208957 0.018313
v -0.028995 0.257839 -0.024643
v -0.032949 0.251330 -0.024564
v -0.036509 0.240114 -0.020846
v -0.041335 0.221974 -0.020846
v -0.043709 0.209927 -0.020846
v -0.045053 0.193448 -0.020846
v -0.044342 0.175170 -0.020846
v -0.041652 0.157999 -0.020846
v -0.036748 0.140967 -0.020846
v -0.032316 0.129889 -0.020846
v -0.027016 0.118672 -0.020846
v -0.019263 0.105794 -0.020846
v -0.028836 0.257839 0.015070
v -0.033424 0.251607 0.014991
v -0.032713 0.251330 0.014991
v -0.040544 0.240668 0.014753
v -0.036509 0.240114 0.014912
v -0.048771 0.224743 0.014516
v -0.041257 0.221974 0.014753
v -0.053756 0.210342 0.014358
v -0.043629 0.209927 0.014674
v -0.054785 0.192340 0.014358
v -0.044975 0.193448 0.014595
v -0.053439 0.174339 0.014437
v -0.044184 0.175170 0.014674
v -0.050592 0.156614 0.014437
v -0.041494 0.157999 0.014753
v -0.046557 0.140274 0.014595
v -0.036589 0.140967 0.014833
v -0.042681 0.129058 0.014674
v -0.032158 0.129889 0.014991
v -0.038092 0.117287 0.014833
v -0.027016 0.118672 0.015149
v -0.032871 0.105794 0.014991
v -0.019105 0.105794 0.015307
v -0.002966 0.016201 -0.068785
v 0.031842 0.016201 -0.061033
v 0.034296 0.023679 -0.065858
v 0.034296 0.032957 -0.065858
v 0.031842 0.040573 -0.061033
v 0.058107 0.040573 -0.036984
v 0.028203 0.049851 -0.054150
v 0.051462 0.049851 -0.032791
v 0.046874 0.060790 -0.029864
v 0.055577 0.060790 -0.002413
v 0.052808 0.072699 -0.002255
v 0.046874 0.072699 0.024484
v 0.032950 0.105794 0.018313
v 0.036826 0.105794 0.018313
v -0.019263 0.105794 0.018313
v -0.027016 0.118672 0.018313
v 0.040704 0.118395 0.018313
v 0.042285 0.130858 0.018313
v -0.032316 0.129889 0.018313
v 0.041415 0.145121 0.018313
v -0.036748 0.140967 0.018313
v 0.036035 0.163122 0.018313
v -0.041652 0.157999 0.018313
v -0.044342 0.175170 0.018313
v 0.028361 0.176554 0.018313
v 0.017444 0.189433 0.018313
v -0.045053 0.193448 0.018313
v -0.010244 0.199126 0.018313
v -0.043709 0.209927 0.018313
v -0.025118 0.208957 0.018313
v -0.041335 0.221974 0.018313
v -0.033108 0.221143 0.018313
v -0.036509 0.240114 0.018313
v 0.058107 0.016201 -0.036984
v 0.062617 0.023679 -0.039832
v 0.068866 0.016201 -0.002967
v 0.074167 0.023679 -0.003204
v 0.065781 0.023679 0.034293
v 0.074167 0.032957 -0.003204
v 0.065781 0.032957 0.034293
v 0.061034 0.040573 0.031841
v 0.036984 0.040573 0.058105
v 0.054073 0.049851 0.028202
v 0.032793 0.049851 0.051539
v 0.029786 0.060790 0.046872
v 0.002413 0.060790 0.055574
v 0.002255 0.072699 0.052884
v -0.025672 0.060790 0.049324
v -0.024485 0.072699 0.046951
v -0.044659 0.072699 0.028439
v 0.062617 0.032957 -0.039832
v 0.068866 0.040573 -0.002967
v 0.060955 0.049851 -0.002650
v 0.049326 0.060790 0.025671
v 0.028361 0.072699 0.044657
v -0.052886 0.072699 0.002333
v -0.055575 0.060790 0.002413
v -0.046953 0.060790 0.029863
v -0.028204 0.049851 0.054150
v 0.002651 0.049851 0.061032
v 0.002968 0.040573 0.068785
v -0.031842 0.040573 0.061111
v 0.003204 0.032957 0.074164
v 0.039833 0.032957 0.062614
v 0.039833 0.023679 0.062614
v 0.036984 0.016201 0.058105
v 0.061034 0.016201 0.031841
v 0.003204 0.023679 0.074164
v -0.034295 0.023679 0.065858
v -0.034295 0.032957 0.065858
v -0.062696 0.032957 0.039831
v -0.058107 0.040573 0.036983
v -0.051540 0.049851 0.032790
v -0.061034 0.049851 0.002650
v -0.068867 0.040573 0.002966
v -0.074167 0.032957 0.003204
v -0.062696 0.023679 0.039831
v -0.031842 0.016201 0.061111
v 0.002968 0.016201 0.068785
v -0.059293 0.165338 0.006684
v -0.056366 0.157999 0.006764
v -0.053281 0.174339 0.006843
v -0.050354 0.156614 0.006922
v -0.058107 0.016201 0.036983
v -0.068867 0.016201 0.002966
v -0.074167 0.023679 0.003204
v -0.053597 0.210342 0.006843
v -0.048613 0.224743 0.007001
v -0.062142 0.216712 0.006605
v -0.062142 0.225020 0.006605
v -0.028836 0.257839 0.015070
v -0.028598 0.257839 0.007555
v -0.033424 0.251607 0.014991
v -0.033266 0.251607 0.007396
v -0.040307 0.240668 0.007159
v -0.040544 0.240668 0.014753
v -0.048613 0.224743 0.007001
v -0.048771 0.224743 0.014516
v -0.053756 0.210342 0.014358
v -0.053597 0.210342 0.006843
v -0.054547 0.192340 0.006764
v -0.054785 0.192340 0.014358
v -0.053281 0.174339 0.006843
v -0.053439 0.174339 0.014437
v -0.050592 0.156614 0.014437
v -0.050354 0.156614 0.006922
v -0.046320 0.140274 0.007001
v -0.046557 0.140274 0.014595
v -0.042681 0.129058 0.014674
v -0.042523 0.129058 0.007159
v -0.038092 0.117287 0.014833
v -0.037934 0.117287 0.007317
v -0.032871 0.105794 0.014991
v 0.028520 0.176554 0.011115
v 0.017602 0.189433 0.010877
v 0.028361 0.176554 0.018313
v 0.017444 0.189433 0.018313
v -0.040307 0.240668 -0.009691
v -0.047189 0.240668 -0.009533
v -0.040307 0.240668 0.007159
v -0.055339 0.231806 -0.009296
v -0.042523 0.129058 0.007159
v -0.044737 0.129058 0.007080
v -0.042523 0.129058 -0.009612
v -0.037934 0.117287 0.007317
v -0.042523 0.129058 0.007159
v -0.043551 0.126011 0.007159
v 0.017602 0.189433 0.010877
v 0.007872 0.198156 0.010640
v 0.017444 0.189433 0.018313
v 0.007713 0.198156 0.018313
v -0.001700 0.269471 -0.010799
v 0.001069 0.262408 -0.025513
v -0.032949 0.251330 0.022032
v -0.028995 0.257839 0.022190
v -0.053597 0.210342 0.006843
v -0.053597 0.210342 -0.009375
v -0.062142 0.216712 -0.009137
v 0.038250 0.106210 -0.030418
v -0.038172 0.106210 -0.028282
v -0.062142 0.202726 -0.009137
v -0.053597 0.210342 -0.009375
v -0.062142 0.196218 -0.009137
v -0.054547 0.192340 -0.009296
v -0.046320 0.140274 -0.009533
v -0.046320 0.140274 0.007001
v -0.048219 0.137782 0.007001
v 0.032950 0.105794 -0.020846
v 0.036826 0.105794 -0.020846
v 0.040704 0.118395 -0.020846
v 0.042285 0.130858 -0.020846
v 0.041415 0.145121 -0.020846
v 0.036035 0.163122 -0.020846
v 0.028361 0.176554 -0.020846
v 0.017444 0.189433 -0.020846
v -0.010244 0.199126 -0.020846
v 0.007713 0.198156 -0.020846
v -0.025118 0.208957 -0.020846
v -0.033108 0.221143 -0.020846
v 0.047585 0.145121 -0.014279
v 0.041573 0.145121 -0.014121
v 0.043076 0.163676 -0.014121
v 0.036193 0.163122 -0.013884
v 0.017602 0.189433 -0.013409
v 0.025513 0.191787 -0.013647
v 0.028520 0.176554 -0.013647
v 0.035720 0.178632 -0.013884
v -0.038172 0.082807 -0.028282
v -0.035323 0.086131 -0.025592
v 0.038250 0.082807 -0.030418
v 0.035481 0.086131 -0.027570
v -0.033504 0.090147 -0.023852
v 0.033821 0.090147 -0.025750
v -0.032871 0.094578 -0.023298
v 0.033188 0.094578 -0.025117
v 0.033821 0.098870 -0.025750
v -0.033504 0.098870 -0.023852
v -0.035323 0.102886 -0.025592
v 0.035481 0.102886 -0.027570
v -0.033820 0.102886 0.026145
v -0.035323 0.102886 -0.025592
v -0.032158 0.098870 0.024326
v -0.033504 0.098870 -0.023852
v -0.032871 0.094578 -0.023298
v -0.031525 0.094578 0.023693
v -0.033504 0.090147 -0.023852
v -0.032158 0.090147 0.024326
v -0.035323 0.086131 -0.025592
v -0.033820 0.086131 0.026145
v -0.038172 0.082807 -0.028282
v -0.036589 0.082807 0.028993
v 0.046874 0.163815 -0.005736
v 0.043314 0.163676 -0.005657
v 0.037459 0.179185 -0.004786
v 0.036035 0.178632 -0.004786
v -0.002018 0.262685 -0.023061
v -0.002097 0.262685 -0.025434
v -0.016258 0.263655 -0.022665
v -0.016336 0.263655 -0.025038
v 0.047824 0.130858 -0.014200
v 0.043314 0.163676 -0.005657
v 0.047824 0.145121 -0.006052
v 0.051384 0.145121 -0.006210
v -0.080971 0.000000 0.003520
v -0.068392 0.000000 0.043549
v -0.078122 0.006231 0.003362
v -0.065940 0.006231 0.041967
v -0.074009 0.011770 0.003204
v -0.062538 0.011770 0.039752
v -0.036115 0.006231 0.069339
v -0.034295 0.011770 0.065700
v 0.003204 0.011770 0.074006
v 0.039753 0.011770 0.062535
v 0.065702 0.011770 0.034214
v 0.041968 0.006231 0.065937
v 0.069263 0.006231 0.036113
v 0.071874 0.000000 0.037458
v 0.080970 0.000000 -0.003521
v 0.003362 0.006231 0.078120
v -0.037459 0.000000 0.071870
v 0.003441 0.000000 0.080968
v 0.043473 0.000000 0.068389
v -0.050354 0.156614 0.006922
v -0.050354 0.156614 -0.009454
v -0.037934 0.117287 -0.009849
v -0.042523 0.129058 -0.009612
v -0.043551 0.126011 -0.009612
v 0.028361 0.176554 -0.020846
v 0.017444 0.189433 -0.020846
v -0.053597 0.210342 -0.009375
v -0.048613 0.224743 -0.009454
v -0.062142 0.225020 -0.009137
v -0.053281 0.174339 0.006843
v -0.062142 0.172539 0.006605
v -0.053281 0.174339 -0.009375
v -0.062142 0.172539 -0.009137
v 0.074009 0.011770 -0.003204
v 0.078124 0.006231 -0.003362
v 0.065939 0.006231 -0.041968
v 0.068314 0.000000 -0.043550
v 0.016099 0.200926 0.023455
v 0.007555 0.198156 0.023218
v 0.049484 0.195110 0.010482
v 0.060322 0.217543 0.010798
v -0.025118 0.208957 -0.020846
v -0.010244 0.199126 -0.020846
v 0.016416 0.257839 -0.016890
v 0.001543 0.262408 -0.010878
v 0.016416 0.269471 -0.016890
v -0.001700 0.269471 -0.010799
v 0.037459 0.000000 -0.071871
v 0.036114 0.006231 -0.069339
v 0.034216 0.011770 -0.065700
v -0.003441 0.006231 -0.078120
v -0.003204 0.011770 -0.074007
v -0.039753 0.011770 -0.062457
v -0.003521 0.000000 -0.080968
v 0.001069 0.262408 -0.025513
v 0.001543 0.262408 -0.010878
v 0.016099 0.257839 -0.025908
v 0.033108 0.242607 -0.012064
v 0.033108 0.242607 0.009532
v 0.060322 0.217543 0.010798
v 0.016099 0.257839 0.023455
v 0.001543 0.262408 0.008425
v 0.001069 0.262408 0.022981
v 0.017602 0.189433 -0.013409
v 0.016574 0.200926 -0.013330
v 0.007872 0.198156 -0.013093
v -0.054547 0.192340 0.006764
v -0.054547 0.192340 -0.009296
v 0.062458 0.011770 -0.039752
v 0.007713 0.198156 -0.020846
v 0.017444 0.189433 -0.020846
v 0.041415 0.145121 -0.020846
v 0.036035 0.163122 -0.020846
v -0.033108 0.221143 0.018313
v -0.025118 0.208957 0.018313
v -0.039121 0.114933 -0.009770
v -0.039121 0.114933 0.007238
v 0.036035 0.163122 -0.020846
v 0.028361 0.176554 -0.020846
v 0.036193 0.163122 -0.013884
v 0.028520 0.176554 -0.013647
v -0.053597 0.151214 0.006843
v -0.053597 0.151214 -0.009375
v -0.028836 0.257839 -0.017602
v -0.033424 0.251607 -0.017444
v -0.028598 0.257839 -0.010087
v -0.033266 0.251607 -0.009929
v -0.040307 0.240668 -0.009691
v -0.040544 0.240668 -0.017206
v -0.048613 0.224743 -0.009454
v -0.048771 0.224743 -0.017048
v -0.053756 0.210342 -0.016890
v -0.053597 0.210342 -0.009375
v -0.054547 0.192340 -0.009296
v -0.054785 0.192340 -0.016811
v -0.053281 0.174339 -0.009375
v -0.053439 0.174339 -0.016890
v -0.050592 0.156614 -0.016969
v -0.050354 0.156614 -0.009454
v -0.046320 0.140274 -0.009533
v -0.046557 0.140274 -0.017127
v -0.042681 0.129058 -0.017206
v -0.042523 0.129058 -0.009612
v -0.038092 0.117287 -0.017365
v -0.037934 0.117287 -0.009849
v -0.032871 0.105794 -0.017444
v -0.032633 0.105794 -0.009929
v -0.032633 0.105794 0.007396
v -0.037934 0.117287 0.007317
v -0.036509 0.240114 0.018313
v -0.033108 0.221143 0.018313
v -0.001700 0.269471 -0.010799
v -0.001700 0.269471 0.008267
v -0.002018 0.262685 0.020528
v -0.007792 0.275286 0.020370
v -0.007872 0.275286 0.022823
v -0.016336 0.263655 0.022506
v -0.016258 0.263655 0.020133
v -0.046320 0.140274 0.007001
v -0.050354 0.156614 0.006922
v -0.049563 0.140967 0.007001
v -0.016336 0.263655 0.022506
v -0.002097 0.262685 0.022981
v -0.048613 0.224743 0.007001
v -0.048613 0.224743 -0.009454
v -0.033108 0.221143 -0.020846
v -0.036509 0.240114 -0.020846
v -0.036667 0.240114 -0.024485
v 0.040940 0.118395 0.011510
v 0.042523 0.130858 0.011589
v 0.040704 0.118395 0.018313
v 0.042285 0.130858 0.018313
v 0.007872 0.198156 -0.013093
v 0.007713 0.198156 -0.020846
v 0.016574 0.200926 -0.013330
v 0.016099 0.200926 -0.025908
v 0.049484 0.195110 -0.013014
v 0.049484 0.195110 0.010482
v 0.016574 0.200926 0.010877
v 0.016099 0.200926 0.023455
v 0.007713 0.198156 0.018313
v 0.007872 0.198156 0.010640
v 0.036984 0.105794 0.011431
v 0.040940 0.118395 0.011510
v 0.036826 0.105794 0.018313
v 0.040704 0.118395 0.018313
v 0.050196 0.130858 0.003599
v 0.051384 0.145121 0.003678
v 0.048060 0.130858 0.003520
v 0.047824 0.145121 0.003520
v 0.045608 0.117841 0.011668
v 0.047824 0.130858 0.011668
v 0.047585 0.145121 0.011747
v 0.042523 0.130858 0.011589
v 0.041573 0.145121 0.011589
v -0.049563 0.140967 -0.009454
v 0.043076 0.163676 0.011589
v 0.035720 0.178632 0.011352
v 0.025513 0.191787 0.011115
v -0.062142 0.184309 0.006605
v -0.054547 0.192340 0.006764
v -0.053281 0.174339 0.006843
v -0.046320 0.140274 0.007001
v -0.042523 0.129058 0.007159
v -0.062142 0.184309 -0.009137
v -0.037934 0.117287 -0.009849
v -0.032633 0.105794 -0.009929
v -0.007872 0.275286 -0.025276
v -0.007792 0.275286 -0.022902
v -0.016336 0.263655 -0.025038
v -0.002097 0.262685 -0.025434
v -0.007872 0.275286 -0.025276
v -0.046320 0.140274 -0.009533
v -0.050354 0.156614 -0.009454
v 0.046874 0.163815 0.003283
v 0.037459 0.179185 0.002254
v 0.043314 0.163676 0.003204
v 0.036035 0.178632 0.002254
v -0.010244 0.199126 0.018313
v 0.007713 0.198156 0.018313
v 0.045845 0.117841 -0.005973
v 0.050196 0.130858 -0.006052
v 0.045845 0.117841 0.003441
v 0.025910 0.191787 -0.003441
v 0.025910 0.191787 0.000989
v 0.016574 0.200926 0.010877
v 0.036035 0.178632 0.002254
v 0.043314 0.163676 0.003204
v 0.047824 0.145121 0.003520
v 0.048060 0.130858 0.003520
v 0.045845 0.117841 0.003441
v 0.045845 0.117841 -0.005973
v 0.045608 0.117841 -0.014200
v 0.048060 0.130858 -0.006052
v 0.047824 0.145121 -0.006052
v 0.043314 0.163676 -0.005657
v 0.036035 0.178632 -0.004786
v 0.042285 0.130858 0.018313
v 0.041415 0.145121 0.018313
v -0.048852 0.082807 0.002096
v -0.041177 0.082807 0.026224
v -0.022586 0.082807 0.043312
v 0.002096 0.082807 0.048849
v 0.026226 0.082807 0.041176
v 0.043314 0.082807 0.022585
v 0.050276 0.082392 -0.002176
v 0.042443 0.082392 -0.027016
v 0.023219 0.082392 -0.044657
v 0.023774 0.081284 -0.045686
v -0.002175 0.082392 -0.050274
v -0.002255 0.081284 -0.051382
v -0.027096 0.082392 -0.042521
v -0.027649 0.081284 -0.043392
v -0.044659 0.082392 -0.023219
v -0.045686 0.081284 -0.023773
v -0.050354 0.082392 0.002175
v -0.051462 0.081284 0.002175
v -0.002097 0.082807 -0.048771
v -0.026226 0.082807 -0.041176
v -0.043314 0.082807 -0.022586
v -0.048852 0.082807 0.002096
v 0.022586 0.082807 -0.043312
v 0.041177 0.082807 -0.026225
v 0.048772 0.082807 -0.002097
v -0.002255 0.079761 -0.051856
v -0.027887 0.079761 -0.043787
v -0.046003 0.079761 -0.024010
v -0.045686 0.078238 -0.023773
v -0.051858 0.079761 0.002254
v -0.027649 0.078238 -0.043392
v -0.002255 0.078238 -0.051382
v 0.060322 0.217543 -0.013330
v 0.027492 0.223359 -0.026304
v 0.033108 0.242607 -0.012064
v 0.002096 0.242607 -0.025592
v -0.032949 0.251330 -0.024564
v 0.016099 0.200926 -0.025908
v 0.049484 0.195110 -0.013014
v 0.060322 0.217543 -0.013330
v -0.051462 0.078238 0.002175
v -0.048613 0.224743 -0.009454
v -0.040307 0.240668 -0.009691
v 0.047824 0.145121 0.003520
v 0.043314 0.163676 0.003204
v 0.048060 0.130858 -0.006052
v 0.047824 0.145121 -0.006052
v 0.035481 0.102886 -0.027570
v 0.036984 0.102886 0.024167
v 0.033821 0.098870 -0.025750
v 0.035165 0.098870 0.022427
v 0.034532 0.094578 0.021873
v 0.033188 0.094578 -0.025117
v 0.033821 0.090147 -0.025750
v 0.035165 0.090147 0.022427
v 0.035481 0.086131 -0.027570
v 0.036984 0.086131 0.024167
v 0.039833 0.082807 0.026857
v 0.038250 0.082807 -0.030418
v -0.048852 0.072699 0.002096
v -0.052886 0.072699 0.002333
v -0.054547 0.192340 -0.009296
v -0.053281 0.174339 -0.009375
v 0.060322 0.217543 -0.013330
v 0.016099 0.257839 -0.025908
v -0.016336 0.263655 -0.025038
v 0.001069 0.262408 -0.025513
v -0.002097 0.082807 -0.048771
v -0.026226 0.082807 -0.041176
v -0.000039 0.082807 0.000039
v -0.043314 0.082807 -0.022586
v -0.048852 0.082807 0.002096
v -0.041177 0.082807 0.026224
v -0.022586 0.082807 0.043312
v 0.002096 0.082807 0.048849
v 0.026226 0.082807 0.041176
v 0.043314 0.082807 0.022585
v 0.048772 0.082807 -0.002097
v 0.041177 0.082807 -0.026225
v 0.022586 0.082807 -0.043312
v -0.037459 0.000000 0.071870
v -0.068392 0.000000 0.043549
v -0.000039 0.000000 0.000039
v -0.080971 0.000000 0.003520
v -0.071873 0.000000 -0.037458
v -0.043551 0.000000 -0.068390
v -0.003521 0.000000 -0.080968
v 0.037459 0.000000 -0.071871
v 0.068314 0.000000 -0.043550
v 0.080970 0.000000 -0.003521
v 0.071874 0.000000 0.037458
v 0.043473 0.000000 0.068389
v 0.003441 0.000000 0.080968
v -0.036509 0.240114 0.018313
v -0.008267 0.283456 0.013250
v 0.036035 0.178632 0.002254
v -0.033266 0.251607 0.007396
v 0.048060 0.130858 0.003520
v 0.007713 0.198156 0.018313
v -0.036509 0.240114 -0.020846
v -0.008267 0.283456 -0.015782
v 0.036035 0.178632 -0.004786
v -0.033266 0.251607 -0.009929
v 0.048060 0.130858 -0.006052
v 0.007713 0.198156 -0.020846
v 0.001543 0.262408 -0.010878
v -0.032633 0.105794 0.007396
v 0.007713 0.198156 0.018313
v -0.036589 0.082807 0.028993
vt 0.523468 0.922871
vt 0.538092 0.922788
vt 0.523193 0.973395
vt 0.546119 0.959480
vt 0.534134 0.973809
vt 0.546284 0.974141
vt 0.575972 0.974430
vt 0.576082 0.959066
vt 0.589167 0.974762
vt 0.601757 0.974803
vt 0.585209 0.917197
vt 0.601922 0.917197
vt -0.144957 0.768772
vt -0.124010 0.778421
vt -0.141988 0.793951
vt -0.124010 0.799500
vt -0.141658 0.814740
vt -0.124945 0.820787
vt -0.142593 0.834826
vt -0.126814 0.840748
vt -0.147101 0.864436
vt -0.132092 0.868826
vt -0.155128 0.892887
vt -0.140284 0.898188
vt -0.167003 0.921463
vt -0.151114 0.926639
vt -0.180857 0.945731
vt -0.165519 0.953475
vt -0.192953 0.962545
vt -0.183386 0.972028
vt -0.212965 0.986979
vt -0.207192 0.990623
vt -0.226160 1.001970
vt -0.225170 1.002757
vt -0.234626 1.011495
vt 1.407518 0.020224
vt 1.353089 0.020224
vt 1.409717 0.010244
vt 1.353254 0.010244
vt 1.353364 0.000015
vt 1.298496 0.000015
vt 1.353364 -0.010049
vt 1.298496 -0.010049
vt 1.412576 -0.010049
vt 1.411421 0.000015
vt -0.345242 1.186384
vt -0.352554 1.181705
vt -0.345242 1.059411
vt -0.352554 1.064090
vt -0.359812 1.178764
vt -0.359812 1.067072
vt -0.367069 1.068025
vt -0.367069 1.177729
vt -0.374326 1.067072
vt -0.374326 1.178764
vt -0.381638 1.181705
vt -0.381583 1.064090
vt -0.388895 1.059411
vt 0.377116 0.936910
vt 0.431600 0.929083
vt 0.422638 0.964491
vt 0.471019 0.962131
vt 0.494880 1.020441
vt 0.515771 1.001018
vt 0.521379 0.984618
vt 0.470854 0.930532
vt 0.496419 0.942128
vt 0.513902 0.954262
vt 0.492461 0.939436
vt 0.514947 0.932147
vt 1.290744 0.349709
vt 1.292393 0.379568
vt 1.278099 0.356253
vt 1.278099 0.366896
vt 1.409332 0.034760
vt 1.352869 0.034760
vt 1.298441 0.020224
vt 1.298386 0.034760
vt 1.244123 0.034760
vt 1.298276 0.048178
vt 1.244123 0.048178
vt 1.298166 0.061265
vt 1.244068 0.061265
vt 1.298056 0.079197
vt 1.244012 0.079197
vt 1.244068 0.098081
vt 1.189969 0.098081
vt 1.190024 0.117794
vt 1.135815 0.117794
vt 1.352649 0.048178
vt 1.352320 0.061265
vt 1.351770 0.079197
vt 1.298001 0.098081
vt 1.244012 0.117794
vt 1.406528 0.061265
vt 1.408892 0.048178
vt 1.403449 0.079197
vt 1.351550 0.098081
vt 1.351880 0.117794
vt 1.298001 0.117794
vt 1.402460 0.098081
vt 1.242693 0.492254
vt 1.251050 0.498094
vt 1.248686 0.513002
vt 1.250720 0.510642
vt 1.294592 0.455106
vt 1.287280 0.484013
vt 1.278429 0.456514
vt 1.278704 0.476434
vt 1.407738 0.130550
vt 1.409717 0.136099
vt 1.352210 0.130550
vt 1.352265 0.136099
vt 1.298001 0.130550
vt 1.298001 0.136099
vt 1.243958 0.130550
vt 1.244012 0.136099
vt 1.189969 0.130550
vt 1.190024 0.136099
vt 1.135870 0.136099
vt 1.189969 0.141441
vt 1.135870 0.141441
vt 1.190024 0.146825
vt 1.135870 0.146825
vt 1.135870 0.152043
vt 1.081662 0.146825
vt 1.081662 0.152043
vt 1.027563 0.152043
vt 1.027508 0.157013
vt 0.973465 0.152043
vt 0.973465 0.157013
vt 0.919366 0.152043
vt 0.919366 0.157013
vt 0.865158 0.152043
vt 0.865213 0.157013
vt 0.810839 0.152043
vt 0.810839 0.157013
vt 0.750968 0.152043
vt 0.751463 0.157013
vt 0.751243 0.146825
vt 0.810894 0.146825
vt 0.865213 0.146825
vt 0.919366 0.146825
vt 0.973520 0.146825
vt 1.027508 0.146825
vt 1.027563 0.141441
vt 1.081662 0.141441
vt 1.027508 0.136099
vt 1.081717 0.136099
vt 1.081662 0.130550
vt 1.135870 0.130550
vt 0.973465 0.141441
vt 0.919366 0.141441
vt 0.865213 0.141441
vt 0.810949 0.141441
vt 0.752013 0.141441
vt 0.753552 0.136099
vt 0.811004 0.136099
vt 0.811114 0.130550
vt 0.865213 0.136099
vt 0.865213 0.130550
vt 0.919311 0.136099
vt 0.919311 0.130550
vt 0.973465 0.136099
vt 0.973465 0.130550
vt 1.027508 0.130550
vt 1.243298 0.251932
vt 1.251709 0.257606
vt 1.237085 0.281129
vt 1.251874 0.270817
vt 0.088591 1.185597
vt 0.076660 1.184976
vt 0.089800 1.159921
vt 0.078310 1.159341
vt 1.279254 0.164302
vt 1.279089 0.167822
vt 1.250830 0.164302
vt 1.250995 0.167822
vt 1.250445 0.527414
vt 1.250610 0.516812
vt 1.279638 0.527414
vt 1.279418 0.516812
vt 1.250610 0.513748
vt 1.279418 0.513748
vt 0.658110 1.040982
vt 0.655416 1.047608
vt 0.634029 1.031167
vt 0.631500 1.037337
vt 1.279418 0.138998
vt 1.279309 0.143636
vt 1.250665 0.138998
vt 1.250775 0.143636
vt 1.279309 0.510642
vt 1.278979 0.498094
vt 1.281343 0.513002
vt 1.287390 0.492254
vt 0.523303 0.887214
vt 0.545844 0.887090
vt 0.545899 0.898934
vt 0.163251 1.098049
vt 0.152036 1.098671
vt 0.162261 1.077219
vt 0.150936 1.077840
vt 0.090460 1.126418
vt 0.089140 1.157478
vt 0.079299 1.125921
vt 0.077595 1.156939
vt 0.142799 1.053779
vt 0.153630 1.050010
vt 0.149946 1.074402
vt 0.160612 1.070675
vt 0.164516 1.123643
vt 0.153300 1.124140
vt 0.163416 1.099872
vt 0.152145 1.100369
vt 0.533804 0.874583
vt 0.534079 0.893964
vt 0.507085 0.882617
vt 0.502192 0.894503
vt 1.247751 0.191055
vt 1.251160 0.192380
vt 1.246816 0.210767
vt 1.251325 0.207993
vt 0.690052 1.040361
vt 0.717266 1.023505
vt 0.694230 1.046945
vt 0.721885 1.030877
vt 0.755531 0.130550
vt 0.758500 0.124213
vt 0.811279 0.124213
vt 0.865213 0.124213
vt 0.919311 0.124213
vt 0.973410 0.124213
vt 1.027508 0.124213
vt 1.081662 0.124213
vt 1.135870 0.124213
vt 1.189969 0.124213
vt 1.243958 0.124213
vt 1.298001 0.124213
vt 1.351990 0.124213
vt 0.447488 1.027315
vt 0.474428 1.028351
vt 0.447158 1.033859
vt 0.474098 1.034356
vt -0.243533 1.003627
vt -0.235066 0.994060
vt -0.217363 0.983252
vt -0.197736 0.958900
vt -0.185970 0.942459
vt -0.172501 0.918771
vt -0.160955 0.890858
vt -0.152984 0.863153
vt -0.148365 0.834288
vt -0.147211 0.814658
vt -0.147321 0.794199
vt -0.149850 0.769517
vt -0.001793 0.945979
vt -0.011250 0.937241
vt -0.010260 0.936413
vt -0.029228 0.925024
vt -0.023455 0.921380
vt -0.053033 0.906471
vt -0.043467 0.896946
vt -0.070846 0.887918
vt -0.055507 0.880132
vt -0.085250 0.861041
vt -0.069362 0.855905
vt -0.096026 0.832590
vt -0.081182 0.827289
vt -0.104273 0.803227
vt -0.089209 0.798838
vt -0.109496 0.775191
vt -0.093772 0.769268
vt -0.111420 0.755229
vt -0.094652 0.749142
vt -0.112355 0.733943
vt -0.094322 0.728393
vt -0.112355 0.712822
vt -0.091408 0.703214
vt 1.244123 0.020224
vt 1.189969 0.020224
vt 1.189969 0.034760
vt 1.189969 0.048178
vt 1.189969 0.061265
vt 1.135815 0.061265
vt 1.189969 0.079197
vt 1.135870 0.079197
vt 1.135815 0.098081
vt 1.081662 0.098081
vt 1.081662 0.117794
vt 1.027508 0.117794
vt -0.002343 0.664700
vt -0.002343 0.664700
vt -0.086515 0.703918
vt -0.089044 0.728642
vt 0.012336 0.680768
vt 0.023387 0.698369
vt -0.089154 0.749100
vt 0.032018 0.720442
vt -0.087999 0.768730
vt 0.036471 0.751047
vt -0.083381 0.797595
vt -0.075409 0.825301
vt 0.034382 0.776557
vt 0.026960 0.803517
vt -0.063809 0.853172
vt -0.007676 0.837311
vt -0.050394 0.876860
vt -0.023180 0.862531
vt -0.038629 0.893302
vt -0.026699 0.886510
vt -0.019002 0.917653
vt 1.135870 0.020224
vt 1.135870 0.034760
vt 1.081717 0.020224
vt 1.081662 0.034760
vt 1.027508 0.034760
vt 1.081662 0.048178
vt 1.027508 0.048178
vt 1.027563 0.061265
vt 0.973410 0.061265
vt 1.027563 0.079197
vt 0.973410 0.079197
vt 0.973410 0.098081
vt 0.919311 0.098081
vt 0.919311 0.117794
vt 0.865268 0.098081
vt 0.865268 0.117794
vt 0.811444 0.117794
vt 1.135815 0.048178
vt 1.081717 0.061265
vt 1.081717 0.079197
vt 1.027563 0.098081
vt 0.973410 0.117794
vt 0.758500 0.117794
vt 0.760754 0.098081
vt 0.811664 0.098081
vt 0.865158 0.079197
vt 0.919256 0.079197
vt 0.919201 0.061265
vt 0.865048 0.061265
vt 0.919201 0.048178
vt 0.973355 0.048178
vt 0.973355 0.034760
vt 0.973355 0.020224
vt 1.027508 0.020224
vt 0.919146 0.034760
vt 0.864883 0.034760
vt 0.864993 0.048178
vt 0.810619 0.048178
vt 0.810949 0.061265
vt 0.811444 0.079197
vt 0.759874 0.079197
vt 0.756796 0.061265
vt 0.754432 0.048178
vt 0.810344 0.034760
vt 0.864828 0.020224
vt 0.919091 0.020224
vt 1.278209 0.270817
vt 1.278374 0.257606
vt 1.292998 0.281129
vt 1.286731 0.251932
vt 0.810180 0.020224
vt 0.755806 0.020224
vt 0.753992 0.034760
vt 1.292393 0.393152
vt 1.300640 0.417089
vt 1.278099 0.403837
vt 1.278099 0.417710
vt 1.132682 0.935750
vt 1.120147 0.935792
vt 1.132682 0.922871
vt 1.120202 0.922871
vt 1.120147 0.901253
vt 1.132682 0.901294
vt 1.120202 0.871435
vt 1.132792 0.871477
vt 1.132792 0.846173
vt 1.120257 0.846132
vt 1.120312 0.816231
vt 1.132847 0.816273
vt 1.120367 0.786414
vt 1.132957 0.786414
vt 1.132957 0.756596
vt 1.120476 0.756555
vt 1.120476 0.728642
vt 1.133067 0.728601
vt 1.133012 0.708888
vt 1.120531 0.708888
vt 1.133176 0.687933
vt 1.120641 0.687974
vt 1.133121 0.667019
vt 0.089305 1.188041
vt 0.088426 1.216119
vt 0.077320 1.187668
vt 0.076056 1.215746
vt 1.250995 0.487864
vt 1.251325 0.476434
vt 1.279034 0.487864
vt 1.251655 0.456514
vt 1.278979 0.188694
vt 1.278869 0.192380
vt 1.251105 0.188694
vt 1.282387 0.166538
vt 1.282332 0.187493
vt 1.278924 0.183352
vt 0.089140 1.217610
vt 0.088261 1.239393
vt 0.076770 1.217113
vt 0.075451 1.238855
vt 0.576247 0.890071
vt 0.601867 0.876612
vt -0.001299 0.928544
vt 0.007168 0.938111
vt 1.278484 0.385987
vt 1.251600 0.385987
vt 1.251984 0.403837
vt -0.250075 1.059452
vt -0.250075 1.186343
vt 1.251984 0.366896
vt 1.237690 0.379568
vt 1.251984 0.356253
vt 1.239284 0.349709
vt 1.251270 0.213294
vt 1.278814 0.213294
vt 1.278759 0.207993
vt -0.149850 0.769517
vt -0.233966 0.730298
vt -0.248646 0.746367
vt -0.259696 0.763926
vt -0.268328 0.786041
vt -0.272836 0.816645
vt -0.270692 0.842115
vt -0.263325 0.869075
vt -0.228689 0.902868
vt -0.254858 0.889036
vt -0.213185 0.928130
vt -0.209666 0.952067
vt 0.143349 1.123974
vt 0.153025 1.126418
vt 0.143074 1.155573
vt 0.154345 1.157478
vt 0.155059 1.216119
vt 0.142249 1.210984
vt 0.154180 1.188041
vt 0.142634 1.183402
vt -0.206422 1.186343
vt -0.213734 1.181663
vt -0.206422 1.059452
vt -0.213679 1.064132
vt -0.220992 1.178764
vt -0.220992 1.067072
vt -0.228249 1.177729
vt -0.228249 1.068025
vt -0.235506 1.067072
vt -0.235506 1.178764
vt -0.242763 1.181663
vt -0.242763 1.064132
vt -0.340569 1.193673
vt -0.254748 1.193632
vt -0.337600 1.200920
vt -0.257662 1.200879
vt -0.258652 1.208168
vt -0.336611 1.208209
vt -0.257662 1.215415
vt -0.337600 1.215498
vt -0.254693 1.222662
vt -0.340569 1.222745
vt -0.250020 1.229951
vt -0.345242 1.230034
vt 0.129110 1.152260
vt 0.134168 1.155407
vt 0.127570 1.182284
vt 0.130099 1.182864
vt 0.631720 0.942335
vt 0.634194 0.945855
vt 0.611103 0.956664
vt 0.613523 0.960101
vt 0.143294 1.100203
vt 0.134937 1.153543
vt 0.135487 1.121986
vt 0.129769 1.120496
vt 0.750803 -0.010049
vt 0.809905 -0.010049
vt 0.751903 0.000015
vt 0.809960 0.000015
vt 0.753607 0.010244
vt 0.810015 0.010244
vt 0.864773 0.000015
vt 0.864773 0.010244
vt 0.919146 0.010244
vt 0.973300 0.010244
vt 1.027563 0.010244
vt 0.973355 0.000015
vt 1.027508 0.000015
vt 1.027508 -0.010049
vt 1.081717 -0.010049
vt 0.919146 0.000015
vt 0.864773 -0.010049
vt 0.919091 -0.010049
vt 0.973300 -0.010049
vt 1.278649 0.247501
vt 1.251435 0.247501
vt 1.247696 0.166538
vt 1.247751 0.187493
vt 1.251105 0.183352
vt 0.166110 1.187668
vt 0.167429 1.215746
vt 1.237690 0.393152
vt 1.229443 0.417089
vt 1.251984 0.417710
vt 1.278484 0.288873
vt 1.278099 0.303948
vt 1.251600 0.288873
vt 1.251984 0.303948
vt 1.081662 0.010244
vt 1.081662 0.000015
vt 1.135815 0.000015
vt 1.135870 -0.010049
vt 0.416811 1.001763
vt 0.424892 1.012696
vt 0.367165 0.979359
vt 0.373598 0.942459
vt 0.658385 1.048146
vt 0.690327 1.048146
vt 0.586088 0.873879
vt 0.613028 0.881167
vt 0.586363 0.893219
vt 0.618251 0.892929
vt 1.189969 -0.010049
vt 1.190024 0.000015
vt 1.189969 0.010244
vt 1.244177 0.000015
vt 1.244177 0.010244
vt 1.298496 0.010244
vt 1.244123 -0.010049
vt 0.601042 0.900300
vt 0.576577 0.900093
vt 0.601207 0.874003
vt 0.577512 0.836192
vt 0.541336 0.836689
vt 0.538422 0.774818
vt 0.518685 0.875121
vt 0.544030 0.900549
vt 0.519565 0.901419
vt 0.154345 1.217610
vt 0.141810 1.232353
vt 0.155224 1.239393
vt 1.278429 0.341965
vt 1.251655 0.341965
vt 1.135815 0.010244
vt 0.168034 1.238855
vt 0.166715 1.217113
vt 0.164186 1.125921
vt 0.165835 1.156981
vt 0.496859 1.025700
vt 0.476572 1.033983
vt 1.250940 0.159829
vt 1.279144 0.159829
vt 0.165175 1.159341
vt 0.166825 1.185018
vt 0.153630 1.159921
vt 0.154894 1.185597
vt 1.278484 0.236941
vt 1.251600 0.236941
vt 1.099805 0.974016
vt 1.099805 0.961178
vt 1.112340 0.974099
vt 1.112340 0.961137
vt 1.112395 0.939560
vt 1.099860 0.939560
vt 1.112395 0.909743
vt 1.099805 0.909743
vt 1.099860 0.884439
vt 1.112340 0.884439
vt 1.112340 0.854539
vt 1.099805 0.854539
vt 1.112340 0.824680
vt 1.099750 0.824680
vt 1.099750 0.794862
vt 1.112285 0.794821
vt 1.112285 0.766949
vt 1.099750 0.766867
vt 1.099805 0.747195
vt 1.112285 0.747195
vt 1.099695 0.726199
vt 1.112230 0.726240
vt 1.099750 0.705326
vt 1.112285 0.705326
vt 1.283707 0.141980
vt 1.282442 0.162852
vt 0.519455 1.004994
vt 0.498618 1.024499
vt 0.576577 0.923616
vt 0.544690 0.924072
vt 0.498178 0.945358
vt 0.516651 0.935378
vt 0.520334 0.935460
vt 0.519950 0.957120
vt 0.516321 0.957078
vt 1.283322 0.215778
vt 1.286731 0.243484
vt 1.278704 0.218843
vt 0.514397 0.960101
vt 0.496199 0.948423
vt 1.278649 0.440280
vt 1.251380 0.440280
vt 0.629466 1.035929
vt 0.605221 1.012282
vt 0.609674 1.007644
vt 0.092549 1.077798
vt 0.091450 1.098629
vt 0.081279 1.077219
vt 0.080234 1.098049
vt 0.576852 0.661469
vt 0.589717 0.660972
vt 0.577457 0.676668
vt 0.598458 0.675716
vt 0.577622 0.732576
vt 0.538367 0.733156
vt 0.536993 0.677248
vt 0.515936 0.676834
vt 0.524238 0.661884
vt 0.537158 0.662008
vt 0.100741 1.053737
vt 0.093594 1.074361
vt 0.089910 1.049968
vt 0.082873 1.070634
vt 0.113606 1.096766
vt 0.113441 1.120537
vt 0.110142 1.096393
vt 0.107558 1.119999
vt 0.100356 1.078254
vt 0.100191 1.100203
vt 0.100136 1.123974
vt 0.091340 1.100327
vt 0.090185 1.124140
vt 1.251380 0.218843
vt 0.100411 1.155573
vt 0.100851 1.183402
vt 0.101236 1.210984
vt 1.278099 0.323702
vt 1.290744 0.336871
vt 1.292888 0.307136
vt 1.283267 0.210767
vt 1.282332 0.191055
vt 1.251984 0.323702
vt 1.247641 0.162852
vt 1.246377 0.141980
vt 0.605661 0.931733
vt 0.609894 0.931485
vt 0.606925 0.956871
vt 0.633645 0.938525
vt 0.611818 0.927633
vt 1.246761 0.215778
vt 1.243298 0.243484
vt 0.114211 1.152260
vt 0.115860 1.182284
vt 0.109153 1.155448
vt 0.113331 1.182906
vt 0.443915 1.032782
vt 0.420879 1.018867
vt 0.129384 1.073947
vt 0.129604 1.096766
vt 0.113716 1.073988
vt 0.125426 1.210570
vt 0.118059 1.210570
vt 0.101621 1.232353
vt 0.115915 1.183113
vt 0.114375 1.155448
vt 0.113771 1.123933
vt 0.113826 1.100244
vt 0.113936 1.078419
vt 0.129549 1.078419
vt 0.143129 1.078254
vt 0.129714 1.100244
vt 0.129714 1.123933
vt 0.129110 1.155407
vt 0.127515 1.183113
vt 0.080069 1.099830
vt 0.078969 1.123643
vt 0.752232 0.162024
vt 0.810839 0.162024
vt 0.865213 0.162024
vt 0.919311 0.162024
vt 0.973465 0.162024
vt 1.027508 0.162024
vt 1.081717 0.157013
vt 1.135870 0.157013
vt 1.190024 0.157013
vt 1.189969 0.152043
vt 1.244012 0.157013
vt 1.244012 0.152043
vt 1.298056 0.157013
vt 1.298001 0.152043
vt 1.352430 0.157013
vt 1.352375 0.152043
vt 1.411861 0.157013
vt 1.412246 0.152043
vt 1.243958 0.162024
vt 1.298056 0.162024
vt 1.352430 0.162024
vt 1.411036 0.162024
vt 1.189969 0.162024
vt 1.135870 0.162024
vt 1.081662 0.162024
vt 1.244012 0.146825
vt 1.298001 0.146825
vt 1.352265 0.146825
vt 1.352265 0.141441
vt 1.412136 0.146825
vt 1.298001 0.141441
vt 1.244012 0.141441
vt 0.775873 0.934218
vt 0.720950 0.966355
vt 0.710889 0.923948
vt 0.663498 0.962545
vt 0.603516 0.988097
vt 0.727053 1.010667
vt 0.786484 0.985198
vt 0.779667 0.941217
vt 1.411201 0.141441
vt 1.235491 0.455106
vt 1.242748 0.484013
vt 0.107723 1.122028
vt 0.108383 1.153543
vt 0.133013 1.096393
vt 0.135652 1.119957
vt -0.254748 1.052163
vt -0.340569 1.052163
vt -0.257717 1.044875
vt -0.337600 1.044875
vt -0.336666 1.037586
vt -0.258652 1.037627
vt -0.257717 1.030380
vt -0.337600 1.030339
vt -0.254748 1.023091
vt -0.340569 1.023050
vt -0.345242 1.015802
vt -0.250075 1.015802
vt 1.404769 0.124213
vt 1.404824 0.117794
vt 1.239284 0.336871
vt 1.237195 0.307136
vt 0.578666 0.774279
vt 0.664157 0.925148
vt 0.612753 0.952730
vt 0.638263 0.935378
vt -0.245512 1.289545
vt -0.245512 1.247593
vt -0.167223 1.268631
vt -0.224455 1.211232
vt -0.188115 1.190277
vt -0.146111 1.190318
vt -0.109826 1.211315
vt -0.088879 1.247635
vt -0.088934 1.289669
vt -0.109881 1.325989
vt -0.146276 1.346944
vt -0.188280 1.346944
vt -0.224565 1.325906
vt 1.124215 0.975300
vt 1.184526 0.940471
vt 1.219382 1.070427
vt 1.254128 0.940471
vt 1.314495 0.975300
vt 1.349296 1.035598
vt 1.349296 1.105214
vt 1.314550 1.165512
vt 1.254238 1.200341
vt 1.184581 1.200382
vt 1.124270 1.165553
vt 1.089414 1.105214
vt 1.089414 1.035598
vt 0.520829 1.002716
vt 0.518025 0.929828
vt 0.113496 1.183444
vt 1.281563 0.514659
vt 0.110307 1.095606
vt 0.418955 1.017003
vt 0.603626 1.009466
vt 0.603352 0.928669
vt 0.129879 1.183402
vt 1.248466 0.514659
vt 0.132848 1.095606
vt 0.724194 1.028765
vt 0.576247 0.876612
vt 1.120641 0.667019
vt 0.018493 0.823479
vt -0.388895 1.186384
vn -0.781556 0.623289 -0.026096
vn -0.790381 0.604181 -0.101311
vn -0.705262 0.708772 -0.015750
vn -0.708931 0.704923 -0.022358
vn -0.709386 0.704820 -0.000000
vn -0.709386 0.704820 -0.000000
vn -0.708931 0.704923 0.022358
vn -0.705362 0.708669 0.015928
vn -0.790274 0.604240 0.101790
vn -0.781517 0.623338 0.026094
vn -0.028684 -0.005357 -0.999574
vn -0.027801 -0.005758 -0.999597
vn -0.028640 0.000951 -0.999589
vn -0.030248 0.001709 -0.999541
vn -0.030283 0.002146 -0.999539
vn -0.023788 -0.001179 -0.999716
vn -0.023717 -0.002193 -0.999716
vn -0.034978 0.001026 -0.999388
vn -0.035386 0.003710 -0.999367
vn -0.025627 0.000338 -0.999672
vn -0.025498 -0.001103 -0.999674
vn -0.032417 0.001964 -0.999473
vn -0.031949 -0.002184 -0.999487
vn -0.031298 -0.002597 -0.999507
vn -0.030941 0.006095 -0.999503
vn -0.022227 -0.003276 -0.999748
vn -0.022116 -0.002976 -0.999751
vn -0.038038 0.009737 -0.999229
vn -0.039472 -0.000713 -0.999220
vn -0.094784 0.040052 -0.994692
vn -0.093414 0.043568 -0.994674
vn -0.649754 0.746240 -0.144724
vn -0.647966 0.747962 -0.143848
vn -0.793890 0.581960 -0.176243
vn -0.599114 0.582013 -0.549839
vn -0.673032 0.406820 -0.617678
vn -0.671821 0.412635 -0.615134
vn -0.892408 0.405403 -0.198134
vn -0.893256 0.403241 -0.198723
vn -0.792613 0.583670 -0.176333
vn 0.021465 -0.640120 0.767975
vn 0.021458 -0.639981 0.768091
vn 0.025549 -0.403667 0.914549
vn 0.025752 -0.407222 0.912966
vn 0.027949 -0.132019 0.990853
vn 0.027262 -0.141915 0.989503
vn 0.027315 0.127857 0.991416
vn 0.027928 0.137455 0.990114
vn 0.025797 0.403579 0.914581
vn 0.025506 0.407131 0.913013
vn 0.021458 0.639981 0.768091
vn 0.395209 0.469005 0.789838
vn 0.348644 0.489551 0.799242
vn -0.028599 -0.000756 0.999591
vn -0.028514 -0.000897 0.999593
vn -0.028725 0.002392 0.999584
vn -0.029111 0.000841 0.999576
vn -0.028041 -0.007226 0.999581
vn -0.028041 -0.007517 0.999579
vn -0.032252 0.015897 0.999353
vn 0.012617 0.144156 0.989475
vn 0.001027 0.011730 0.999931
vn -0.007730 0.008995 0.999930
vn -0.035383 0.006580 0.999352
vn -0.018687 -0.013647 0.999732
vn -0.022564 -0.003196 0.999740
vn -0.027845 -0.000000 0.999612
vn -0.805318 -0.565056 -0.179373
vn -0.803345 -0.568307 -0.177945
vn -0.606318 -0.567535 -0.557030
vn -0.606467 -0.567047 -0.557365
vn -0.247570 -0.567696 -0.785130
vn -0.300728 0.000000 -0.953710
vn -0.300728 0.000000 -0.953710
vn -0.249016 0.560664 -0.789714
vn -0.247293 0.564171 -0.787754
vn -0.231751 0.633473 -0.738244
vn -0.232820 0.631909 -0.739247
vn -0.271277 0.429507 -0.861355
vn 0.196156 0.429331 -0.881588
vn 0.212222 0.212695 -0.953794
vn 0.662027 0.213587 -0.718401
vn -0.736285 0.000000 -0.676672
vn -0.609765 0.560484 -0.560396
vn -0.610107 0.559996 -0.560512
vn -0.570015 0.633122 -0.523678
vn -0.570279 0.632834 -0.523740
vn -0.663773 0.433343 -0.609605
vn -0.272335 0.433281 -0.859128
vn -0.294892 0.218182 -0.930288
vn 0.208648 0.220098 -0.952902
vn -0.755623 0.633014 -0.168305
vn -0.807755 0.561393 -0.179916
vn -0.810106 0.558148 -0.179443
vn -0.976335 -0.000000 -0.216263
vn -0.976335 -0.000000 -0.216263
vn -0.756019 0.632447 -0.168660
vn -0.879554 0.433454 -0.196220
vn -0.663747 0.433853 -0.609272
vn -0.719684 0.213633 -0.660618
vn -0.721799 0.209024 -0.659784
vn -0.879164 0.434499 -0.195655
vn -0.953801 0.212620 -0.212265
vn -0.029096 -0.003023 -0.999572
vn -0.043929 0.020500 -0.998824
vn -0.029487 0.005464 0.999550
vn -0.022949 -0.005634 0.999721
vn -0.268613 -0.961361 -0.060270
vn -0.268328 -0.961446 -0.060187
vn -0.206713 -0.959774 -0.190011
vn -0.191447 -0.965921 -0.174199
vn -0.077927 -0.965731 -0.247570
vn -0.081295 -0.961828 -0.261302
vn 0.059401 -0.961423 -0.268585
vn 0.059426 -0.961397 -0.268671
vn 0.189792 -0.959794 -0.206822
vn 0.472784 -0.714867 -0.515209
vn 0.478354 -0.707409 -0.520336
vn 0.660565 -0.217615 -0.718539
vn 0.647351 -0.278312 -0.709563
vn 0.647351 0.278312 -0.709563
vn 0.915091 0.282165 -0.288083
vn 0.910733 0.298263 -0.285665
vn 0.937371 0.281062 0.205768
vn 0.691000 0.706760 0.151686
vn 0.527393 0.697664 0.484893
vn 0.533673 0.689443 0.489756
vn 0.222110 0.677478 0.701207
vn 0.217572 0.690168 0.690168
vn -0.155000 0.698561 0.698561
vn -0.153171 0.712122 0.685143
vn -0.473606 0.714350 0.515171
vn -0.478096 0.707118 0.520968
vn -0.678680 0.702906 0.212878
vn -0.690459 0.689836 0.217700
vn -0.922642 0.254911 0.289401
vn -0.926477 0.237813 0.291693
vn -0.655725 0.247517 0.713274
vn -0.659129 0.218584 0.719562
vn -0.211296 0.220268 0.952279
vn -0.211416 0.235541 0.948590
vn 0.291984 0.255017 0.921798
vn 0.288090 0.282340 0.915034
vn 0.706907 0.279035 0.649940
vn 0.713994 0.249919 0.654028
vn 0.949874 0.230031 0.211718
vn 0.949874 -0.230031 0.211718
vn 0.937371 -0.281062 0.205768
vn 0.691000 -0.706760 0.151686
vn 0.698665 -0.698665 0.154061
vn 0.268579 -0.961435 0.059224
vn 0.261226 -0.961757 -0.082364
vn 0.263287 -0.961151 -0.082877
vn 0.187504 -0.960845 -0.204008
vn 0.712793 -0.249876 0.655353
vn 0.708135 -0.278895 0.648662
vn 0.289672 -0.282449 0.914501
vn 0.290376 -0.255061 0.922294
vn -0.210517 -0.235634 0.948767
vn -0.212191 -0.220318 0.952069
vn -0.660434 -0.218477 0.718397
vn -0.654458 -0.247440 0.714463
vn -0.926477 -0.237813 0.291693
vn -0.922642 -0.254911 0.289401
vn -0.690628 -0.690005 0.216626
vn -0.678218 -0.703059 0.213841
vn -0.251102 -0.964717 0.079172
vn -0.181168 -0.963434 0.197414
vn -0.183536 -0.962517 0.199690
vn -0.059346 -0.962295 0.265456
vn -0.060259 -0.961361 0.268613
vn 0.082350 -0.961758 0.261227
vn 0.079747 -0.964755 0.250776
vn 0.197414 -0.963434 0.181168
vn 0.199771 -0.962484 0.183621
vn 0.265781 -0.962240 0.058784
vn -0.478500 -0.707193 0.520495
vn -0.473102 -0.714428 0.515526
vn -0.152112 -0.711964 0.685543
vn -0.156143 -0.698434 0.698434
vn 0.217572 -0.690168 0.690168
vn 0.222110 -0.677478 0.701207
vn 0.533172 -0.689511 0.490207
vn -0.026244 0.000122 -0.999656
vn -0.026768 0.000221 -0.999642
vn 0.867932 0.496317 0.019052
vn 0.868110 0.495971 0.019930
vn -0.000000 -1.000000 -0.000000
vn -0.000000 -1.000000 -0.000000
vn -0.688455 0.725279 -0.000000
vn -0.688455 0.725279 -0.000000
vn -1.000000 -0.000000 0.000000
vn -1.000000 -0.000000 -0.000000
vn -0.835402 -0.548665 0.032720
vn -0.835736 -0.547967 0.035740
vn -0.000000 -1.000000 -0.000000
vn -0.000000 -1.000000 -0.000000
vn -0.043381 0.019837 0.998862
vn -0.028973 -0.003010 0.999576
vn 0.908435 0.416924 0.030332
vn 0.908587 0.416646 0.029587
vn 0.908292 0.417600 0.024824
vn 0.991448 -0.125850 -0.034535
vn 0.991448 -0.125850 -0.034535
vn 0.957826 0.286465 0.022507
vn 0.957891 0.286287 0.021992
vn 0.953819 -0.299582 -0.021895
vn 0.955255 -0.293907 -0.033274
vn 0.997871 0.060867 -0.023444
vn 0.997204 0.066157 -0.034735
vn -0.370518 -0.000000 0.928825
vn -0.316225 -0.124156 0.940525
vn -0.000000 0.007043 -0.999975
vn -0.007799 0.005943 -0.999952
vn -0.053876 -0.998546 0.001957
vn -0.053936 -0.998543 0.001738
vn -0.952961 -0.000000 0.303093
vn -0.952961 -0.000000 0.303093
vn -0.676700 -0.000000 0.736259
vn -0.676700 -0.000000 0.736259
vn -0.218893 -0.000000 0.975749
vn -0.218893 -0.000000 0.975749
vn 0.303046 -0.000000 0.952976
vn 0.303046 -0.000000 0.952976
vn 0.736241 -0.000000 0.676719
vn 0.736241 -0.000000 0.676719
vn 0.976403 -0.000000 0.215954
vn 0.976403 -0.000000 0.215954
vn 0.953859 -0.000000 -0.300255
vn 0.953859 -0.000000 -0.300255
vn 0.676698 -0.000000 -0.736261
vn 0.676698 -0.000000 -0.736261
vn 0.215946 -0.000000 -0.976405
vn 0.215946 -0.000000 -0.976405
vn -0.300244 0.000000 -0.953862
vn -0.300244 -0.000000 -0.953862
vn -0.736223 0.000000 -0.676739
vn -0.736223 -0.000000 -0.676739
vn -0.975740 0.000000 -0.218931
vn -0.551015 -0.834256 -0.020009
vn -0.551293 -0.834033 -0.021587
vn -0.858877 0.511814 0.019395
vn -0.854098 0.519316 0.028749
vn -0.949549 0.311985 0.031962
vn -0.947195 0.320658 -0.000000
vn -0.967424 0.253162 -0.000000
vn -0.966173 0.257042 0.020969
vn -0.980924 0.193221 0.021289
vn -0.980924 0.193221 0.021289
vn -0.996453 0.081329 0.021626
vn -0.996454 0.081431 0.021167
vn -0.999017 -0.038916 0.021221
vn -0.998166 -0.043197 0.042407
vn -0.987081 -0.154636 0.041936
vn -0.986940 -0.155019 0.043802
vn -0.960087 -0.276437 0.042611
vn -0.959967 -0.276662 0.043848
vn -0.927649 -0.371043 0.042372
vn -0.927391 -0.371485 0.044095
vn -0.903318 -0.426815 0.042950
vn -0.909038 -0.416713 -0.000000
vn -0.856723 -0.515777 0.000000
vn -0.850972 -0.523304 0.044714
vn -0.003833 -0.009853 0.999944
vn -0.006753 -0.017358 0.999827
vn -0.038550 0.006012 0.999239
vn -0.038674 0.005108 0.999239
vn -0.031693 -0.000467 0.999498
vn -0.031540 -0.000050 0.999502
vn -0.031208 -0.000407 0.999513
vn -0.031119 0.001779 0.999514
vn -0.023830 -0.002848 0.999712
vn -0.024441 0.002561 0.999698
vn -0.025884 0.003201 0.999660
vn -0.025233 -0.004054 0.999673
vn -0.034587 -0.000820 0.999401
vn -0.034872 0.001052 0.999391
vn -0.023721 -0.002136 0.999716
vn -0.023788 -0.001179 0.999716
vn -0.030283 0.002146 0.999539
vn -0.030248 0.001709 0.999541
vn -0.028640 0.000951 0.999589
vn -0.028614 0.000743 0.999590
vn -0.022951 -0.001833 0.999735
vn -0.245840 -0.571206 -0.783126
vn 0.178470 -0.570898 -0.801389
vn 0.177111 -0.573957 -0.799503
vn 0.216283 -0.000000 -0.976331
vn 0.216283 -0.000000 -0.976331
vn 0.178168 0.566921 -0.804274
vn 0.557194 0.564993 -0.608537
vn 0.524240 0.630367 -0.572546
vn 0.523717 0.632829 -0.570305
vn 0.609577 0.433339 -0.663802
vn 0.859114 0.433285 -0.272372
vn 0.929861 0.220116 -0.294801
vn 0.952618 0.218691 0.211408
vn 0.179524 0.563863 -0.806120
vn 0.168384 0.632425 -0.756099
vn 0.167433 0.628915 -0.759231
vn 0.194105 0.433141 -0.880177
vn 0.609303 0.433758 -0.663780
vn 0.659985 0.217873 -0.718994
vn 0.931150 0.216404 -0.293477
vn -0.000000 -1.000000 -0.000000
vn -0.000000 -0.000000 1.000000
vn -0.000000 -0.000000 1.000000
vn -0.000000 -0.000000 1.000000
vn -0.000000 -0.000000 1.000000
vn 0.000000 -0.000000 1.000000
vn -0.000000 -0.000000 1.000000
vn 0.000000 -0.000000 1.000000
vn -0.000000 -0.000000 1.000000
vn 0.000000 -0.000000 1.000000
vn -0.000000 -0.000000 1.000000
vn 0.000000 -0.000000 1.000000
vn -0.000000 -0.000000 1.000000
vn -0.000000 -0.000000 1.000000
vn -0.000000 -0.000000 1.000000
vn -0.000000 -0.000000 1.000000
vn -0.000000 -0.000000 1.000000
vn -0.000000 -0.000000 1.000000
vn -0.000000 -0.000000 1.000000
vn 0.553911 -0.572029 -0.604951
vn 0.557310 -0.567092 -0.606476
vn 0.784809 -0.567856 -0.248222
vn 0.786594 -0.565461 -0.248039
vn 0.805162 -0.565056 0.180070
vn 0.975892 -0.000000 0.218253
vn 0.975892 -0.000000 0.218253
vn 0.807541 0.561480 0.180602
vn 0.610684 0.560673 0.559205
vn 0.570792 0.633251 0.522676
vn 0.573979 0.629752 0.523412
vn 0.663376 0.440442 0.604932
vn 0.272081 0.439921 0.855828
vn 0.295942 0.214193 0.930881
vn -0.212258 0.212628 0.953801
vn -0.211721 0.211243 0.954228
vn -0.661108 0.209454 0.720462
vn 0.953708 -0.000000 -0.300735
vn 0.791149 0.558431 -0.249475
vn 0.809672 0.557890 0.182181
vn 0.752793 0.636091 0.169383
vn 0.755584 0.632998 0.168544
vn 0.881980 0.428257 0.196739
vn 0.663955 0.429718 0.611969
vn 0.718283 0.213938 0.662043
vn 0.720497 0.209126 0.661173
vn 0.952777 0.217386 0.212037
vn 0.881612 0.429262 0.196200
vn 0.861382 0.429442 -0.271295
vn 0.736271 0.635713 -0.231891
vn 0.737577 0.633687 -0.233283
vn 0.789393 0.560823 -0.249672
vn 0.560556 0.560059 -0.610008
vn 0.676631 -0.000000 -0.736323
vn 0.676631 -0.000000 -0.736323
vn -0.931980 0.212488 0.293703
vn -0.931829 0.214497 0.292720
vn -0.659328 0.213216 0.720989
vn -0.607969 0.434028 0.664826
vn -0.196187 0.433451 0.879563
vn -0.169320 0.628554 0.759112
vn 0.233736 0.628153 0.742153
vn 0.232704 0.629675 0.741187
vn -0.166708 0.632743 0.756204
vn -0.177775 0.564012 0.806404
vn 0.247336 0.564097 0.787794
vn 0.249011 0.560686 0.789699
vn 0.610910 0.559910 0.559723
vn 0.737322 0.000000 0.675542
vn 0.737322 0.000000 0.675542
vn 0.607374 -0.566942 0.556483
vn 0.607140 -0.567706 0.555959
vn 0.300728 -0.000000 0.953710
vn 0.300728 -0.000000 0.953710
vn -0.216258 -0.000000 0.976336
vn -0.216258 -0.000000 0.976336
vn -0.675622 -0.000000 0.737248
vn -0.559459 0.560633 0.610489
vn -0.558664 0.563963 0.608144
vn -0.523674 0.633090 0.570055
vn -0.524328 0.630012 0.572857
vn -0.608549 0.433139 0.664874
vn -0.859974 0.432972 0.270148
vn -0.859035 0.434555 0.270593
vn -0.739214 0.631936 0.232850
vn -0.740478 0.629955 0.234201
vn -0.791022 0.558293 0.250187
vn -0.786692 0.566050 0.246380
vn -0.954294 -0.000000 0.298870
vn -0.675622 -0.000000 0.737248
vn -0.556212 -0.567666 0.606946
vn -0.177155 -0.568205 0.803592
vn -0.177545 -0.570944 0.801561
vn 0.246881 -0.571005 0.782945
vn -0.026768 0.000221 0.999642
vn -0.026244 0.000122 0.999656
vn -0.555384 -0.570999 0.604574
vn -0.781160 -0.573364 0.247068
vn -0.786979 -0.565612 0.246469
vn -0.954294 -0.000000 0.298870
vn -0.928852 -0.370452 0.000000
vn -0.928852 -0.370452 0.000000
vn -0.028633 -0.001058 0.999589
vn -0.029260 -0.000000 0.999572
vn -0.804828 0.592965 -0.025382
vn -0.800055 0.599696 -0.016644
vn -0.840605 0.541366 -0.017487
vn -0.837556 0.545721 -0.026249
vn -0.886169 0.462530 -0.027773
vn -0.888178 0.459119 -0.018674
vn -0.944752 0.327184 -0.019863
vn -0.944752 0.327184 -0.019863
vn -0.998386 0.052779 -0.020991
vn -0.997886 0.057039 -0.031143
vn -0.997043 -0.070258 -0.031117
vn -0.996999 -0.074585 -0.020743
vn -0.987128 -0.158609 -0.020538
vn -0.986139 -0.162984 -0.031100
vn -0.970348 -0.239766 -0.030602
vn -0.970324 -0.239905 -0.030283
vn -0.944679 -0.326668 -0.029482
vn -0.946922 -0.320846 -0.019909
vn -0.931432 -0.363389 -0.019583
vn -0.931432 -0.363388 -0.019580
vn -0.910193 -0.413742 -0.019134
vn 0.762560 0.646700 0.016739
vn 0.762720 0.646526 0.016206
vn -0.000000 1.000000 -0.000000
vn -0.000000 1.000000 -0.000000
vn -0.736098 0.676875 -0.000000
vn -0.736098 0.676875 -0.000000
vn -0.000000 -1.000000 -0.000000
vn -0.000000 -1.000000 -0.000000
vn -0.036960 -0.000995 0.999316
vn -0.012296 0.004148 0.999916
vn 0.667229 0.744717 0.014177
vn 0.667425 0.744550 0.013743
vn 0.908896 0.415916 -0.030348
vn 0.908472 0.416927 -0.029169
vn -0.850972 -0.523304 -0.044728
vn -0.856723 -0.515777 -0.000000
vn -0.909038 -0.416713 0.000000
vn -0.903318 -0.426815 -0.042963
vn -0.927391 -0.371485 -0.044108
vn -0.927648 -0.371043 -0.042384
vn -0.959965 -0.276664 -0.043860
vn -0.960087 -0.276437 -0.042611
vn -0.986971 -0.154820 -0.043804
vn -0.987043 -0.154630 -0.042856
vn -0.998118 -0.043382 -0.043337
vn -0.999017 -0.038916 -0.021227
vn -0.996454 0.081431 -0.021173
vn -0.996452 0.081329 -0.021632
vn -0.980898 0.193355 -0.021295
vn -0.980914 0.193219 -0.021767
vn -0.966163 0.257040 -0.021440
vn -0.967424 0.253162 -0.000000
vn -0.947195 0.320658 -0.000000
vn -0.949548 0.311988 -0.031962
vn -0.853944 0.519571 -0.028744
vn -0.858882 0.511814 -0.019180
vn -0.597716 -0.801708 -0.000000
vn -0.597716 -0.801708 -0.000000
vn 0.000000 1.000000 -0.000000
vn -0.000000 1.000000 -0.000000
vn -0.027845 -0.000000 -0.999612
vn -0.022564 -0.003196 -0.999740
vn -0.795380 0.606111 -0.000000
vn -0.795380 0.606111 -0.000000
vn -0.000000 0.000000 -1.000000
vn -0.000000 -0.000000 -1.000000
vn -0.000000 0.000000 -1.000000
vn 0.000000 -0.000000 -1.000000
vn -0.000000 0.000000 -1.000000
vn -0.000000 -0.000000 -1.000000
vn -0.000000 0.000000 -1.000000
vn -0.000000 -0.000000 -1.000000
vn -0.000000 0.000000 -1.000000
vn -0.000000 0.000000 -1.000000
vn -0.000000 -0.000000 -1.000000
vn -0.000000 -0.000000 -1.000000
vn -0.000000 0.000000 -1.000000
vn 0.000000 -0.000000 -1.000000
vn -0.000000 -0.000000 -1.000000
vn -0.000000 -0.000000 -1.000000
vn -0.000000 -0.000000 -1.000000
vn 0.000000 -0.000000 -1.000000
vn -0.000000 -0.000000 -1.000000
vn -0.026272 0.002128 -0.999653
vn -0.034638 0.002806 -0.999396
vn -0.028404 -0.005605 -0.999581
vn -0.031127 -0.006142 -0.999497
vn -0.021468 0.639986 -0.768086
vn -0.021454 0.640125 -0.767971
vn -0.025506 0.407131 -0.913013
vn -0.025781 0.403774 -0.914495
vn -0.027949 0.127944 -0.991387
vn -0.027264 0.137551 -0.990119
vn -0.027247 -0.141917 -0.989503
vn -0.027934 -0.132017 -0.990854
vn -0.025738 -0.407217 -0.912969
vn -0.025547 -0.403858 -0.914465
vn -0.021458 -0.639981 -0.768091
vn -0.021465 -0.640120 -0.767975
vn -0.759251 -0.650460 0.020985
vn -0.767933 -0.640141 0.022309
vn -0.919421 -0.392366 0.026710
vn -0.914732 -0.403253 0.025537
vn -0.989430 -0.142359 0.027622
vn -0.988292 -0.149929 0.028287
vn -0.990042 0.137892 0.028337
vn -0.989012 0.145232 0.027611
vn -0.914732 0.403253 0.025537
vn -0.919421 0.392366 0.026710
vn -0.767933 0.640141 0.022309
vn -0.759251 0.650460 0.020985
vn -0.023996 0.047025 -0.998605
vn -0.018995 0.048914 -0.998622
vn 0.067898 0.997690 -0.002260
vn 0.067898 0.997690 -0.002260
vn -0.026271 -0.007285 -0.999628
vn -0.029792 -0.006033 -0.999538
vn -0.022797 0.015739 -0.999616
vn -0.044334 0.014632 -0.998910
vn -0.872038 0.405531 0.274035
vn -0.869097 0.411639 0.274270
vn -0.775055 0.582636 0.244592
vn -0.779523 0.576614 0.244662
vn -0.634414 0.746908 0.199118
vn -0.628216 0.752241 0.198694
vn -0.615880 0.412739 0.671073
vn -0.552317 0.576858 0.601814
vn -0.551648 0.578928 0.600439
vn -0.446801 0.750908 0.486319
vn -0.446878 0.750772 0.486458
vn -0.176126 0.580269 0.795153
vn -0.142691 0.751426 0.644204
vn -0.142637 0.749017 0.647015
vn 0.197511 0.751818 0.629094
vn 0.197368 0.752054 0.628857
vn 0.487136 0.750655 0.446336
vn 0.601256 0.578794 0.550898
vn 0.602762 0.576526 0.551629
vn 0.671503 0.414035 0.614539
vn 0.888293 0.414790 0.197194
vn 0.243338 0.582801 0.775325
vn -0.176304 0.583674 0.792617
vn -0.198494 0.405293 0.892377
vn -0.616895 0.406752 0.673790
vn -0.198499 0.405350 0.892351
vn 0.275489 0.402506 0.872981
vn 0.245840 0.576781 0.779029
vn 0.273603 0.408677 0.870704
vn 0.673229 0.405757 0.618162
vn -0.224493 -0.974476 -0.000000
vn -0.224493 -0.974476 -0.000000
vn -0.036959 0.005711 -0.999300
vn -0.024586 0.008295 -0.999663
vn 0.762560 0.646700 -0.016736
vn 0.762720 0.646526 -0.016204
vn -0.025385 0.003302 -0.999672
vn -0.023426 0.000000 -0.999726
vn 0.199093 -0.979981 -0.000000
vn 0.199093 -0.979981 -0.000000
vn 0.486672 0.751366 0.445646
vn 0.641649 0.753288 0.144375
vn 0.649699 0.746382 0.144237
vn 0.792660 0.583715 0.175975
vn 0.775052 0.582634 -0.244605
vn 0.871779 0.405344 -0.275132
vn 0.872786 0.402597 -0.275971
vn 0.893017 0.402912 0.200457
vn 0.798515 0.574670 0.179244
vn -0.028880 0.006982 0.999558
vn -0.025301 -0.006144 0.999661
vn -0.029906 0.001062 0.999552
vn -0.030390 0.008221 0.999504
vn 0.328862 -0.180104 0.927045
vn 0.334912 -0.174848 0.925884
vn -0.551293 -0.834033 0.021593
vn -0.551015 -0.834256 0.020014
vn -0.374763 0.000000 -0.927121
vn -0.315796 -0.134493 -0.939247
vn 0.617883 0.406319 -0.673146
vn 0.617665 0.406821 -0.673043
vn 0.549827 0.582015 -0.599123
vn 0.176240 0.581959 -0.793891
vn 0.176238 0.581963 -0.793888
vn -0.244422 0.584804 -0.773474
vn -0.200224 0.747294 -0.633610
vn -0.489358 0.747268 -0.449578
vn 0.198115 0.405360 -0.892432
vn -0.275978 0.402489 -0.872834
vn -0.244684 0.584182 -0.773861
vn -0.597694 0.584125 -0.549145
vn -0.489272 0.747352 -0.449530
vn 0.290593 0.956800 -0.009412
vn 0.289887 0.957007 -0.010158
vn 0.677589 0.735058 -0.023743
vn 0.674042 0.738693 -0.000000
vn 0.677453 0.735566 -0.000000
vn 0.674042 0.738693 -0.000000
vn 1.000000 -0.000000 -0.000000
vn 0.677559 0.735091 0.023536
vn 0.289968 0.956983 0.010073
vn 0.290546 0.956814 0.009461
vn -0.031281 0.004072 -0.999502
vn -0.028593 0.004313 -0.999582
vn -0.454797 -0.890595 -0.000000
vn -0.454797 -0.890595 -0.000000
vn -0.197466 0.751883 -0.629030
vn 0.142989 0.751448 -0.644112
vn 0.143024 0.753056 -0.642223
vn 0.445627 0.751365 -0.486690
vn 0.449629 0.747222 -0.489380
vn 0.633620 0.747278 -0.200256
vn 0.773880 0.584199 -0.244585
vn -1.000000 0.000000 -0.000000
vn -1.000000 -0.000000 -0.000000
vn -0.665404 0.746483 -0.000000
vn -0.665404 0.746483 -0.000000
vn 0.667426 0.744552 -0.013602
vn 0.667166 0.744775 -0.014174
vn -1.000000 -0.000000 0.000000
vn -1.000000 -0.000000 -0.000000
vn 0.957799 0.286556 -0.022503
vn 0.957897 0.286289 -0.021739
vn -0.994647 -0.103334 0.000000
vn -0.994647 -0.103334 0.000000
vn -0.835736 -0.547968 -0.035731
vn -0.835402 -0.548665 -0.032712
vn -0.929057 -0.369935 0.000000
vn -0.929057 -0.369935 -0.000000
vn -0.892905 0.450246 -0.000000
vn -0.892905 0.450246 -0.000000
vn 0.868114 0.495973 -0.019702
vn 0.867981 0.496233 -0.019050
vn -0.857283 0.514846 -0.000000
vn -0.857283 0.514846 -0.000000
vn -0.804674 0.593174 0.025377
vn -0.800052 0.599695 0.016821
vn -0.840600 0.541368 0.017673
vn -0.837547 0.545721 0.026525
vn -0.886103 0.462638 0.028063
vn -0.888220 0.459046 0.018480
vn -0.944756 0.327184 0.019657
vn -0.944785 0.327087 0.019864
vn -0.998386 0.052779 0.020991
vn -0.997868 0.057177 0.031470
vn -0.997033 -0.070259 0.031443
vn -0.996994 -0.074585 0.020961
vn -0.987109 -0.158698 0.020754
vn -0.986139 -0.162984 0.031100
vn -0.970348 -0.239766 0.030602
vn -0.970324 -0.239905 0.030283
vn -0.944679 -0.326668 0.029482
vn -0.946969 -0.320720 0.019703
vn -0.931436 -0.363388 0.019379
vn -0.931388 -0.363502 0.019579
vn -0.910242 -0.413633 0.019135
vn -0.907646 -0.418760 0.028624
vn -0.027728 -0.005916 0.999598
vn -0.046714 -0.009966 0.998859
vn -0.983379 -0.176474 -0.042697
vn -0.983428 -0.176355 -0.042045
vn -0.000000 1.000000 -0.000000
vn -0.000000 1.000000 -0.000000
vn -0.247840 0.968801 -0.000000
vn -0.247840 0.968801 -0.000000
vn -0.908549 -0.416752 -0.029260
vn -0.908549 -0.416752 -0.029260
vn 0.807923 -0.588713 0.026020
vn 0.807981 -0.588594 0.026899
vn 0.001090 0.005104 0.999986
vn -0.030209 0.003519 0.999537
vn 0.067885 0.997691 0.002260
vn 0.067900 0.997690 0.002187
vn -0.724223 -0.689566 -0.000000
vn -0.724223 -0.689566 -0.000000
vn -0.983428 -0.176355 0.042056
vn -0.983379 -0.176472 0.042697
vn -0.928792 -0.370601 0.000000
vn -0.928792 -0.370601 -0.000000
vn 0.991420 -0.126066 0.034539
vn 0.991434 -0.125848 0.034945
vn 0.303131 -0.952929 -0.006178
vn 0.307301 -0.951542 -0.011605
vn -0.174085 -0.984709 0.006574
vn -0.174028 -0.984741 0.000000
vn -0.174028 -0.984741 -0.000000
vn -0.174100 -0.984706 -0.006575
vn 0.307203 -0.951573 0.011601
vn 0.303129 -0.952929 0.006242
vn 0.953819 -0.299582 0.021898
vn 0.955255 -0.293907 0.033279
vn -0.928792 -0.370601 0.000000
vn -0.928792 -0.370601 -0.000000
vn -0.947526 0.319677 -0.000000
vn 0.677926 -0.703369 -0.213749
vn 0.690331 -0.690331 -0.216533
vn 0.915410 -0.282099 -0.287132
vn 0.910446 -0.298223 -0.286621
vn -0.036960 -0.002459 0.999314
vn -0.044338 -0.000737 0.999016
vn -0.033159 0.005642 0.999434
vn -0.014901 -0.004447 0.999879
vn -0.014901 -0.005787 0.999872
vn -0.026272 -0.001748 0.999653
vn -0.208911 -0.977935 -0.000000
vn -0.208911 -0.977935 -0.000000
vn -0.023100 0.001871 0.999731
vn -0.026272 0.002128 0.999653
vn -0.034328 -0.001049 -0.999410
vn -0.032612 -0.000997 -0.999468
vn -0.831567 0.555425 -0.000000
vn -0.831567 0.555425 -0.000000
vn 0.270559 0.434496 0.859075
vn -0.195655 0.434435 0.879196
vn -0.000000 1.000000 0.000000
vn -0.000000 1.000000 -0.000000
vn -0.637670 0.770310 -0.000000
vn -0.034066 0.004049 0.999411
vn -0.023301 0.004380 0.999719
vn -0.031127 -0.006142 0.999497
vn -0.028404 -0.005605 0.999581
vn -0.020933 -0.000000 0.999781
vn -0.027353 0.002463 0.999623
vn -0.007799 0.005943 0.999952
vn -0.035643 0.002012 0.999363
vn -0.726599 0.687062 -0.000000
vn -0.726599 0.687062 -0.000000
vn -1.000000 -0.000000 0.000000
vn -1.000000 -0.000000 -0.000000
vn -0.046714 -0.009966 -0.998859
vn -0.028078 -0.005990 -0.999588
vn 0.807980 -0.588595 -0.026887
vn 0.807981 -0.588594 -0.026899
vn -0.908518 -0.416750 0.030246
vn -0.908517 -0.416752 0.030233
vn -0.024611 -0.001244 -0.999696
vn -0.022463 -0.001136 -0.999747
vn -0.024186 0.052025 0.998353
vn -0.020713 0.053336 0.998362
vn -0.053876 -0.998546 -0.001956
vn -0.053936 -0.998543 -0.001737
vn 0.948421 -0.317015 -0.000000
vn 0.948421 -0.317015 -0.000000
vn 0.996555 -0.082936 -0.000000
vn 0.996555 -0.082936 -0.000000
vn 0.972110 0.234525 -0.000000
vn 0.972110 0.234525 -0.000000
vn 0.852758 0.522307 -0.000000
vn 0.852758 0.522307 -0.000000
vn 0.737208 0.675666 -0.000000
vn 0.737208 0.675666 -0.000000
vn 0.699565 0.714569 -0.000000
vn 0.714243 0.699340 0.027932
vn 0.789453 0.613035 0.030873
vn 0.790849 0.611394 0.027469
vn 0.897967 0.438956 0.031189
vn 0.896865 0.441578 0.025350
vn 0.971235 0.236537 0.027452
vn 0.971282 0.236268 0.028098
vn 0.999445 0.016517 0.028913
vn 0.999439 0.016607 0.029071
vn 0.985424 -0.167682 0.028663
vn 0.985404 -0.167851 0.028387
vn 0.812686 -0.582232 0.023412
vn 0.805558 -0.592517 -0.000000
vn 0.805558 -0.592517 -0.000000
vn 0.812686 -0.582232 -0.023412
vn 0.985404 -0.167851 -0.028387
vn 0.985424 -0.167682 -0.028663
vn 0.999439 0.016607 -0.029071
vn 0.999445 0.016517 -0.028913
vn 0.971282 0.236268 -0.028098
vn 0.971216 0.236644 -0.027195
vn 0.896872 0.441578 -0.025113
vn 0.898032 0.438823 -0.031191
vn 0.790769 0.611499 -0.027466
vn 0.789461 0.613036 -0.030632
vn 0.714131 0.699464 -0.027709
vn 0.699565 0.714569 -0.000000
vn 0.997177 0.066348 0.035147
vn 0.997870 0.060867 0.023448
vn -0.261226 0.961757 0.082364
vn -0.250769 0.964756 0.079758
vn -0.181168 0.963434 0.197414
vn -0.183536 0.962517 0.199690
vn -0.059346 0.962295 0.265456
vn -0.060259 0.961361 0.268613
vn 0.082350 0.961758 0.261227
vn 0.079747 0.964755 0.250776
vn 0.197414 0.963434 0.181168
vn 0.199771 0.962484 0.183621
vn 0.265861 0.962227 0.058625
vn 0.698665 0.698665 0.154061
vn 0.690162 0.690162 -0.217607
vn 0.678388 0.703215 -0.212787
vn 0.477938 0.707331 -0.520825
vn 0.473304 0.714787 -0.514843
vn 0.151587 0.712270 -0.685341
vn 0.154093 0.693146 -0.704133
vn -0.212592 0.698480 -0.683323
vn -0.223089 0.668934 -0.709055
vn -0.550080 0.668500 -0.500521
vn -0.515004 0.714557 -0.473476
vn -0.684898 0.712260 -0.153626
vn -0.698817 0.698187 -0.155529
vn 0.059407 0.961422 -0.268585
vn -0.081295 0.961828 -0.261302
vn -0.077927 0.965731 -0.247570
vn -0.191447 0.965921 -0.174199
vn -0.206713 0.959774 -0.190011
vn -0.268328 0.961446 -0.060187
vn -0.268613 0.961361 -0.060270
vn 0.059421 0.961397 -0.268674
vn 0.189997 0.959775 -0.206720
vn 0.187381 0.960829 -0.204196
vn 0.263287 0.961151 -0.082877
vn 0.261226 0.961757 -0.082364
vn 0.268585 0.961423 0.059404
vn 0.660565 0.217615 -0.718539
vn 0.212843 0.219624 -0.952084
vn 0.204538 0.290886 -0.934639
vn -0.287713 0.284603 -0.914452
vn -0.288073 0.282164 -0.915094
vn -0.707016 0.278605 -0.650005
vn -0.713892 0.250358 -0.653971
vn -0.949812 0.230591 -0.211391
vn -0.713892 -0.250358 -0.653971
vn -0.949738 -0.230622 -0.211688
vn -0.948556 0.235670 -0.211424
vn -0.707016 -0.278605 -0.650005
vn -0.287930 -0.282154 -0.915142
vn -0.223089 -0.668934 -0.709055
vn -0.212592 -0.698480 -0.683323
vn -0.287858 -0.284590 -0.914410
vn 0.204538 -0.290886 -0.934639
vn 0.150103 -0.712047 -0.685900
vn 0.395209 0.469005 -0.789838
vn 0.348644 0.489551 -0.799242
vn -0.028599 -0.000756 -0.999591
vn -0.028485 -0.000944 -0.999594
vn -0.028705 0.002475 -0.999585
vn -0.028880 0.006982 -0.999558
vn -0.025301 -0.006144 -0.999661
vn -0.026574 -0.004151 -0.999638
vn -0.029057 0.032641 -0.999045
vn 0.326479 -0.182166 -0.927484
vn 0.334912 -0.174848 -0.925884
vn -0.550080 -0.668500 -0.500521
vn -0.515004 -0.714557 -0.473476
vn -0.684898 -0.712260 -0.153626
vn -0.698817 -0.698187 -0.155529
vn -0.948616 -0.235701 -0.211124
vn -0.025269 -0.001697 -0.999679
vn -0.022949 -0.005634 -0.999721
vn 0.020472 0.999790 -0.000000
vn 0.020472 0.999790 -0.000000
vn -0.033159 0.005642 -0.999434
vn -0.029792 0.003782 -0.999549
vn -0.044336 0.010412 0.998962
vn -0.022634 0.011524 0.999677
vn -0.000000 -0.011077 -0.999939
vn -0.044338 -0.000737 -0.999016
vn 0.759251 -0.650460 -0.020985
vn 0.767933 -0.640141 -0.022309
vn 0.919419 -0.392372 -0.026710
vn 0.914732 -0.403253 -0.025537
vn 0.989430 -0.142359 -0.027623
vn 0.988292 -0.149929 -0.028288
vn 0.988979 0.145327 -0.028308
vn 0.990049 0.137980 -0.027640
vn 0.919614 0.391983 -0.025674
vn 0.914873 0.402866 -0.026578
vn 0.767933 0.640141 -0.022309
vn 0.759251 0.650460 -0.020985
vn -0.029292 -0.002620 0.999567
vn -0.026469 -0.002368 0.999647
vn -0.000000 1.000000 -0.000000
vn -0.000000 1.000000 -0.000000
vn -0.000000 1.000000 -0.000000
vn -0.000000 1.000000 -0.000000
vn -0.000000 1.000000 -0.000000
vn -0.000000 1.000000 -0.000000
vn -0.000000 1.000000 -0.000000
vn -0.000000 1.000000 -0.000000
vn -0.000000 1.000000 -0.000000
vn -0.000000 1.000000 -0.000000
vn -0.000000 1.000000 -0.000000
vn -0.000000 1.000000 -0.000000
vn -0.000000 1.000000 0.000000
vn -0.000000 1.000000 -0.000000
vn -0.000000 1.000000 0.000000
vn -0.000000 1.000000 -0.000000
vn -0.000000 1.000000 0.000000
vn -0.000000 1.000000 -0.000000
vn 0.000000 1.000000 -0.000000
vn -0.000000 1.000000 -0.000000
vn 0.000000 1.000000 -0.000000
vn -0.000000 1.000000 -0.000000
vn 0.000000 1.000000 -0.000000
vn -0.000000 1.000000 -0.000000
vn -0.020933 -0.000000 -0.999781
vn -0.027353 0.002463 -0.999623
vn 0.900422 -0.435018 -0.000000
vn 0.900422 -0.435018 -0.000000
vn 0.372935 -0.360581 -0.854928
vn -0.028062 0.005060 -0.999593
vn -0.028041 0.004906 -0.999595
vn -0.028041 -0.007517 -0.999579
vn -0.028236 -0.006435 -0.999581
vn -0.032740 0.003377 -0.999458
vn -0.027944 -0.002435 -0.999607
vn -0.033764 -0.002942 -0.999426
vn -0.024970 -0.000194 -0.999688
vn -0.024420 0.006090 -0.999683
vn -0.930492 -0.366313 0.000000
vn -0.930492 -0.366313 -0.000000
vn -0.000000 1.000000 -0.000000
vn -0.000000 1.000000 -0.000000
vn 0.000000 1.000000 -0.000000
vn -0.000000 1.000000 -0.000000
vn -0.000000 1.000000 -0.000000
vn -0.000000 1.000000 -0.000000
vn -0.000000 1.000000 0.000000
vn -0.000000 1.000000 0.000000
vn -0.000000 1.000000 -0.000000
vn 0.000000 1.000000 -0.000000
vn 0.000000 1.000000 -0.000000
vn -0.000000 1.000000 0.000000
vn -0.000000 -1.000000 -0.000000
vn -0.000000 -1.000000 -0.000000
vn -0.000000 -1.000000 -0.000000
vn 0.000000 -1.000000 -0.000000
vn 0.000000 -1.000000 -0.000000
vn -0.000000 -1.000000 -0.000000
vn -0.000000 -1.000000 0.000000
vn -0.000000 -1.000000 0.000000
vn 0.000000 -1.000000 -0.000000
vn -0.000000 -1.000000 -0.000000
vn -0.000000 -1.000000 -0.000000
vn -0.000000 -1.000000 0.000000
vn -0.948314 0.314651 -0.041174
vn 0.372336 -0.364429 0.853556
vn -0.054374 0.312394 -0.948395
vn -0.027740 -0.000179 0.999615
vn -0.033330 0.004198 0.999436
vn -0.028659 0.073799 0.996861
vn -0.034042 -0.000000 0.999420
vn -0.036960 0.000224 0.999317
vn 0.308137 -0.951290 0.009926
vn -0.000000 -0.000000 -1.000000
vn -0.948315 0.314648 0.041174
vn -0.054374 0.312394 0.948395
vn -0.027807 -0.000131 -0.999613
vn -0.033330 0.004198 -0.999436
vn -0.030459 0.078434 -0.996454
vn -0.033828 -0.000000 -0.999428
vn -0.000000 -0.006069 -0.999982
vn 0.308220 -0.951263 -0.009930
vn 0.908264 0.417362 -0.029417
vn -0.907655 -0.418760 -0.028323
vn 1.000000 -0.000000 0.000000
vn -0.000000 -0.000000 1.000000
vn -0.947526 0.319677 -0.000000
vn -0.637670 0.770310 -0.000000
vn 0.677453 0.735566 0.000000
vn -0.953641 0.213987 -0.211607
vn -0.736285 -0.000000 -0.676672
vn -0.291413 0.208489 -0.933601
vn 0.246618 -0.567593 0.785505
vn 0.293952 0.208639 0.932771
vn -0.261176 -0.961710 0.083068
vn -0.273205 0.411522 -0.869487
vn 0.212843 -0.219624 -0.952084
vn 0.155717 -0.692908 -0.704011
vn 0.549111 0.584196 -0.597656
vn 0.953708 -0.000000 -0.300735
vn 0.634134 0.746758 -0.200566
vn -0.178982 0.561273 0.808046
vn 0.802520 -0.568644 0.180572
vn 0.527766 -0.697770 0.484334
vn 0.198104 0.405400 -0.892416
vn -0.975740 -0.000000 -0.218931
vn 0.021465 0.640120 0.767975
usemtl white_marble
f 1/1/1 2/2/1 3/3/1
f 2/2/2 4/4/2 3/3/2
f 3/3/3 4/4/3 5/5/3
f 4/4/4 6/6/4 5/5/4
f 6/6/5 4/4/5 7/7/5
f 4/4/6 8/8/6 7/7/6
f 7/7/7 8/8/7 9/9/7
f 8/8/8 10/10/8 9/9/8
f 8/8/9 11/11/9 10/10/9
f 11/11/10 12/12/10 10/10/10
f 13/13/11 14/14/11 15/15/11
f 14/14/12 16/16/12 15/15/12
f 15/15/13 16/16/13 17/17/13
f 16/16/14 18/18/14 17/17/14
f 17/17/15 18/18/15 19/19/15
f 18/18/16 20/20/16 19/19/16
f 19/19/17 20/20/17 21/21/17
f 20/20/18 22/22/18 21/21/18
f 21/21/19 22/22/19 23/23/19
f 22/22/20 24/24/20 23/23/20
f 23/23/21 24/24/21 25/25/21
f 24/24/22 26/26/22 25/25/22
f 25/25/23 26/26/23 27/27/23
f 26/26/24 28/28/24 27/27/24
f 27/27/25 28/28/25 29/29/25
f 28/28/26 30/30/26 29/29/26
f 29/29/27 30/30/27 31/31/27
f 30/30/28 32/32/28 31/31/28
f 31/31/29 32/32/29 33/33/29
f 32/32/30 34/34/30 33/33/30
f 33/33/31 34/34/31 35/35/31
f 36/36/32 37/37/32 38/38/32
f 37/37/33 39/39/33 38/38/33
f 38/38/34 39/39/34 40/40/34
f 39/39/35 41/41/35 40/40/35
f 40/40/36 41/41/36 42/42/36
f 41/41/37 43/43/37 42/42/37
f 42/42/38 44/44/38 40/40/38
f 44/44/39 45/45/39 40/40/39
f 40/40/40 45/45/40 38/38/40
f 46/46/41 47/47/41 48/48/41
f 47/47/42 49/49/42 48/48/42
f 47/47/43 50/50/43 49/49/43
f 50/50/44 51/51/44 49/49/44
f 51/51/45 50/50/45 52/52/45
f 50/50/46 53/53/46 52/52/46
f 52/52/47 53/53/47 54/54/47
f 53/53/48 55/55/48 54/54/48
f 54/54/49 55/55/49 56/56/49
f 54/54/50 56/56/50 57/57/50
f 56/56/51 58/58/51 57/57/51
f 59/59/52 60/60/52 61/61/52
f 60/60/53 62/62/53 61/61/53
f 61/61/54 62/62/54 63/63/54
f 62/62/55 64/64/55 63/63/55
f 64/64/56 62/62/56 65/65/56
f 62/62/57 66/66/57 65/65/57
f 65/65/58 66/66/58 3/3/58
f 66/66/59 67/67/59 3/3/59
f 3/3/60 67/67/60 68/68/60
f 66/66/61 69/69/61 67/67/61
f 69/69/62 1/1/62 67/67/62
f 67/67/63 1/1/63 70/70/63
f 1/1/64 3/3/64 70/70/64
f 70/70/65 3/3/65 68/68/65
f 71/71/66 72/72/66 73/73/66
f 72/72/67 74/74/67 73/73/67
f 36/36/68 75/75/68 37/37/68
f 75/75/69 76/76/69 37/37/69
f 37/37/70 76/76/70 77/77/70
f 76/76/71 78/78/71 77/77/71
f 77/77/72 78/78/72 79/79/72
f 78/78/73 80/80/73 79/79/73
f 79/79/74 80/80/74 81/81/74
f 80/80/75 82/82/75 81/81/75
f 81/81/76 82/82/76 83/83/76
f 82/82/77 84/84/77 83/83/77
f 83/83/78 84/84/78 85/85/78
f 84/84/79 86/86/79 85/85/79
f 85/85/80 86/86/80 87/87/80
f 86/86/81 88/88/81 87/87/81
f 87/87/82 88/88/82 89/89/82
f 78/78/83 90/90/83 80/80/83
f 90/90/84 91/91/84 80/80/84
f 80/80/85 91/91/85 82/82/85
f 91/91/86 92/92/86 82/82/86
f 82/82/87 92/92/87 84/84/87
f 92/92/88 93/93/88 84/84/88
f 84/84/89 93/93/89 86/86/89
f 93/93/90 94/94/90 86/86/90
f 86/86/91 94/94/91 88/88/91
f 92/92/92 91/91/92 95/95/92
f 91/91/93 90/90/93 95/95/93
f 95/95/94 90/90/94 96/96/94
f 90/90/95 76/76/95 96/96/95
f 96/96/96 76/76/96 75/75/96
f 95/95/97 97/97/97 92/92/97
f 97/97/98 98/98/98 92/92/98
f 92/92/99 98/98/99 93/93/99
f 98/98/100 99/99/100 93/93/100
f 93/93/101 99/99/101 100/100/101
f 97/97/102 101/101/102 98/98/102
f 101/101/103 99/99/103 98/98/103
f 102/102/104 103/103/104 104/104/104
f 103/103/105 105/105/105 104/104/105
f 106/106/106 107/107/106 108/108/106
f 107/107/107 109/109/107 108/108/107
f 110/110/108 111/111/108 112/112/108
f 111/111/109 113/113/109 112/112/109
f 112/112/110 113/113/110 114/114/110
f 113/113/111 115/115/111 114/114/111
f 114/114/112 115/115/112 116/116/112
f 115/115/113 117/117/113 116/116/113
f 116/116/114 117/117/114 118/118/114
f 117/117/115 119/119/115 118/118/115
f 118/118/116 119/119/116 120/120/116
f 119/119/117 121/121/117 120/120/117
f 120/120/118 121/121/118 122/122/118
f 121/121/119 123/123/119 122/122/119
f 122/122/120 123/123/120 124/124/120
f 123/123/121 125/125/121 124/124/121
f 124/124/122 125/125/122 126/126/122
f 125/125/123 127/127/123 126/126/123
f 126/126/124 127/127/124 128/128/124
f 127/127/125 129/129/125 128/128/125
f 128/128/126 129/129/126 130/130/126
f 129/129/127 131/131/127 130/130/127
f 130/130/128 131/131/128 132/132/128
f 131/131/129 133/133/129 132/132/129
f 132/132/130 133/133/130 134/134/130
f 133/133/131 135/135/131 134/134/131
f 134/134/132 135/135/132 136/136/132
f 135/135/133 137/137/133 136/136/133
f 136/136/134 137/137/134 138/138/134
f 137/137/135 139/139/135 138/138/135
f 138/138/136 140/140/136 136/136/136
f 140/140/137 141/141/137 136/136/137
f 136/136/138 141/141/138 134/134/138
f 141/141/139 142/142/139 134/134/139
f 134/134/140 142/142/140 132/132/140
f 142/142/141 143/143/141 132/132/141
f 132/132/142 143/143/142 130/130/142
f 143/143/143 144/144/143 130/130/143
f 130/130/144 144/144/144 128/128/144
f 144/144/145 145/145/145 128/128/145
f 128/128/146 145/145/146 126/126/146
f 145/145/147 146/146/147 126/126/147
f 126/126/148 146/146/148 147/147/148
f 146/146/149 148/148/149 147/147/149
f 147/147/150 148/148/150 149/149/150
f 148/148/151 150/150/151 149/149/151
f 149/149/152 150/150/152 120/120/152
f 150/150/153 151/151/153 120/120/153
f 120/120/154 151/151/154 118/118/154
f 146/146/155 145/145/155 152/152/155
f 145/145/156 144/144/156 152/152/156
f 152/152/157 144/144/157 153/153/157
f 144/144/158 143/143/158 153/153/158
f 153/153/159 143/143/159 154/154/159
f 143/143/160 142/142/160 154/154/160
f 154/154/161 142/142/161 155/155/161
f 142/142/162 141/141/162 155/155/162
f 155/155/163 141/141/163 140/140/163
f 140/140/164 156/156/164 155/155/164
f 156/156/165 157/157/165 155/155/165
f 155/155/166 157/157/166 158/158/166
f 157/157/167 159/159/167 158/158/167
f 158/158/168 159/159/168 160/160/168
f 159/159/169 161/161/169 160/160/169
f 160/160/170 161/161/170 162/162/170
f 161/161/171 163/163/171 162/162/171
f 162/162/172 163/163/172 164/164/172
f 163/163/173 165/165/173 164/164/173
f 164/164/174 165/165/174 148/148/174
f 165/165/175 166/166/175 148/148/175
f 148/148/176 166/166/176 150/150/176
f 155/155/177 158/158/177 154/154/177
f 158/158/178 160/160/178 154/154/178
f 154/154/179 160/160/179 153/153/179
f 160/160/180 162/162/180 153/153/180
f 153/153/181 162/162/181 164/164/181
f 153/153/182 164/164/182 152/152/182
f 164/164/183 146/146/183 152/152/183
f 167/167/184 168/168/184 169/169/184
f 168/168/185 170/170/185 169/169/185
f 171/171/186 172/172/186 173/173/186
f 172/172/187 174/174/187 173/173/187
f 175/175/188 176/176/188 177/177/188
f 176/176/189 178/178/189 177/177/189
f 179/179/190 180/180/190 181/181/190
f 180/180/191 182/182/191 181/181/191
f 180/180/192 183/183/192 182/182/192
f 183/183/193 184/184/193 182/182/193
f 185/185/194 186/186/194 187/187/194
f 186/186/195 188/188/195 187/187/195
f 189/189/196 190/190/196 191/191/196
f 190/190/197 192/192/197 191/191/197
f 193/193/198 194/194/198 195/195/198
f 194/194/199 196/196/199 195/195/199
f 1/1/200 197/197/200 2/2/200
f 197/197/201 198/198/201 2/2/201
f 2/2/202 198/198/202 199/199/202
f 200/200/203 201/201/203 202/202/203
f 201/201/204 203/203/204 202/202/204
f 204/204/205 205/205/205 206/206/205
f 205/205/206 207/207/206 206/206/206
f 208/208/207 209/209/207 210/210/207
f 209/209/208 211/211/208 210/210/208
f 212/212/209 213/213/209 214/214/209
f 213/213/210 215/215/210 214/214/210
f 216/216/211 217/217/211 218/218/211
f 217/217/212 219/219/212 218/218/212
f 220/220/213 221/221/213 222/222/213
f 221/221/214 223/223/214 222/222/214
f 224/224/215 225/225/215 226/226/215
f 225/225/216 227/227/216 226/226/216
f 228/228/217 229/229/217 159/159/217
f 229/229/218 230/230/218 159/159/218
f 159/159/219 230/230/219 231/231/219
f 159/159/220 231/231/220 161/161/220
f 231/231/221 232/232/221 161/161/221
f 161/161/222 232/232/222 163/163/222
f 232/232/223 165/165/223 163/163/223
f 232/232/224 233/233/224 165/165/224
f 233/233/225 166/166/225 165/165/225
f 233/233/226 234/234/226 166/166/226
f 234/234/227 150/150/227 166/166/227
f 234/234/228 235/235/228 150/150/228
f 235/235/229 151/151/229 150/150/229
f 235/235/230 236/236/230 151/151/230
f 236/236/231 118/118/231 151/151/231
f 236/236/232 237/237/232 118/118/232
f 237/237/233 116/116/233 118/118/233
f 237/237/234 238/238/234 116/116/234
f 238/238/235 114/114/235 116/116/235
f 238/238/236 239/239/236 114/114/236
f 239/239/237 240/240/237 114/114/237
f 114/114/238 240/240/238 112/112/238
f 240/240/239 110/110/239 112/112/239
f 241/241/240 242/242/240 243/243/240
f 242/242/241 244/244/241 243/243/241
f 35/35/242 245/245/242 33/33/242
f 245/245/243 246/246/243 33/33/243
f 33/33/244 246/246/244 247/247/244
f 33/33/245 247/247/245 31/31/245
f 247/247/246 29/29/246 31/31/246
f 247/247/247 248/248/247 29/29/247
f 248/248/248 249/249/248 29/29/248
f 29/29/249 249/249/249 27/27/249
f 249/249/250 250/250/250 27/27/250
f 27/27/251 250/250/251 25/25/251
f 250/250/252 251/251/252 25/25/252
f 25/25/253 251/251/253 23/23/253
f 251/251/254 252/252/254 23/23/254
f 23/23/255 252/252/255 21/21/255
f 252/252/256 253/253/256 21/21/256
f 21/21/257 253/253/257 19/19/257
f 253/253/258 254/254/258 19/19/258
f 19/19/259 254/254/259 17/17/259
f 254/254/260 255/255/260 17/17/260
f 17/17/261 255/255/261 15/15/261
f 255/255/262 256/256/262 15/15/262
f 15/15/263 256/256/263 13/13/263
f 257/257/264 258/258/264 259/259/264
f 258/258/265 260/260/265 259/259/265
f 259/259/266 260/260/266 261/261/266
f 260/260/267 262/262/267 261/261/267
f 261/261/268 262/262/268 263/263/268
f 262/262/269 264/264/269 263/263/269
f 263/263/270 264/264/270 265/265/270
f 264/264/271 266/266/271 265/265/271
f 265/265/272 266/266/272 267/267/272
f 266/266/273 268/268/273 267/267/273
f 267/267/274 268/268/274 269/269/274
f 268/268/275 270/270/275 269/269/275
f 269/269/276 270/270/276 271/271/276
f 270/270/277 272/272/277 271/271/277
f 271/271/278 272/272/278 273/273/278
f 272/272/279 274/274/279 273/273/279
f 273/273/280 274/274/280 275/275/280
f 274/274/281 276/276/281 275/275/281
f 275/275/282 276/276/282 277/277/282
f 276/276/283 278/278/283 277/277/283
f 277/277/284 278/278/284 279/279/284
f 77/77/285 79/79/285 280/280/285
f 79/79/286 281/281/286 280/280/286
f 281/281/287 79/79/287 282/282/287
f 79/79/288 81/81/288 282/282/288
f 282/282/289 81/81/289 283/283/289
f 81/81/290 284/284/290 283/283/290
f 283/283/291 284/284/291 285/285/291
f 284/284/292 286/286/292 285/285/292
f 285/285/293 286/286/293 287/287/293
f 286/286/294 288/288/294 287/287/294
f 287/287/295 288/288/295 289/289/295
f 288/288/296 290/290/296 289/289/296
f 289/289/297 290/290/297 291/291/297
f 81/81/298 83/83/298 284/284/298
f 83/83/299 85/85/299 284/284/299
f 284/284/300 85/85/300 286/286/300
f 85/85/301 87/87/301 286/286/301
f 286/286/302 87/87/302 288/288/302
f 87/87/303 89/89/303 288/288/303
f 288/288/304 89/89/304 290/290/304
f 292/292/305 293/293/305 294/294/305
f 293/293/306 295/295/306 294/294/306
f 293/293/307 296/296/307 295/295/307
f 296/296/308 297/297/308 295/295/308
f 295/295/309 297/297/309 298/298/309
f 297/297/310 299/299/310 298/298/310
f 298/298/311 299/299/311 300/300/311
f 299/299/312 301/301/312 300/300/312
f 300/300/313 301/301/313 302/302/313
f 301/301/314 303/303/314 302/302/314
f 301/301/315 304/304/315 303/303/315
f 304/304/316 305/305/316 303/303/316
f 303/303/317 305/305/317 306/306/317
f 305/305/318 307/307/318 306/306/318
f 306/306/319 307/307/319 308/308/319
f 307/307/320 309/309/320 308/308/320
f 308/308/321 309/309/321 310/310/321
f 309/309/322 311/311/322 310/310/322
f 310/310/323 311/311/323 312/312/323
f 281/281/324 282/282/324 313/313/324
f 282/282/325 314/314/325 313/313/325
f 313/313/326 314/314/326 315/315/326
f 314/314/327 316/316/327 315/315/327
f 315/315/328 316/316/328 317/317/328
f 316/316/329 318/318/329 317/317/329
f 317/317/330 318/318/330 319/319/330
f 318/318/331 320/320/331 319/319/331
f 319/319/332 320/320/332 321/321/332
f 320/320/333 322/322/333 321/321/333
f 321/321/334 322/322/334 323/323/334
f 322/322/335 324/324/335 323/323/335
f 323/323/336 324/324/336 325/325/336
f 324/324/337 326/326/337 325/325/337
f 325/325/338 326/326/338 327/327/338
f 326/326/339 328/328/339 327/327/339
f 327/327/340 328/328/340 329/329/340
f 316/316/341 330/330/341 318/318/341
f 330/330/342 331/331/342 318/318/342
f 318/318/343 331/331/343 320/320/343
f 331/331/344 332/332/344 320/320/344
f 320/320/345 332/332/345 322/322/345
f 332/332/346 333/333/346 322/322/346
f 322/322/347 333/333/347 324/324/347
f 333/333/348 291/291/348 324/324/348
f 324/324/349 291/291/349 334/334/349
f 291/291/350 333/333/350 289/289/350
f 333/333/351 332/332/351 289/289/351
f 289/289/352 332/332/352 287/287/352
f 332/332/353 331/331/353 287/287/353
f 287/287/354 331/331/354 285/285/354
f 331/331/355 330/330/355 285/285/355
f 285/285/356 330/330/356 283/283/356
f 330/330/357 314/314/357 283/283/357
f 283/283/358 314/314/358 282/282/358
f 335/335/359 336/336/359 329/329/359
f 336/336/360 337/337/360 329/329/360
f 329/329/361 337/337/361 327/327/361
f 337/337/362 338/338/362 327/327/362
f 327/327/363 338/338/363 339/339/363
f 338/338/364 340/340/364 339/339/364
f 339/339/365 340/340/365 323/323/365
f 340/340/366 321/321/366 323/323/366
f 338/338/367 341/341/367 340/340/367
f 341/341/368 342/342/368 340/340/368
f 340/340/369 342/342/369 321/321/369
f 342/342/370 343/343/370 321/321/370
f 321/321/371 343/343/371 319/319/371
f 343/343/372 344/344/372 319/319/372
f 319/319/373 344/344/373 317/317/373
f 344/344/374 345/345/374 317/317/374
f 317/317/375 345/345/375 346/346/375
f 344/344/376 343/343/376 347/347/376
f 343/343/377 342/342/377 347/347/377
f 347/347/378 342/342/378 348/348/378
f 342/342/379 349/349/379 348/348/379
f 348/348/380 349/349/380 350/350/380
f 349/349/381 341/341/381 350/350/381
f 350/350/382 341/341/382 351/351/382
f 341/341/383 338/338/383 351/351/383
f 351/351/384 338/338/384 352/352/384
f 338/338/385 337/337/385 352/352/385
f 352/352/386 337/337/386 336/336/386
f 336/336/387 353/353/387 352/352/387
f 353/353/388 354/354/388 352/352/388
f 352/352/389 354/354/389 351/351/389
f 354/354/390 355/355/390 351/351/390
f 351/351/391 355/355/391 350/350/391
f 355/355/392 356/356/392 350/350/392
f 350/350/393 356/356/393 348/348/393
f 356/356/394 357/357/394 348/348/394
f 348/348/395 357/357/395 358/358/395
f 348/348/396 358/358/396 347/347/396
f 358/358/397 344/344/397 347/347/397
f 359/359/398 360/360/398 361/361/398
f 360/360/399 362/362/399 361/361/399
f 357/357/400 356/356/400 363/363/400
f 356/356/401 364/364/401 363/363/401
f 364/364/402 356/356/402 365/365/402
f 356/356/403 355/355/403 365/365/403
f 170/170/404 168/168/404 359/359/404
f 168/168/405 360/360/405 359/359/405
f 366/366/406 367/367/406 368/368/406
f 367/367/407 369/369/407 368/368/407
f 370/370/408 371/371/408 372/372/408
f 371/371/409 373/373/409 372/372/409
f 372/372/410 373/373/410 374/374/410
f 372/372/411 374/374/411 375/375/411
f 374/374/412 376/376/412 375/375/412
f 375/375/413 376/376/413 377/377/413
f 376/376/414 378/378/414 377/377/414
f 376/376/415 379/379/415 378/378/415
f 379/379/416 380/380/416 378/378/416
f 378/378/417 380/380/417 381/381/417
f 380/380/418 382/382/418 381/381/418
f 381/381/419 382/382/419 383/383/419
f 382/382/420 384/384/420 383/383/420
f 382/382/421 385/385/421 384/384/421
f 385/385/422 386/386/422 384/384/422
f 384/384/423 386/386/423 387/387/423
f 386/386/424 388/388/424 387/387/424
f 386/386/425 389/389/425 388/388/425
f 389/389/426 390/390/426 388/388/426
f 389/389/427 391/391/427 390/390/427
f 391/391/428 392/392/428 390/390/428
f 393/393/429 394/394/429 395/395/429
f 394/394/430 396/396/430 395/395/430
f 397/397/431 398/398/431 399/399/431
f 398/398/432 109/109/432 399/399/432
f 398/398/433 400/400/433 109/109/433
f 400/400/434 108/108/434 109/109/434
f 401/401/435 402/402/435 403/403/435
f 402/402/436 221/221/436 403/403/436
f 404/404/437 405/405/437 176/176/437
f 405/405/438 406/406/438 176/176/438
f 407/407/439 408/408/439 409/409/439
f 408/408/440 410/410/440 409/409/440
f 11/11/441 411/411/441 12/12/441
f 411/411/442 412/412/442 12/12/442
f 279/279/443 294/294/443 277/277/443
f 294/294/444 295/295/444 277/277/444
f 277/277/445 295/295/445 275/275/445
f 295/295/446 298/298/446 275/275/446
f 275/275/447 298/298/447 273/273/447
f 298/298/448 300/300/448 273/273/448
f 273/273/449 300/300/449 271/271/449
f 300/300/450 302/302/450 271/271/450
f 271/271/451 302/302/451 269/269/451
f 302/302/452 303/303/452 269/269/452
f 269/269/453 303/303/453 267/267/453
f 303/303/454 306/306/454 267/267/454
f 267/267/455 306/306/455 265/265/455
f 306/306/456 308/308/456 265/265/456
f 265/265/457 308/308/457 263/263/457
f 308/308/458 310/310/458 263/263/458
f 263/263/459 310/310/459 312/312/459
f 263/263/460 312/312/460 261/261/460
f 312/312/461 259/259/461 261/261/461
f 312/312/462 413/413/462 259/259/462
f 413/413/463 414/414/463 259/259/463
f 259/259/464 414/414/464 257/257/464
f 415/415/465 368/368/465 416/416/465
f 368/368/466 417/417/466 416/416/466
f 48/48/467 418/418/467 46/46/467
f 418/418/468 419/419/468 46/46/468
f 420/420/469 421/421/469 422/422/469
f 421/421/470 423/423/470 422/422/470
f 424/424/471 223/223/471 425/425/471
f 223/223/472 426/426/472 425/425/472
f 256/256/473 255/255/473 427/427/473
f 255/255/474 428/428/474 427/427/474
f 428/428/475 255/255/475 429/429/475
f 255/255/476 430/430/476 429/429/476
f 255/255/477 254/254/477 430/430/477
f 254/254/478 431/431/478 430/430/478
f 254/254/479 253/253/479 431/431/479
f 253/253/480 432/432/480 431/431/480
f 253/253/481 252/252/481 432/432/481
f 252/252/482 251/251/482 432/432/482
f 432/432/483 251/251/483 433/433/483
f 251/251/484 434/434/484 433/433/484
f 251/251/485 250/250/485 434/434/485
f 250/250/486 435/435/486 434/434/486
f 434/434/487 435/435/487 436/436/487
f 250/250/488 249/249/488 435/435/488
f 249/249/489 437/437/489 435/435/489
f 249/249/490 248/248/490 437/437/490
f 248/248/491 438/438/491 437/437/491
f 439/439/492 440/440/492 441/441/492
f 440/440/493 442/442/493 441/441/493
f 443/443/494 444/444/494 445/445/494
f 444/444/495 446/446/495 445/445/495
f 447/447/496 448/448/496 449/449/496
f 448/448/497 450/450/497 449/449/497
f 448/448/498 451/451/498 450/450/498
f 451/451/499 452/452/499 450/450/499
f 451/451/500 453/453/500 452/452/500
f 453/453/501 454/454/501 452/452/501
f 454/454/502 453/453/502 455/455/502
f 453/453/503 456/456/503 455/455/503
f 455/455/504 456/456/504 457/457/504
f 455/455/505 457/457/505 458/458/505
f 457/457/506 419/419/506 458/458/506
f 458/458/507 419/419/507 418/418/507
f 46/46/508 419/419/508 459/459/508
f 419/419/509 460/460/509 459/459/509
f 459/459/510 460/460/510 461/461/510
f 460/460/511 462/462/511 461/461/511
f 461/461/512 462/462/512 463/463/512
f 461/461/513 463/463/513 464/464/513
f 463/463/514 465/465/514 464/464/514
f 464/464/515 465/465/515 466/466/515
f 465/465/516 467/467/516 466/466/516
f 466/466/517 467/467/517 468/468/517
f 467/467/518 469/469/518 468/468/518
f 468/468/519 469/469/519 470/470/519
f 471/471/520 472/472/520 473/473/520
f 472/472/521 474/474/521 473/473/521
f 475/475/522 476/476/522 477/477/522
f 476/476/523 478/478/523 477/477/523
f 213/213/524 439/439/524 215/215/524
f 439/439/525 479/479/525 215/215/525
f 480/480/526 471/471/526 481/481/526
f 471/471/527 482/482/527 481/481/527
f 483/483/528 484/484/528 485/485/528
f 484/484/529 486/486/529 485/485/529
f 485/485/530 486/486/530 487/487/530
f 486/486/531 488/488/531 487/487/531
f 487/487/532 488/488/532 364/364/532
f 488/488/533 363/363/533 364/364/533
f 484/484/534 489/489/534 486/486/534
f 489/489/535 490/490/535 486/486/535
f 486/486/536 490/490/536 488/488/536
f 490/490/537 357/357/537 488/488/537
f 488/488/538 357/357/538 363/363/538
f 489/489/539 491/491/539 490/490/539
f 491/491/540 358/358/540 490/490/540
f 490/490/541 358/358/541 357/357/541
f 358/358/542 491/491/542 345/345/542
f 491/491/543 492/492/543 345/345/543
f 345/345/544 492/492/544 493/493/544
f 492/492/545 494/494/545 493/493/545
f 493/493/546 494/494/546 495/495/546
f 494/494/547 496/496/547 495/495/547
f 495/495/548 496/496/548 497/497/548
f 492/492/549 491/491/549 498/498/549
f 491/491/550 489/489/550 498/498/550
f 498/498/551 489/489/551 499/499/551
f 489/489/552 484/484/552 499/499/552
f 499/499/553 500/500/553 498/498/553
f 500/500/554 494/494/554 498/498/554
f 498/498/555 494/494/555 492/492/555
f 500/500/556 501/501/556 494/494/556
f 501/501/557 496/496/557 494/494/557
f 502/502/558 360/360/558 503/503/558
f 360/360/559 168/168/559 503/503/559
f 504/504/560 178/178/560 505/505/560
f 178/178/561 506/506/561 505/505/561
f 445/445/562 507/507/562 443/443/562
f 507/507/563 508/508/563 443/443/563
f 509/509/564 417/417/564 510/510/564
f 417/417/565 511/511/565 510/510/565
f 512/512/566 513/513/566 514/514/566
f 513/513/567 515/515/567 514/514/567
f 345/345/568 493/493/568 346/346/568
f 493/493/569 315/315/569 346/346/569
f 315/315/570 493/493/570 516/516/570
f 493/493/571 517/517/571 516/516/571
f 516/516/572 517/517/572 518/518/572
f 517/517/573 497/497/573 518/518/573
f 518/518/574 497/497/574 519/519/574
f 497/497/575 517/517/575 495/495/575
f 517/517/576 493/493/576 495/495/576
f 63/63/577 242/242/577 61/61/577
f 242/242/578 241/241/578 61/61/578
f 61/61/579 241/241/579 520/520/579
f 241/241/580 521/521/580 520/520/580
f 520/520/581 522/522/581 61/61/581
f 522/522/582 523/523/582 61/61/582
f 524/524/583 185/185/583 525/525/583
f 185/185/584 224/224/584 525/525/584
f 526/526/585 527/527/585 528/528/585
f 527/527/586 529/529/586 528/528/586
f 519/519/587 530/530/587 518/518/587
f 530/530/588 531/531/588 518/518/588
f 518/518/589 531/531/589 532/532/589
f 531/531/590 533/533/590 532/532/590
f 532/532/591 533/533/591 534/534/591
f 533/533/592 535/535/592 534/534/592
f 534/534/593 535/535/593 77/77/593
f 535/535/594 37/37/594 77/77/594
f 531/531/595 536/536/595 533/533/595
f 536/536/596 41/41/596 533/533/596
f 533/533/597 41/41/597 535/535/597
f 41/41/598 39/39/598 535/535/598
f 535/535/599 39/39/599 37/37/599
f 537/537/600 538/538/600 539/539/600
f 538/538/601 526/526/601 539/539/601
f 539/539/602 526/526/602 540/540/602
f 526/526/603 541/541/603 540/540/603
f 540/540/604 541/541/604 542/542/604
f 541/541/605 526/526/605 216/216/605
f 526/526/606 217/217/606 216/216/606
f 541/541/607 216/216/607 543/543/607
f 216/216/608 544/544/608 543/543/608
f 543/543/609 544/544/609 545/545/609
f 444/444/610 546/546/610 547/547/610
f 546/546/611 548/548/611 547/547/611
f 549/549/612 73/73/612 550/550/612
f 73/73/613 422/422/613 550/550/613
f 77/77/614 280/280/614 534/534/614
f 280/280/615 532/532/615 534/534/615
f 280/280/616 281/281/616 532/532/616
f 281/281/617 313/313/617 532/532/617
f 532/532/618 313/313/618 551/551/618
f 313/313/619 516/516/619 551/551/619
f 551/551/620 516/516/620 518/518/620
f 73/73/621 74/74/621 422/422/621
f 74/74/622 420/420/622 422/422/622
f 74/74/623 415/415/623 420/420/623
f 415/415/624 416/416/624 420/420/624
f 552/552/625 548/548/625 553/553/625
f 548/548/626 546/546/626 553/553/626
f 511/511/627 417/417/627 369/369/627
f 417/417/628 368/368/628 369/369/628
f 440/440/629 554/554/629 442/442/629
f 554/554/630 555/555/630 442/442/630
f 103/103/631 397/397/631 194/194/631
f 397/397/632 399/399/632 194/194/632
f 556/556/633 557/557/633 63/63/633
f 557/557/634 242/242/634 63/63/634
f 192/192/635 190/190/635 558/558/635
f 190/190/636 559/559/636 558/558/636
f 558/558/637 559/559/637 177/177/637
f 559/559/638 175/175/638 177/177/638
f 560/560/639 561/561/639 562/562/639
f 561/561/640 563/563/640 562/562/640
f 502/502/641 503/503/641 564/564/641
f 503/503/642 565/565/642 564/564/642
f 566/566/643 567/567/643 568/568/643
f 567/567/644 569/569/644 568/568/644
f 569/569/645 567/567/645 570/570/645
f 567/567/646 571/571/646 570/570/646
f 570/570/647 571/571/647 572/572/647
f 571/571/648 573/573/648 572/572/648
f 572/572/649 573/573/649 574/574/649
f 572/572/650 574/574/650 575/575/650
f 574/574/651 576/576/651 575/575/651
f 574/574/652 577/577/652 576/576/652
f 577/577/653 578/578/653 576/576/653
f 577/577/654 579/579/654 578/578/654
f 579/579/655 580/580/655 578/578/655
f 578/578/656 580/580/656 581/581/656
f 580/580/657 582/582/657 581/581/657
f 580/580/658 583/583/658 582/582/658
f 583/583/659 584/584/659 582/582/659
f 582/582/660 584/584/660 585/585/660
f 584/584/661 586/586/661 585/585/661
f 585/585/662 586/586/662 587/587/662
f 586/586/663 588/588/663 587/587/663
f 587/587/664 588/588/664 589/589/664
f 590/590/665 591/591/665 190/190/665
f 591/591/666 559/559/666 190/190/666
f 64/64/667 592/592/667 63/63/667
f 592/592/668 593/593/668 63/63/668
f 528/528/669 594/594/669 217/217/669
f 594/594/670 595/595/670 217/217/670
f 594/594/671 8/8/671 595/595/671
f 8/8/672 4/4/672 595/595/672
f 67/67/673 70/70/673 596/596/673
f 70/70/674 597/597/674 596/596/674
f 598/598/675 599/599/675 597/597/675
f 599/599/676 600/600/676 597/597/676
f 601/601/677 602/602/677 603/603/677
f 602/602/678 564/564/678 603/603/678
f 604/604/679 605/605/679 600/600/679
f 605/605/680 596/596/680 600/600/680
f 606/606/681 108/108/681 607/607/681
f 108/108/682 400/400/682 607/607/682
f 608/608/683 609/609/683 187/187/683
f 609/609/684 610/610/684 187/187/684
f 221/221/685 402/402/685 223/223/685
f 402/402/686 426/426/686 223/223/686
f 611/611/687 612/612/687 613/613/687
f 612/612/688 614/614/688 613/613/688
f 615/615/689 616/616/689 617/617/689
f 616/616/690 618/618/690 617/617/690
f 617/617/691 618/618/691 619/619/691
f 619/619/692 620/620/692 617/617/692
f 620/620/693 621/621/693 617/617/693
f 620/620/694 622/622/694 621/621/694
f 622/622/695 623/623/695 621/621/695
f 621/621/696 623/623/696 624/624/696
f 625/625/697 626/626/697 627/627/697
f 626/626/698 628/628/698 627/627/698
f 178/178/699 176/176/699 506/506/699
f 176/176/700 406/406/700 506/506/700
f 506/506/701 406/406/701 401/401/701
f 120/120/702 122/122/702 149/149/702
f 122/122/703 147/147/703 149/149/703
f 122/122/704 124/124/704 147/147/704
f 124/124/705 126/126/705 147/147/705
f 629/629/706 630/630/706 631/631/706
f 630/630/707 632/632/707 631/631/707
f 633/633/708 634/634/708 611/611/708
f 634/634/709 612/612/709 611/611/709
f 634/634/710 635/635/710 636/636/710
f 635/635/711 637/637/711 636/636/711
f 603/603/712 638/638/712 425/425/712
f 638/638/713 424/424/713 425/425/713
f 205/205/714 204/204/714 639/639/714
f 204/204/715 635/635/715 639/639/715
f 441/441/716 562/562/716 446/446/716
f 562/562/717 563/563/717 446/446/717
f 170/170/718 359/359/718 514/514/718
f 359/359/719 512/512/719 514/514/719
f 323/323/720 325/325/720 339/339/720
f 325/325/721 327/327/721 339/339/721
f 184/184/722 183/183/722 193/193/722
f 183/183/723 105/105/723 193/193/723
f 193/193/724 105/105/724 103/103/724
f 171/171/725 173/173/725 640/640/725
f 173/173/726 639/639/726 640/640/726
f 640/640/727 641/641/727 393/393/727
f 641/641/728 394/394/728 393/393/728
f 642/642/729 513/513/729 643/643/729
f 513/513/730 644/644/730 643/643/730
f 426/426/731 402/402/731 645/645/731
f 402/402/732 646/646/732 645/645/732
f 550/550/733 647/647/733 549/549/733
f 647/647/734 642/642/734 549/549/734
f 647/647/735 515/515/735 642/642/735
f 515/515/736 513/513/736 642/642/736
f 558/558/737 648/648/737 192/192/737
f 648/648/738 649/649/738 192/192/738
f 650/650/739 651/651/739 652/652/739
f 651/651/740 477/477/740 652/652/740
f 653/653/741 475/475/741 654/654/741
f 475/475/742 651/651/742 654/654/742
f 655/655/743 638/638/743 656/656/743
f 638/638/744 565/565/744 656/656/744
f 657/657/745 658/658/745 659/659/745
f 658/658/746 660/660/746 659/659/746
f 241/241/747 661/661/747 521/521/747
f 661/661/748 662/662/748 521/521/748
f 663/663/749 664/664/749 665/665/749
f 664/664/750 629/629/750 665/665/750
f 664/664/751 482/482/751 629/629/751
f 482/482/752 630/630/752 629/629/752
f 482/482/753 471/471/753 630/630/753
f 471/471/754 657/657/754 630/630/754
f 471/471/755 473/473/755 657/657/755
f 473/473/756 658/658/756 657/657/756
f 473/473/757 666/666/757 658/658/757
f 666/666/758 667/667/758 658/658/758
f 666/666/759 668/668/759 667/667/759
f 668/668/760 641/641/760 667/667/760
f 667/667/761 641/641/761 640/640/761
f 667/667/762 640/640/762 669/669/762
f 640/640/763 670/670/763 669/669/763
f 640/640/764 639/639/764 670/670/764
f 639/639/765 671/671/765 670/670/765
f 639/639/766 635/635/766 671/671/766
f 635/635/767 634/634/767 671/671/767
f 671/671/768 634/634/768 672/672/768
f 634/634/769 633/633/769 672/672/769
f 672/672/770 633/633/770 673/673/770
f 633/633/771 625/625/771 673/673/771
f 673/673/772 625/625/772 674/674/772
f 625/625/773 208/208/773 674/674/773
f 674/674/774 208/208/774 675/675/774
f 674/674/775 675/675/775 676/676/775
f 675/675/776 479/479/776 676/676/776
f 676/676/777 479/479/777 677/677/777
f 479/479/778 439/439/778 677/677/778
f 677/677/779 439/439/779 441/441/779
f 677/677/780 441/441/780 678/678/780
f 441/441/781 446/446/781 678/678/781
f 678/678/782 446/446/782 679/679/782
f 446/446/783 666/666/783 679/679/783
f 446/446/784 444/444/784 666/666/784
f 444/444/785 547/547/785 666/666/785
f 666/666/786 547/547/786 668/668/786
f 636/636/787 637/637/787 680/680/787
f 637/637/788 681/681/788 680/680/788
f 139/139/789 137/137/789 682/682/789
f 137/137/790 683/683/790 682/682/790
f 137/137/791 135/135/791 683/683/791
f 135/135/792 684/684/792 683/683/792
f 135/135/793 133/133/793 684/684/793
f 133/133/794 685/685/794 684/684/794
f 133/133/795 131/131/795 685/685/795
f 131/131/796 686/686/796 685/685/796
f 131/131/797 129/129/797 686/686/797
f 129/129/798 687/687/798 686/686/798
f 687/687/799 129/129/799 688/688/799
f 129/129/800 127/127/800 688/688/800
f 688/688/801 127/127/801 689/689/801
f 127/127/802 125/125/802 689/689/802
f 689/689/803 125/125/803 690/690/803
f 125/125/804 691/691/804 690/690/804
f 690/690/805 691/691/805 692/692/805
f 691/691/806 693/693/806 692/692/806
f 692/692/807 693/693/807 694/694/807
f 693/693/808 695/695/808 694/694/808
f 694/694/809 695/695/809 696/696/809
f 695/695/810 697/697/810 696/696/810
f 696/696/811 697/697/811 698/698/811
f 697/697/812 699/699/812 698/698/812
f 690/690/813 692/692/813 700/700/813
f 692/692/814 694/694/814 700/700/814
f 700/700/815 694/694/815 701/701/815
f 694/694/816 696/696/816 701/701/816
f 701/701/817 696/696/817 702/702/817
f 696/696/818 698/698/818 702/702/818
f 702/702/819 698/698/819 703/703/819
f 700/700/820 704/704/820 690/690/820
f 704/704/821 705/705/821 690/690/821
f 690/690/822 705/705/822 689/689/822
f 705/705/823 706/706/823 689/689/823
f 689/689/824 706/706/824 688/688/824
f 706/706/825 687/687/825 688/688/825
f 125/125/826 123/123/826 691/691/826
f 123/123/827 707/707/827 691/691/827
f 691/691/828 707/707/828 693/693/828
f 707/707/829 695/695/829 693/693/829
f 707/707/830 708/708/830 695/695/830
f 708/708/831 697/697/831 695/695/831
f 708/708/832 709/709/832 697/697/832
f 709/709/833 699/699/833 697/697/833
f 708/708/834 710/710/834 709/709/834
f 710/710/835 711/711/835 709/709/835
f 709/709/836 711/711/836 699/699/836
f 710/710/837 708/708/837 712/712/837
f 708/708/838 713/713/838 712/712/838
f 712/712/839 713/713/839 115/115/839
f 713/713/840 117/117/840 115/115/840
f 708/708/841 707/707/841 713/713/841
f 707/707/842 121/121/842 713/713/842
f 713/713/843 121/121/843 119/119/843
f 714/714/844 715/715/844 716/716/844
f 715/715/845 717/717/845 716/716/845
f 715/715/846 187/187/846 717/717/846
f 187/187/847 610/610/847 717/717/847
f 717/717/848 610/610/848 718/718/848
f 187/187/849 715/715/849 185/185/849
f 715/715/850 224/224/850 185/185/850
f 715/715/851 719/719/851 224/224/851
f 719/719/852 225/225/852 224/224/852
f 719/719/853 715/715/853 720/720/853
f 715/715/854 721/721/854 720/720/854
f 115/115/855 113/113/855 712/712/855
f 113/113/856 710/710/856 712/712/856
f 113/113/857 111/111/857 710/710/857
f 111/111/858 722/722/858 710/710/858
f 710/710/859 722/722/859 711/711/859
f 723/723/860 400/400/860 724/724/860
f 400/400/861 398/398/861 724/724/861
f 607/607/862 511/511/862 606/606/862
f 511/511/863 369/369/863 606/606/863
f 675/675/864 203/203/864 479/479/864
f 203/203/865 201/201/865 479/479/865
f 630/630/866 657/657/866 725/725/866
f 657/657/867 726/726/867 725/725/867
f 664/664/868 727/727/868 482/482/868
f 727/727/869 728/728/869 482/482/869
f 418/418/870 48/48/870 729/729/870
f 48/48/871 730/730/871 729/729/871
f 729/729/872 730/730/872 731/731/872
f 730/730/873 732/732/873 731/731/873
f 731/731/874 732/732/874 733/733/874
f 731/731/875 733/733/875 734/734/875
f 733/733/876 735/735/876 734/734/876
f 733/733/877 736/736/877 735/735/877
f 736/736/878 737/737/878 735/735/878
f 736/736/879 738/738/879 737/737/879
f 738/738/880 739/739/880 737/737/880
f 737/737/881 739/739/881 740/740/881
f 641/641/882 668/668/882 407/407/882
f 668/668/883 408/408/883 407/407/883
f 229/229/884 335/335/884 230/230/884
f 335/335/885 329/329/885 230/230/885
f 230/230/886 329/329/886 231/231/886
f 329/329/887 328/328/887 231/231/887
f 231/231/888 328/328/888 232/232/888
f 328/328/889 326/326/889 232/232/889
f 232/232/890 326/326/890 233/233/890
f 326/326/891 334/334/891 233/233/891
f 233/233/892 334/334/892 234/234/892
f 334/334/893 291/291/893 234/234/893
f 234/234/894 291/291/894 235/235/894
f 291/291/895 290/290/895 235/235/895
f 235/235/896 290/290/896 236/236/896
f 290/290/897 89/89/897 236/236/897
f 236/236/898 89/89/898 237/237/898
f 89/89/899 88/88/899 237/237/899
f 237/237/900 88/88/900 238/238/900
f 88/88/901 94/94/901 238/238/901
f 238/238/902 94/94/902 239/239/902
f 94/94/903 100/100/903 239/239/903
f 239/239/904 100/100/904 240/240/904
f 100/100/905 99/99/905 240/240/905
f 240/240/906 99/99/906 741/741/906
f 99/99/907 742/742/907 741/741/907
f 647/647/908 743/743/908 515/515/908
f 743/743/909 744/744/909 515/515/909
f 619/619/910 745/745/910 620/620/910
f 745/745/911 542/542/911 620/620/911
f 716/716/912 717/717/912 746/746/912
f 717/717/913 718/718/913 746/746/913
f 746/746/914 718/718/914 10/10/914
f 746/746/915 10/10/915 653/653/915
f 10/10/916 747/747/916 653/653/916
f 747/747/917 10/10/917 654/654/917
f 10/10/918 12/12/918 654/654/918
f 654/654/919 12/12/919 653/653/919
f 12/12/920 748/748/920 653/653/920
f 653/653/921 748/748/921 746/746/921
f 638/638/922 603/603/922 565/565/922
f 603/603/923 564/564/923 565/565/923
f 749/749/924 750/750/924 751/751/924
f 750/750/925 752/752/925 751/751/925
f 751/751/926 752/752/926 753/753/926
f 753/753/927 754/754/927 751/751/927
f 754/754/928 755/755/928 751/751/928
f 751/751/929 755/755/929 756/756/929
f 756/756/930 757/757/930 751/751/930
f 757/757/931 758/758/931 751/751/931
f 751/751/932 758/758/932 759/759/932
f 759/759/933 760/760/933 751/751/933
f 760/760/934 761/761/934 751/751/934
f 751/751/935 761/761/935 749/749/935
f 762/762/936 763/763/936 764/764/936
f 763/763/937 765/765/937 764/764/937
f 764/764/938 765/765/938 766/766/938
f 766/766/939 767/767/939 764/764/939
f 767/767/940 768/768/940 764/764/940
f 764/764/941 768/768/941 769/769/941
f 769/769/942 770/770/942 764/764/942
f 770/770/943 771/771/943 764/764/943
f 764/764/944 771/771/944 772/772/944
f 772/772/945 773/773/945 764/764/945
f 773/773/946 774/774/946 764/764/946
f 764/764/947 774/774/947 762/762/947
f 775/775/948 64/64/948 65/65/948
f 62/62/949 60/60/949 66/66/949
f 776/776/950 595/595/950 4/4/950
f 597/597/951 600/600/951 596/596/951
f 625/625/952 633/633/952 626/626/952
f 667/667/953 777/777/953 658/658/953
f 182/182/954 778/778/954 181/181/954
f 629/629/955 779/779/955 665/665/955
f 521/521/956 780/780/956 520/520/956
f 438/438/957 248/248/957 247/247/957
f 781/781/958 718/718/958 610/610/958
f 782/782/959 8/8/959 594/594/959
f 651/651/960 475/475/960 477/477/960
f 208/208/961 210/210/961 675/675/961
f 666/666/962 473/473/962 783/783/962
f 180/180/963 179/179/963 784/784/963
f 664/664/964 663/663/964 785/785/964
f 225/225/965 719/719/965 786/786/965
f 411/411/966 787/787/966 412/412/966
f 392/392/967 391/391/967 788/788/967
f 217/217/968 526/526/968 528/528/968
f 305/305/969 789/789/969 307/307/969
f 401/401/970 403/403/970 506/506/970
f 193/193/971 103/103/971 194/194/971
f 542/542/972 745/745/972 540/540/972
f 99/99/973 101/101/973 742/742/973
f 90/90/974 78/78/974 76/76/974
f 94/94/975 93/93/975 100/100/975
f 344/344/976 358/358/976 345/345/976
f 326/326/977 324/324/977 334/334/977
f 157/157/978 228/228/978 159/159/978
f 41/41/979 536/536/979 43/43/979
f 707/707/980 123/123/980 121/121/980
f 713/713/981 119/119/981 117/117/981
f 532/532/982 551/551/982 518/518/982
f 330/330/983 316/316/983 314/314/983
f 313/313/984 315/315/984 516/516/984
f 342/342/985 341/341/985 349/349/985
f 317/317/986 346/346/986 315/315/986
f 146/146/987 164/164/987 148/148/987
f 536/536/988 531/531/988 530/530/988
f 110/110/989 240/240/989 741/741/989
f 58/58/990 56/56/990 790/790/990
