mtllib chess.mtl
o pawn
v -0.000034 0.216821 -0.000033
v 0.008381 0.216427 -0.004878
v 0.004813 0.216427 -0.008378
v 0.016257 0.212779 -0.009320
v 0.009390 0.212779 -0.016185
v 0.012825 0.205857 -0.022242
v 0.022249 0.205857 -0.012820
v 0.025682 0.198579 -0.014839
v 0.014844 0.198579 -0.025674
v 0.015853 0.190494 -0.027424
v 0.027432 0.190494 -0.015848
v 0.027297 0.182174 -0.015781
v 0.015786 0.182174 -0.027289
v 0.031538 0.182174 -0.000033
v 0.031674 0.190494 -0.000033
v 0.029653 0.198579 -0.000033
v 0.025682 0.198579 -0.014839
v 0.022249 0.205857 -0.012820
v 0.025614 0.205857 -0.000033
v 0.016257 0.212779 -0.009320
v 0.018748 0.212779 -0.000033
v 0.009660 0.216427 -0.000033
v 0.008381 0.216427 -0.004878
v -0.000034 0.216821 -0.000033
v -0.000034 0.216821 -0.000033
v 0.004813 0.216427 0.008380
v 0.008381 0.216427 0.004813
v 0.009390 0.212779 0.016254
v 0.016257 0.212779 0.009389
v 0.022249 0.205857 0.012822
v 0.012825 0.205857 0.022176
v 0.014844 0.198579 0.025676
v 0.025682 0.198579 0.014841
v 0.015853 0.190494 0.027426
v 0.027432 0.190494 0.015850
v 0.027297 0.182174 0.015783
v 0.031674 0.190494 -0.000033
v 0.031538 0.182174 -0.000033
v 0.015786 0.182174 0.027291
v -0.000034 0.190494 0.031666
v -0.000034 0.182174 0.031531
v -0.015787 0.182174 0.027291
v 0.014844 0.198579 0.025676
v -0.000034 0.198579 0.029646
v -0.000034 0.205857 0.025676
v 0.012825 0.205857 0.022176
v 0.009390 0.212779 0.016254
v -0.000034 0.212779 0.018744
v 0.004813 0.216427 0.008380
v -0.000034 0.216427 0.009658
v -0.000034 0.216821 -0.000033
v -0.000034 0.216821 -0.000033
v -0.004814 0.216427 -0.008378
v -0.008382 0.216427 -0.004878
v -0.016190 0.212779 -0.009320
v -0.009324 0.212779 -0.016185
v -0.022249 0.205857 -0.012820
v -0.012825 0.205857 -0.022242
v -0.025682 0.198579 -0.014839
v -0.014844 0.198579 -0.025674
v -0.015854 0.190494 -0.027424
v -0.027433 0.190494 -0.015848
v -0.015787 0.182174 -0.027289
v -0.027298 0.182174 -0.015781
v -0.000034 0.182174 -0.031529
v -0.000034 0.190494 -0.031664
v -0.000034 0.198579 -0.029712
v 0.014844 0.198579 -0.025674
v 0.012825 0.205857 -0.022242
v -0.000034 0.205857 -0.025674
v 0.009390 0.212779 -0.016185
v -0.000034 0.212779 -0.018742
v -0.000034 0.216427 -0.009657
v 0.004813 0.216427 -0.008378
v -0.000034 0.216821 -0.000033
v 0.019219 0.123375 -0.000033
v 0.018950 0.119933 -0.000033
v 0.016661 0.123375 -0.009589
v 0.016392 0.119933 -0.009455
v 0.009458 0.119933 -0.016387
v 0.009660 0.123375 -0.016656
v -0.000034 0.123375 -0.019213
v -0.000034 0.119933 -0.018944
v -0.009459 0.119933 -0.016387
v -0.009593 0.123375 -0.016656
v -0.016661 0.123375 -0.009589
v -0.016393 0.119933 -0.009455
v -0.018950 0.119933 -0.000033
v -0.019220 0.123375 -0.000033
v -0.016393 0.119933 0.009457
v -0.016661 0.123375 0.009591
v -0.009459 0.119933 0.016456
v -0.009593 0.123375 0.016658
v -0.000034 0.119933 0.018946
v -0.000034 0.123375 0.019215
v 0.009458 0.119933 0.016456
v 0.009660 0.123375 0.016658
v 0.016661 0.123375 0.009591
v 0.016392 0.119933 0.009457
v 0.018950 0.119933 -0.000033
v 0.019219 0.123375 -0.000033
v 0.017199 0.119933 -0.000033
v 0.014911 0.119933 -0.008580
v 0.008583 0.119933 -0.014906
v -0.000034 0.119933 -0.017262
v -0.008584 0.119933 -0.014906
v -0.014912 0.119933 -0.008580
v -0.017267 0.119933 -0.000033
v -0.014912 0.119933 0.008649
v -0.008584 0.119933 0.014908
v -0.000034 0.119933 0.017196
v 0.008583 0.119933 0.014908
v 0.014911 0.119933 0.008649
v 0.018950 0.155584 -0.000033
v 0.020363 0.155959 -0.000033
v 0.016392 0.155584 0.009457
v 0.017671 0.155959 0.010197
v 0.009458 0.155584 0.016456
v 0.010198 0.155959 0.017600
v -0.000034 0.155959 0.020359
v 0.010737 0.157000 0.018542
v -0.000034 0.157000 0.021436
v -0.000034 0.158416 0.021772
v -0.010738 0.157000 0.018542
v -0.010872 0.158416 0.018879
v -0.018547 0.157000 0.010668
v -0.018883 0.158416 0.010937
v -0.021374 0.157000 -0.000033
v -0.021778 0.158416 -0.000033
v -0.018547 0.157000 -0.010733
v -0.018883 0.158416 -0.010868
v -0.010872 0.158416 -0.018877
v -0.010738 0.159842 -0.018540
v -0.000034 0.159842 -0.021367
v -0.000034 0.160883 -0.020357
v 0.010198 0.160883 -0.017665
v -0.000034 0.161258 -0.018944
v 0.009458 0.161258 -0.016387
v -0.010198 0.155959 0.017600
v -0.017672 0.155959 0.010197
v -0.016393 0.155584 0.009457
v -0.009459 0.155584 0.016456
v -0.000034 0.155584 0.018946
v -0.018950 0.155584 -0.000033
v -0.020364 0.155959 -0.000033
v -0.016393 0.155584 -0.009455
v -0.017672 0.155959 -0.010195
v -0.009459 0.155584 -0.016387
v -0.010198 0.155959 -0.017665
v -0.000034 0.155584 -0.018944
v -0.000034 0.155959 -0.020357
v 0.009458 0.155584 -0.016387
v 0.010198 0.155959 -0.017665
v 0.016392 0.155584 -0.009455
v 0.017671 0.155959 -0.010195
v 0.018950 0.155584 -0.000033
v 0.020363 0.155959 -0.000033
v -0.010738 0.157000 -0.018540
v -0.000034 0.157000 -0.021367
v 0.010737 0.157000 -0.018540
v 0.018546 0.157000 -0.010733
v 0.021440 0.157000 -0.000033
v -0.000034 0.158416 -0.021771
v 0.010871 0.158416 -0.018877
v 0.010737 0.159842 -0.018540
v 0.017671 0.160883 -0.010195
v 0.016392 0.161258 -0.009455
v 0.020363 0.160883 -0.000033
v 0.021440 0.159842 -0.000033
v 0.018546 0.159842 -0.010733
v 0.021778 0.158416 -0.000033
v 0.018882 0.158416 -0.010868
v 0.041501 0.061791 -0.000033
v 0.045002 0.061791 -0.000033
v 0.035981 0.061791 -0.020761
v 0.038944 0.061791 -0.022511
v 0.020767 0.061791 -0.035971
v 0.022518 0.061791 -0.038932
v -0.000034 0.061791 -0.041490
v -0.000034 0.061791 -0.044922
v -0.020768 0.061791 -0.035971
v -0.022518 0.061791 -0.038932
v -0.035981 0.061791 -0.020761
v -0.038944 0.061791 -0.022511
v -0.041502 0.061791 -0.000033
v -0.044936 0.061791 -0.000033
v -0.035981 0.061791 0.020763
v -0.038944 0.061791 0.022445
v -0.020768 0.061791 0.035973
v -0.022518 0.061791 0.038934
v -0.000034 0.061791 0.041491
v -0.000034 0.061791 0.044991
v 0.020767 0.061791 0.035973
v 0.022518 0.061791 0.038934
v 0.035981 0.061791 0.020763
v 0.038944 0.061791 0.022445
v 0.041501 0.061791 -0.000033
v 0.045002 0.061791 -0.000033
v 0.031538 0.182174 -0.000033
v 0.029249 0.174174 -0.000033
v 0.027297 0.182174 -0.015781
v 0.025278 0.174174 -0.014570
v 0.014641 0.174174 -0.025338
v 0.021575 0.167036 -0.012483
v 0.012487 0.167036 -0.021569
v 0.024941 0.167036 -0.000033
v 0.020836 0.151776 -0.000033
v 0.018950 0.151782 -0.000033
v 0.018007 0.151776 0.010399
v 0.016392 0.151782 0.009457
v 0.010400 0.151776 0.018071
v 0.009458 0.151782 0.016456
v -0.000034 0.151776 0.020830
v -0.000034 0.151782 0.018946
v -0.010401 0.151776 0.018071
v -0.009459 0.151782 0.016456
v -0.018074 0.151776 0.010399
v -0.016393 0.151782 0.009457
v -0.020836 0.151776 -0.000033
v -0.018950 0.151782 -0.000033
v -0.018074 0.151776 -0.010464
v -0.016393 0.151782 -0.009455
v -0.010401 0.151776 -0.018069
v -0.009459 0.151782 -0.016387
v -0.000034 0.151776 -0.020828
v -0.000034 0.151782 -0.018944
v 0.010400 0.151776 -0.018069
v 0.009458 0.151782 -0.016387
v 0.018007 0.151776 -0.010464
v 0.016392 0.151782 -0.009455
v 0.020836 0.151776 -0.000033
v 0.018950 0.151782 -0.000033
v 0.039145 0.133261 -0.000033
v 0.034500 0.129603 -0.000033
v 0.033894 0.133261 -0.019550
v 0.029855 0.129603 -0.017262
v 0.017267 0.129603 -0.029914
v 0.013699 0.126025 -0.023655
v -0.000034 0.129603 -0.034490
v -0.000034 0.126025 -0.027357
v -0.017267 0.129603 -0.029914
v -0.013700 0.126025 -0.023655
v -0.029856 0.129603 -0.017262
v -0.023663 0.126025 -0.013695
v -0.034501 0.129603 -0.000033
v -0.027365 0.126025 -0.000033
v -0.029856 0.129603 0.017263
v -0.023663 0.126025 0.013696
v -0.017267 0.129603 0.029916
v -0.013700 0.126025 0.023724
v -0.000034 0.129603 0.034492
v -0.000034 0.126025 0.027358
v 0.013699 0.126025 0.023724
v 0.023729 0.126025 0.013696
v 0.027365 0.126025 -0.000033
v 0.023729 0.126025 -0.013695
v 0.027365 0.126025 -0.000033
v 0.039145 0.137238 -0.000033
v 0.033894 0.137238 -0.019550
v 0.030259 0.140677 -0.017531
v 0.017469 0.140677 -0.030318
v 0.023864 0.144488 -0.013762
v 0.013767 0.144488 -0.023857
v 0.010400 0.146777 -0.018069
v -0.000034 0.144488 -0.027558
v -0.000034 0.146777 -0.020828
v -0.010401 0.146777 -0.018069
v 0.019556 0.137238 -0.033885
v -0.000034 0.137238 -0.039134
v -0.000034 0.140677 -0.034961
v -0.017470 0.140677 -0.030318
v -0.013767 0.144488 -0.023857
v -0.018074 0.146777 -0.010464
v 0.019556 0.133261 -0.033885
v -0.000034 0.133261 -0.039134
v -0.019557 0.133261 -0.033885
v -0.019557 0.137238 -0.033885
v -0.033828 0.137238 -0.019550
v -0.030327 0.140677 -0.017531
v -0.034972 0.140677 -0.000033
v -0.023865 0.144488 -0.013762
v -0.027500 0.144488 -0.000033
v -0.020836 0.146777 -0.000033
v -0.023865 0.144488 0.013764
v -0.018074 0.146777 0.010399
v -0.030327 0.140677 0.017465
v -0.039079 0.137238 -0.000033
v -0.033828 0.137238 0.019551
v -0.033828 0.133261 0.019551
v -0.019557 0.137238 0.033886
v -0.019557 0.133261 0.033886
v -0.000034 0.137238 0.039136
v -0.000034 0.133261 0.039136
v 0.019556 0.137238 0.033886
v 0.019556 0.133261 0.033886
v 0.033894 0.137238 0.019551
v 0.033894 0.133261 0.019551
v 0.039145 0.137238 -0.000033
v 0.039145 0.133261 -0.000033
v 0.034971 0.140677 -0.000033
v 0.030259 0.140677 0.017465
v 0.017469 0.140677 0.030252
v -0.000034 0.140677 0.034963
v -0.000034 0.144488 0.027560
v -0.017470 0.140677 0.030252
v -0.013767 0.144488 0.023859
v -0.010401 0.146777 0.018071
v -0.000034 0.146777 0.020830
v 0.010400 0.146777 0.018071
v 0.013767 0.144488 0.023859
v 0.018007 0.146777 0.010399
v 0.023864 0.144488 0.013764
v 0.020836 0.146777 -0.000033
v 0.027500 0.144488 -0.000033
v 0.034971 0.140677 -0.000033
v 0.027500 0.144488 -0.000033
v 0.018007 0.146777 -0.010464
v 0.020836 0.146777 -0.000033
v -0.039079 0.133261 -0.000033
v -0.033828 0.133261 -0.019550
v -0.000034 0.216821 -0.000033
v -0.000034 0.216427 -0.009657
v -0.004814 0.216427 -0.008378
v -0.000034 0.212779 -0.018742
v -0.009324 0.212779 -0.016185
v -0.012825 0.205857 -0.022242
v -0.000034 0.205857 -0.025674
v -0.000034 0.198579 -0.029712
v -0.014844 0.198579 -0.025674
v 0.068900 0.000000 -0.000033
v 0.059677 0.000000 -0.034423
v 0.066410 0.005290 -0.000033
v 0.057523 0.005290 -0.033212
v 0.054495 0.009951 -0.031462
v 0.033222 0.005290 -0.057574
v 0.031471 0.009951 -0.054546
v -0.000034 0.005290 -0.066458
v -0.000034 0.009951 -0.062958
v -0.031471 0.009951 -0.054546
v -0.000034 0.013778 -0.058584
v -0.029250 0.013778 -0.050710
v 0.029317 0.013778 -0.050710
v 0.050724 0.013778 -0.029241
v 0.058534 0.013778 -0.000033
v 0.062909 0.009951 -0.000033
v -0.050725 0.013778 -0.029241
v -0.054495 0.009951 -0.031462
v -0.058534 0.013778 -0.000033
v -0.062976 0.009951 -0.000033
v -0.050725 0.013778 0.029310
v -0.054495 0.009951 0.031464
v -0.029250 0.013778 0.050711
v -0.031471 0.009951 0.054480
v -0.000034 0.013778 0.058586
v -0.000034 0.009951 0.062960
v 0.029317 0.013778 0.050711
v 0.031471 0.009951 0.054480
v 0.050724 0.013778 0.029310
v 0.054495 0.009951 0.031464
v 0.058534 0.013778 -0.000033
v 0.062909 0.009951 -0.000033
v -0.057524 0.005290 -0.033212
v -0.066478 0.005290 -0.000033
v -0.057524 0.005290 0.033213
v -0.033222 0.005290 0.057576
v -0.000034 0.005290 0.066460
v 0.033222 0.005290 0.057576
v 0.034434 0.000000 0.059662
v 0.059677 0.000000 0.034425
v -0.000034 0.000000 0.068882
v -0.034434 0.000000 0.059662
v -0.059678 0.000000 0.034425
v -0.068901 0.000000 -0.000033
v -0.059678 0.000000 -0.034423
v -0.033222 0.005290 -0.057574
v -0.034434 0.000000 -0.059661
v -0.000034 0.000000 -0.068881
v 0.034434 0.000000 -0.059661
v 0.041501 0.064877 -0.000033
v 0.035981 0.064877 0.020763
v 0.020767 0.064877 0.035973
v -0.000034 0.064877 0.041491
v -0.020768 0.064877 0.035973
v -0.035981 0.064877 0.020763
v -0.041502 0.064877 -0.000033
v -0.035981 0.064877 -0.020761
v -0.020768 0.064877 -0.035971
v -0.000034 0.064877 -0.041490
v 0.020767 0.064877 -0.035971
v 0.035981 0.064877 -0.020761
v 0.041501 0.064877 -0.000033
v 0.047223 0.051680 -0.000033
v 0.040895 0.051680 0.023657
v 0.044936 0.042385 0.025945
v 0.025952 0.042385 0.044924
v 0.029317 0.034441 0.050711
v -0.000034 0.034441 0.058586
v 0.031538 0.028035 0.054682
v -0.000034 0.028035 0.063095
v -0.000034 0.020175 0.063095
v -0.031539 0.020175 0.054682
v 0.023595 0.051680 0.040953
v -0.000034 0.051680 0.047279
v -0.000034 0.042385 0.051856
v -0.025952 0.042385 0.044924
v -0.029250 0.034441 0.050711
v -0.050725 0.034441 0.029310
v -0.054629 0.028035 0.031531
v -0.063111 0.028035 -0.000033
v -0.063111 0.020175 -0.000033
v -0.054629 0.028035 -0.031529
v -0.054629 0.020175 -0.031529
v -0.031539 0.020175 -0.054680
v -0.031539 0.028035 0.054682
v -0.054629 0.020175 0.031531
v -0.000034 0.216821 -0.000033
v -0.008382 0.216427 -0.004878
v -0.009661 0.216427 -0.000033
v -0.018749 0.212779 -0.000033
v -0.016190 0.212779 -0.009320
v -0.025614 0.205857 -0.000033
v -0.022249 0.205857 -0.012820
v -0.025682 0.198579 -0.014839
v -0.029722 0.198579 -0.000033
v -0.031674 0.190494 -0.000033
v -0.031539 0.182174 -0.000033
v -0.027433 0.190494 0.015850
v -0.027298 0.182174 0.015783
v -0.015854 0.190494 0.027426
v -0.029722 0.198579 -0.000033
v -0.025682 0.198579 0.014841
v -0.022249 0.205857 0.012822
v -0.025614 0.205857 -0.000033
v -0.018749 0.212779 -0.000033
v -0.016190 0.212779 0.009389
v -0.009661 0.216427 -0.000033
v -0.008382 0.216427 0.004813
v -0.000034 0.216821 -0.000033
v -0.023663 0.051680 0.040953
v -0.044936 0.042385 0.025945
v -0.051868 0.042385 -0.000033
v -0.058534 0.034441 -0.000033
v -0.050725 0.034441 -0.029241
v -0.029250 0.034441 -0.050710
v -0.031539 0.028035 -0.054680
v -0.000034 0.034441 -0.058584
v -0.000034 0.028035 -0.063093
v 0.029317 0.034441 -0.050710
v 0.031538 0.028035 -0.054680
v 0.050724 0.034441 -0.029241
v 0.054629 0.028035 -0.031529
v 0.063111 0.028035 -0.000033
v 0.054629 0.020175 -0.031529
v 0.063111 0.020175 -0.000033
v 0.031538 0.020175 -0.054680
v -0.000034 0.020175 -0.063093
v -0.000034 0.198579 0.029646
v -0.014844 0.198579 0.025676
v -0.000034 0.205857 0.025676
v -0.012825 0.205857 0.022176
v -0.009324 0.212779 0.016254
v -0.000034 0.212779 0.018744
v -0.004814 0.216427 0.008380
v -0.000034 0.216427 0.009658
v -0.000034 0.216821 -0.000033
v -0.040964 0.051680 0.023657
v -0.047224 0.051680 -0.000033
v -0.044936 0.042385 -0.025943
v -0.040964 0.051680 -0.023655
v -0.025952 0.042385 -0.044922
v -0.023663 0.051680 -0.040951
v -0.000034 0.042385 -0.051921
v -0.000034 0.051680 -0.047277
v 0.023595 0.051680 -0.040951
v 0.025952 0.042385 -0.044922
v 0.040895 0.051680 -0.023655
v 0.044936 0.042385 -0.025943
v 0.051868 0.042385 -0.000033
v 0.058534 0.034441 -0.000033
v -0.014844 0.198579 0.025676
v -0.025682 0.198579 0.014841
v -0.012825 0.205857 0.022176
v -0.022249 0.205857 0.012822
v -0.009324 0.212779 0.016254
v -0.016190 0.212779 0.009389
v -0.004814 0.216427 0.008380
v -0.008382 0.216427 0.004813
v 0.047223 0.051680 -0.000033
v 0.057523 0.005290 0.033213
v 0.066410 0.005290 -0.000033
v 0.068900 0.000000 -0.000033
v -0.000034 0.216821 -0.000033
v 0.008381 0.216427 0.004813
v 0.009660 0.216427 -0.000033
v 0.018748 0.212779 -0.000033
v 0.016257 0.212779 0.009389
v 0.025614 0.205857 -0.000033
v 0.022249 0.205857 0.012822
v 0.025682 0.198579 0.014841
v 0.029653 0.198579 -0.000033
v 0.042915 0.065252 -0.000033
v 0.037193 0.065252 0.021436
v 0.021440 0.065252 0.037184
v -0.000034 0.065252 0.042905
v -0.021441 0.065252 0.037184
v -0.037127 0.065252 0.021436
v -0.042915 0.065252 -0.000033
v -0.037127 0.065252 -0.021434
v -0.021441 0.065252 -0.037182
v -0.000034 0.065252 -0.042903
v 0.021440 0.065252 -0.037182
v 0.037193 0.065252 -0.021434
v 0.042915 0.065252 -0.000033
v -0.000034 0.066265 -0.043912
v -0.021980 0.066265 -0.037990
v -0.038002 0.066265 -0.021973
v -0.043926 0.066265 -0.000033
v -0.038002 0.066265 0.021907
v -0.038338 0.067644 0.022109
v -0.022182 0.067644 0.038328
v -0.021980 0.069022 0.038059
v -0.000034 0.069022 0.043914
v -0.000034 0.070035 0.042905
v 0.021979 0.069022 0.038059
v 0.021440 0.070035 0.037184
v 0.037193 0.070035 0.021436
v 0.020767 0.070401 0.035973
v 0.035981 0.070401 0.020763
v 0.025749 0.084920 0.014841
v 0.041501 0.070401 -0.000033
v 0.029721 0.084920 -0.000033
v -0.021980 0.066265 0.038059
v -0.000034 0.067644 0.044318
v 0.022181 0.067644 0.038328
v 0.038001 0.069022 0.021907
v 0.042915 0.070035 -0.000033
v -0.000034 0.066265 0.043914
v 0.021979 0.066265 0.038059
v 0.038001 0.066265 0.021907
v 0.038337 0.067644 0.022109
v 0.043925 0.069022 -0.000033
v 0.044261 0.067644 -0.000033
v 0.043925 0.066265 -0.000033
v 0.034500 0.129603 -0.000033
v 0.029855 0.129603 0.017263
v 0.017267 0.129603 0.029916
v -0.000034 0.070401 0.041491
v -0.021441 0.070035 0.037184
v -0.020768 0.070401 0.035973
v -0.035981 0.070401 0.020763
v -0.014844 0.084920 0.025743
v -0.025749 0.084920 0.014841
v -0.010738 0.101719 0.018609
v -0.018614 0.101719 0.010735
v -0.021509 0.101719 -0.000033
v -0.029722 0.084920 -0.000033
v -0.041502 0.070401 -0.000033
v -0.037127 0.070035 0.021436
v -0.038002 0.069022 0.021907
v -0.042915 0.070035 -0.000033
v -0.043926 0.069022 -0.000033
v -0.044262 0.067644 -0.000033
v -0.038338 0.067644 -0.022174
v -0.022182 0.067644 -0.038327
v -0.000034 0.067644 -0.044249
v 0.022181 0.067644 -0.038327
v 0.021979 0.069022 -0.037990
v 0.038337 0.067644 -0.022174
v 0.038001 0.069022 -0.021973
v 0.044261 0.067644 -0.000033
v 0.043925 0.069022 -0.000033
v -0.000034 0.069022 -0.043912
v -0.021980 0.069022 -0.037990
v -0.038002 0.069022 -0.021973
v -0.037127 0.070035 -0.021434
v -0.021441 0.070035 -0.037182
v -0.000034 0.070035 -0.042903
v 0.021440 0.070035 -0.037182
v 0.037193 0.070035 -0.021434
v 0.042915 0.070035 -0.000033
v -0.000034 0.070401 -0.041490
v -0.020768 0.070401 -0.035971
v -0.035981 0.070401 -0.020761
v -0.025749 0.084920 -0.014839
v -0.018614 0.101719 -0.010733
v -0.010738 0.101719 -0.018608
v -0.014844 0.084920 -0.025741
v -0.000034 0.084920 -0.029712
v 0.014911 0.084920 -0.025741
v 0.020767 0.070401 -0.035971
v 0.035981 0.070401 -0.020761
v -0.000034 0.101719 -0.021501
v 0.010737 0.101719 -0.018608
v 0.018613 0.101719 -0.010733
v 0.043925 0.066265 -0.000033
v 0.038001 0.066265 -0.021973
v 0.021979 0.066265 -0.037990
v -0.000034 0.101719 0.021503
v -0.000034 0.084920 0.029714
v 0.014911 0.084920 0.025743
v 0.018613 0.101719 0.010735
v 0.010737 0.101719 0.018609
v 0.021508 0.101719 -0.000033
v 0.017199 0.119933 -0.000033
v 0.021508 0.101719 -0.000033
v 0.029721 0.084920 -0.000033
v 0.025749 0.084920 -0.014839
v 0.041501 0.070401 -0.000033
v 0.051868 0.042385 -0.000033
v 0.050724 0.034441 0.029310
v 0.058534 0.034441 -0.000033
v 0.054629 0.028035 0.031531
v 0.063111 0.028035 -0.000033
v 0.054629 0.020175 0.031531
v 0.063111 0.020175 -0.000033
v 0.031538 0.020175 0.054682
v 0.015786 0.182174 -0.027289
v -0.000034 0.174174 -0.029241
v -0.000034 0.182174 -0.031529
v -0.014642 0.174174 -0.025338
v -0.015787 0.182174 -0.027289
v -0.027298 0.182174 -0.015781
v -0.000034 0.167036 -0.024934
v -0.012487 0.167036 -0.021569
v -0.025278 0.174174 -0.014570
v -0.031539 0.182174 -0.000033
v -0.029250 0.174174 -0.000033
v -0.024942 0.167036 -0.000033
v -0.025278 0.174174 0.014639
v -0.021576 0.167036 0.012485
v -0.014642 0.174174 0.025339
v -0.012487 0.167036 0.021571
v -0.000034 0.174174 0.029243
v -0.000034 0.167036 0.024936
v 0.012487 0.167036 0.021571
v -0.000034 0.161258 0.018946
v 0.009458 0.161258 0.016456
v -0.009459 0.161258 0.016456
v -0.016393 0.161258 0.009457
v -0.018950 0.161258 -0.000033
v -0.016393 0.161258 -0.009455
v -0.021576 0.167036 -0.012483
v -0.009459 0.161258 -0.016387
v -0.027298 0.182174 0.015783
v -0.015787 0.182174 0.027291
v -0.000034 0.182174 0.031531
v 0.015786 0.182174 0.027291
v 0.014641 0.174174 0.025339
v 0.025278 0.174174 0.014639
v 0.021575 0.167036 0.012485
v 0.029249 0.174174 -0.000033
v 0.024941 0.167036 -0.000033
v 0.031538 0.182174 -0.000033
v 0.027297 0.182174 0.015783
v 0.016392 0.161258 0.009457
v 0.018950 0.161258 -0.000033
v 0.018546 0.157000 0.010668
v 0.010871 0.158416 0.018879
v 0.010737 0.159842 0.018542
v -0.000034 0.159842 0.021436
v 0.010198 0.160883 0.017600
v -0.000034 0.160883 0.020359
v 0.018546 0.159842 0.010668
v 0.018882 0.158416 0.010937
v 0.021778 0.158416 -0.000033
v 0.021440 0.157000 -0.000033
v 0.021440 0.159842 -0.000033
v 0.017671 0.160883 0.010197
v 0.020363 0.160883 -0.000033
v -0.010738 0.159842 0.018542
v -0.018547 0.159842 0.010668
v -0.010198 0.160883 0.017600
v -0.017672 0.160883 0.010197
v -0.021374 0.159842 -0.000033
v -0.020364 0.160883 -0.000033
v -0.018547 0.159842 -0.010733
v -0.017672 0.160883 -0.010195
v -0.010198 0.160883 -0.017665
v 0.059677 0.000000 0.034425
v 0.034434 0.000000 0.059662
v 0.000034 0.000000 -0.000033
v -0.000034 0.000000 0.068882
v -0.034434 0.000000 0.059662
v -0.059678 0.000000 0.034425
v -0.068901 0.000000 -0.000033
v -0.059678 0.000000 -0.034423
v -0.034434 0.000000 -0.059661
v -0.000034 0.000000 -0.068881
v 0.034434 0.000000 -0.059661
v 0.059677 0.000000 -0.034423
v 0.068900 0.000000 -0.000033
v -0.000034 0.216821 -0.000033
v 0.018950 0.161258 -0.000033
vt 1.153179 0.840749
vt 1.149664 0.825073
vt 1.157949 0.825426
vt 1.146350 0.809186
vt 1.162468 0.809857
vt 1.166134 0.794005
vt 1.144091 0.793087
vt 1.142936 0.779354
vt 1.168393 0.780413
vt 1.169799 0.766644
vt 1.142584 0.765514
vt 1.143237 0.751745
vt 1.170302 0.752840
vt 1.116223 0.750333
vt 1.115419 0.764137
vt 1.115620 0.777977
vt 1.141028 0.779283
vt 1.138617 0.792840
vt 1.116624 0.791710
vt 1.134801 0.808657
vt 1.118733 0.807809
vt 1.121846 0.823767
vt 1.130131 0.824191
vt 1.125160 0.839478
vt 1.404393 0.840855
vt 1.399573 0.825568
vt 1.407858 0.825215
vt 1.395003 0.809963
vt 1.411122 0.809257
vt 1.413432 0.793193
vt 1.391388 0.794146
vt 1.389078 0.780554
vt 1.414486 0.779459
vt 1.387572 0.766785
vt 1.414787 0.765620
vt 1.414135 0.751816
vt 1.442003 0.764102
vt 1.441199 0.750333
vt 1.387070 0.752981
vt 1.360357 0.767668
vt 1.359955 0.753863
vt 1.332890 0.754499
vt 1.387170 0.780625
vt 1.361662 0.781437
vt 1.363821 0.795064
vt 1.385865 0.794358
vt 1.383404 0.810387
vt 1.367336 0.810916
vt 1.380040 0.826309
vt 1.371705 0.826556
vt 1.376425 0.841914
vt 1.236733 0.843079
vt 1.232766 0.827509
vt 1.241102 0.827615
vt 1.245269 0.811975
vt 1.229151 0.811728
vt 1.248433 0.796017
vt 1.226389 0.795700
vt 1.250391 0.782354
vt 1.224883 0.781966
vt 1.224230 0.768162
vt 1.251445 0.768550
vt 1.224481 0.754358
vt 1.251596 0.754746
vt 1.197416 0.753722
vt 1.197065 0.767526
vt 1.195759 0.781295
vt 1.170251 0.780448
vt 1.171557 0.794217
vt 1.193600 0.794923
vt 1.173967 0.810281
vt 1.190085 0.810810
vt 1.185667 0.826450
vt 1.177382 0.826133
vt 1.180997 0.841773
vt -0.118257 0.405051
vt -0.120617 0.397990
vt -0.096715 0.405051
vt -0.098222 0.397990
vt -0.073969 0.397990
vt -0.072664 0.405051
vt -0.047507 0.405051
vt -0.048511 0.397990
vt -0.022501 0.397990
vt -0.021748 0.405051
vt 0.004363 0.405051
vt 0.004011 0.397990
vt 0.030624 0.397990
vt 0.030624 0.405051
vt 0.057337 0.397990
vt 0.056935 0.405051
vt 0.083799 0.397990
vt 0.083046 0.405051
vt 0.109860 0.397990
vt 0.108805 0.405051
vt 0.135317 0.397990
vt 0.134012 0.405051
vt 0.158114 0.405051
vt 0.159520 0.397990
vt 0.181965 0.397990
vt 0.179655 0.405051
vt -0.121069 0.394495
vt -0.099025 0.394495
vt -0.074722 0.394495
vt -0.049064 0.394495
vt -0.022853 0.394495
vt 0.003810 0.394495
vt 0.030624 0.394495
vt 0.057538 0.394495
vt 0.084201 0.394495
vt 0.110412 0.394495
vt 0.136020 0.394495
vt 0.160323 0.394495
vt 0.164843 0.500021
vt 0.165345 0.502775
vt 0.145059 0.500021
vt 0.144858 0.502775
vt 0.123417 0.500021
vt 0.123317 0.502775
vt 0.100721 0.502775
vt 0.123166 0.505670
vt 0.100570 0.505670
vt 0.100470 0.508388
vt 0.077573 0.505670
vt 0.077472 0.508388
vt 0.054124 0.505670
vt 0.054174 0.508388
vt 0.030624 0.505670
vt 0.030624 0.508388
vt 0.007175 0.505670
vt 0.007225 0.508388
vt -0.016124 0.508388
vt -0.016024 0.511213
vt -0.038971 0.511213
vt -0.038870 0.513896
vt -0.061366 0.513896
vt -0.038770 0.516650
vt -0.061215 0.516650
vt 0.077623 0.502775
vt 0.054224 0.502775
vt 0.054274 0.500021
vt 0.077774 0.500021
vt 0.100821 0.500021
vt 0.030624 0.500021
vt 0.030624 0.502775
vt 0.007074 0.500021
vt 0.007124 0.502775
vt -0.016375 0.500021
vt -0.016275 0.502775
vt -0.039473 0.500021
vt -0.039322 0.502775
vt -0.062069 0.500021
vt -0.061918 0.502775
vt -0.083660 0.500021
vt -0.083509 0.502775
vt -0.103394 0.500021
vt -0.103896 0.502775
vt -0.016174 0.505670
vt -0.039222 0.505670
vt -0.061767 0.505670
vt -0.083309 0.505670
vt -0.104197 0.505670
vt -0.039121 0.508388
vt -0.061617 0.508388
vt -0.061466 0.511213
vt -0.082907 0.513896
vt -0.082756 0.516650
vt -0.102992 0.513896
vt -0.103745 0.511213
vt -0.083058 0.511213
vt -0.104147 0.508388
vt -0.083158 0.508388
vt -0.178964 0.255111
vt -0.182177 0.249533
vt -0.141957 0.255111
vt -0.143313 0.249533
vt -0.105553 0.255111
vt -0.106406 0.249533
vt -0.070404 0.255111
vt -0.070956 0.249533
vt -0.036259 0.255111
vt -0.036611 0.249533
vt -0.002717 0.255111
vt -0.002868 0.249533
vt 0.030524 0.255111
vt 0.030524 0.249533
vt 0.063815 0.255111
vt 0.063915 0.249533
vt 0.097357 0.255111
vt 0.097658 0.249533
vt 0.131501 0.255111
vt 0.132104 0.249533
vt 0.166700 0.255111
vt 0.167604 0.249533
vt 0.203155 0.255111
vt 0.204561 0.249533
vt 0.240262 0.255111
vt 0.243476 0.249533
vt -0.108365 0.557533
vt -0.107260 0.544752
vt -0.083911 0.557533
vt -0.083761 0.544752
vt -0.061064 0.544752
vt -0.083258 0.531372
vt -0.061115 0.531372
vt -0.105151 0.531372
vt 0.167002 0.488971
vt 0.165596 0.492431
vt 0.146364 0.488971
vt 0.145862 0.492431
vt 0.124421 0.488971
vt 0.124070 0.492431
vt 0.101575 0.488971
vt 0.101323 0.492431
vt 0.078226 0.488971
vt 0.078075 0.492431
vt 0.054525 0.488971
vt 0.054475 0.492431
vt 0.030624 0.488971
vt 0.030624 0.492431
vt 0.006773 0.488971
vt 0.006924 0.492431
vt -0.016877 0.488971
vt -0.016676 0.492431
vt -0.040176 0.488971
vt -0.039925 0.492431
vt -0.063023 0.488971
vt -0.062721 0.492431
vt -0.084915 0.488971
vt -0.084464 0.492431
vt -0.105553 0.488971
vt -0.104147 0.492431
vt -0.121119 0.442015
vt -0.120566 0.433401
vt -0.093050 0.442015
vt -0.093954 0.433401
vt -0.069249 0.433401
vt -0.070605 0.421256
vt -0.044595 0.433401
vt -0.045750 0.421256
vt -0.019739 0.433401
vt -0.020543 0.421256
vt 0.005367 0.433401
vt 0.004965 0.421256
vt 0.030674 0.433401
vt 0.030624 0.421256
vt 0.055931 0.433401
vt 0.056333 0.421256
vt 0.081088 0.433401
vt 0.081891 0.421256
vt 0.105993 0.433401
vt 0.107098 0.421256
vt 0.131953 0.421256
vt 0.156457 0.421256
vt 0.180860 0.421256
vt -0.095109 0.421256
vt -0.119412 0.421256
vt -0.120265 0.447735
vt -0.092347 0.447735
vt -0.091242 0.455290
vt -0.067040 0.455290
vt -0.088882 0.467682
vt -0.065584 0.467682
vt -0.064077 0.479438
vt -0.041933 0.467682
vt -0.040879 0.479438
vt -0.017329 0.479438
vt -0.067843 0.447735
vt -0.043540 0.447735
vt -0.042938 0.455290
vt -0.018635 0.455290
vt -0.017982 0.467682
vt 0.006572 0.479438
vt -0.068395 0.442015
vt -0.043942 0.442015
vt -0.019338 0.442015
vt -0.019036 0.447735
vt 0.005718 0.447735
vt 0.005919 0.455290
vt 0.030674 0.455290
vt 0.006271 0.467682
vt 0.030674 0.467682
vt 0.030674 0.479438
vt 0.055078 0.467682
vt 0.054726 0.479438
vt 0.055379 0.455290
vt 0.030674 0.447735
vt 0.055580 0.447735
vt 0.055730 0.442015
vt 0.080385 0.447735
vt 0.080686 0.442015
vt 0.104889 0.447735
vt 0.105290 0.442015
vt 0.129242 0.447735
vt 0.129794 0.442015
vt 0.153746 0.447735
vt 0.154448 0.442015
vt 0.181664 0.447735
vt 0.182568 0.442015
vt 0.178852 0.455290
vt 0.152641 0.455290
vt 0.128388 0.455290
vt 0.104286 0.455290
vt 0.103282 0.467682
vt 0.079983 0.455290
vt 0.079380 0.467682
vt 0.078678 0.479438
vt 0.102277 0.479438
vt 0.125476 0.479438
vt 0.126932 0.467682
vt 0.147770 0.479438
vt 0.150331 0.467682
vt 0.168157 0.479438
vt 0.173429 0.467682
vt -0.117403 0.455290
vt -0.111980 0.467682
vt -0.086372 0.479438
vt -0.106708 0.479438
vt 0.030674 0.442015
vt 0.005568 0.442015
vt 1.208915 0.842549
vt 1.205149 0.826980
vt 1.213384 0.827156
vt 1.201584 0.811128
vt 1.217652 0.811516
vt 1.220966 0.795594
vt 1.198973 0.795064
vt 1.197567 0.781331
vt 1.223025 0.781931
vt -0.203317 0.135604
vt -0.155515 0.135604
vt -0.202363 0.143936
vt -0.155464 0.143936
vt -0.155263 0.152409
vt -0.114290 0.143936
vt -0.114189 0.152409
vt -0.076028 0.143936
vt -0.075978 0.152409
vt -0.039573 0.152409
vt -0.075827 0.161235
vt -0.039473 0.161235
vt -0.114039 0.161235
vt -0.155012 0.161235
vt -0.198798 0.161235
vt -0.200857 0.152409
vt -0.004274 0.161235
vt -0.004274 0.152409
vt 0.030473 0.161235
vt 0.030473 0.152409
vt 0.065271 0.161235
vt 0.065271 0.152409
vt 0.100570 0.161235
vt 0.100570 0.152409
vt 0.136924 0.161235
vt 0.137025 0.152409
vt 0.175186 0.161235
vt 0.175337 0.152409
vt 0.216160 0.161235
vt 0.216511 0.152409
vt 0.260096 0.161235
vt 0.262155 0.152409
vt -0.004324 0.143936
vt 0.030473 0.143936
vt 0.065321 0.143936
vt 0.100671 0.143936
vt 0.137075 0.143936
vt 0.175437 0.143936
vt 0.175488 0.135604
vt 0.216762 0.135604
vt 0.137125 0.135604
vt 0.100620 0.135604
vt 0.065271 0.135604
vt 0.030473 0.135604
vt -0.004324 0.135604
vt -0.039624 0.143936
vt -0.039624 0.135604
vt -0.076028 0.135604
vt -0.114340 0.135604
vt 0.238705 0.260336
vt 0.201849 0.260336
vt 0.165797 0.260336
vt 0.130949 0.260336
vt 0.097005 0.260336
vt 0.063614 0.260336
vt 0.030524 0.260336
vt -0.002516 0.260336
vt -0.035858 0.260336
vt -0.069801 0.260336
vt -0.104599 0.260336
vt -0.140601 0.260336
vt -0.177407 0.260336
vt 0.249702 0.232869
vt 0.208377 0.232869
vt 0.211339 0.209638
vt 0.171973 0.209638
vt 0.173328 0.194351
vt 0.135719 0.194351
vt 0.174031 0.183407
vt 0.136221 0.183407
vt 0.136623 0.172568
vt 0.100369 0.172568
vt 0.170014 0.232869
vt 0.133660 0.232869
vt 0.134866 0.209638
vt 0.099365 0.209638
vt 0.099867 0.194351
vt 0.064969 0.194351
vt 0.065070 0.183407
vt 0.030473 0.183407
vt 0.030473 0.172568
vt -0.004073 0.183407
vt -0.004173 0.172568
vt -0.039322 0.172568
vt 0.100118 0.183407
vt 0.065170 0.172568
vt 1.264601 0.843397
vt 1.260534 0.827827
vt 1.268819 0.827898
vt 1.272836 0.812152
vt 1.256768 0.812081
vt 1.275899 0.796229
vt 1.253856 0.796088
vt 1.252249 0.782354
vt 1.277707 0.782531
vt 1.278661 0.768727
vt 1.278661 0.754923
vt 1.305926 0.768656
vt 1.305776 0.754852
vt 1.333141 0.768303
vt 1.279564 0.782531
vt 1.305073 0.782460
vt 1.303365 0.796159
vt 1.281322 0.796229
vt 1.284335 0.812187
vt 1.300453 0.812152
vt 1.288301 0.827933
vt 1.296587 0.827898
vt 1.292469 0.843432
vt 0.098612 0.232869
vt 0.064718 0.209638
vt 0.030473 0.209638
vt 0.030473 0.194351
vt -0.003922 0.194351
vt -0.038770 0.194351
vt -0.039071 0.183407
vt -0.074622 0.194351
vt -0.075124 0.183407
vt -0.112181 0.194351
vt -0.112884 0.183407
vt -0.152251 0.194351
vt -0.153355 0.183407
vt -0.199049 0.183407
vt -0.154259 0.172568
vt -0.199802 0.172568
vt -0.113486 0.172568
vt -0.075526 0.172568
vt 1.359804 0.781507
vt 1.334347 0.782107
vt 1.358398 0.795205
vt 1.336405 0.795735
vt 1.339719 0.811622
vt 1.355787 0.811234
vt 1.343987 0.827333
vt 1.352222 0.827086
vt 1.348456 0.842726
vt 0.064367 0.232869
vt 0.030524 0.232869
vt -0.003671 0.209638
vt -0.003320 0.232869
vt -0.038268 0.209638
vt -0.037515 0.232869
vt -0.073768 0.209638
vt -0.072563 0.232869
vt -0.108867 0.232869
vt -0.110825 0.209638
vt -0.147129 0.232869
vt -0.150142 0.209638
vt -0.193274 0.209638
vt -0.196689 0.194351
vt 1.332438 0.782143
vt 1.306930 0.782425
vt 1.330882 0.795841
vt 1.308838 0.796123
vt 1.328170 0.811834
vt 1.312052 0.812046
vt 1.324455 0.827686
vt 1.316119 0.827757
vt -0.188404 0.232869
vt 0.216662 0.143936
vt 0.263661 0.143936
vt 0.264615 0.135604
vt 1.432512 0.839478
vt 1.427491 0.824261
vt 1.435826 0.823767
vt 1.438839 0.807809
vt 1.422771 0.808692
vt 1.440898 0.791710
vt 1.418905 0.792911
vt 1.416394 0.779354
vt 1.441902 0.777941
vt 0.238655 0.262596
vt 0.201247 0.262596
vt 0.165345 0.262596
vt 0.130648 0.262596
vt 0.096855 0.262596
vt 0.063513 0.262596
vt 0.030524 0.262596
vt -0.002466 0.262596
vt -0.035757 0.262596
vt -0.069500 0.262596
vt -0.104197 0.262596
vt -0.139949 0.262596
vt -0.177307 0.262596
vt -0.069249 0.264820
vt -0.035556 0.264820
vt -0.002366 0.264820
vt 0.030524 0.264820
vt 0.063413 0.264820
vt 0.063363 0.267009
vt 0.096503 0.267009
vt 0.096352 0.269233
vt 0.129844 0.269233
vt 0.129593 0.271422
vt 0.164140 0.269233
vt 0.163688 0.271422
vt 0.198837 0.271422
vt 0.163286 0.273646
vt 0.198234 0.273646
vt 0.187639 0.307963
vt 0.234990 0.273646
vt 0.218269 0.307963
vt 0.096654 0.264820
vt 0.130095 0.267009
vt 0.164591 0.267009
vt 0.199439 0.269233
vt 0.236195 0.271422
vt 0.130397 0.264820
vt 0.164943 0.264820
vt 0.200644 0.264820
vt 0.200092 0.267009
vt 0.237199 0.269233
vt 0.238002 0.267009
vt 0.238454 0.264820
vt 0.181965 0.433401
vt 0.155352 0.433401
vt 0.130597 0.433401
vt 0.129292 0.273646
vt 0.096202 0.271422
vt 0.096001 0.273646
vt 0.063162 0.273646
vt 0.093189 0.307963
vt 0.061806 0.307963
vt 0.088971 0.346763
vt 0.059898 0.346763
vt 0.030574 0.346763
vt 0.030574 0.307963
vt 0.030524 0.273646
vt 0.063212 0.271422
vt 0.063262 0.269233
vt 0.030524 0.271422
vt 0.030524 0.269233
vt 0.030524 0.267009
vt -0.002316 0.267009
vt -0.035356 0.267009
vt -0.068948 0.267009
vt -0.103394 0.267009
vt -0.102942 0.269233
vt -0.138794 0.267009
vt -0.138191 0.269233
vt -0.176654 0.267009
vt -0.175901 0.269233
vt -0.068697 0.269233
vt -0.035205 0.269233
vt -0.002215 0.269233
vt -0.002165 0.271422
vt -0.035054 0.271422
vt -0.068395 0.271422
vt -0.102490 0.271422
vt -0.137589 0.271422
vt -0.174897 0.271422
vt -0.068144 0.273646
vt -0.034904 0.273646
vt -0.002064 0.273646
vt -0.000659 0.307963
vt 0.001400 0.346763
vt -0.027773 0.346763
vt -0.031991 0.307963
vt -0.063374 0.307963
vt -0.094958 0.307963
vt -0.102138 0.273646
vt -0.136986 0.273646
vt -0.056595 0.346763
vt -0.085116 0.346763
vt -0.112733 0.346763
vt -0.177106 0.264820
vt -0.139396 0.264820
vt -0.103795 0.264820
vt 0.117843 0.346763
vt 0.124622 0.307963
vt 0.156156 0.307963
vt 0.173931 0.346763
vt 0.146364 0.346763
vt 0.200192 0.346763
vt 0.182467 0.394495
vt -0.138844 0.346763
vt -0.156971 0.307963
vt -0.126341 0.307963
vt -0.173692 0.273646
vt 0.254522 0.209638
vt 0.213448 0.194351
vt 0.257937 0.194351
vt 0.214603 0.183407
vt 0.260347 0.183407
vt 0.215507 0.172568
vt 0.261100 0.172568
vt 0.174634 0.172568
vt -0.061115 0.557533
vt -0.038418 0.544752
vt -0.038418 0.557533
vt -0.015622 0.544752
vt -0.015572 0.557533
vt 0.007476 0.557533
vt -0.038519 0.531372
vt -0.015672 0.531372
vt 0.007476 0.544752
vt 0.030674 0.557533
vt 0.030674 0.544752
vt 0.030674 0.531372
vt 0.053872 0.544752
vt 0.053973 0.531372
vt 0.076970 0.544752
vt 0.077071 0.531372
vt 0.099817 0.544752
vt 0.099867 0.531372
vt 0.122463 0.531372
vt 0.100169 0.516650
vt 0.122563 0.516650
vt 0.077272 0.516650
vt 0.054073 0.516650
vt 0.030624 0.516650
vt 0.007325 0.516650
vt 0.007426 0.531372
vt -0.015873 0.516650
vt 0.053822 0.557533
vt 0.076920 0.557533
vt 0.099767 0.557533
vt 0.122513 0.557533
vt 0.122463 0.544752
vt 0.145109 0.544752
vt 0.144607 0.531372
vt 0.168709 0.544752
vt 0.166550 0.531372
vt 0.169814 0.557533
vt 0.145310 0.557533
vt 0.144155 0.516650
vt 0.163537 0.516650
vt 0.144757 0.505670
vt 0.123015 0.508388
vt 0.122865 0.511213
vt 0.100369 0.511213
vt 0.122764 0.513896
vt 0.100269 0.513896
vt 0.144456 0.511213
vt 0.144557 0.508388
vt 0.165596 0.508388
vt 0.165646 0.505670
vt 0.165194 0.511213
vt 0.144306 0.513896
vt 0.164441 0.513896
vt 0.077372 0.511213
vt 0.054073 0.511213
vt 0.077322 0.513896
vt 0.054073 0.513896
vt 0.030624 0.511213
vt 0.030624 0.513896
vt 0.007225 0.511213
vt 0.007275 0.513896
vt -0.015973 0.513896
vt 0.433983 1.071502
vt 0.485200 1.101087
vt 0.404407 1.181971
vt 0.514825 1.152420
vt 0.514825 1.211591
vt 0.485250 1.262854
vt 0.433983 1.292440
vt 0.374782 1.292440
vt 0.323565 1.262854
vt 0.293939 1.211591
vt 0.293939 1.152350
vt 0.323515 1.101087
vt 0.374782 1.071502
vt 1.320538 0.843220
vt -0.102088 0.516650
vn 0.029478 0.999114 -0.030051
vn 0.271150 0.921993 -0.276418
vn 0.271873 0.923107 -0.271952
vn 0.507588 0.696102 -0.507736
vn 0.507625 0.696077 -0.507733
vn 0.624771 0.468143 -0.624903
vn 0.624762 0.468036 -0.624992
vn 0.687236 0.234659 -0.687490
vn 0.687291 0.234560 -0.687469
vn 0.706911 -0.017164 -0.707094
vn 0.706910 -0.017166 -0.707095
vn 0.965446 -0.017759 -0.259998
vn 0.965756 -0.015670 -0.258980
vn 0.938922 0.234585 -0.251784
vn 0.938898 0.234651 -0.251814
vn 0.854262 0.466628 -0.229115
vn 0.852099 0.472881 -0.224303
vn 0.695636 0.694664 -0.183117
vn 0.697439 0.691797 -0.187070
vn 0.370671 0.923427 -0.099423
vn 0.372104 0.922979 -0.098229
vn 0.040608 0.999118 -0.010720
vn 0.029682 0.999118 0.029690
vn 0.270627 0.923841 0.270703
vn 0.270624 0.923841 0.270703
vn 0.509347 0.693527 0.509495
vn 0.509034 0.691286 0.512843
vn 0.620707 0.472924 0.625352
vn 0.624724 0.468135 0.624955
vn 0.687236 0.234659 0.687490
vn 0.687291 0.234560 0.687469
vn 0.706911 -0.017164 0.707094
vn 0.965999 -0.017751 0.257936
vn 0.965760 -0.015670 0.258965
vn 0.706910 -0.017166 0.707095
vn 0.257819 -0.017751 0.966030
vn 0.258847 -0.015671 0.965791
vn -0.259873 -0.015666 0.965516
vn 0.250663 0.234607 0.939217
vn 0.250633 0.234658 0.939212
vn 0.228093 0.466246 0.854745
vn 0.231406 0.473019 0.850120
vn 0.189869 0.690949 0.697524
vn 0.183525 0.695598 0.694595
vn 0.097996 0.923493 0.370888
vn 0.097769 0.923551 0.370803
vn 0.010710 0.999117 0.040620
vn -0.029626 0.999105 -0.030202
vn -0.272400 0.921241 -0.277693
vn -0.273132 0.922364 -0.273211
vn -0.505874 0.698593 -0.506022
vn -0.505878 0.698618 -0.505985
vn -0.624796 0.468076 -0.624928
vn -0.624792 0.468032 -0.624965
vn -0.687268 0.234656 -0.687458
vn -0.687277 0.234640 -0.687455
vn -0.706911 -0.017166 -0.707094
vn -0.706910 -0.017164 -0.707095
vn -0.259864 -0.017759 -0.965482
vn -0.258847 -0.015671 -0.965791
vn 0.258847 -0.015671 -0.965791
vn 0.257819 -0.017751 -0.966030
vn 0.251118 0.227171 -0.940921
vn 0.254621 0.234857 -0.938088
vn 0.231665 0.466746 -0.853510
vn 0.227290 0.472455 -0.851543
vn 0.184797 0.697503 -0.692343
vn 0.188290 0.694960 -0.693958
vn 0.100590 0.923276 -0.370733
vn 0.098503 0.922468 -0.373295
vn 0.010793 0.999105 -0.040903
vn 0.963248 -0.075280 -0.257847
vn 0.961548 -0.085310 -0.261053
vn 0.704594 -0.082504 -0.704798
vn 0.707118 -0.096245 -0.700514
vn 0.254009 -0.090167 -0.962990
vn 0.259375 -0.075248 -0.962841
vn -0.261093 -0.075212 -0.962379
vn -0.257470 -0.085247 -0.962519
vn -0.704596 -0.082512 -0.704795
vn -0.704594 -0.082504 -0.704798
vn -0.961548 -0.085310 -0.261053
vn -0.963248 -0.075280 -0.257847
vn -0.962802 -0.075245 0.259520
vn -0.962929 -0.085219 0.255941
vn -0.707968 -0.082635 0.701393
vn -0.705328 -0.068864 0.705528
vn -0.254861 -0.066536 0.964686
vn -0.257678 -0.075284 0.963294
vn 0.253019 -0.075379 0.964520
vn 0.254395 -0.071530 0.964452
vn 0.707982 -0.082710 0.701370
vn 0.707968 -0.082635 0.701393
vn 0.962022 -0.085279 0.259310
vn 0.963700 -0.075315 0.256145
vn -0.000000 -1.000000 0.000000
vn 0.000000 -1.000000 0.000000
vn -0.000000 -1.000000 0.000000
vn 0.000000 -1.000000 0.000000
vn -0.000000 -1.000000 0.000000
vn 0.000000 -1.000000 0.000000
vn 0.000000 -1.000000 0.000000
vn 0.000000 -1.000000 0.000000
vn 0.000000 -1.000000 0.000000
vn 0.000000 -1.000000 0.000000
vn -0.000000 -1.000000 0.000000
vn 0.000000 -1.000000 0.000000
vn 0.000000 -1.000000 0.000000
vn 0.000000 -1.000000 0.000000
vn 0.000000 -1.000000 0.000000
vn 0.000000 -1.000000 0.000000
vn 0.000000 -1.000000 0.000000
vn 0.000000 -1.000000 0.000000
vn 0.000000 -1.000000 0.000000
vn 0.000000 -1.000000 0.000000
vn 0.000000 -1.000000 0.000000
vn 0.000000 -1.000000 0.000000
vn 0.000000 -1.000000 0.000000
vn 0.255902 -0.964239 0.068978
vn 0.246081 -0.967084 0.064756
vn 0.180270 -0.967268 0.178595
vn 0.190519 -0.962661 0.192320
vn 0.072301 -0.960664 0.268135
vn 0.183312 -0.710091 0.679829
vn 0.183559 -0.706805 0.683179
vn 0.252925 -0.223371 0.941347
vn -0.254406 -0.223281 0.940969
vn -0.249943 -0.246501 0.936358
vn -0.691236 -0.228566 0.685530
vn -0.673983 -0.289078 0.679839
vn -0.931520 -0.267789 0.246090
vn -0.932081 -0.265933 0.245978
vn -0.932016 -0.265914 -0.246244
vn -0.936408 -0.246052 -0.250198
vn -0.688240 -0.228944 -0.688412
vn -0.688488 0.227445 -0.688660
vn -0.247582 0.244803 -0.937430
vn -0.186237 0.684157 -0.705156
vn 0.185548 0.684248 -0.705249
vn 0.067334 0.964347 -0.255931
vn 0.066132 0.967140 -0.245493
vn -0.185365 -0.706561 0.682943
vn -0.183753 -0.710153 0.679645
vn -0.495839 -0.709659 0.500528
vn -0.523730 -0.675221 0.519407
vn -0.708611 -0.680313 0.187201
vn -0.179007 -0.967111 0.180699
vn -0.192671 -0.962519 0.190881
vn -0.072709 -0.960704 0.267884
vn -0.067613 -0.964329 0.255926
vn 0.067138 -0.964360 0.255934
vn -0.245318 -0.967185 0.066125
vn -0.255931 -0.964346 0.067348
vn -0.255893 -0.964205 -0.069473
vn -0.245871 -0.967112 -0.065133
vn -0.179622 -0.967188 -0.179674
vn -0.179680 -0.967163 -0.179752
vn -0.066540 -0.967170 -0.245265
vn -0.067776 -0.964318 -0.255923
vn 0.068936 -0.964241 -0.255903
vn 0.064786 -0.967040 -0.246243
vn 0.179693 -0.967162 -0.179744
vn 0.179615 -0.967187 -0.179687
vn 0.245087 -0.967215 -0.066539
vn 0.255923 -0.964317 -0.067796
vn -0.705245 -0.684243 0.185583
vn -0.705147 -0.684148 -0.186304
vn -0.702628 -0.686781 -0.186132
vn -0.510061 -0.692436 -0.510265
vn -0.509905 -0.692719 -0.510036
vn -0.185603 -0.686793 -0.702756
vn -0.186729 -0.684092 -0.705089
vn 0.185118 -0.684304 -0.705308
vn 0.184964 -0.686689 -0.703027
vn 0.509905 -0.692719 -0.510036
vn 0.510061 -0.692436 -0.510265
vn 0.701141 -0.687342 -0.189636
vn 0.683500 -0.707137 -0.181065
vn -0.688234 -0.228967 -0.688410
vn -0.250024 -0.246503 -0.936336
vn -0.246157 -0.265920 -0.932037
vn 0.247274 -0.265842 -0.931764
vn 0.246039 -0.246384 -0.937422
vn 0.688234 -0.228967 -0.688410
vn -0.248831 0.264008 -0.931871
vn 0.247396 0.264108 -0.932224
vn 0.246144 0.244760 -0.937820
vn 0.184563 0.686624 -0.703195
vn 0.509864 0.692725 -0.510069
vn 0.179680 0.967163 -0.179752
vn 0.179622 0.967188 -0.179674
vn 0.245871 0.967112 -0.065133
vn 0.683500 0.707137 -0.181065
vn 0.701141 0.687342 -0.189636
vn 0.941136 0.222414 -0.254547
vn 0.936804 0.244430 -0.250304
vn 0.941541 -0.224082 -0.251570
vn 0.935618 -0.246137 -0.253054
vn 0.688240 -0.228944 -0.688412
vn 0.688488 0.227445 -0.688660
vn 0.688490 0.227421 -0.688666
vn 0.510093 0.692442 -0.510224
vn -0.000000 1.000000 0.000000
vn 0.000000 1.000000 0.000000
vn 0.000000 1.000000 0.000000
vn 0.000000 1.000000 0.000000
vn 0.000000 1.000000 0.000000
vn 0.000000 1.000000 0.000000
vn 0.000000 1.000000 0.000000
vn 0.000000 1.000000 0.000000
vn 0.000000 1.000000 0.000000
vn 0.000000 1.000000 0.000000
vn 0.000000 1.000000 0.000000
vn 0.000000 1.000000 0.000000
vn 0.000000 1.000000 -0.000000
vn 0.000000 1.000000 0.000000
vn 0.000000 1.000000 -0.000000
vn 0.000000 1.000000 0.000000
vn 0.000000 1.000000 -0.000000
vn 0.000000 1.000000 0.000000
vn -0.000000 1.000000 0.000000
vn 0.000000 1.000000 0.000000
vn -0.000000 1.000000 0.000000
vn 0.000000 1.000000 0.000000
vn -0.000000 1.000000 0.000000
vn 0.000000 1.000000 0.000000
vn 0.930729 -0.266305 -0.250649
vn 0.928119 -0.272612 -0.253530
vn 0.684010 -0.274909 -0.675689
vn 0.616858 -0.498171 -0.609353
vn 0.609804 -0.506077 -0.609938
vn 0.498740 -0.708807 -0.498850
vn 0.498706 -0.708830 -0.498850
vn 0.681676 -0.708062 -0.184299
vn 0.836100 -0.499838 -0.226049
vn 0.833661 -0.503140 -0.227727
vn 0.003183 0.999995 0.000863
vn 0.003210 0.999994 0.000865
vn 0.002354 0.999995 0.002334
vn 0.002360 0.999994 0.002338
vn 0.000851 0.999994 0.003219
vn 0.000835 0.999995 0.003185
vn -0.000848 0.999995 0.003185
vn -0.000850 0.999994 0.003219
vn -0.002346 0.999994 0.002347
vn -0.002294 0.999995 0.002273
vn -0.003107 0.999995 0.000822
vn -0.003183 0.999995 0.000858
vn -0.003183 0.999995 -0.000843
vn -0.003068 0.999995 -0.000833
vn -0.002222 0.999995 -0.002242
vn -0.002286 0.999995 -0.002287
vn -0.000826 0.999995 -0.003104
vn -0.000864 0.999995 -0.003185
vn 0.000842 0.999995 -0.003185
vn 0.000835 0.999995 -0.003100
vn 0.002286 0.999995 -0.002287
vn 0.002286 0.999995 -0.002287
vn 0.003177 0.999995 -0.000861
vn 0.003183 0.999995 -0.000864
vn 0.610298 -0.774968 -0.164199
vn 0.609408 -0.775647 -0.164299
vn 0.448534 -0.774380 -0.446265
vn 0.324705 -0.888931 -0.323062
vn 0.116864 -0.889449 -0.441840
vn 0.119993 -0.887392 -0.445127
vn -0.118216 -0.887582 -0.445222
vn -0.119352 -0.889740 -0.440588
vn -0.324705 -0.888931 -0.323062
vn -0.325420 -0.887772 -0.325518
vn -0.444063 -0.887961 -0.119721
vn -0.444946 -0.887405 -0.120567
vn -0.445003 -0.887519 0.119510
vn -0.444054 -0.887963 0.119738
vn -0.326118 -0.887910 0.324443
vn -0.326742 -0.887614 0.324624
vn -0.118133 -0.887751 0.444909
vn -0.118376 -0.887590 0.445164
vn 0.117806 -0.887651 0.445194
vn 0.081689 -0.947643 0.308705
vn 0.226075 -0.947502 0.226120
vn 0.225669 -0.948206 0.223561
vn 0.308021 -0.947877 0.081554
vn 0.308349 -0.947736 0.081957
vn -0.309379 -0.947236 -0.083833
vn -0.308334 -0.947691 -0.082536
vn -0.308319 -0.947643 0.083138
vn -0.310158 -0.947104 0.082438
vn -0.226647 -0.947590 0.225178
vn -0.224827 -0.948091 0.224891
vn -0.081876 -0.947888 0.307903
vn -0.082497 -0.947672 0.308404
vn 0.081356 -0.947761 0.308433
vn -0.226040 -0.947513 -0.226108
vn -0.226045 -0.947512 -0.226109
vn -0.082912 -0.947129 -0.309955
vn -0.083527 -0.947601 -0.308343
vn 0.081347 -0.947773 -0.308399
vn 0.083641 -0.946960 -0.310276
vn 0.228658 -0.946786 -0.226523
vn 0.224248 -0.948007 -0.225824
vn 0.307584 -0.947952 -0.082336
vn 0.308347 -0.947730 -0.082041
vn 0.326319 -0.886301 -0.328612
vn 0.448074 -0.886012 -0.119217
vn 0.965660 0.000000 -0.259808
vn 0.965660 0.000000 -0.259808
vn 0.626410 0.761056 -0.168534
vn 0.461073 0.758105 -0.461181
vn 0.331230 0.883472 -0.331307
vn 0.331201 0.883485 -0.331299
vn 0.235705 0.942790 -0.235775
vn 0.086486 0.942616 -0.322484
vn 0.084839 0.943325 -0.320843
vn -0.085383 0.943281 -0.320828
vn 0.461063 0.758125 -0.461159
vn 0.169078 0.757116 -0.631022
vn 0.166353 0.760958 -0.627111
vn -0.166975 0.760877 -0.627045
vn -0.120986 0.882574 -0.454341
vn -0.121705 0.883880 -0.451601
vn -0.086854 0.942650 -0.322283
vn -0.234434 0.942910 -0.236561
vn 0.707033 0.000000 -0.707181
vn 0.707033 0.000000 -0.707181
vn 0.258813 0.000000 -0.965927
vn 0.258813 0.000000 -0.965927
vn -0.259642 -0.000000 -0.965705
vn -0.259642 0.000000 -0.965705
vn -0.169596 0.757191 -0.630792
vn -0.708687 0.000000 -0.705523
vn -0.468340 0.750513 -0.466249
vn -0.459670 0.758345 -0.462186
vn -0.330165 0.883620 -0.331973
vn -0.639078 0.750199 -0.169649
vn -0.451532 0.884167 -0.119863
vn -0.329525 0.884738 -0.329623
vn -0.237241 0.942019 -0.237312
vn -0.451100 0.884445 -0.119437
vn -0.323663 0.942284 -0.085696
vn -0.323708 0.942269 -0.085683
vn -0.451132 0.884507 0.118857
vn -0.323134 0.942516 0.085134
vn -0.323664 0.942286 0.085663
vn -0.452387 0.883699 0.120090
vn -0.632875 0.755807 0.168002
vn -0.636818 0.751870 0.170748
vn -0.965883 0.000000 0.258979
vn -0.708687 0.000000 0.705523
vn -0.708687 0.000000 0.705523
vn -0.259688 0.000000 0.965693
vn -0.259688 0.000000 0.965693
vn 0.258859 0.000000 0.965915
vn 0.258859 0.000000 0.965915
vn 0.707033 0.000000 0.707181
vn 0.707033 0.000000 0.707181
vn 0.965883 0.000000 0.258979
vn 0.965883 0.000000 0.258979
vn 0.626837 0.760807 0.168072
vn 0.624788 0.762451 0.168248
vn 0.457951 0.761889 0.458047
vn 0.457929 0.761908 0.458036
vn 0.168190 0.762385 0.624885
vn 0.122268 0.882434 0.454269
vn -0.122731 0.882383 0.454243
vn -0.122577 0.882099 0.454837
vn -0.332939 0.882178 0.333037
vn -0.235705 0.942790 0.235775
vn -0.235702 0.942794 0.235763
vn -0.330573 0.883314 0.332382
vn -0.463186 0.754030 0.465722
vn -0.459176 0.761704 0.457126
vn -0.168768 0.762467 0.624630
vn -0.168574 0.760667 0.626872
vn 0.168014 0.760741 0.626932
vn -0.085907 0.942561 0.322799
vn -0.086454 0.943194 0.320798
vn 0.084839 0.943325 0.320843
vn 0.086486 0.942616 0.322484
vn 0.236988 0.942667 0.234980
vn 0.234175 0.943553 0.234244
vn 0.319129 0.943754 0.086512
vn 0.323674 0.942318 0.085276
vn 0.332939 0.882178 0.333037
vn 0.332967 0.882164 0.333045
vn 0.455991 0.881839 0.120137
vn 0.450989 0.884228 0.121446
vn 0.626760 0.760714 -0.168779
vn 0.450989 0.884228 -0.121446
vn 0.454862 0.882381 -0.120433
vn 0.320831 0.943320 -0.084946
vn 0.323605 0.942116 -0.087734
vn -0.965883 0.000000 0.258979
vn -0.965660 -0.000000 -0.259808
vn -0.965660 0.000000 -0.259808
vn -0.708687 -0.000000 -0.705523
vn -0.010944 0.999103 -0.040903
vn -0.099212 0.923404 -0.370785
vn -0.102378 0.922587 -0.371957
vn -0.189734 0.699156 -0.689334
vn -0.186271 0.695233 -0.694230
vn -0.228419 0.472327 -0.851312
vn -0.232624 0.466860 -0.853187
vn -0.256193 0.226859 -0.939628
vn -0.251649 0.234670 -0.938937
vn 0.120529 0.882623 -0.454367
vn 0.121184 0.883818 -0.451863
vn 0.879204 0.414007 -0.235792
vn 0.880037 0.412292 -0.235692
vn 0.782098 0.586898 -0.209461
vn 0.573119 0.587099 -0.571708
vn 0.573347 0.586755 -0.571832
vn 0.209003 0.586723 -0.782351
vn 0.208804 0.587231 -0.782024
vn -0.209230 0.587176 -0.781951
vn -0.173520 0.741181 -0.648491
vn -0.173408 0.745615 -0.643419
vn 0.173162 0.741229 -0.648533
vn 0.173089 0.744144 -0.645205
vn 0.474778 0.741863 -0.473524
vn 0.474598 0.742167 -0.473228
vn 0.649338 0.740419 -0.173606
vn 0.648316 0.741320 -0.173584
vn 0.781929 0.587160 -0.209359
vn 0.965164 0.000000 0.261645
vn 0.965164 0.000000 0.261645
vn 0.710109 0.000000 0.704092
vn 0.710109 0.000000 0.704092
vn 0.255638 0.000000 0.966773
vn 0.255638 0.000000 0.966773
vn -0.257181 0.000000 0.966363
vn -0.257181 0.000000 0.966363
vn -0.707015 0.000000 0.707199
vn -0.707015 0.000000 0.707199
vn -0.966715 0.000000 0.255857
vn -0.966715 0.000000 0.255857
vn -0.966709 -0.000000 -0.255880
vn -0.966709 -0.000000 -0.255880
vn -0.703906 -0.000000 -0.710293
vn -0.703906 -0.000000 -0.710293
vn -0.257181 -0.000000 -0.966363
vn -0.257181 -0.000000 -0.966363
vn 0.255638 0.000000 -0.966773
vn 0.255638 0.000000 -0.966773
vn 0.707014 0.000000 -0.707200
vn 0.707014 0.000000 -0.707200
vn 0.965158 0.000000 -0.261669
vn 0.965158 0.000000 -0.261669
vn -0.471027 0.745750 -0.471159
vn -0.474548 0.742157 -0.473294
vn -0.649338 0.740419 -0.173606
vn -0.642736 0.746192 -0.173460
vn -0.643003 0.746502 0.171121
vn -0.650317 0.739201 0.175128
vn -0.476239 0.738120 0.477886
vn -0.473928 0.742056 0.474073
vn -0.174891 0.740552 0.648842
vn -0.174880 0.741000 0.648333
vn 0.173979 0.741120 0.648438
vn 0.175073 0.739113 0.650432
vn 0.476907 0.738235 0.477041
vn 0.476879 0.738265 0.477024
vn 0.651109 0.738940 0.173278
vn 0.648358 0.741368 0.173221
vn -0.781556 0.587095 -0.210925
vn -0.781579 0.587065 -0.210924
vn -0.781653 0.587120 0.210496
vn -0.781722 0.587013 0.210538
vn -0.572441 0.586876 0.572615
vn -0.570498 0.592193 0.569069
vn -0.209435 0.594372 0.776440
vn -0.209314 0.587165 0.781936
vn 0.208911 0.587217 0.782005
vn 0.236231 0.402817 0.884270
vn 0.646932 0.403394 0.647111
vn 0.236332 0.404495 0.883477
vn -0.236486 0.404480 0.883442
vn -0.236945 0.402891 0.884045
vn -0.647871 0.403269 0.646249
vn -0.644758 0.410297 0.644937
vn -0.879635 0.412451 0.236908
vn -0.883388 0.404622 0.236447
vn -0.882979 0.404434 -0.238289
vn -0.879943 0.412322 -0.235990
vn -0.645633 0.410327 -0.644042
vn -0.646913 0.403495 -0.647067
vn -0.236655 0.403003 -0.884072
vn -0.236750 0.404591 -0.883321
vn 0.236020 0.404665 -0.883482
vn 0.236504 0.402987 -0.884120
vn 0.647825 0.403373 -0.646230
vn 0.644802 0.410198 -0.644956
vn -0.209387 0.586775 -0.782210
vn -0.573291 0.586764 -0.571879
vn -0.573166 0.587108 -0.571651
vn 0.966531 0.000000 0.256552
vn 0.966531 0.000000 0.256552
vn 0.707014 0.000000 0.707200
vn 0.707014 0.000000 0.707200
vn 0.256407 0.000000 0.966569
vn 0.256407 0.000000 0.966569
vn -0.257181 0.000000 0.966363
vn -0.257181 0.000000 0.966363
vn -0.707014 0.000000 0.707200
vn -0.707014 0.000000 0.707200
vn -0.966531 0.000000 0.256552
vn -0.966531 0.000000 0.256552
vn -0.966322 -0.000000 -0.257338
vn -0.966322 -0.000000 -0.257338
vn -0.707014 -0.000000 -0.707200
vn -0.707014 -0.000000 -0.707200
vn -0.257225 -0.000000 -0.966352
vn -0.257225 -0.000000 -0.966352
vn 0.256451 0.000000 -0.966557
vn 0.256451 0.000000 -0.966557
vn 0.707014 0.000000 -0.707200
vn 0.707014 0.000000 -0.707200
vn 0.966322 0.000000 -0.257338
vn 0.966322 0.000000 -0.257338
vn 0.944528 0.207477 0.254600
vn 0.944064 0.212486 0.252176
vn 0.869813 0.435249 0.232342
vn 0.637046 0.433740 0.637214
vn 0.548119 0.631643 0.548264
vn 0.201034 0.631009 0.749275
vn 0.213436 0.567120 0.795500
vn 0.212908 0.562388 0.798993
vn 0.257485 0.000000 0.966282
vn -0.257997 0.000000 0.966146
vn -0.212147 -0.569073 0.794449
vn -0.580380 -0.569196 0.582387
vn 0.691734 0.216140 0.689049
vn 0.691012 0.211621 0.691172
vn 0.637068 0.433708 0.637215
vn 0.233307 0.431437 0.871453
vn 0.232754 0.429629 0.872493
vn -0.233323 0.429569 0.872371
vn -0.200677 0.629893 0.750309
vn -0.548773 0.628976 0.550670
vn -0.584864 0.559910 0.586886
vn -0.799134 0.561478 0.214772
vn -0.965731 0.000000 0.259546
vn -0.965590 -0.000000 -0.260068
vn -0.965590 0.000000 -0.260068
vn -0.708039 -0.000000 -0.706173
vn -0.582335 -0.568820 -0.580801
vn -0.213952 -0.569226 -0.793855
vn 0.199455 0.633410 0.747669
vn -0.201446 0.633147 0.747358
vn -0.214059 0.568772 0.794152
vn -0.582570 0.568341 0.581035
vn -0.708039 0.000000 0.706173
vn -0.965731 0.000000 0.259546
vn -0.798780 -0.562019 0.214676
vn -0.794809 -0.568803 0.211521
vn -0.708039 0.000000 0.706173
vn -0.257997 0.000000 0.966146
vn -0.213340 0.562334 0.798916
vn -0.794644 -0.568686 -0.212455
vn -0.797617 -0.563611 -0.214827
vn -0.583441 -0.564803 -0.583604
vn -0.040890 0.999105 -0.010794
vn -0.370729 0.923570 -0.097866
vn -0.372510 0.922339 -0.102604
vn -0.696775 0.691138 -0.191919
vn -0.692390 0.698124 -0.182262
vn -0.855603 0.466064 -0.225226
vn -0.847308 0.478139 -0.231198
vn -0.937710 0.235015 -0.255866
vn -0.940637 0.227102 -0.252244
vn -0.965722 -0.017755 -0.258971
vn -0.965480 -0.015666 -0.260008
vn -0.966032 -0.015675 0.257945
vn -0.965726 -0.017755 0.258956
vn -0.706911 -0.017164 0.707094
vn -0.706910 -0.017166 0.707095
vn -0.258838 -0.017755 0.965758
vn -0.940893 0.227164 0.251232
vn -0.938023 0.234948 0.254781
vn -0.853414 0.466855 0.231800
vn -0.849106 0.479153 0.222333
vn -0.698014 0.692367 0.182770
vn -0.691142 0.697935 0.187640
vn -0.370627 0.923315 0.100622
vn -0.373225 0.922497 0.098505
vn -0.040890 0.999105 0.010792
vn 0.253303 0.215307 0.943123
vn 0.252649 0.213548 0.943698
vn -0.254112 0.213463 0.943324
vn -0.252460 0.216864 0.942992
vn -0.233476 0.430067 0.872084
vn -0.638323 0.429970 0.638491
vn -0.548110 0.631658 0.548255
vn -0.749572 0.630970 0.200046
vn -0.750641 0.629786 0.199767
vn -0.750502 0.629670 -0.200653
vn -0.798496 0.562875 -0.213484
vn -0.583703 0.564262 -0.583866
vn -0.582600 0.568279 -0.581065
vn -0.214049 0.568685 -0.794217
vn -0.213340 0.562334 -0.798916
vn 0.214280 0.562216 -0.798748
vn 0.212119 0.566869 -0.796031
vn 0.584728 0.564056 -0.583039
vn 0.584442 0.564468 -0.582927
vn 0.797925 0.563152 -0.214884
vn 0.965598 0.000000 -0.260039
vn 0.965598 0.000000 -0.260039
vn 0.794382 -0.568498 -0.213930
vn 0.708024 0.000000 -0.706189
vn 0.708024 0.000000 -0.706189
vn 0.257485 0.000000 -0.966282
vn 0.257485 0.000000 -0.966282
vn -0.257997 -0.000000 -0.966146
vn -0.213245 -0.562875 -0.798560
vn 0.214185 -0.562756 -0.798392
vn 0.212023 -0.567409 -0.795671
vn 0.584466 -0.564597 -0.582778
vn 0.584180 -0.565009 -0.582666
vn 0.798084 -0.563501 -0.213374
vn -0.251654 0.234594 0.938955
vn -0.251690 0.234672 0.938925
vn -0.229071 0.466136 0.854543
vn -0.232516 0.473147 0.849746
vn -0.190519 0.692038 0.696265
vn -0.186081 0.695258 0.694255
vn -0.099400 0.923356 0.370855
vn -0.099126 0.923426 0.370753
vn -0.010860 0.999116 0.040620
vn -0.708039 0.000000 -0.706173
vn -0.257997 -0.000000 -0.966146
vn -0.691776 0.215870 0.689091
vn -0.689610 0.220459 0.689809
vn -0.638323 0.429944 0.638508
vn -0.872276 0.430049 0.232793
vn -0.942909 0.218506 0.251353
vn -0.944476 0.213724 0.249574
vn -0.870534 0.435033 0.230036
vn -0.869950 0.434741 -0.232781
vn -0.750188 0.630018 -0.200735
vn -0.549709 0.628866 -0.549862
vn -0.943956 0.213606 -0.251632
vn -0.943639 0.216817 -0.250071
vn -0.872757 0.429885 -0.231287
vn -0.638331 0.429945 -0.638499
vn -0.549721 0.628852 -0.549866
vn -0.202060 0.630140 -0.749730
vn -0.690324 0.216040 -0.690492
vn -0.690316 0.215990 -0.690516
vn -0.638314 0.429971 -0.638499
vn -0.235339 0.430269 -0.871484
vn -0.202610 0.629300 -0.750287
vn 0.201334 0.629469 -0.750489
vn -0.251300 0.216798 -0.943317
vn -0.252307 0.219504 -0.942422
vn -0.232907 0.434653 -0.869960
vn 0.232907 0.434653 -0.869960
vn 0.234610 0.431586 -0.871029
vn 0.637068 0.433708 -0.637215
vn 0.637046 0.433740 -0.637214
vn 0.869694 0.435289 -0.232713
vn 0.750477 0.629649 -0.200813
vn 0.549713 0.628866 -0.549857
vn 0.750246 0.629998 -0.200584
vn 0.795005 0.568145 -0.212551
vn 0.549051 0.631525 -0.547466
vn 0.201730 0.631166 -0.748956
vn -0.687274 0.234655 0.687452
vn -0.687271 0.234639 0.687461
vn -0.623081 0.472573 0.623253
vn -0.622657 0.467730 0.627317
vn -0.507303 0.693845 0.511099
vn -0.507608 0.696073 0.507756
vn -0.271873 0.923107 0.271952
vn -0.271873 0.923108 0.271949
vn 0.869896 0.434714 -0.233033
vn 0.944905 0.207560 -0.253127
vn 0.943801 0.210992 -0.254404
vn 0.691014 0.211607 -0.691174
vn 0.691008 0.211621 -0.691176
vn 0.252551 0.215269 -0.943333
vn 0.250441 0.219614 -0.942894
vn 0.209030 0.594319 0.776589
vn 0.570498 0.592193 0.569069
vn 0.572441 0.586876 0.572615
vn 0.782260 0.586816 0.209083
vn 0.782003 0.587215 0.208926
vn 0.645613 0.410430 0.643996
vn 0.880062 0.412315 0.235557
vn 0.879370 0.414085 0.235038
vn -0.794739 0.567954 -0.214052
vn -0.795170 0.568263 0.211617
vn 0.965539 0.000000 0.260258
vn 0.965539 0.000000 0.260258
vn 0.710398 0.000000 0.703800
vn 0.710398 0.000000 0.703800
vn 0.253741 0.000000 0.967272
vn 0.253741 0.000000 0.967272
vn -0.255427 0.000000 0.966828
vn -0.255427 0.000000 0.966828
vn -0.710398 0.000000 0.703800
vn -0.710398 0.000000 0.703800
vn -0.965539 0.000000 0.260258
vn -0.965539 0.000000 0.260258
vn -0.965066 -0.000000 -0.262008
vn -0.965066 -0.000000 -0.262008
vn -0.707005 -0.000000 -0.707209
vn -0.707005 -0.000000 -0.707209
vn -0.261835 -0.000000 -0.965113
vn -0.261835 -0.000000 -0.965113
vn 0.260112 0.000000 -0.965578
vn 0.260112 0.000000 -0.965578
vn 0.707005 0.000000 -0.707209
vn 0.707005 0.000000 -0.707209
vn 0.965066 0.000000 -0.262008
vn 0.965066 0.000000 -0.262008
vn 0.040608 0.999118 0.010718
vn 0.370730 0.923572 0.097846
vn 0.370800 0.923524 0.098033
vn 0.697787 0.692142 0.184482
vn 0.696849 0.693619 0.182466
vn 0.855917 0.466023 0.224117
vn 0.851486 0.472541 0.227326
vn 0.939201 0.234583 0.250744
vn 0.939176 0.234649 0.250774
vn 0.255752 -0.964356 0.067886
vn 0.259609 -0.963232 0.069192
vn 0.191486 -0.962625 0.191536
vn 0.191560 -0.962594 0.191621
vn 0.068954 -0.963161 0.259933
vn 0.068135 -0.964340 0.255748
vn -0.068063 -0.964344 0.255749
vn -0.069403 -0.963194 0.259694
vn -0.191567 -0.962593 0.191617
vn -0.198314 -0.960027 0.197534
vn -0.271871 -0.959624 0.072164
vn -0.255733 -0.964285 0.068957
vn -0.255748 -0.964341 -0.068107
vn -0.271201 -0.959723 -0.073360
vn -0.197998 -0.959986 -0.198050
vn -0.192077 -0.962550 -0.191320
vn -0.069160 -0.963176 -0.259824
vn -0.068392 -0.964278 -0.255912
vn 0.067902 -0.964310 -0.255921
vn 0.069213 -0.963180 -0.259795
vn 0.191567 -0.962593 -0.191617
vn 0.191482 -0.962625 -0.191543
vn 0.259635 -0.963228 -0.069143
vn 0.255743 -0.964323 -0.068378
vn 0.185481 -0.693461 -0.696210
vn -0.186041 -0.693386 -0.696135
vn -0.192810 -0.672517 -0.714524
vn -0.516264 -0.684863 -0.514232
vn -0.503187 -0.702459 -0.503344
vn -0.691941 -0.697269 -0.187171
vn -0.695554 -0.693494 -0.187806
vn -0.695554 -0.693494 0.187806
vn -0.931246 -0.263735 0.251445
vn -0.682946 -0.266055 0.680294
vn -0.688664 0.234863 0.685989
vn -0.251412 0.220812 0.942356
vn -0.185734 0.693427 0.696176
vn 0.185188 0.693500 0.696249
vn 0.184634 0.696862 0.693032
vn 0.503167 0.702485 0.503327
vn 0.187289 0.964274 0.187348
vn 0.187216 0.964304 0.187265
vn 0.555670 0.618304 0.555816
vn 0.759974 0.617857 0.201724
vn 0.760373 0.616929 0.203053
vn -0.698241 -0.690660 0.188277
vn -0.517119 -0.685174 0.512957
vn -0.690139 -0.234635 0.684584
vn -0.254621 -0.220948 0.941462
vn -0.251207 0.272315 0.928838
vn 0.250497 0.272367 0.929014
vn 0.250701 0.220748 0.942560
vn 0.690111 0.234795 0.684557
vn 0.529356 0.666376 0.525095
vn 0.721633 0.665022 0.192332
vn 0.250025 0.965944 0.066638
vn -0.504365 -0.702304 0.502379
vn -0.184868 -0.696900 0.692932
vn -0.248030 -0.272364 0.929677
vn 0.250511 -0.272184 0.929064
vn -0.186041 -0.693386 0.696135
vn 0.185481 -0.693461 0.696210
vn 0.184363 -0.696818 0.693149
vn 0.505527 -0.702127 0.501458
vn 0.690139 -0.234635 0.684584
vn 0.682946 -0.266055 0.680294
vn 0.682911 0.266234 0.680259
vn 0.931199 0.263913 0.251432
vn 0.695554 0.693494 0.187806
vn 0.940290 0.229273 0.251571
vn 0.931864 -0.263574 0.249316
vn 0.939776 -0.228981 0.253748
vn 0.720721 -0.665350 0.194601
vn 0.695869 -0.693808 0.185466
vn 0.445092 -0.887697 0.117846
vn 0.447573 -0.886133 0.120200
vn 0.327202 -0.886473 0.327267
vn 0.326475 -0.887649 0.324798
vn 0.117729 -0.887702 0.445113
vn 0.162956 -0.770623 0.616105
vn 0.163594 -0.774983 0.610441
vn -0.162125 -0.775174 0.610591
vn -0.165388 -0.770970 0.615022
vn -0.451829 -0.770580 0.449508
vn -0.451287 -0.771035 0.449272
vn -0.615076 -0.771027 0.164919
vn -0.615646 -0.770483 0.165337
vn -0.615580 -0.770401 -0.165963
vn -0.614851 -0.771099 -0.165424
vn -0.451287 -0.771035 -0.449272
vn -0.451765 -0.770633 -0.449480
vn -0.163501 -0.770773 -0.615773
vn -0.164110 -0.774916 -0.610388
vn 0.161514 -0.775252 -0.610653
vn 0.164833 -0.770963 -0.615180
vn 0.450386 -0.770856 -0.450481
vn 0.610328 -0.775006 0.163909
vn 0.609764 -0.775537 0.163494
vn 0.448549 -0.774384 0.446244
vn 0.450429 -0.770806 0.450523
vn 0.067668 0.964835 0.253996
vn 0.066327 0.965964 0.250030
vn -0.066818 0.965932 0.250022
vn -0.067606 0.964831 0.254029
vn -0.187295 0.964273 0.187345
vn -0.555655 0.618331 0.555801
vn -0.555644 0.618299 0.555848
vn -0.639057 0.427684 0.639291
vn -0.639082 0.427717 0.639244
vn -0.689818 0.219229 0.689993
vn -0.941325 0.220580 0.255444
vn -0.942182 0.219380 0.253308
vn -0.873270 0.426940 0.234780
vn -0.873215 0.427926 0.233186
vn -0.760373 0.616929 0.203053
vn -0.759974 0.617857 0.201724
vn -0.265845 0.961430 0.070565
vn -0.193915 0.961816 0.193152
vn -0.516205 0.684951 0.514173
vn -0.505527 0.702127 0.501458
vn -0.684310 0.266361 0.678802
vn -0.250012 0.965893 0.067414
vn -0.695587 0.693527 0.187561
vn -0.698150 0.690689 0.188507
vn -0.939741 0.229138 0.253739
vn -0.931817 0.263752 0.249304
vn -0.940326 -0.229115 0.251580
vn -0.939776 -0.228981 -0.253748
vn -0.931905 -0.263406 -0.249339
vn -0.681630 -0.265466 -0.681842
vn -0.681490 -0.266400 -0.681617
vn -0.251258 -0.264352 -0.931122
vn -0.251398 -0.229770 -0.940215
vn 0.250687 -0.229814 -0.940394
vn 0.248421 0.264317 -0.931893
vn 0.681455 0.266580 -0.681582
vn 0.681595 0.265645 -0.681807
vn 0.931858 0.263584 -0.249326
vn 0.939741 0.229138 -0.253739
vn 0.252831 0.229838 -0.939814
vn -0.251388 0.229928 -0.940179
vn -0.251245 0.264531 -0.931074
vn -0.681455 0.266580 -0.681582
vn -0.681595 0.265645 -0.681807
vn -0.931858 0.263584 -0.249326
vn -0.939741 0.229138 -0.253739
vn -0.695554 0.693494 -0.187806
vn -0.691941 0.697269 -0.187171
vn -0.503187 0.702459 -0.503344
vn -0.516264 0.684863 -0.514232
vn -0.192810 0.672517 -0.714524
vn -0.186041 0.693386 -0.696135
vn 0.187233 0.693227 -0.695975
vn 0.190617 0.672119 -0.715487
vn 0.515065 0.685018 -0.515226
vn 0.515079 0.684995 -0.515243
vn 0.714478 0.672536 -0.192915
vn 0.695792 0.693732 -0.186035
vn 0.066655 0.965900 -0.250191
vn -0.066862 0.965886 -0.250187
vn -0.067616 0.964832 -0.254024
vn -0.187794 0.964232 -0.187055
vn -0.193606 0.961776 -0.193657
vn -0.265732 0.961446 -0.070766
vn -0.760460 0.617000 -0.202515
vn -0.555670 0.618304 -0.555816
vn -0.759230 0.618130 -0.203678
vn -0.872898 0.428032 -0.234172
vn -0.872963 0.426790 -0.236190
vn -0.941797 0.219291 -0.254813
vn -0.940055 0.221697 -0.259128
vn -0.689475 0.221646 -0.689563
vn -0.639120 0.427723 -0.639201
vn -0.639067 0.427653 -0.639301
vn -0.555623 0.618336 -0.555827
vn -0.202248 0.617881 -0.759815
vn -0.203858 0.616761 -0.760295
vn 0.202092 0.616992 -0.760579
vn 0.201774 0.617214 -0.760483
vn 0.556549 0.616719 -0.556696
vn 0.187295 0.964273 -0.187345
vn 0.187212 0.964303 -0.187272
vn -0.234075 0.427893 -0.872993
vn -0.235963 0.426730 -0.873054
vn 0.232194 0.427129 -0.873869
vn 0.234351 0.428708 -0.872519
vn 0.638439 0.429752 -0.638520
vn 0.689475 0.221646 -0.689563
vn 0.942041 0.221279 -0.252181
vn 0.689402 0.221695 -0.689620
vn 0.252964 0.221340 -0.941816
vn 0.257328 0.219042 -0.941171
vn -0.254565 0.219207 -0.941883
vn -0.259043 0.221705 -0.940076
vn -0.689402 0.221695 -0.689620
vn 0.695792 -0.693732 -0.186035
vn 0.714478 -0.672536 -0.192915
vn 0.939776 -0.228981 -0.253748
vn 0.931905 -0.263406 -0.249339
vn 0.681630 -0.265466 -0.681842
vn 0.515081 -0.684995 -0.515241
vn 0.515064 -0.685018 -0.515227
vn 0.192285 -0.672422 -0.714755
vn 0.250548 -0.264299 -0.931328
vn 0.681490 -0.266400 -0.681617
vn -0.685680 0.221952 0.693239
vn -0.252101 0.221238 0.942072
vn -0.254450 0.222546 0.941131
vn -0.236040 0.426722 0.873037
vn 0.232194 0.427129 0.873869
vn 0.202098 0.616959 0.760604
vn 0.201741 0.617209 0.760495
vn 0.558437 0.616398 0.555159
vn 0.640945 0.428005 0.637182
vn 0.638386 0.429789 0.638548
vn 0.689430 0.221657 0.689605
vn 0.253048 0.221296 0.941804
vn 0.250179 0.222802 0.942215
vn 0.872748 0.428083 0.234640
vn 0.873593 0.427098 0.233287
vn 0.941450 0.222725 0.253111
vn 0.943253 0.220186 0.248579
vn 0.686163 0.218913 0.693727
vn 0.941066 0.222634 -0.254616
vn 0.872963 0.426790 -0.236190
vn 0.872898 0.428032 -0.234172
vn 0.760229 0.616812 -0.203946
vn 0.759746 0.617941 -0.202325
vn 0.253839 0.964881 -0.067599
vn 0.557203 0.618616 -0.553932
vn 0.640945 0.428005 -0.637182
vn -0.202408 0.616919 0.760554
vn -0.203592 0.618069 0.759303
vn 0.870073 0.434803 0.232205
vn 0.749572 0.630970 0.200046
vn 0.750641 0.629786 0.199767
vn 0.799764 0.561317 0.212840
vn 0.794822 0.568013 0.213588
vn 0.965739 0.000000 0.259517
vn 0.965739 0.000000 0.259517
vn 0.794461 -0.568554 0.213491
vn 0.548106 0.631657 0.548260
vn 0.583688 0.564291 0.583852
vn 0.586452 0.560292 0.584933
vn 0.708024 0.000000 0.706189
vn 0.708024 0.000000 0.706189
vn 0.584341 -0.564675 0.582827
vn 0.585425 -0.560681 0.585589
vn 0.213339 -0.567661 0.795140
vn 0.212813 -0.562929 0.798637
vn -0.215155 -0.562633 0.798218
vn 0.681940 -0.263954 -0.682118
vn 0.247987 -0.262885 -0.932413
vn 0.249532 -0.266277 -0.931037
vn -0.248805 -0.266328 -0.931217
vn -0.250749 -0.263087 -0.931617
vn -0.681940 -0.263954 -0.682118
vn -0.223003 -0.503619 -0.834648
vn 0.222035 -0.503733 -0.834837
vn 0.223705 -0.507026 -0.832394
vn -0.224806 -0.507159 -0.832017
vn -0.613862 -0.505430 -0.606394
vn -0.684010 -0.274909 -0.675689
vn -0.929095 -0.272356 -0.250209
vn -0.929886 -0.266064 -0.254012
vn -0.833661 -0.503140 -0.227727
vn -0.834057 -0.503379 0.225739
vn -0.835599 -0.501289 0.224687
vn -0.613297 -0.502144 0.609686
vn -0.609831 -0.506013 0.609965
vn -0.222576 -0.506801 0.832834
vn -0.225390 -0.503335 0.834178
vn 0.224245 -0.503472 0.834404
vn 0.183415 -0.707519 0.682478
vn 0.180384 -0.703293 0.687634
vn -0.180407 -0.707919 0.682864
vn -0.185242 -0.704028 0.685587
vn -0.503470 -0.705494 0.498794
vn -0.498740 -0.708807 0.498850
vn -0.682055 -0.707931 0.183400
vn -0.682353 -0.707507 0.183926
vn -0.682186 -0.707334 -0.185208
vn -0.681676 -0.708062 -0.184299
vn -0.836100 -0.499838 -0.226049
vn -0.613311 -0.497528 -0.613446
vn -0.498740 -0.708807 -0.498850
vn -0.498706 -0.708830 -0.498850
vn -0.184884 -0.708103 -0.681475
vn -0.184368 -0.707390 -0.682354
vn 0.183835 -0.707462 -0.682424
vn 0.183322 -0.707875 -0.682134
vn -0.930980 -0.266377 0.249639
vn -0.929287 -0.270495 0.251513
vn -0.682961 -0.269451 0.678940
vn -0.681925 -0.264034 0.682103
vn -0.250742 -0.263195 0.931588
vn -0.248865 -0.266324 0.931202
vn 0.249532 -0.266277 0.931037
vn 0.248038 -0.262998 0.932367
vn 0.221644 -0.506688 0.833152
vn 0.611827 -0.505697 0.608225
vn 0.611551 -0.501842 0.611686
vn 0.835137 -0.501454 0.226031
vn 0.834333 -0.503545 0.224346
vn 0.930436 -0.266221 0.251824
vn 0.929913 -0.270344 0.249353
vn 0.682961 -0.269451 0.678940
vn 0.681925 -0.264034 0.682103
vn 0.503470 -0.705494 0.498794
vn 0.498740 -0.708807 0.498850
vn 0.681886 -0.707989 0.183800
vn 0.682409 -0.707565 0.183495
vn 0.500855 -0.708811 0.496721
vn 0.691236 -0.228566 0.685530
vn 0.248511 -0.246458 0.936750
vn 0.248617 0.244834 0.937148
vn 0.253014 0.221881 0.941676
vn 0.182725 0.710008 0.680074
vn 0.184193 0.706719 0.683096
vn 0.072301 0.960664 0.268135
vn 0.067138 0.964360 0.255934
vn 0.500855 0.708811 0.496721
vn 0.691488 0.227046 0.685780
vn 0.674377 0.287219 0.680236
vn 0.673983 -0.289078 0.679839
vn 0.931592 -0.267760 0.245848
vn 0.940812 -0.223908 0.254435
vn 0.930363 0.266679 0.251609
vn 0.707051 0.680819 0.191216
vn 0.519742 0.674243 0.524656
vn 0.179007 0.967111 0.180699
vn 0.192671 0.962519 0.190881
vn 0.683649 0.707291 0.179901
vn 0.255931 0.964346 0.067348
vn 0.245318 0.967185 0.066125
vn 0.519742 -0.674243 0.524656
vn 0.708868 -0.680229 0.186537
vn 0.683028 -0.706648 0.184719
vn -0.251467 0.221974 0.942068
vn -0.253044 0.244962 0.935929
vn -0.691488 0.227046 0.685780
vn -0.500855 0.708811 0.496721
vn -0.519742 0.674243 0.524656
vn -0.190519 0.962661 0.192320
vn -0.180270 0.967268 0.178595
vn -0.184397 0.710243 0.679377
vn -0.069455 0.964207 0.255893
vn -0.071043 0.960542 0.268908
vn -0.674377 0.287219 0.680236
vn -0.932059 0.266016 0.245972
vn -0.932482 0.264181 0.246344
vn -0.708611 0.680313 0.187201
vn -0.705245 0.684243 0.185583
vn -0.246081 0.967084 0.064756
vn -0.255902 0.964239 0.068978
vn -0.932477 0.264180 -0.246366
vn -0.705147 0.684148 -0.186304
vn -0.702628 0.686781 -0.186132
vn -0.255923 0.964317 -0.067796
vn -0.245087 0.967215 -0.066539
vn -0.179615 0.967187 -0.179687
vn -0.509864 0.692725 -0.510069
vn -0.510093 0.692442 -0.510224
vn -0.688490 0.227421 -0.688666
vn -0.936804 0.244430 -0.250304
vn -0.179693 0.967162 -0.179744
vn -0.066540 0.967170 -0.245265
vn -0.067776 0.964318 -0.255923
vn -0.000000 -1.000000 0.000000
vn -0.000000 -1.000000 0.000000
vn 0.000000 -1.000000 0.000000
vn 0.000000 -1.000000 -0.000000
vn 0.000000 -1.000000 -0.000000
vn -0.000000 -1.000000 0.000000
vn 0.000000 -1.000000 0.000000
vn 0.000000 -1.000000 0.000000
vn 0.000000 -1.000000 -0.000000
vn 0.000000 -1.000000 0.000000
vn 0.000000 -1.000000 0.000000
vn 0.000000 -1.000000 0.000000
vn -0.029832 0.999109 0.029841
vn 0.067426 0.964818 -0.254126
vn 0.682186 -0.707334 -0.185208
vn 0.527403 -0.665970 0.527570
vn 0.799410 -0.561857 0.212745
vn 0.444978 -0.887469 -0.119968
vn 0.253942 0.964868 0.067405
vn 0.250021 0.965930 -0.066848
vn 0.942602 0.222761 0.248754
vn -0.234070 0.427935 0.872973
vn 0.250710 -0.220595 0.942593
vn -0.184669 0.706655 0.683034
vn -0.586235 -0.560772 0.584690
vn -0.185153 0.696946 0.692810
vn 0.257485 0.000000 0.966282
vn -0.186060 0.686867 -0.702563
vn -0.632632 0.755517 -0.170208
vn 0.234421 0.428758 0.872475
vn 0.122053 0.882034 0.455102
vn 0.255893 0.964205 -0.069473
vn 0.235702 0.942794 -0.235764
vn -0.250008 0.965879 -0.067628
vn 0.000000 -1.000000 0.000000
usemtl white_marble
f 1/1/1 2/2/1 3/3/1
f 2/2/2 4/4/2 3/3/2
f 3/3/3 4/4/3 5/5/3
f 4/4/4 6/6/4 5/5/4
f 4/4/5 7/7/5 6/6/5
f 7/7/6 8/8/6 6/6/6
f 6/6/7 8/8/7 9/9/7
f 8/8/8 10/10/8 9/9/8
f 8/8/9 11/11/9 10/10/9
f 11/11/10 12/12/10 10/10/10
f 10/10/11 12/12/11 13/13/11
f 12/12/12 11/11/12 14/14/12
f 11/11/13 15/15/13 14/14/13
f 15/15/14 11/11/14 16/16/14
f 11/11/15 17/17/15 16/16/15
f 16/16/16 17/17/16 18/18/16
f 16/16/17 18/18/17 19/19/17
f 18/18/18 20/20/18 19/19/18
f 19/19/19 20/20/19 21/21/19
f 20/20/20 22/22/20 21/21/20
f 20/20/21 23/23/21 22/22/21
f 23/23/22 24/24/22 22/22/22
f 25/25/23 26/26/23 27/27/23
f 26/26/24 28/28/24 27/27/24
f 27/27/25 28/28/25 29/29/25
f 28/28/26 30/30/26 29/29/26
f 28/28/27 31/31/27 30/30/27
f 31/31/28 32/32/28 30/30/28
f 30/30/29 32/32/29 33/33/29
f 32/32/30 34/34/30 33/33/30
f 33/33/31 34/34/31 35/35/31
f 34/34/32 36/36/32 35/35/32
f 35/35/33 36/36/33 37/37/33
f 36/36/34 38/38/34 37/37/34
f 36/36/35 34/34/35 39/39/35
f 34/34/36 40/40/36 39/39/36
f 39/39/37 40/40/37 41/41/37
f 40/40/38 42/42/38 41/41/38
f 34/34/39 43/43/39 40/40/39
f 43/43/40 44/44/40 40/40/40
f 44/44/41 43/43/41 45/45/41
f 43/43/42 46/46/42 45/45/42
f 45/45/43 46/46/43 47/47/43
f 45/45/44 47/47/44 48/48/44
f 47/47/45 49/49/45 48/48/45
f 48/48/46 49/49/46 50/50/46
f 49/49/47 51/51/47 50/50/47
f 52/52/48 53/53/48 54/54/48
f 53/53/49 55/55/49 54/54/49
f 53/53/50 56/56/50 55/55/50
f 56/56/51 57/57/51 55/55/51
f 56/56/52 58/58/52 57/57/52
f 58/58/53 59/59/53 57/57/53
f 58/58/54 60/60/54 59/59/54
f 60/60/55 61/61/55 59/59/55
f 59/59/56 61/61/56 62/62/56
f 61/61/57 63/63/57 62/62/57
f 62/62/58 63/63/58 64/64/58
f 63/63/59 61/61/59 65/65/59
f 61/61/60 66/66/60 65/65/60
f 65/65/61 66/66/61 13/13/61
f 66/66/62 10/10/62 13/13/62
f 66/66/63 67/67/63 10/10/63
f 67/67/64 68/68/64 10/10/64
f 68/68/65 67/67/65 69/69/65
f 67/67/66 70/70/66 69/69/66
f 69/69/67 70/70/67 71/71/67
f 70/70/68 72/72/68 71/71/68
f 71/71/69 72/72/69 73/73/69
f 71/71/70 73/73/70 74/74/70
f 73/73/71 75/75/71 74/74/71
f 76/76/72 77/77/72 78/78/72
f 77/77/73 79/79/73 78/78/73
f 78/78/74 79/79/74 80/80/74
f 78/78/75 80/80/75 81/81/75
f 80/80/76 82/82/76 81/81/76
f 80/80/77 83/83/77 82/82/77
f 83/83/78 84/84/78 82/82/78
f 82/82/79 84/84/79 85/85/79
f 84/84/80 86/86/80 85/85/80
f 84/84/81 87/87/81 86/86/81
f 87/87/82 88/88/82 86/86/82
f 86/86/83 88/88/83 89/89/83
f 88/88/84 90/90/84 89/89/84
f 89/89/85 90/90/85 91/91/85
f 90/90/86 92/92/86 91/91/86
f 91/91/87 92/92/87 93/93/87
f 92/92/88 94/94/88 93/93/88
f 93/93/89 94/94/89 95/95/89
f 94/94/90 96/96/90 95/95/90
f 95/95/91 96/96/91 97/97/91
f 96/96/92 98/98/92 97/97/92
f 96/96/93 99/99/93 98/98/93
f 99/99/94 100/100/94 98/98/94
f 98/98/95 100/100/95 101/101/95
f 77/77/96 102/102/96 79/79/96
f 102/102/97 103/103/97 79/79/97
f 79/79/98 103/103/98 80/80/98
f 103/103/99 104/104/99 80/80/99
f 80/80/100 104/104/100 83/83/100
f 104/104/101 105/105/101 83/83/101
f 83/83/102 105/105/102 84/84/102
f 105/105/103 106/106/103 84/84/103
f 84/84/104 106/106/104 107/107/104
f 84/84/105 107/107/105 87/87/105
f 107/107/106 88/88/106 87/87/106
f 107/107/107 108/108/107 88/88/107
f 108/108/108 90/90/108 88/88/108
f 108/108/109 109/109/109 90/90/109
f 109/109/110 92/92/110 90/90/110
f 109/109/111 110/110/111 92/92/111
f 110/110/112 94/94/112 92/92/112
f 110/110/113 111/111/113 94/94/113
f 111/111/114 112/112/114 94/94/114
f 94/94/115 112/112/115 96/96/115
f 112/112/116 99/99/116 96/96/116
f 112/112/117 113/113/117 99/99/117
f 113/113/118 100/100/118 99/99/118
f 114/114/119 115/115/119 116/116/119
f 115/115/120 117/117/120 116/116/120
f 116/116/121 117/117/121 118/118/121
f 117/117/122 119/119/122 118/118/122
f 118/118/123 119/119/123 120/120/123
f 119/119/124 121/121/124 120/120/124
f 120/120/125 121/121/125 122/122/125
f 121/121/126 123/123/126 122/122/126
f 122/122/127 123/123/127 124/124/127
f 123/123/128 125/125/128 124/124/128
f 124/124/129 125/125/129 126/126/129
f 125/125/130 127/127/130 126/126/130
f 126/126/131 127/127/131 128/128/131
f 127/127/132 129/129/132 128/128/132
f 128/128/133 129/129/133 130/130/133
f 129/129/134 131/131/134 130/130/134
f 130/130/135 131/131/135 132/132/135
f 131/131/136 133/133/136 132/132/136
f 132/132/137 133/133/137 134/134/137
f 133/133/138 135/135/138 134/134/138
f 134/134/139 135/135/139 136/136/139
f 135/135/140 137/137/140 136/136/140
f 136/136/141 137/137/141 138/138/141
f 120/120/142 122/122/142 139/139/142
f 122/122/143 124/124/143 139/139/143
f 139/139/144 124/124/144 140/140/144
f 124/124/145 126/126/145 140/140/145
f 140/140/146 126/126/146 128/128/146
f 140/140/147 141/141/147 139/139/147
f 141/141/148 142/142/148 139/139/148
f 139/139/149 142/142/149 120/120/149
f 142/142/150 143/143/150 120/120/150
f 120/120/151 143/143/151 118/118/151
f 141/141/152 140/140/152 144/144/152
f 140/140/153 145/145/153 144/144/153
f 144/144/154 145/145/154 146/146/154
f 145/145/155 147/147/155 146/146/155
f 146/146/156 147/147/156 148/148/156
f 147/147/157 149/149/157 148/148/157
f 148/148/158 149/149/158 150/150/158
f 149/149/159 151/151/159 150/150/159
f 150/150/160 151/151/160 152/152/160
f 151/151/161 153/153/161 152/152/161
f 152/152/162 153/153/162 154/154/162
f 153/153/163 155/155/163 154/154/163
f 154/154/164 155/155/164 156/156/164
f 155/155/165 157/157/165 156/156/165
f 140/140/166 128/128/166 145/145/166
f 128/128/167 130/130/167 145/145/167
f 145/145/168 130/130/168 147/147/168
f 130/130/169 149/149/169 147/147/169
f 130/130/170 158/158/170 149/149/170
f 158/158/171 159/159/171 149/149/171
f 149/149/172 159/159/172 151/151/172
f 159/159/173 160/160/173 151/151/173
f 151/151/174 160/160/174 153/153/174
f 160/160/175 161/161/175 153/153/175
f 153/153/176 161/161/176 155/155/176
f 161/161/177 162/162/177 155/155/177
f 155/155/178 162/162/178 157/157/178
f 130/130/179 132/132/179 158/158/179
f 132/132/180 163/163/180 158/158/180
f 158/158/181 163/163/181 159/159/181
f 163/163/182 164/164/182 159/159/182
f 159/159/183 164/164/183 160/160/183
f 164/164/184 161/161/184 160/160/184
f 132/132/185 134/134/185 163/163/185
f 134/134/186 164/164/186 163/163/186
f 164/164/187 134/134/187 165/165/187
f 134/134/188 136/136/188 165/165/188
f 165/165/189 136/136/189 166/166/189
f 136/136/190 138/138/190 166/166/190
f 166/166/191 138/138/191 167/167/191
f 167/167/192 168/168/192 166/166/192
f 168/168/193 169/169/193 166/166/193
f 166/166/194 169/169/194 170/170/194
f 169/169/195 171/171/195 170/170/195
f 170/170/196 171/171/196 172/172/196
f 171/171/197 162/162/197 172/172/197
f 172/172/198 162/162/198 161/161/198
f 161/161/199 164/164/199 172/172/199
f 164/164/200 165/165/200 172/172/200
f 172/172/201 165/165/201 170/170/201
f 165/165/202 166/166/202 170/170/202
f 173/173/203 174/174/203 175/175/203
f 174/174/204 176/176/204 175/175/204
f 175/175/205 176/176/205 177/177/205
f 176/176/206 178/178/206 177/177/206
f 177/177/207 178/178/207 179/179/207
f 178/178/208 180/180/208 179/179/208
f 179/179/209 180/180/209 181/181/209
f 180/180/210 182/182/210 181/181/210
f 181/181/211 182/182/211 183/183/211
f 182/182/212 184/184/212 183/183/212
f 183/183/213 184/184/213 185/185/213
f 184/184/214 186/186/214 185/185/214
f 185/185/215 186/186/215 187/187/215
f 186/186/216 188/188/216 187/187/216
f 187/187/217 188/188/217 189/189/217
f 188/188/218 190/190/218 189/189/218
f 189/189/219 190/190/219 191/191/219
f 190/190/220 192/192/220 191/191/220
f 191/191/221 192/192/221 193/193/221
f 192/192/222 194/194/222 193/193/222
f 193/193/223 194/194/223 195/195/223
f 194/194/224 196/196/224 195/195/224
f 195/195/225 196/196/225 197/197/225
f 196/196/226 198/198/226 197/197/226
f 199/199/227 200/200/227 201/201/227
f 200/200/228 202/202/228 201/201/228
f 201/201/229 202/202/229 203/203/229
f 202/202/230 204/204/230 203/203/230
f 203/203/231 204/204/231 205/205/231
f 204/204/232 167/167/232 205/205/232
f 205/205/233 167/167/233 138/138/233
f 167/167/234 204/204/234 206/206/234
f 204/204/235 202/202/235 206/206/235
f 206/206/236 202/202/236 200/200/236
f 207/207/237 208/208/237 209/209/237
f 208/208/238 210/210/238 209/209/238
f 209/209/239 210/210/239 211/211/239
f 210/210/240 212/212/240 211/211/240
f 211/211/241 212/212/241 213/213/241
f 212/212/242 214/214/242 213/213/242
f 213/213/243 214/214/243 215/215/243
f 214/214/244 216/216/244 215/215/244
f 215/215/245 216/216/245 217/217/245
f 216/216/246 218/218/246 217/217/246
f 217/217/247 218/218/247 219/219/247
f 218/218/248 220/220/248 219/219/248
f 219/219/249 220/220/249 221/221/249
f 220/220/250 222/222/250 221/221/250
f 221/221/251 222/222/251 223/223/251
f 222/222/252 224/224/252 223/223/252
f 223/223/253 224/224/253 225/225/253
f 224/224/254 226/226/254 225/225/254
f 225/225/255 226/226/255 227/227/255
f 226/226/256 228/228/256 227/227/256
f 227/227/257 228/228/257 229/229/257
f 228/228/258 230/230/258 229/229/258
f 229/229/259 230/230/259 231/231/259
f 230/230/260 232/232/260 231/231/260
f 233/233/261 234/234/261 235/235/261
f 234/234/262 236/236/262 235/235/262
f 235/235/263 236/236/263 237/237/263
f 236/236/264 238/238/264 237/237/264
f 237/237/265 238/238/265 239/239/265
f 238/238/266 240/240/266 239/239/266
f 239/239/267 240/240/267 241/241/267
f 240/240/268 242/242/268 241/241/268
f 241/241/269 242/242/269 243/243/269
f 242/242/270 244/244/270 243/243/270
f 243/243/271 244/244/271 245/245/271
f 244/244/272 246/246/272 245/245/272
f 245/245/273 246/246/273 247/247/273
f 246/246/274 248/248/274 247/247/274
f 247/247/275 248/248/275 249/249/275
f 248/248/276 250/250/276 249/249/276
f 249/249/277 250/250/277 251/251/277
f 250/250/278 252/252/278 251/251/278
f 251/251/279 252/252/279 253/253/279
f 252/252/280 97/97/280 253/253/280
f 253/253/281 97/97/281 254/254/281
f 97/97/282 98/98/282 254/254/282
f 254/254/283 98/98/283 255/255/283
f 98/98/284 101/101/284 255/255/284
f 244/244/285 86/86/285 246/246/285
f 86/86/286 89/89/286 246/246/286
f 246/246/287 89/89/287 248/248/287
f 89/89/288 91/91/288 248/248/288
f 248/248/289 91/91/289 250/250/289
f 91/91/290 93/93/290 250/250/290
f 250/250/291 93/93/291 252/252/291
f 93/93/292 95/95/292 252/252/292
f 252/252/293 95/95/293 97/97/293
f 244/244/294 242/242/294 86/86/294
f 242/242/295 85/85/295 86/86/295
f 85/85/296 242/242/296 82/82/296
f 242/242/297 240/240/297 82/82/297
f 82/82/298 240/240/298 81/81/298
f 240/240/299 238/238/299 81/81/299
f 81/81/300 238/238/300 78/78/300
f 238/238/301 256/256/301 78/78/301
f 78/78/302 256/256/302 76/76/302
f 256/256/303 257/257/303 76/76/303
f 238/238/304 236/236/304 256/256/304
f 236/236/305 257/257/305 256/256/305
f 233/233/306 235/235/306 258/258/306
f 235/235/307 259/259/307 258/258/307
f 258/258/308 259/259/308 260/260/308
f 259/259/309 261/261/309 260/260/309
f 260/260/310 261/261/310 262/262/310
f 261/261/311 263/263/311 262/262/311
f 262/262/312 263/263/312 264/264/312
f 263/263/313 265/265/313 264/264/313
f 264/264/314 265/265/314 266/266/314
f 265/265/315 267/267/315 266/266/315
f 259/259/316 268/268/316 261/261/316
f 268/268/317 269/269/317 261/261/317
f 261/261/318 269/269/318 270/270/318
f 269/269/319 271/271/319 270/270/319
f 270/270/320 271/271/320 265/265/320
f 271/271/321 272/272/321 265/265/321
f 265/265/322 272/272/322 267/267/322
f 272/272/323 273/273/323 267/267/323
f 259/259/324 235/235/324 268/268/324
f 235/235/325 274/274/325 268/268/325
f 268/268/326 274/274/326 269/269/326
f 274/274/327 275/275/327 269/269/327
f 269/269/328 275/275/328 276/276/328
f 276/276/329 277/277/329 269/269/329
f 277/277/330 271/271/330 269/269/330
f 276/276/331 278/278/331 277/277/331
f 278/278/332 279/279/332 277/277/332
f 277/277/333 279/279/333 271/271/333
f 279/279/334 272/272/334 271/271/334
f 278/278/335 280/280/335 279/279/335
f 280/280/336 281/281/336 279/279/336
f 279/279/337 281/281/337 272/272/337
f 281/281/338 273/273/338 272/272/338
f 280/280/339 282/282/339 281/281/339
f 282/282/340 283/283/340 281/281/340
f 281/281/341 283/283/341 273/273/341
f 280/280/342 284/284/342 282/282/342
f 284/284/343 285/285/343 282/282/343
f 282/282/344 285/285/344 283/283/344
f 284/284/345 280/280/345 286/286/345
f 280/280/346 287/287/346 286/286/346
f 286/286/347 287/287/347 288/288/347
f 287/287/348 289/289/348 288/288/348
f 288/288/349 289/289/349 290/290/349
f 289/289/350 291/291/350 290/290/350
f 290/290/351 291/291/351 292/292/351
f 291/291/352 293/293/352 292/292/352
f 292/292/353 293/293/353 294/294/353
f 293/293/354 295/295/354 294/294/354
f 294/294/355 295/295/355 296/296/355
f 295/295/356 297/297/356 296/296/356
f 296/296/357 297/297/357 298/298/357
f 297/297/358 299/299/358 298/298/358
f 298/298/359 300/300/359 296/296/359
f 300/300/360 301/301/360 296/296/360
f 296/296/361 301/301/361 294/294/361
f 301/301/362 302/302/362 294/294/362
f 294/294/363 302/302/363 303/303/363
f 302/302/364 304/304/364 303/303/364
f 303/303/365 304/304/365 305/305/365
f 304/304/366 306/306/366 305/305/366
f 305/305/367 306/306/367 284/284/367
f 306/306/368 307/307/368 284/284/368
f 284/284/369 307/307/369 285/285/369
f 284/284/370 286/286/370 305/305/370
f 286/286/371 288/288/371 305/305/371
f 305/305/372 288/288/372 290/290/372
f 305/305/373 290/290/373 303/303/373
f 290/290/374 292/292/374 303/303/374
f 303/303/375 292/292/375 294/294/375
f 307/307/376 306/306/376 308/308/376
f 306/306/377 304/304/377 308/308/377
f 308/308/378 304/304/378 309/309/378
f 304/304/379 310/310/379 309/309/379
f 309/309/380 310/310/380 311/311/380
f 310/310/381 312/312/381 311/311/381
f 311/311/382 312/312/382 313/313/382
f 312/312/383 314/314/383 313/313/383
f 310/310/384 302/302/384 312/312/384
f 302/302/385 301/301/385 312/312/385
f 312/312/386 301/301/386 314/314/386
f 301/301/387 300/300/387 314/314/387
f 258/258/388 260/260/388 315/315/388
f 260/260/389 316/316/389 315/315/389
f 260/260/390 262/262/390 316/316/390
f 262/262/391 317/317/391 316/316/391
f 316/316/392 317/317/392 318/318/392
f 289/289/393 287/287/393 319/319/393
f 287/287/394 278/278/394 319/319/394
f 319/319/395 278/278/395 320/320/395
f 278/278/396 276/276/396 320/320/396
f 321/321/397 322/322/397 323/323/397
f 322/322/398 324/324/398 323/323/398
f 323/323/399 324/324/399 325/325/399
f 324/324/400 326/326/400 325/325/400
f 324/324/401 327/327/401 326/326/401
f 327/327/402 328/328/402 326/326/402
f 326/326/403 328/328/403 329/329/403
f 328/328/404 66/66/404 329/329/404
f 329/329/405 66/66/405 61/61/405
f 270/270/406 265/265/406 261/261/406
f 265/265/407 263/263/407 261/261/407
f 330/330/408 331/331/408 332/332/408
f 331/331/409 333/333/409 332/332/409
f 332/332/410 333/333/410 334/334/410
f 333/333/411 335/335/411 334/334/411
f 334/334/412 335/335/412 336/336/412
f 335/335/413 337/337/413 336/336/413
f 336/336/414 337/337/414 338/338/414
f 337/337/415 339/339/415 338/338/415
f 338/338/416 339/339/416 340/340/416
f 339/339/417 341/341/417 340/340/417
f 338/338/418 340/340/418 336/336/418
f 340/340/419 342/342/419 336/336/419
f 336/336/420 342/342/420 334/334/420
f 342/342/421 343/343/421 334/334/421
f 334/334/422 343/343/422 344/344/422
f 344/344/423 345/345/423 334/334/423
f 345/345/424 332/332/424 334/334/424
f 207/207/425 209/209/425 313/313/425
f 209/209/426 311/311/426 313/313/426
f 209/209/427 211/211/427 311/311/427
f 211/211/428 309/309/428 311/311/428
f 211/211/429 213/213/429 309/309/429
f 213/213/430 308/308/430 309/309/430
f 213/213/431 215/215/431 308/308/431
f 215/215/432 307/307/432 308/308/432
f 215/215/433 217/217/433 307/307/433
f 217/217/434 285/285/434 307/307/434
f 217/217/435 219/219/435 285/285/435
f 219/219/436 283/283/436 285/285/436
f 219/219/437 221/221/437 283/283/437
f 221/221/438 273/273/438 283/283/438
f 221/221/439 223/223/439 273/273/439
f 223/223/440 267/267/440 273/273/440
f 223/223/441 225/225/441 267/267/441
f 225/225/442 266/266/442 267/267/442
f 225/225/443 227/227/443 266/266/443
f 227/227/444 264/264/444 266/266/444
f 227/227/445 229/229/445 264/264/445
f 229/229/446 317/317/446 264/264/446
f 229/229/447 231/231/447 317/317/447
f 231/231/448 318/318/448 317/317/448
f 341/341/449 339/339/449 346/346/449
f 339/339/450 347/347/450 346/346/450
f 346/346/451 347/347/451 348/348/451
f 347/347/452 349/349/452 348/348/452
f 348/348/453 349/349/453 350/350/453
f 349/349/454 351/351/454 350/350/454
f 350/350/455 351/351/455 352/352/455
f 351/351/456 353/353/456 352/352/456
f 352/352/457 353/353/457 354/354/457
f 353/353/458 355/355/458 354/354/458
f 354/354/459 355/355/459 356/356/459
f 355/355/460 357/357/460 356/356/460
f 356/356/461 357/357/461 358/358/461
f 357/357/462 359/359/462 358/358/462
f 358/358/463 359/359/463 360/360/463
f 359/359/464 361/361/464 360/360/464
f 347/347/465 362/362/465 349/349/465
f 362/362/466 363/363/466 349/349/466
f 349/349/467 363/363/467 351/351/467
f 363/363/468 364/364/468 351/351/468
f 351/351/469 364/364/469 353/353/469
f 364/364/470 365/365/470 353/353/470
f 353/353/471 365/365/471 355/355/471
f 365/365/472 366/366/472 355/355/472
f 355/355/473 366/366/473 367/367/473
f 366/366/474 368/368/474 367/367/474
f 367/367/475 368/368/475 369/369/475
f 368/368/476 366/366/476 370/370/476
f 366/366/477 365/365/477 370/370/477
f 370/370/478 365/365/478 371/371/478
f 365/365/479 364/364/479 371/371/479
f 371/371/480 364/364/480 372/372/480
f 364/364/481 363/363/481 372/372/481
f 372/372/482 363/363/482 373/373/482
f 363/363/483 362/362/483 373/373/483
f 373/373/484 362/362/484 374/374/484
f 362/362/485 375/375/485 374/374/485
f 374/374/486 375/375/486 376/376/486
f 375/375/487 337/337/487 376/376/487
f 376/376/488 337/337/488 377/377/488
f 337/337/489 335/335/489 377/377/489
f 377/377/490 335/335/490 378/378/490
f 335/335/491 333/333/491 378/378/491
f 378/378/492 333/333/492 331/331/492
f 337/337/493 375/375/493 339/339/493
f 375/375/494 362/362/494 339/339/494
f 339/339/495 362/362/495 347/347/495
f 379/379/496 380/380/496 197/197/496
f 380/380/497 195/195/497 197/197/497
f 380/380/498 381/381/498 195/195/498
f 381/381/499 193/193/499 195/195/499
f 381/381/500 382/382/500 193/193/500
f 382/382/501 191/191/501 193/193/501
f 382/382/502 383/383/502 191/191/502
f 383/383/503 189/189/503 191/191/503
f 383/383/504 384/384/504 189/189/504
f 384/384/505 187/187/505 189/189/505
f 384/384/506 385/385/506 187/187/506
f 385/385/507 185/185/507 187/187/507
f 385/385/508 386/386/508 185/185/508
f 386/386/509 183/183/509 185/185/509
f 386/386/510 387/387/510 183/183/510
f 387/387/511 181/181/511 183/183/511
f 387/387/512 388/388/512 181/181/512
f 388/388/513 179/179/513 181/181/513
f 388/388/514 389/389/514 179/179/514
f 389/389/515 177/177/515 179/179/515
f 389/389/516 390/390/516 177/177/516
f 390/390/517 175/175/517 177/177/517
f 390/390/518 391/391/518 175/175/518
f 391/391/519 173/173/519 175/175/519
f 198/198/520 196/196/520 392/392/520
f 196/196/521 393/393/521 392/392/521
f 392/392/522 393/393/522 394/394/522
f 393/393/523 395/395/523 394/394/523
f 394/394/524 395/395/524 396/396/524
f 395/395/525 397/397/525 396/396/525
f 396/396/526 397/397/526 398/398/526
f 397/397/527 399/399/527 398/398/527
f 398/398/528 399/399/528 400/400/528
f 399/399/529 401/401/529 400/400/529
f 400/400/530 401/401/530 352/352/530
f 401/401/531 350/350/531 352/352/531
f 196/196/532 194/194/532 393/393/532
f 194/194/533 402/402/533 393/393/533
f 393/393/534 402/402/534 395/395/534
f 402/402/535 403/403/535 395/395/535
f 395/395/536 403/403/536 404/404/536
f 403/403/537 405/405/537 404/404/537
f 404/404/538 405/405/538 406/406/538
f 405/405/539 407/407/539 406/406/539
f 406/406/540 407/407/540 408/408/540
f 407/407/541 409/409/541 408/408/541
f 408/408/542 409/409/542 410/410/542
f 409/409/543 411/411/543 410/410/543
f 410/410/544 411/411/544 412/412/544
f 411/411/545 413/413/545 412/412/545
f 412/412/546 413/413/546 341/341/546
f 413/413/547 340/340/547 341/341/547
f 395/395/548 404/404/548 397/397/548
f 404/404/549 406/406/549 397/397/549
f 397/397/550 406/406/550 414/414/550
f 406/406/551 408/408/551 414/414/551
f 414/414/552 408/408/552 415/415/552
f 408/408/553 410/410/553 415/415/553
f 415/415/554 410/410/554 350/350/554
f 410/410/555 348/348/555 350/350/555
f 415/415/556 401/401/556 414/414/556
f 401/401/557 399/399/557 414/414/557
f 414/414/558 399/399/558 397/397/558
f 348/348/559 410/410/559 346/346/559
f 410/410/560 412/412/560 346/346/560
f 346/346/561 412/412/561 341/341/561
f 416/416/562 417/417/562 418/418/562
f 417/417/563 419/419/563 418/418/563
f 417/417/564 420/420/564 419/419/564
f 420/420/565 421/421/565 419/419/565
f 420/420/566 422/422/566 421/421/566
f 422/422/567 423/423/567 421/421/567
f 421/421/568 423/423/568 424/424/568
f 423/423/569 62/62/569 424/424/569
f 424/424/570 62/62/570 425/425/570
f 62/62/571 64/64/571 425/425/571
f 425/425/572 64/64/572 426/426/572
f 425/425/573 426/426/573 427/427/573
f 426/426/574 428/428/574 427/427/574
f 427/427/575 428/428/575 429/429/575
f 428/428/576 42/42/576 429/429/576
f 429/429/577 42/42/577 40/40/577
f 425/425/578 427/427/578 430/430/578
f 427/427/579 431/431/579 430/430/579
f 430/430/580 431/431/580 432/432/580
f 430/430/581 432/432/581 433/433/581
f 432/432/582 434/434/582 433/433/582
f 432/432/583 435/435/583 434/434/583
f 435/435/584 436/436/584 434/434/584
f 435/435/585 437/437/585 436/436/585
f 437/437/586 438/438/586 436/436/586
f 194/194/587 192/192/587 402/402/587
f 192/192/588 403/403/588 402/402/588
f 192/192/589 190/190/589 403/403/589
f 190/190/590 439/439/590 403/403/590
f 403/403/591 439/439/591 405/405/591
f 439/439/592 440/440/592 405/405/592
f 405/405/593 440/440/593 407/407/593
f 440/440/594 441/441/594 407/407/594
f 407/407/595 441/441/595 442/442/595
f 441/441/596 443/443/596 442/442/596
f 442/442/597 443/443/597 411/411/597
f 443/443/598 444/444/598 411/411/598
f 411/411/599 444/444/599 445/445/599
f 444/444/600 446/446/600 445/445/600
f 445/445/601 446/446/601 447/447/601
f 446/446/602 448/448/602 447/447/602
f 447/447/603 448/448/603 449/449/603
f 448/448/604 450/450/604 449/449/604
f 449/449/605 450/450/605 451/451/605
f 450/450/606 452/452/606 451/451/606
f 451/451/607 452/452/607 453/453/607
f 452/452/608 454/454/608 453/453/608
f 453/453/609 454/454/609 344/344/609
f 451/451/610 453/453/610 449/449/610
f 453/453/611 455/455/611 449/449/611
f 449/449/612 455/455/612 447/447/612
f 455/455/613 456/456/613 447/447/613
f 447/447/614 456/456/614 413/413/614
f 456/456/615 340/340/615 413/413/615
f 340/340/616 456/456/616 342/342/616
f 456/456/617 455/455/617 342/342/617
f 342/342/618 455/455/618 343/343/618
f 455/455/619 453/453/619 343/343/619
f 343/343/620 453/453/620 344/344/620
f 40/40/621 457/457/621 429/429/621
f 457/457/622 458/458/622 429/429/622
f 457/457/623 459/459/623 458/458/623
f 459/459/624 460/460/624 458/458/624
f 460/460/625 459/459/625 461/461/625
f 459/459/626 462/462/626 461/461/626
f 461/461/627 462/462/627 463/463/627
f 462/462/628 464/464/628 463/463/628
f 463/463/629 464/464/629 465/465/629
f 411/411/630 445/445/630 413/413/630
f 445/445/631 447/447/631 413/413/631
f 190/190/632 188/188/632 439/439/632
f 188/188/633 466/466/633 439/439/633
f 439/439/634 466/466/634 440/440/634
f 466/466/635 441/441/635 440/440/635
f 188/188/636 186/186/636 466/466/636
f 186/186/637 467/467/637 466/466/637
f 466/466/638 467/467/638 441/441/638
f 467/467/639 468/468/639 441/441/639
f 441/441/640 468/468/640 443/443/640
f 468/468/641 444/444/641 443/443/641
f 186/186/642 184/184/642 467/467/642
f 184/184/643 469/469/643 467/467/643
f 467/467/644 469/469/644 468/468/644
f 469/469/645 470/470/645 468/468/645
f 468/468/646 470/470/646 444/444/646
f 470/470/647 446/446/647 444/444/647
f 184/184/648 182/182/648 469/469/648
f 182/182/649 471/471/649 469/469/649
f 469/469/650 471/471/650 470/470/650
f 471/471/651 472/472/651 470/470/651
f 470/470/652 472/472/652 446/446/652
f 472/472/653 448/448/653 446/446/653
f 182/182/654 180/180/654 471/471/654
f 180/180/655 473/473/655 471/471/655
f 471/471/656 473/473/656 472/472/656
f 473/473/657 474/474/657 472/472/657
f 472/472/658 474/474/658 475/475/658
f 474/474/659 476/476/659 475/475/659
f 475/475/660 476/476/660 477/477/660
f 476/476/661 478/478/661 477/477/661
f 477/477/662 478/478/662 479/479/662
f 475/475/663 477/477/663 450/450/663
f 477/477/664 479/479/664 450/450/664
f 450/450/665 479/479/665 452/452/665
f 450/450/666 448/448/666 475/475/666
f 448/448/667 472/472/667 475/475/667
f 429/429/668 480/480/668 427/427/668
f 480/480/669 481/481/669 427/427/669
f 480/480/670 482/482/670 481/481/670
f 482/482/671 483/483/671 481/481/671
f 482/482/672 484/484/672 483/483/672
f 484/484/673 485/485/673 483/483/673
f 484/484/674 486/486/674 485/485/674
f 486/486/675 487/487/675 485/485/675
f 478/478/676 476/476/676 488/488/676
f 476/476/677 174/174/677 488/488/677
f 174/174/678 476/476/678 176/176/678
f 476/476/679 474/474/679 176/176/679
f 176/176/680 474/474/680 178/178/680
f 474/474/681 473/473/681 178/178/681
f 178/178/682 473/473/682 180/180/682
f 355/355/683 367/367/683 357/357/683
f 367/367/684 489/489/684 357/357/684
f 357/357/685 489/489/685 359/359/685
f 489/489/686 490/490/686 359/359/686
f 359/359/687 490/490/687 361/361/687
f 367/367/688 369/369/688 489/489/688
f 369/369/689 491/491/689 489/489/689
f 489/489/690 491/491/690 490/490/690
f 411/411/691 409/409/691 442/442/691
f 409/409/692 407/407/692 442/442/692
f 114/114/693 116/116/693 208/208/693
f 116/116/694 210/210/694 208/208/694
f 116/116/695 118/118/695 210/210/695
f 118/118/696 212/212/696 210/210/696
f 118/118/697 143/143/697 212/212/697
f 143/143/698 214/214/698 212/212/698
f 143/143/699 142/142/699 214/214/699
f 142/142/700 216/216/700 214/214/700
f 142/142/701 141/141/701 216/216/701
f 141/141/702 218/218/702 216/216/702
f 141/141/703 144/144/703 218/218/703
f 144/144/704 220/220/704 218/218/704
f 144/144/705 146/146/705 220/220/705
f 146/146/706 222/222/706 220/220/706
f 146/146/707 148/148/707 222/222/707
f 148/148/708 224/224/708 222/222/708
f 148/148/709 150/150/709 224/224/709
f 150/150/710 226/226/710 224/224/710
f 150/150/711 152/152/711 226/226/711
f 152/152/712 228/228/712 226/226/712
f 152/152/713 154/154/713 228/228/713
f 154/154/714 230/230/714 228/228/714
f 154/154/715 156/156/715 230/230/715
f 156/156/716 232/232/716 230/230/716
f 492/492/717 493/493/717 494/494/717
f 493/493/718 495/495/718 494/494/718
f 493/493/719 496/496/719 495/495/719
f 496/496/720 497/497/720 495/495/720
f 496/496/721 498/498/721 497/497/721
f 498/498/722 499/499/722 497/497/722
f 497/497/723 499/499/723 500/500/723
f 499/499/724 35/35/724 500/500/724
f 500/500/725 35/35/725 37/37/725
f 379/379/726 501/501/726 380/380/726
f 501/501/727 502/502/727 380/380/727
f 380/380/728 502/502/728 381/381/728
f 502/502/729 503/503/729 381/381/729
f 381/381/730 503/503/730 382/382/730
f 503/503/731 504/504/731 382/382/731
f 382/382/732 504/504/732 383/383/732
f 504/504/733 505/505/733 383/383/733
f 383/383/734 505/505/734 384/384/734
f 505/505/735 506/506/735 384/384/735
f 384/384/736 506/506/736 385/385/736
f 506/506/737 507/507/737 385/385/737
f 385/385/738 507/507/738 386/386/738
f 507/507/739 508/508/739 386/386/739
f 386/386/740 508/508/740 387/387/740
f 508/508/741 509/509/741 387/387/741
f 387/387/742 509/509/742 388/388/742
f 509/509/743 510/510/743 388/388/743
f 388/388/744 510/510/744 389/389/744
f 510/510/745 511/511/745 389/389/745
f 389/389/746 511/511/746 390/390/746
f 511/511/747 512/512/747 390/390/747
f 390/390/748 512/512/748 391/391/748
f 512/512/749 513/513/749 391/391/749
f 511/511/750 510/510/750 514/514/750
f 510/510/751 509/509/751 514/514/751
f 514/514/752 509/509/752 515/515/752
f 509/509/753 508/508/753 515/515/753
f 515/515/754 508/508/754 516/516/754
f 508/508/755 507/507/755 516/516/755
f 516/516/756 507/507/756 517/517/756
f 507/507/757 518/518/757 517/517/757
f 517/517/758 518/518/758 519/519/758
f 518/518/759 520/520/759 519/519/759
f 519/519/760 520/520/760 521/521/760
f 520/520/761 522/522/761 521/521/761
f 521/521/762 522/522/762 523/523/762
f 522/522/763 524/524/763 523/523/763
f 523/523/764 524/524/764 525/525/764
f 524/524/765 526/526/765 525/525/765
f 525/525/766 526/526/766 527/527/766
f 526/526/767 528/528/767 527/527/767
f 527/527/768 528/528/768 529/529/768
f 528/528/769 530/530/769 529/529/769
f 529/529/770 530/530/770 531/531/770
f 507/507/771 506/506/771 518/518/771
f 506/506/772 532/532/772 518/518/772
f 518/518/773 532/532/773 520/520/773
f 532/532/774 533/533/774 520/520/774
f 520/520/775 533/533/775 522/522/775
f 533/533/776 534/534/776 522/522/776
f 522/522/777 534/534/777 524/524/777
f 534/534/778 535/535/778 524/524/778
f 524/524/779 535/535/779 526/526/779
f 535/535/780 536/536/780 526/526/780
f 526/526/781 536/536/781 530/530/781
f 506/506/782 505/505/782 532/532/782
f 505/505/783 537/537/783 532/532/783
f 532/532/784 537/537/784 533/533/784
f 537/537/785 534/534/785 533/533/785
f 505/505/786 504/504/786 537/537/786
f 504/504/787 503/503/787 537/537/787
f 537/537/788 503/503/788 538/538/788
f 503/503/789 539/539/789 538/538/789
f 538/538/790 539/539/790 534/534/790
f 539/539/791 540/540/791 534/534/791
f 534/534/792 540/540/792 535/535/792
f 540/540/793 541/541/793 535/535/793
f 535/535/794 541/541/794 536/536/794
f 541/541/795 540/540/795 542/542/795
f 540/540/796 539/539/796 542/542/796
f 542/542/797 539/539/797 543/543/797
f 539/539/798 502/502/798 543/543/798
f 543/543/799 502/502/799 501/501/799
f 255/255/800 544/544/800 254/254/800
f 544/544/801 545/545/801 254/254/801
f 254/254/802 545/545/802 253/253/802
f 545/545/803 546/546/803 253/253/803
f 253/253/804 546/546/804 251/251/804
f 546/546/805 295/295/805 251/251/805
f 251/251/806 295/295/806 293/293/806
f 251/251/807 293/293/807 249/249/807
f 293/293/808 291/291/808 249/249/808
f 249/249/809 291/291/809 247/247/809
f 291/291/810 289/289/810 247/247/810
f 247/247/811 289/289/811 319/319/811
f 247/247/812 319/319/812 245/245/812
f 319/319/813 243/243/813 245/245/813
f 319/319/814 320/320/814 243/243/814
f 320/320/815 276/276/815 243/243/815
f 243/243/816 276/276/816 241/241/816
f 276/276/817 239/239/817 241/241/817
f 276/276/818 275/275/818 239/239/818
f 275/275/819 237/237/819 239/239/819
f 275/275/820 274/274/820 237/237/820
f 274/274/821 235/235/821 237/237/821
f 544/544/822 299/299/822 545/545/822
f 299/299/823 297/297/823 545/545/823
f 545/545/824 297/297/824 546/546/824
f 297/297/825 295/295/825 546/546/825
f 525/525/826 527/527/826 523/523/826
f 527/527/827 547/547/827 523/523/827
f 523/523/828 547/547/828 548/548/828
f 547/547/829 549/549/829 548/548/829
f 548/548/830 549/549/830 550/550/830
f 549/549/831 551/551/831 550/550/831
f 550/550/832 551/551/832 552/552/832
f 551/551/833 553/553/833 552/552/833
f 552/552/834 553/553/834 554/554/834
f 553/553/835 109/109/835 554/554/835
f 554/554/836 109/109/836 108/108/836
f 108/108/837 555/555/837 554/554/837
f 555/555/838 556/556/838 554/554/838
f 554/554/839 556/556/839 552/552/839
f 556/556/840 557/557/840 552/552/840
f 552/552/841 557/557/841 550/550/841
f 557/557/842 558/558/842 550/550/842
f 550/550/843 558/558/843 548/548/843
f 558/558/844 559/559/844 548/548/844
f 548/548/845 559/559/845 521/521/845
f 559/559/846 519/519/846 521/521/846
f 557/557/847 560/560/847 558/558/847
f 560/560/848 561/561/848 558/558/848
f 558/558/849 561/561/849 559/559/849
f 561/561/850 562/562/850 559/559/850
f 559/559/851 562/562/851 519/519/851
f 562/562/852 517/517/852 519/519/852
f 517/517/853 562/562/853 516/516/853
f 562/562/854 563/563/854 516/516/854
f 516/516/855 563/563/855 515/515/855
f 563/563/856 564/564/856 515/515/856
f 515/515/857 564/564/857 514/514/857
f 564/564/858 565/565/858 514/514/858
f 514/514/859 565/565/859 566/566/859
f 565/565/860 567/567/860 566/566/860
f 566/566/861 567/567/861 568/568/861
f 567/567/862 569/569/862 568/568/862
f 568/568/863 569/569/863 570/570/863
f 569/569/864 571/571/864 570/570/864
f 567/567/865 565/565/865 572/572/865
f 565/565/866 564/564/866 572/572/866
f 572/572/867 564/564/867 573/573/867
f 564/564/868 563/563/868 573/573/868
f 573/573/869 563/563/869 574/574/869
f 563/563/870 562/562/870 574/574/870
f 574/574/871 562/562/871 561/561/871
f 561/561/872 560/560/872 574/574/872
f 560/560/873 575/575/873 574/574/873
f 574/574/874 575/575/874 573/573/874
f 575/575/875 576/576/875 573/573/875
f 573/573/876 576/576/876 572/572/876
f 576/576/877 577/577/877 572/572/877
f 572/572/878 577/577/878 567/567/878
f 577/577/879 578/578/879 567/567/879
f 567/567/880 578/578/880 569/569/880
f 578/578/881 579/579/881 569/569/881
f 569/569/882 579/579/882 571/571/882
f 579/579/883 580/580/883 571/571/883
f 578/578/884 577/577/884 581/581/884
f 577/577/885 576/576/885 581/581/885
f 581/581/886 576/576/886 582/582/886
f 576/576/887 575/575/887 582/582/887
f 582/582/888 575/575/888 583/583/888
f 575/575/889 557/557/889 583/583/889
f 583/583/890 557/557/890 556/556/890
f 582/582/891 583/583/891 584/584/891
f 583/583/892 556/556/892 584/584/892
f 584/584/893 556/556/893 585/585/893
f 556/556/894 555/555/894 585/585/894
f 585/585/895 555/555/895 108/108/895
f 108/108/896 107/107/896 585/585/896
f 107/107/897 586/586/897 585/585/897
f 585/585/898 586/586/898 584/584/898
f 586/586/899 587/587/899 584/584/899
f 584/584/900 587/587/900 582/582/900
f 587/587/901 581/581/901 582/582/901
f 587/587/902 588/588/902 581/581/902
f 588/588/903 589/589/903 581/581/903
f 581/581/904 589/589/904 590/590/904
f 589/589/905 591/591/905 590/590/905
f 590/590/906 591/591/906 578/578/906
f 591/591/907 579/579/907 578/578/907
f 587/587/908 586/586/908 588/588/908
f 586/586/909 592/592/909 588/588/909
f 588/588/910 592/592/910 589/589/910
f 592/592/911 593/593/911 589/589/911
f 589/589/912 593/593/912 594/594/912
f 593/593/913 103/103/913 594/594/913
f 594/594/914 103/103/914 102/102/914
f 103/103/915 593/593/915 104/104/915
f 593/593/916 592/592/916 104/104/916
f 104/104/917 592/592/917 105/105/917
f 592/592/918 586/586/918 105/105/918
f 105/105/919 586/586/919 106/106/919
f 586/586/920 107/107/920 106/106/920
f 513/513/921 512/512/921 595/595/921
f 512/512/922 596/596/922 595/595/922
f 595/595/923 596/596/923 570/570/923
f 596/596/924 568/568/924 570/570/924
f 568/568/925 596/596/925 597/597/925
f 596/596/926 512/512/926 597/597/926
f 597/597/927 512/512/927 511/511/927
f 511/511/928 514/514/928 597/597/928
f 514/514/929 566/566/929 597/597/929
f 597/597/930 566/566/930 568/568/930
f 109/109/931 553/553/931 110/110/931
f 553/553/932 111/111/932 110/110/932
f 111/111/933 553/553/933 598/598/933
f 553/553/934 599/599/934 598/598/934
f 598/598/935 599/599/935 600/600/935
f 599/599/936 547/547/936 600/600/936
f 600/600/937 547/547/937 527/527/937
f 527/527/938 529/529/938 600/600/938
f 529/529/939 601/601/939 600/600/939
f 600/600/940 601/601/940 602/602/940
f 601/601/941 112/112/941 602/602/941
f 602/602/942 112/112/942 598/598/942
f 112/112/943 111/111/943 598/598/943
f 601/601/944 529/529/944 603/603/944
f 529/529/945 531/531/945 603/603/945
f 603/603/946 604/604/946 601/601/946
f 604/604/947 113/113/947 601/601/947
f 601/601/948 113/113/948 112/112/948
f 102/102/949 605/605/949 594/594/949
f 605/605/950 606/606/950 594/594/950
f 594/594/951 606/606/951 607/607/951
f 606/606/952 608/608/952 607/607/952
f 607/607/953 608/608/953 591/591/953
f 608/608/954 579/579/954 591/591/954
f 591/591/955 589/589/955 607/607/955
f 589/589/956 594/594/956 607/607/956
f 547/547/957 599/599/957 549/549/957
f 599/599/958 551/551/958 549/549/958
f 392/392/959 394/394/959 609/609/959
f 394/394/960 610/610/960 609/609/960
f 609/609/961 610/610/961 611/611/961
f 610/610/962 612/612/962 611/611/962
f 611/611/963 612/612/963 613/613/963
f 612/612/964 614/614/964 613/613/964
f 613/613/965 614/614/965 615/615/965
f 614/614/966 360/360/966 615/615/966
f 394/394/967 396/396/967 610/610/967
f 396/396/968 398/398/968 610/610/968
f 610/610/969 398/398/969 612/612/969
f 398/398/970 616/616/970 612/612/970
f 612/612/971 616/616/971 614/614/971
f 616/616/972 356/356/972 614/614/972
f 614/614/973 356/356/973 358/358/973
f 356/356/974 616/616/974 354/354/974
f 616/616/975 400/400/975 354/354/975
f 354/354/976 400/400/976 352/352/976
f 201/201/977 203/203/977 617/617/977
f 203/203/978 618/618/978 617/617/978
f 617/617/979 618/618/979 619/619/979
f 618/618/980 620/620/980 619/619/980
f 619/619/981 620/620/981 621/621/981
f 620/620/982 622/622/982 621/621/982
f 620/620/983 618/618/983 623/623/983
f 618/618/984 203/203/984 623/623/984
f 623/623/985 203/203/985 205/205/985
f 623/623/986 624/624/986 620/620/986
f 624/624/987 625/625/987 620/620/987
f 620/620/988 625/625/988 622/622/988
f 625/625/989 626/626/989 622/622/989
f 626/626/990 625/625/990 627/627/990
f 625/625/991 628/628/991 627/627/991
f 627/627/992 628/628/992 629/629/992
f 628/628/993 630/630/993 629/629/993
f 629/629/994 630/630/994 631/631/994
f 630/630/995 632/632/995 631/631/995
f 631/631/996 632/632/996 633/633/996
f 632/632/997 634/634/997 633/633/997
f 633/633/998 634/634/998 635/635/998
f 634/634/999 636/636/999 635/635/999
f 635/635/1000 636/636/1000 637/637/1000
f 636/636/1001 634/634/1001 638/638/1001
f 634/634/1002 632/632/1002 638/638/1002
f 638/638/1003 632/632/1003 639/639/1003
f 632/632/1004 630/630/1004 639/639/1004
f 639/639/1005 630/630/1005 628/628/1005
f 639/639/1006 628/628/1006 640/640/1006
f 628/628/1007 641/641/1007 640/640/1007
f 641/641/1008 628/628/1008 642/642/1008
f 628/628/1009 625/625/1009 642/642/1009
f 642/642/1010 625/625/1010 624/624/1010
f 642/642/1011 624/624/1011 641/641/1011
f 624/624/1012 643/643/1012 641/641/1012
f 643/643/1013 624/624/1013 137/137/1013
f 624/624/1014 623/623/1014 137/137/1014
f 137/137/1015 623/623/1015 138/138/1015
f 623/623/1016 205/205/1016 138/138/1016
f 626/626/1017 627/627/1017 644/644/1017
f 627/627/1018 629/629/1018 644/644/1018
f 644/644/1019 629/629/1019 631/631/1019
f 644/644/1020 631/631/1020 645/645/1020
f 631/631/1021 646/646/1021 645/645/1021
f 631/631/1022 633/633/1022 646/646/1022
f 633/633/1023 647/647/1023 646/646/1023
f 647/647/1024 633/633/1024 648/648/1024
f 633/633/1025 635/635/1025 648/648/1025
f 648/648/1026 635/635/1026 649/649/1026
f 635/635/1027 650/650/1027 649/649/1027
f 649/649/1028 650/650/1028 651/651/1028
f 650/650/1029 652/652/1029 651/651/1029
f 651/651/1030 653/653/1030 649/649/1030
f 653/653/1031 654/654/1031 649/649/1031
f 649/649/1032 654/654/1032 648/648/1032
f 654/654/1033 647/647/1033 648/648/1033
f 637/637/1034 655/655/1034 635/635/1034
f 655/655/1035 650/650/1035 635/635/1035
f 655/655/1036 656/656/1036 650/650/1036
f 656/656/1037 652/652/1037 650/650/1037
f 119/119/1038 657/657/1038 121/121/1038
f 657/657/1039 658/658/1039 121/121/1039
f 121/121/1040 658/658/1040 123/123/1040
f 658/658/1041 659/659/1041 123/123/1041
f 123/123/1042 659/659/1042 660/660/1042
f 659/659/1043 661/661/1043 660/660/1043
f 660/660/1044 661/661/1044 662/662/1044
f 661/661/1045 637/637/1045 662/662/1045
f 662/662/1046 637/637/1046 636/636/1046
f 661/661/1047 659/659/1047 663/663/1047
f 659/659/1048 658/658/1048 663/663/1048
f 663/663/1049 658/658/1049 664/664/1049
f 658/658/1050 657/657/1050 664/664/1050
f 664/664/1051 657/657/1051 665/665/1051
f 657/657/1052 666/666/1052 665/665/1052
f 664/664/1053 667/667/1053 663/663/1053
f 667/667/1054 668/668/1054 663/663/1054
f 663/663/1055 668/668/1055 661/661/1055
f 668/668/1056 655/655/1056 661/661/1056
f 661/661/1057 655/655/1057 637/637/1057
f 667/667/1058 669/669/1058 668/668/1058
f 669/669/1059 656/656/1059 668/668/1059
f 668/668/1060 656/656/1060 655/655/1060
f 119/119/1061 117/117/1061 657/657/1061
f 117/117/1062 115/115/1062 657/657/1062
f 657/657/1063 115/115/1063 666/666/1063
f 123/123/1064 660/660/1064 125/125/1064
f 660/660/1065 670/670/1065 125/125/1065
f 125/125/1066 670/670/1066 671/671/1066
f 670/670/1067 672/672/1067 671/671/1067
f 671/671/1068 672/672/1068 673/673/1068
f 672/672/1069 638/638/1069 673/673/1069
f 673/673/1070 638/638/1070 639/639/1070
f 670/670/1071 662/662/1071 672/672/1071
f 662/662/1072 636/636/1072 672/672/1072
f 672/672/1073 636/636/1073 638/638/1073
f 125/125/1074 671/671/1074 127/127/1074
f 671/671/1075 129/129/1075 127/127/1075
f 129/129/1076 671/671/1076 674/674/1076
f 671/671/1077 673/673/1077 674/674/1077
f 674/674/1078 673/673/1078 675/675/1078
f 673/673/1079 639/639/1079 675/675/1079
f 675/675/1080 639/639/1080 640/640/1080
f 129/129/1081 674/674/1081 676/676/1081
f 674/674/1082 675/675/1082 676/676/1082
f 676/676/1083 675/675/1083 677/677/1083
f 675/675/1084 640/640/1084 677/677/1084
f 677/677/1085 640/640/1085 641/641/1085
f 641/641/1086 678/678/1086 677/677/1086
f 678/678/1087 133/133/1087 677/677/1087
f 677/677/1088 133/133/1088 676/676/1088
f 133/133/1089 131/131/1089 676/676/1089
f 676/676/1090 131/131/1090 129/129/1090
f 641/641/1091 643/643/1091 678/678/1091
f 643/643/1092 137/137/1092 678/678/1092
f 678/678/1093 137/137/1093 135/135/1093
f 679/679/1094 680/680/1094 681/681/1094
f 680/680/1095 682/682/1095 681/681/1095
f 681/681/1096 682/682/1096 683/683/1096
f 683/683/1097 684/684/1097 681/681/1097
f 684/684/1098 685/685/1098 681/681/1098
f 681/681/1099 685/685/1099 686/686/1099
f 686/686/1100 687/687/1100 681/681/1100
f 687/687/1101 688/688/1101 681/681/1101
f 681/681/1102 688/688/1102 689/689/1102
f 689/689/1103 690/690/1103 681/681/1103
f 690/690/1104 691/691/1104 681/681/1104
f 681/681/1105 691/691/1105 679/679/1105
f 692/692/1106 487/487/1106 486/486/1106
f 578/578/1107 581/581/1107 590/590/1107
f 167/167/1108 206/206/1108 693/693/1108
f 503/503/1109 502/502/1109 539/539/1109
f 614/614/1110 358/358/1110 360/360/1110
f 236/236/1111 234/234/1111 257/257/1111
f 526/526/1112 530/530/1112 528/528/1112
f 608/608/1113 580/580/1113 579/579/1113
f 667/667/1114 664/664/1114 665/665/1114
f 599/599/1115 553/553/1115 551/551/1115
f 537/537/1116 538/538/1116 534/534/1116
f 670/670/1117 660/660/1117 662/662/1117
f 401/401/1118 415/415/1118 350/350/1118
f 521/521/1119 523/523/1119 548/548/1119
f 398/398/1120 400/400/1120 616/616/1120
f 133/133/1121 678/678/1121 135/135/1121
f 278/278/1122 287/287/1122 280/280/1122
f 598/598/1123 600/600/1123 602/602/1123
f 302/302/1124 310/310/1124 304/304/1124
f 168/168/1125 167/167/1125 693/693/1125
f 262/262/1126 264/264/1126 317/317/1126
f 575/575/1127 560/560/1127 557/557/1127
f 113/113/1128 604/604/1128 100/100/1128
