mtllib chess.mtl
o queen
v 0.021291 0.076528 0.000041
v 0.018386 0.076528 0.010666
v 0.021291 0.080678 0.000041
v 0.018386 0.080678 0.010666
v 0.010666 0.076528 0.018385
v 0.010666 0.080678 0.018385
v 0.000041 0.076528 0.021291
v 0.000041 0.080678 0.021291
v -0.010584 0.076528 0.018385
v -0.010584 0.080678 0.018385
v -0.018386 0.076528 0.010666
v -0.018386 0.080678 0.010666
v -0.021208 0.076528 0.000041
v -0.021208 0.080678 0.000041
v -0.018386 0.076528 -0.010584
v -0.018386 0.080678 -0.010584
v -0.010584 0.076528 -0.018387
v -0.010584 0.080678 -0.018387
v 0.000041 0.076528 -0.021209
v 0.000041 0.080678 -0.021209
v 0.010666 0.076528 -0.018387
v 0.010666 0.080678 -0.018387
v 0.018386 0.076528 -0.010584
v 0.018386 0.080678 -0.010584
v 0.021291 0.076528 0.000041
v 0.021291 0.080678 0.000041
v 0.023366 0.116867 0.000041
v 0.020212 0.116867 -0.011663
v 0.023366 0.112551 0.000041
v 0.020212 0.112551 -0.011663
v 0.011662 0.116867 -0.020213
v 0.011662 0.112551 -0.020213
v 0.000041 0.116867 -0.023367
v 0.000041 0.112551 -0.023367
v -0.011663 0.116867 -0.020213
v -0.011663 0.112551 -0.020213
v -0.020212 0.116867 -0.011663
v -0.020212 0.112551 -0.011663
v -0.023367 0.116867 0.000041
v -0.023367 0.112551 0.000041
v -0.020212 0.116867 0.011662
v -0.020212 0.112551 0.011662
v -0.011663 0.116867 0.020212
v -0.011663 0.112551 0.020212
v 0.000041 0.116867 0.023366
v 0.000041 0.112551 0.023366
v 0.011662 0.116867 0.020212
v 0.011662 0.112551 0.020212
v 0.020212 0.116867 0.011662
v 0.020212 0.112551 0.011662
v 0.023366 0.116867 0.000041
v 0.023366 0.112551 0.000041
v 0.048850 0.267600 0.000041
v 0.042292 0.267600 -0.024446
v 0.048850 0.263284 0.000041
v 0.042292 0.263284 -0.024446
v 0.024446 0.267600 -0.042293
v 0.024446 0.263284 -0.042293
v 0.000041 0.267600 -0.048850
v 0.000041 0.263284 -0.048850
v -0.024446 0.267600 -0.042293
v -0.024446 0.263284 -0.042293
v -0.042292 0.267600 -0.024446
v -0.042292 0.263284 -0.024446
v -0.048850 0.267600 0.000041
v -0.048850 0.263284 0.000041
v -0.042292 0.267600 0.024445
v -0.042292 0.263284 0.024445
v -0.024446 0.267600 0.042292
v -0.024446 0.263284 0.042292
v 0.000041 0.267600 0.048849
v 0.000041 0.263284 0.048849
v 0.024446 0.267600 0.042292
v 0.024446 0.263284 0.042292
v 0.042292 0.267600 0.024445
v 0.042292 0.263284 0.024445
v 0.048850 0.267600 0.000041
v 0.048850 0.263284 0.000041
v 0.023366 0.080678 0.000041
v 0.020212 0.080678 -0.011663
v 0.011662 0.080678 -0.020213
v 0.000041 0.080678 -0.023367
v -0.011663 0.080678 -0.020213
v -0.020212 0.080678 -0.011663
v -0.023367 0.080678 0.000041
v -0.020212 0.080678 0.011662
v -0.011663 0.080678 0.020212
v 0.000041 0.080678 0.023366
v 0.011662 0.080678 0.020212
v 0.020212 0.080678 0.011662
v 0.023366 0.080678 0.000041
v 0.021291 0.116867 0.000041
v 0.018386 0.116867 -0.010584
v 0.010666 0.116867 -0.018387
v 0.000041 0.116867 -0.021209
v -0.010584 0.116867 -0.018387
v -0.018386 0.116867 -0.010584
v -0.021208 0.116867 0.000041
v -0.018386 0.116867 0.010666
v -0.010584 0.116867 0.018385
v 0.000041 0.116867 0.021291
v 0.010666 0.116867 0.018385
v 0.018386 0.116867 0.010666
v 0.021291 0.116867 0.000041
v 0.072258 0.322880 0.000041
v 0.062546 0.322880 -0.036150
v 0.077819 0.314911 0.000041
v 0.067360 0.314911 -0.038889
v 0.077819 0.305283 0.000041
v 0.067360 0.305283 -0.038889
v 0.072258 0.297315 0.000041
v 0.062546 0.297315 -0.036150
v 0.063542 0.289015 0.000041
v 0.054992 0.289015 -0.031751
v 0.057067 0.278888 0.000041
v 0.049431 0.278888 -0.028514
v 0.053083 0.267600 0.000041
v 0.045944 0.267600 -0.026521
v 0.036149 0.322880 -0.062546
v 0.038889 0.314911 -0.067361
v 0.038889 0.305283 -0.067361
v 0.036149 0.297315 -0.062546
v 0.031833 0.289015 -0.054993
v 0.028513 0.278888 -0.049431
v 0.026521 0.267600 -0.045945
v 0.000041 0.297315 -0.072175
v 0.000041 0.289015 -0.063542
v 0.000041 0.278888 -0.056985
v 0.000041 0.267600 -0.053084
v 0.000041 0.305283 -0.077820
v -0.038889 0.305283 -0.067361
v -0.038889 0.314911 -0.067361
v -0.067360 0.314911 -0.038889
v -0.062546 0.322880 -0.036150
v -0.072175 0.322880 0.000041
v -0.067360 0.305283 -0.038889
v -0.036150 0.297315 -0.062546
v -0.031750 0.289015 -0.054993
v -0.062546 0.297315 -0.036150
v -0.077819 0.305283 0.000041
v -0.077819 0.314911 0.000041
v -0.062546 0.322880 0.036150
v -0.072175 0.297315 0.000041
v -0.054992 0.289015 -0.031751
v -0.049431 0.278888 -0.028514
v -0.028513 0.278888 -0.049431
v -0.026521 0.267600 -0.045945
v -0.062546 0.297315 0.036150
v -0.063459 0.289015 0.000041
v -0.056984 0.278888 0.000041
v -0.045945 0.267600 -0.026521
v -0.054992 0.289015 0.031750
v -0.049431 0.278888 0.028512
v -0.053083 0.267600 0.000041
v -0.028513 0.278888 0.049430
v -0.045945 0.267600 0.026521
v -0.026521 0.267600 0.045944
v 0.000041 0.278888 0.057067
v 0.000041 0.267600 0.053083
v 0.028513 0.278888 0.049430
v 0.026521 0.267600 0.045944
v 0.049431 0.278888 0.028512
v 0.045944 0.267600 0.026521
v 0.057067 0.278888 0.000041
v 0.053083 0.267600 0.000041
v 0.000041 0.289015 0.063542
v -0.031750 0.289015 0.054992
v 0.000041 0.297315 0.072175
v -0.036150 0.297315 0.062546
v -0.038889 0.305283 0.067360
v -0.067360 0.305283 0.038888
v -0.067360 0.314911 0.038888
v -0.036150 0.322880 -0.062546
v 0.000041 0.322880 -0.072175
v 0.000041 0.314911 -0.077820
v 0.021291 0.070054 0.000041
v 0.018386 0.070054 -0.010584
v 0.023781 0.047477 0.000041
v 0.020544 0.047477 -0.011912
v 0.031003 0.025897 0.000041
v 0.026770 0.025897 -0.015481
v 0.042458 0.006308 0.000041
v 0.036813 0.006308 -0.021209
v 0.010666 0.070054 -0.018387
v 0.011911 0.047477 -0.020545
v 0.015481 0.025897 -0.026770
v 0.021291 0.006308 -0.036814
v 0.000041 0.047477 -0.023699
v 0.000041 0.025897 -0.030921
v 0.000041 0.006308 -0.042459
v 0.000041 0.070054 -0.021209
v -0.010584 0.070054 -0.018387
v -0.011912 0.047477 -0.020545
v -0.015481 0.025897 -0.026770
v -0.026770 0.025897 -0.015481
v -0.021208 0.006308 -0.036814
v -0.020544 0.047477 -0.011912
v -0.023699 0.047477 0.000041
v -0.030920 0.025897 0.000041
v -0.026770 0.025897 0.015480
v -0.042458 0.006308 0.000041
v -0.036814 0.006308 0.021291
v -0.036814 0.006308 -0.021209
v 0.084958 0.339812 0.000041
v 0.081969 0.333338 0.000041
v 0.073586 0.339812 0.042458
v 0.070929 0.333338 0.040963
v 0.042458 0.339812 0.073585
v 0.040964 0.333338 0.070929
v 0.000041 0.333338 0.081970
v 0.038889 0.327528 0.067277
v 0.000041 0.327528 0.077653
v 0.000041 0.322880 0.072175
v -0.036150 0.322880 0.062546
v 0.067277 0.327528 0.038805
v 0.036149 0.322880 0.062546
v 0.062546 0.322880 0.036150
v 0.077653 0.327528 0.000041
v 0.072258 0.322880 0.000041
v 0.000041 0.339812 0.084957
v -0.042458 0.339812 0.073585
v -0.040964 0.333338 0.070929
v -0.038806 0.327528 0.067277
v -0.070930 0.333338 0.040963
v -0.067194 0.327528 0.038805
v -0.081887 0.333338 0.000041
v -0.077570 0.327528 0.000041
v -0.070930 0.333338 -0.040965
v -0.067194 0.327528 -0.038806
v -0.040964 0.333338 -0.070930
v -0.038806 0.327528 -0.067195
v 0.000041 0.327528 -0.077654
v 0.043869 0.096947 0.000041
v 0.037976 0.096947 -0.021956
v 0.038474 0.092631 0.000041
v 0.033327 0.092631 -0.019217
v 0.030505 0.088647 0.000041
v 0.026355 0.088647 -0.015232
v 0.023366 0.086322 0.000041
v 0.020212 0.086322 -0.011663
v 0.021955 0.096947 -0.037976
v 0.019216 0.092631 -0.033328
v 0.015232 0.088647 -0.026355
v 0.011662 0.086322 -0.020213
v 0.000041 0.086322 -0.023367
v 0.000041 0.096947 -0.043870
v 0.000041 0.092631 -0.038474
v 0.000041 0.088647 -0.030506
v -0.015232 0.088647 -0.026355
v -0.011663 0.086322 -0.020213
v -0.026355 0.088647 -0.015232
v -0.020212 0.086322 -0.011663
v -0.023367 0.086322 0.000041
v -0.019216 0.092631 -0.033328
v -0.033327 0.092631 -0.019217
v -0.030422 0.088647 0.000041
v -0.038474 0.092631 0.000041
v -0.026355 0.088647 0.015231
v -0.033327 0.092631 0.019216
v -0.019216 0.092631 0.033327
v -0.021872 0.096947 0.037975
v 0.000041 0.096947 0.043870
v -0.037976 0.096947 0.021955
v -0.043869 0.096947 0.000041
v -0.037976 0.096947 -0.021956
v -0.021872 0.096947 -0.037976
v -0.020212 0.086322 0.011662
v -0.011663 0.086322 0.020212
v -0.015232 0.088647 0.026355
v 0.000041 0.092631 0.038473
v 0.021955 0.096947 0.037975
v 0.000041 0.088647 0.030505
v 0.000041 0.086322 0.023366
v 0.015232 0.088647 0.026355
v 0.011662 0.086322 0.020212
v 0.019216 0.092631 0.033327
v 0.037976 0.096947 0.021955
v 0.033327 0.092631 0.019216
v 0.026355 0.088647 0.015231
v 0.020212 0.086322 0.011662
v 0.043869 0.096947 0.000041
v 0.038474 0.092631 0.000041
v 0.030505 0.088647 0.000041
v 0.023366 0.086322 0.000041
v -0.073586 0.339812 0.042458
v -0.084958 0.339812 0.000041
v -0.073586 0.339812 -0.042459
v -0.042458 0.339812 -0.073585
v 0.000041 0.339812 -0.084958
v 0.000041 0.333338 -0.081887
v 0.040964 0.333338 -0.070930
v 0.038889 0.327528 -0.067195
v 0.070929 0.333338 -0.040965
v 0.067277 0.327528 -0.038806
v 0.077653 0.327528 0.000041
v 0.081969 0.333338 0.000041
v 0.084958 0.339812 0.000041
v 0.073586 0.339812 -0.042459
v 0.042458 0.339812 -0.073585
v 0.050427 0.262952 0.000041
v 0.043703 0.262952 0.025192
v 0.025193 0.262952 0.043703
v 0.000041 0.262952 0.050426
v -0.025193 0.262952 0.043703
v -0.043703 0.262952 0.025192
v -0.050427 0.262952 0.000041
v -0.043703 0.262952 -0.025193
v -0.044699 0.261790 -0.025774
v -0.025193 0.262952 -0.043704
v -0.025774 0.261790 -0.044700
v 0.000041 0.262952 -0.050427
v 0.000041 0.261790 -0.051589
v 0.025857 0.261790 -0.044700
v 0.026023 0.260130 -0.045032
v 0.045114 0.260130 -0.026023
v 0.044699 0.258636 -0.025774
v 0.051589 0.258636 0.000041
v 0.043703 0.257474 -0.025193
v 0.050427 0.257474 0.000041
v 0.048850 0.256976 0.000041
v -0.051589 0.261790 0.000041
v -0.044699 0.261790 0.025774
v -0.025774 0.261790 0.044700
v 0.000041 0.261790 0.051588
v 0.025857 0.261790 0.044700
v 0.044699 0.261790 0.025774
v 0.051589 0.261790 0.000041
v -0.026023 0.260130 0.045115
v 0.000041 0.260130 0.052086
v 0.026023 0.260130 0.045115
v 0.045114 0.260130 0.026023
v 0.052087 0.260130 0.000041
v 0.000041 0.258636 0.051588
v 0.025857 0.258636 0.044700
v 0.044699 0.258636 0.025774
v 0.051589 0.258636 0.000041
v -0.025774 0.258636 0.044700
v -0.045031 0.260130 0.026023
v -0.052004 0.260130 0.000041
v -0.044699 0.258636 0.025774
v -0.051589 0.258636 0.000041
v -0.045031 0.260130 -0.026023
v -0.026023 0.260130 -0.045032
v 0.000041 0.260130 -0.052005
v -0.044699 0.258636 -0.025774
v -0.025774 0.258636 -0.044700
v 0.000041 0.258636 -0.051589
v 0.025857 0.258636 -0.044700
v -0.043703 0.257474 -0.025193
v -0.025193 0.257474 -0.043704
v 0.000041 0.257474 -0.050427
v 0.025193 0.257474 -0.043704
v 0.000041 0.256976 -0.048850
v -0.024446 0.256976 -0.042293
v -0.042292 0.256976 -0.024446
v 0.024446 0.256976 -0.042293
v 0.042292 0.256976 -0.024446
v 0.030505 0.110061 0.000041
v 0.026438 0.110061 0.015231
v 0.015232 0.110061 0.026438
v 0.000041 0.110061 0.030505
v -0.015232 0.110061 0.026438
v 0.000041 0.105413 0.039220
v -0.019548 0.105413 0.033991
v -0.021872 0.101429 0.037975
v -0.033992 0.105413 0.019631
v -0.037976 0.101429 0.021955
v -0.039221 0.105413 0.000041
v -0.043869 0.101429 0.000041
v -0.033992 0.105413 -0.019632
v -0.037976 0.101429 -0.021956
v -0.021872 0.101429 -0.037976
v 0.000041 0.101429 -0.043870
v 0.000041 0.101429 0.043870
v 0.021955 0.101429 0.037975
v 0.037976 0.101429 0.021955
v 0.043869 0.101429 0.000041
v 0.019631 0.105413 0.033991
v 0.033991 0.105413 0.019631
v 0.039304 0.105413 0.000041
v -0.038889 0.314911 0.067360
v 0.000041 0.314911 0.077819
v 0.000041 0.305283 0.077819
v 0.038889 0.305283 0.067360
v 0.036149 0.297315 0.062546
v 0.067360 0.305283 0.038888
v 0.062546 0.297315 0.036150
v 0.077819 0.305283 0.000041
v 0.072258 0.297315 0.000041
v 0.031833 0.289015 0.054992
v 0.054992 0.289015 0.031750
v 0.063542 0.289015 0.000041
v 0.038889 0.314911 0.067360
v 0.067360 0.314911 0.038888
v 0.077819 0.314911 0.000041
v -0.026438 0.110061 0.015231
v -0.030505 0.110061 0.000041
v -0.026438 0.110061 -0.015232
v -0.019548 0.105413 -0.033992
v 0.000041 0.105413 -0.039221
v 0.000041 0.110061 -0.030506
v -0.015232 0.110061 -0.026438
v 0.021955 0.101429 -0.037976
v 0.019631 0.105413 -0.033992
v 0.015232 0.110061 -0.026438
v 0.026438 0.110061 -0.015232
v 0.033991 0.105413 -0.019632
v 0.037976 0.101429 -0.021956
v 0.043869 0.101429 0.000041
v 0.039304 0.105413 0.000041
v 0.030505 0.110061 0.000041
v 0.048850 0.256976 0.000041
v 0.042292 0.256976 0.024445
v 0.050427 0.257474 0.000041
v 0.043703 0.257474 0.025192
v 0.024446 0.256976 0.042292
v 0.025193 0.257474 0.043703
v 0.000041 0.257474 0.050426
v -0.025193 0.257474 0.043703
v -0.043703 0.257474 0.025192
v -0.050427 0.257474 0.000041
v -0.048850 0.256976 0.000041
v -0.042292 0.256976 0.024445
v -0.024446 0.256976 0.042292
v 0.000041 0.256976 0.048849
v 0.052087 0.260130 0.000041
v 0.044699 0.261790 -0.025774
v 0.025193 0.262952 -0.043704
v 0.051589 0.261790 0.000041
v 0.043703 0.262952 -0.025193
v 0.050427 0.262952 0.000041
v -0.018386 0.070054 -0.010584
v -0.021208 0.070054 0.000041
v -0.018386 0.070054 0.010666
v -0.020544 0.047477 0.011911
v -0.015481 0.025897 0.026770
v -0.021208 0.006308 0.036813
v 0.000041 0.006308 0.042458
v 0.000041 0.025897 0.030920
v 0.015481 0.025897 0.026770
v 0.011911 0.047477 0.020544
v 0.020544 0.047477 0.011911
v 0.018386 0.070054 0.010666
v 0.023781 0.047477 0.000041
v 0.021291 0.070054 0.000041
v 0.010666 0.070054 0.018385
v 0.000041 0.047477 0.023781
v 0.000041 0.070054 0.021291
v -0.011912 0.047477 0.020544
v -0.010584 0.070054 0.018385
v 0.021291 0.006308 0.036813
v 0.026770 0.025897 0.015480
v 0.036813 0.006308 0.021291
v 0.042458 0.006308 0.000041
v 0.031003 0.025897 0.000041
v 0.022868 0.070552 0.000041
v 0.019797 0.070552 0.011413
v 0.024030 0.071714 0.000041
v 0.020793 0.071714 0.011994
v 0.024446 0.073208 0.000041
v 0.021208 0.073208 0.012243
v 0.024030 0.074868 0.000041
v 0.020793 0.074868 0.011994
v 0.022868 0.076030 0.000041
v 0.019797 0.076030 0.011413
v 0.011413 0.070552 0.019797
v 0.011994 0.071714 0.020793
v 0.012243 0.073208 0.021125
v 0.011994 0.074868 0.020793
v 0.011413 0.076030 0.019797
v 0.000041 0.071714 0.024030
v 0.000041 0.073208 0.024445
v 0.000041 0.074868 0.024030
v 0.000041 0.076030 0.022868
v -0.011995 0.071714 0.020793
v -0.012244 0.073208 0.021125
v -0.011995 0.074868 0.020793
v -0.011414 0.076030 0.019797
v -0.020793 0.071714 0.011994
v -0.021125 0.073208 0.012243
v -0.020793 0.074868 0.011994
v -0.019714 0.076030 0.011413
v -0.022869 0.076030 0.000041
v -0.019714 0.070552 0.011413
v -0.024031 0.071714 0.000041
v -0.024446 0.073208 0.000041
v -0.024031 0.074868 0.000041
v -0.020793 0.074868 -0.011995
v -0.019714 0.076030 -0.011414
v -0.011414 0.076030 -0.019715
v -0.011414 0.070552 0.019797
v 0.000041 0.070552 0.022868
v -0.022869 0.070552 0.000041
v -0.019714 0.070552 -0.011414
v -0.011414 0.070552 -0.019715
v -0.020793 0.071714 -0.011995
v -0.011995 0.071714 -0.020794
v -0.021125 0.073208 -0.012244
v -0.012244 0.073208 -0.021126
v -0.011995 0.074868 -0.020794
v 0.000041 0.074868 -0.024031
v 0.000041 0.076030 -0.022869
v 0.011994 0.074868 -0.020794
v 0.011413 0.076030 -0.019715
v 0.020793 0.074868 -0.011995
v 0.019797 0.076030 -0.011414
v 0.024030 0.074868 0.000041
v 0.022868 0.076030 0.000041
v 0.024446 0.073208 0.000041
v 0.021208 0.073208 -0.012244
v 0.024030 0.071714 0.000041
v 0.020793 0.071714 -0.011995
v 0.022868 0.070552 0.000041
v 0.019797 0.070552 -0.011414
v 0.011413 0.070552 -0.019715
v 0.011994 0.071714 -0.020794
v 0.000041 0.071714 -0.024031
v 0.000041 0.073208 -0.024446
v 0.012243 0.073208 -0.021126
v 0.000041 0.070552 -0.022869
v 0.021457 0.140772 0.000041
v 0.018552 0.140772 0.010749
v 0.023449 0.164677 0.000041
v 0.020295 0.164677 0.011745
v 0.027268 0.188416 0.000041
v 0.023615 0.188416 0.013654
v 0.032746 0.211822 0.000041
v 0.028347 0.211822 0.016394
v 0.039968 0.234731 0.000041
v 0.034572 0.234731 0.019963
v 0.010749 0.140772 0.018552
v 0.011745 0.164677 0.020295
v 0.013655 0.188416 0.023615
v 0.016394 0.211822 0.028346
v 0.000041 0.188416 0.027185
v 0.000041 0.211822 0.032746
v -0.013572 0.188416 0.023615
v -0.016311 0.211822 0.028346
v -0.023616 0.188416 0.013654
v -0.028347 0.211822 0.016394
v -0.032746 0.211822 0.000041
v -0.034573 0.234731 0.019963
v -0.039968 0.234731 0.000041
v -0.034573 0.234731 -0.019964
v -0.019963 0.234731 -0.034573
v 0.000041 0.234731 -0.039968
v 0.019963 0.234731 -0.034573
v 0.034572 0.234731 -0.019964
v 0.039968 0.234731 0.000041
v -0.028347 0.211822 -0.016394
v -0.016311 0.211822 -0.028348
v 0.000041 0.211822 -0.032747
v 0.016394 0.211822 -0.028348
v 0.028347 0.211822 -0.016394
v 0.032746 0.211822 0.000041
v 0.013655 0.188416 -0.023616
v 0.023615 0.188416 -0.013572
v 0.027268 0.188416 0.000041
v 0.020295 0.164677 -0.011746
v 0.023449 0.164677 0.000041
v 0.011745 0.164677 -0.020296
v 0.000041 0.188416 -0.027185
v 0.000041 0.164677 -0.023450
v -0.013572 0.188416 -0.023616
v -0.011746 0.164677 -0.020296
v -0.023616 0.188416 -0.013572
v -0.020295 0.164677 -0.011746
v -0.027185 0.188416 0.000041
v -0.023450 0.164677 0.000041
v -0.020295 0.164677 0.011745
v -0.011746 0.164677 0.020295
v -0.018552 0.140772 0.010749
v -0.010750 0.140772 0.018552
v 0.021457 0.140772 0.000041
v 0.018552 0.140772 -0.010750
v 0.010749 0.140772 -0.018553
v 0.000041 0.140772 -0.021458
v -0.010750 0.140772 -0.018553
v -0.018552 0.140772 -0.010750
v -0.021457 0.140772 0.000041
v 0.000041 0.164677 0.023449
v 0.000041 0.140772 0.021457
v -0.019963 0.234731 0.034572
v 0.000041 0.234731 0.039967
v 0.019963 0.234731 0.034572
v -0.005686 0.010292 -0.009920
v -0.011497 0.010292 -0.019881
v -0.009919 0.010292 -0.005687
v -0.019880 0.010292 -0.011497
v -0.011497 0.010292 0.000041
v -0.022952 0.010292 0.000041
v -0.009919 0.010292 0.005768
v -0.019880 0.010292 0.011496
v -0.005686 0.010292 0.009919
v -0.011497 0.010292 0.019880
v 0.000041 0.010292 0.011496
v 0.000041 0.010292 0.022951
v 0.005769 0.010292 0.009919
v 0.011496 0.010292 0.019880
v 0.009919 0.010292 0.005768
v 0.019963 0.010292 0.011496
v 0.011496 0.010292 0.000041
v 0.023034 0.010292 0.000041
v 0.009919 0.010292 -0.005687
v 0.019963 0.010292 -0.011497
v 0.005769 0.010292 -0.009920
v 0.011496 0.010292 -0.019881
v 0.000041 0.010292 -0.011497
v 0.000041 0.010292 -0.022952
v 0.011496 0.010292 0.000041
v 0.009504 0.007802 0.005436
v 0.009919 0.010292 0.005768
v 0.005437 0.007802 0.009504
v 0.005769 0.010292 0.009919
v 0.000041 0.007802 0.010915
v 0.000041 0.010292 0.011496
v -0.005437 0.007802 0.009504
v -0.005686 0.010292 0.009919
v -0.009421 0.007802 0.005436
v -0.009919 0.010292 0.005768
v -0.010916 0.007802 0.000041
v -0.011497 0.010292 0.000041
v -0.009421 0.007802 -0.005438
v -0.009919 0.010292 -0.005687
v -0.005437 0.007802 -0.009505
v -0.005686 0.010292 -0.009920
v 0.000041 0.007802 -0.010916
v 0.000041 0.010292 -0.011497
v 0.005437 0.007802 -0.009505
v 0.005769 0.010292 -0.009920
v 0.009504 0.007802 -0.005438
v 0.009919 0.010292 -0.005687
v 0.010915 0.007802 0.000041
v -0.004773 0.005312 0.008343
v 0.000041 0.005312 0.009587
v 0.004856 0.005312 0.008343
v 0.008342 0.005312 0.004855
v 0.009587 0.005312 0.000041
v 0.008342 0.005312 -0.004856
v 0.004856 0.005312 -0.008343
v 0.000041 0.005312 -0.009588
v -0.004773 0.005312 -0.008343
v -0.008342 0.005312 -0.004856
v -0.009587 0.005312 0.000041
v -0.006682 0.003486 -0.003860
v -0.007678 0.003486 0.000041
v -0.004607 0.002324 -0.002615
v -0.005271 0.002324 0.000041
v -0.002283 0.001826 -0.001370
v -0.002615 0.001826 0.000041
v 0.000041 0.001826 -0.000042
v -0.002283 0.001826 0.001369
v -0.001370 0.001826 0.002282
v -0.002615 0.002324 0.004606
v 0.000041 0.001826 0.002697
v 0.000041 0.002324 0.005270
v 0.002698 0.002324 0.004606
v 0.003860 0.003486 0.006682
v 0.006682 0.003486 0.003859
v 0.000041 0.003486 0.007679
v -0.003860 0.003486 0.006682
v -0.006682 0.003486 0.003859
v -0.008342 0.005312 0.004855
v -0.004607 0.002324 0.002614
v 0.001370 0.001826 0.002282
v 0.002283 0.001826 0.001369
v 0.004607 0.002324 0.002614
v 0.002698 0.001826 0.000041
v 0.005271 0.002324 0.000041
v 0.004607 0.002324 -0.002615
v 0.006682 0.003486 -0.003860
v 0.003860 0.003486 -0.006683
v 0.000041 0.003486 -0.007679
v 0.002698 0.002324 -0.004607
v 0.002283 0.001826 -0.001370
v 0.001370 0.001826 -0.002283
v 0.000041 0.002324 -0.005272
v -0.003860 0.003486 -0.006683
v -0.002615 0.002324 -0.004607
v -0.001370 0.001826 -0.002283
v 0.000041 0.001826 -0.002615
v 0.007678 0.003486 0.000041
v -0.013821 0.000000 -0.023948
v 0.000041 0.000000 -0.027600
v 0.013821 0.000000 -0.023948
v 0.023947 0.000000 -0.013821
v 0.027600 0.000000 0.000041
v 0.023947 0.000000 0.013820
v 0.013821 0.000000 0.023947
v 0.000041 0.000000 0.027599
v -0.013821 0.000000 0.023947
v -0.023865 0.000000 0.013820
v -0.027600 0.000000 0.000041
v -0.023865 0.000000 -0.013821
v 0.028679 0.000664 -0.016560
v 0.033078 0.000664 0.000041
v 0.033078 0.002822 -0.019051
v 0.038142 0.002822 0.000041
v 0.036813 0.006308 -0.021209
v 0.042458 0.006308 0.000041
v 0.021291 0.006308 -0.036814
v 0.019133 0.002822 -0.033079
v 0.016560 0.000664 -0.028680
v 0.000041 0.006308 -0.042459
v 0.000041 0.002822 -0.038142
v 0.000041 0.000664 -0.033079
v -0.016560 0.000664 -0.028680
v -0.028679 0.000664 -0.016560
v -0.033078 0.000664 0.000041
v -0.028679 0.000664 0.016560
v -0.016560 0.000664 0.028678
v -0.032995 0.002822 0.019133
v -0.019050 0.002822 0.033078
v -0.021208 0.006308 0.036813
v 0.000041 0.002822 0.038141
v 0.000041 0.006308 0.042458
v 0.021291 0.006308 0.036813
v 0.000041 0.000664 0.033078
v 0.016560 0.000664 0.028678
v 0.028679 0.000664 0.016560
v 0.019133 0.002822 0.033078
v 0.033078 0.002822 0.019133
v 0.036813 0.006308 0.021291
v -0.021208 0.006308 -0.036814
v -0.019050 0.002822 -0.033079
v -0.032995 0.002822 -0.019051
v -0.038142 0.002822 0.000041
v -0.042458 0.006308 0.000041
v -0.036814 0.006308 0.021291
v -0.036814 0.006308 -0.021209
v -0.042458 0.339812 -0.073585
v 0.000041 0.339812 -0.084958
v 0.000041 0.339812 0.000041
v 0.042458 0.339812 -0.073585
v 0.073586 0.339812 -0.042459
v 0.084958 0.339812 0.000041
v 0.073586 0.339812 0.042458
v 0.042458 0.339812 0.073585
v 0.000041 0.339812 0.084957
v -0.042458 0.339812 0.073585
v -0.073586 0.339812 0.042458
v -0.084958 0.339812 0.000041
v -0.073586 0.339812 -0.042459
vt 0.033293 0.210404
vt 0.013882 0.210404
vt 0.035219 0.203288
vt 0.015543 0.203288
vt -0.006588 0.210404
vt -0.005455 0.203288
vt -0.027699 0.210404
vt -0.026982 0.203288
vt -0.049188 0.210404
vt -0.048735 0.203288
vt -0.070828 0.210404
vt -0.070601 0.203288
vt -0.092581 0.210404
vt -0.092581 0.203288
vt -0.114335 0.210404
vt -0.114561 0.203288
vt -0.136050 0.210404
vt -0.136503 0.203288
vt -0.157539 0.210404
vt -0.158257 0.203288
vt -0.178651 0.210404
vt -0.179746 0.203288
vt -0.199195 0.210404
vt -0.200819 0.203288
vt -0.218569 0.210404
vt -0.220496 0.203288
vt -0.233751 0.105586
vt -0.212111 0.105586
vt -0.232732 0.112910
vt -0.211545 0.112910
vt -0.189225 0.105586
vt -0.188470 0.112910
vt -0.165546 0.105586
vt -0.164866 0.112910
vt -0.141451 0.105586
vt -0.140960 0.112910
vt -0.117054 0.105586
vt -0.116790 0.112910
vt -0.092468 0.105586
vt -0.092506 0.112910
vt -0.067996 0.105586
vt -0.068260 0.112910
vt -0.043561 0.105586
vt -0.044090 0.112910
vt -0.019428 0.105586
vt -0.020146 0.112910
vt 0.004251 0.105586
vt 0.003496 0.112910
vt 0.027137 0.105586
vt 0.026533 0.112910
vt 0.048740 0.105586
vt 0.047682 0.112910
vt -0.362194 -0.218684
vt -0.312418 -0.218684
vt -0.362157 -0.211464
vt -0.310606 -0.211464
vt -0.265097 -0.218684
vt -0.263738 -0.211464
vt -0.220118 -0.218684
vt -0.219211 -0.211464
vt -0.176800 -0.218684
vt -0.176234 -0.211464
vt -0.134351 -0.218684
vt -0.134086 -0.211464
vt -0.092430 -0.218684
vt -0.092430 -0.211464
vt -0.050472 -0.218684
vt -0.050774 -0.211464
vt -0.008098 -0.218684
vt -0.008665 -0.211464
vt 0.035257 -0.218684
vt 0.034351 -0.211464
vt 0.080237 -0.218684
vt 0.078877 -0.211464
vt 0.127482 -0.218684
vt 0.125669 -0.211464
vt 0.177296 -0.218684
vt 0.177258 -0.211464
vt -0.222459 0.199652
vt -0.201612 0.199652
vt -0.180275 0.199652
vt -0.158597 0.199652
vt -0.136730 0.199652
vt -0.114712 0.199652
vt -0.092581 0.199652
vt -0.070526 0.199652
vt -0.048470 0.199652
vt -0.026604 0.199652
vt -0.004926 0.199652
vt 0.016412 0.199652
vt 0.037183 0.199652
vt -0.233374 0.102106
vt -0.212489 0.102106
vt -0.189641 0.102106
vt -0.165923 0.102106
vt -0.141715 0.102106
vt -0.117129 0.102106
vt -0.092468 0.102106
vt -0.067807 0.102106
vt -0.043334 0.102106
vt -0.019088 0.102106
vt 0.004667 0.102106
vt 0.027440 0.102106
vt 0.048324 0.102106
vt -0.382966 -0.328125
vt -0.327147 -0.328125
vt -0.384099 -0.313425
vt -0.326165 -0.313425
vt -0.382815 -0.298882
vt -0.324995 -0.298882
vt -0.379151 -0.284858
vt -0.323522 -0.284858
vt -0.373600 -0.266418
vt -0.321067 -0.266418
vt -0.368577 -0.246837
vt -0.317857 -0.246837
vt -0.364725 -0.225956
vt -0.313929 -0.225956
vt -0.275219 -0.328125
vt -0.274577 -0.313425
vt -0.273784 -0.298882
vt -0.272877 -0.284858
vt -0.271329 -0.266418
vt -0.269101 -0.246837
vt -0.266193 -0.225956
vt -0.225367 -0.284858
vt -0.224348 -0.266418
vt -0.222875 -0.246837
vt -0.220911 -0.225956
vt -0.225972 -0.298882
vt -0.180350 -0.298882
vt -0.180652 -0.313425
vt -0.136239 -0.313425
vt -0.136352 -0.328125
vt -0.092430 -0.328125
vt -0.136088 -0.298882
vt -0.179935 -0.284858
vt -0.179330 -0.266418
vt -0.135899 -0.284858
vt -0.092430 -0.298882
vt -0.092430 -0.313425
vt -0.048546 -0.328125
vt -0.092430 -0.284858
vt -0.135597 -0.266418
vt -0.135144 -0.246837
vt -0.178462 -0.246837
vt -0.177253 -0.225956
vt -0.048999 -0.284858
vt -0.092430 -0.266418
vt -0.092430 -0.246837
vt -0.134615 -0.225956
vt -0.049301 -0.266418
vt -0.049717 -0.246837
vt -0.092430 -0.225956
vt -0.006437 -0.246837
vt -0.050283 -0.225956
vt -0.007645 -0.225956
vt 0.037976 -0.246837
vt 0.036013 -0.225956
vt 0.084240 -0.246837
vt 0.081332 -0.225956
vt 0.132921 -0.246837
vt 0.129031 -0.225956
vt 0.183641 -0.246837
vt 0.179826 -0.225956
vt 0.039449 -0.266418
vt -0.005568 -0.266418
vt 0.040469 -0.284858
vt -0.004926 -0.284858
vt -0.004548 -0.298882
vt -0.048810 -0.298882
vt -0.048697 -0.313425
vt -0.180879 -0.328125
vt -0.226916 -0.328125
vt -0.226500 -0.313425
vt -0.214075 0.227960
vt -0.196212 0.227960
vt -0.211016 0.259540
vt -0.193379 0.259540
vt -0.215661 0.289822
vt -0.195268 0.289822
vt -0.221289 0.316780
vt -0.196854 0.316780
vt -0.176649 0.227960
vt -0.174307 0.259540
vt -0.174836 0.289822
vt -0.175289 0.316780
vt -0.154442 0.259540
vt -0.154405 0.289822
vt -0.154518 0.316780
vt -0.156180 0.227960
vt -0.135257 0.227960
vt -0.134049 0.259540
vt -0.133898 0.289822
vt -0.113315 0.289822
vt -0.133898 0.316780
vt -0.113391 0.259540
vt -0.092619 0.259540
vt -0.092657 0.289822
vt -0.072037 0.289822
vt -0.092657 0.316780
vt -0.072074 0.316780
vt -0.113277 0.316780
vt 0.203959 -0.360796
vt 0.202713 -0.349992
vt 0.142929 -0.360796
vt 0.142853 -0.349992
vt 0.090698 -0.360796
vt 0.090660 -0.349992
vt 0.042244 -0.349992
vt 0.090585 -0.338929
vt 0.042168 -0.338929
vt 0.042017 -0.328125
vt -0.003982 -0.328125
vt 0.142664 -0.338929
vt 0.090320 -0.328125
vt 0.142249 -0.328125
vt 0.200711 -0.338929
vt 0.198030 -0.328125
vt 0.042244 -0.360796
vt -0.003831 -0.360796
vt -0.003831 -0.349992
vt -0.003906 -0.338929
vt -0.048470 -0.349992
vt -0.048508 -0.338929
vt -0.092430 -0.349992
vt -0.092430 -0.338929
vt -0.136390 -0.349992
vt -0.136390 -0.338929
vt -0.181068 -0.349992
vt -0.180992 -0.338929
vt -0.227067 -0.338929
vt -0.240323 0.152956
vt -0.210110 0.152956
vt -0.237264 0.164072
vt -0.209090 0.164072
vt -0.231297 0.177784
vt -0.206711 0.177784
vt -0.224990 0.189835
vt -0.203841 0.189835
vt -0.185562 0.152956
vt -0.184769 0.164072
vt -0.183371 0.177784
vt -0.181710 0.189835
vt -0.159503 0.189835
vt -0.162147 0.152956
vt -0.161542 0.164072
vt -0.160598 0.177784
vt -0.137901 0.177784
vt -0.137297 0.189835
vt -0.115279 0.177784
vt -0.114977 0.189835
vt -0.092581 0.189835
vt -0.138543 0.164072
vt -0.115543 0.164072
vt -0.092544 0.177784
vt -0.092544 0.164072
vt -0.069884 0.177784
vt -0.069544 0.164072
vt -0.046582 0.164072
vt -0.046129 0.152956
vt -0.022978 0.152956
vt -0.069355 0.152956
vt -0.092544 0.152956
vt -0.115770 0.152956
vt -0.138921 0.152956
vt -0.070224 0.189835
vt -0.047904 0.189835
vt -0.047224 0.177784
vt -0.023583 0.164072
vt 0.000437 0.152956
vt -0.024564 0.177784
vt -0.025660 0.189835
vt -0.001754 0.177784
vt -0.003491 0.189835
vt -0.000356 0.164072
vt 0.025023 0.152956
vt 0.023965 0.164072
vt 0.021548 0.177784
vt 0.018640 0.189835
vt 0.055198 0.152956
vt 0.052139 0.164072
vt 0.046096 0.177784
vt 0.039751 0.189835
vt -0.048470 -0.360796
vt -0.092430 -0.360796
vt -0.136390 -0.360796
vt -0.181068 -0.360796
vt -0.227142 -0.360796
vt -0.227142 -0.349992
vt -0.275596 -0.349992
vt -0.275483 -0.338929
vt -0.327789 -0.349992
vt -0.327563 -0.338929
vt -0.385647 -0.338929
vt -0.387686 -0.349992
vt -0.388895 -0.360796
vt -0.327865 -0.360796
vt -0.275596 -0.360796
vt 0.177976 -0.205387
vt 0.124952 -0.205387
vt 0.078311 -0.205387
vt 0.033973 -0.205387
vt -0.008854 -0.205387
vt -0.050888 -0.205387
vt -0.092430 -0.205387
vt -0.134011 -0.205387
vt -0.133898 -0.199570
vt -0.176007 -0.205387
vt -0.175780 -0.199570
vt -0.218834 -0.205387
vt -0.218494 -0.199570
vt -0.262680 -0.199570
vt -0.262114 -0.193908
vt -0.308377 -0.193908
vt -0.307660 -0.188091
vt -0.361288 -0.188091
vt -0.306867 -0.182637
vt -0.359362 -0.182637
vt -0.356945 -0.177131
vt -0.092430 -0.199570
vt -0.051001 -0.199570
vt -0.009118 -0.199570
vt 0.033633 -0.199570
vt 0.077782 -0.199570
vt 0.124272 -0.199570
vt 0.178164 -0.199570
vt -0.009345 -0.193908
vt 0.033256 -0.193908
vt 0.077215 -0.193908
vt 0.123517 -0.193908
vt 0.177636 -0.193908
vt 0.032916 -0.188091
vt 0.076724 -0.188091
vt 0.122799 -0.188091
vt 0.176389 -0.188091
vt -0.009534 -0.188091
vt -0.051076 -0.193908
vt -0.092430 -0.193908
vt -0.051190 -0.188091
vt -0.092430 -0.188091
vt -0.133822 -0.193908
vt -0.175516 -0.193908
vt -0.218116 -0.193908
vt -0.133709 -0.188091
vt -0.175327 -0.188091
vt -0.217776 -0.188091
vt -0.261585 -0.188091
vt -0.133595 -0.182637
vt -0.175138 -0.182637
vt -0.217436 -0.182637
vt -0.261056 -0.182637
vt -0.217059 -0.177131
vt -0.174874 -0.177131
vt -0.133444 -0.177131
vt -0.260528 -0.177131
vt -0.306149 -0.177131
vt 0.050288 0.124181
vt 0.026307 0.124181
vt 0.002552 0.124181
vt -0.021128 0.124181
vt -0.044845 0.124181
vt -0.022072 0.138101
vt -0.045525 0.138101
vt -0.045902 0.146256
vt -0.069015 0.138101
vt -0.069204 0.146256
vt -0.092506 0.138101
vt -0.092544 0.146256
vt -0.116034 0.138101
vt -0.115883 0.146256
vt -0.139185 0.146256
vt -0.162487 0.146256
vt -0.022601 0.146256
vt 0.000928 0.146256
vt 0.025514 0.146256
vt 0.055387 0.146256
vt 0.001532 0.138101
vt 0.026042 0.138101
vt 0.053763 0.138101
vt -0.004208 -0.313425
vt 0.041602 -0.313425
vt 0.041073 -0.298882
vt 0.088885 -0.298882
vt 0.087941 -0.284858
vt 0.140096 -0.298882
vt 0.138623 -0.284858
vt 0.197878 -0.298882
vt 0.194215 -0.284858
vt 0.086430 -0.266418
vt 0.136168 -0.266418
vt 0.188663 -0.266418
vt 0.089678 -0.313425
vt 0.141267 -0.313425
vt 0.199162 -0.313425
vt -0.068675 0.124181
vt -0.092506 0.124181
vt -0.116412 0.124181
vt -0.139525 0.138101
vt -0.162978 0.138101
vt -0.163922 0.124181
vt -0.140205 0.124181
vt -0.186015 0.146256
vt -0.186619 0.138101
vt -0.187563 0.124181
vt -0.211356 0.124181
vt -0.211092 0.138101
vt -0.210601 0.146256
vt -0.240512 0.146256
vt -0.238888 0.138101
vt -0.235338 0.124181
vt 0.172046 -0.177131
vt 0.121213 -0.177131
vt 0.174463 -0.182637
vt 0.122006 -0.182637
vt 0.075667 -0.177131
vt 0.076158 -0.182637
vt 0.032538 -0.182637
vt -0.009760 -0.182637
vt -0.051303 -0.182637
vt -0.092430 -0.182637
vt -0.092430 -0.177131
vt -0.051378 -0.177131
vt -0.009987 -0.177131
vt 0.032198 -0.177131
vt -0.362572 -0.193908
vt -0.309133 -0.199570
vt -0.263171 -0.205387
vt -0.363063 -0.199570
vt -0.309813 -0.205387
vt -0.362874 -0.205387
vt -0.113957 0.227960
vt -0.092619 0.227960
vt -0.071243 0.227960
vt -0.071923 0.259540
vt -0.051492 0.289822
vt -0.051454 0.316780
vt -0.030871 0.316780
vt -0.030947 0.289822
vt -0.010515 0.289822
vt -0.011006 0.259540
vt 0.008028 0.259540
vt 0.010898 0.227960
vt 0.025627 0.259540
vt 0.028724 0.227960
vt -0.008627 0.227960
vt -0.030909 0.259540
vt -0.029059 0.227960
vt -0.051303 0.259540
vt -0.050019 0.227960
vt -0.010100 0.316780
vt 0.009916 0.289822
vt 0.011427 0.316780
vt 0.035861 0.316780
vt 0.030234 0.289822
vt 0.030385 0.225259
vt 0.011427 0.225259
vt 0.031783 0.222298
vt 0.011918 0.222298
vt 0.032765 0.219234
vt 0.012409 0.219234
vt 0.033256 0.216169
vt 0.012862 0.216169
vt 0.033369 0.213156
vt 0.013391 0.213156
vt -0.008325 0.225259
vt -0.007985 0.222298
vt -0.007645 0.219234
vt -0.007305 0.216169
vt -0.006965 0.213156
vt -0.028643 0.222298
vt -0.028417 0.219234
vt -0.028190 0.216169
vt -0.027963 0.213156
vt -0.049755 0.222298
vt -0.049679 0.219234
vt -0.049490 0.216169
vt -0.049301 0.213156
vt -0.071130 0.222298
vt -0.071092 0.219234
vt -0.070979 0.216169
vt -0.070941 0.213156
vt -0.092581 0.213156
vt -0.071206 0.225259
vt -0.092619 0.222298
vt -0.092619 0.219234
vt -0.092619 0.216169
vt -0.114221 0.216169
vt -0.114335 0.213156
vt -0.135899 0.213156
vt -0.049868 0.225259
vt -0.028870 0.225259
vt -0.092619 0.225259
vt -0.114070 0.225259
vt -0.135370 0.225259
vt -0.114108 0.222298
vt -0.135484 0.222298
vt -0.114184 0.219234
vt -0.135597 0.219234
vt -0.135748 0.216169
vt -0.157048 0.216169
vt -0.157275 0.213156
vt -0.177971 0.216169
vt -0.178273 0.213156
vt -0.198176 0.216169
vt -0.198629 0.213156
vt -0.218569 0.216169
vt -0.218683 0.213156
vt -0.218078 0.219234
vt -0.197685 0.219234
vt -0.217134 0.222298
vt -0.197232 0.222298
vt -0.215737 0.225259
vt -0.196703 0.225259
vt -0.176989 0.225259
vt -0.177329 0.222298
vt -0.156633 0.222298
vt -0.156822 0.219234
vt -0.177593 0.219234
vt -0.156406 0.225259
vt 0.059919 0.057644
vt 0.036730 0.057644
vt 0.077518 0.004664
vt 0.051346 0.004664
vt 0.097534 -0.044109
vt 0.068378 -0.044109
vt 0.120647 -0.091220
vt 0.087110 -0.091220
vt 0.144968 -0.135786
vt 0.105465 -0.135786
vt 0.012333 0.057644
vt 0.024003 0.004664
vt 0.037712 -0.044109
vt 0.052063 -0.091220
vt 0.005875 -0.044109
vt 0.016223 -0.091220
vt -0.026604 -0.044109
vt -0.019919 -0.091220
vt -0.059423 -0.044109
vt -0.056175 -0.091220
vt -0.092393 -0.091220
vt -0.053418 -0.135786
vt -0.092430 -0.135786
vt -0.131481 -0.135786
vt -0.170644 -0.135786
vt -0.210148 -0.135786
vt -0.250066 -0.135786
vt -0.290325 -0.135786
vt -0.329904 -0.135786
vt -0.128724 -0.091220
vt -0.164979 -0.091220
vt -0.201121 -0.091220
vt -0.236924 -0.091220
vt -0.272009 -0.091220
vt -0.305583 -0.091220
vt -0.222573 -0.044109
vt -0.253314 -0.044109
vt -0.282508 -0.044109
vt -0.236244 0.004664
vt -0.262492 0.004664
vt -0.208901 0.004664
vt -0.190774 -0.044109
vt -0.180577 0.004664
vt -0.158295 -0.044109
vt -0.151534 0.004664
vt -0.125400 -0.044109
vt -0.122115 0.004664
vt -0.092430 -0.044109
vt -0.092430 0.004664
vt -0.062822 0.004664
vt -0.033364 0.004664
vt -0.065730 0.057644
vt -0.039180 0.057644
vt -0.244930 0.057644
vt -0.221742 0.057644
vt -0.197269 0.057644
vt -0.171853 0.057644
vt -0.145794 0.057644
vt -0.119169 0.057644
vt -0.092430 0.057644
vt -0.004360 0.004664
vt -0.013084 0.057644
vt -0.014254 -0.135786
vt 0.025287 -0.135786
vt 0.065206 -0.135786
vt 0.783594 1.274943
vt 0.794962 1.286006
vt 0.776683 1.278890
vt 0.781064 1.294161
vt 0.768752 1.278890
vt 0.764938 1.294265
vt 0.761992 1.274839
vt 0.750964 1.286214
vt 0.758140 1.267879
vt 0.742882 1.272242
vt 0.758253 1.259880
vt 0.742882 1.256036
vt 0.762294 1.253023
vt 0.750889 1.242012
vt 0.769206 1.249076
vt 0.764862 1.233805
vt 0.777099 1.249128
vt 0.780951 1.233753
vt 0.783859 1.253179
vt 0.794962 1.241856
vt 0.787749 1.260139
vt 0.802969 1.255880
vt 0.787635 1.268086
vt 0.803006 1.271982
vt -0.313589 1.291408
vt -0.306338 1.281020
vt -0.302373 1.284863
vt -0.301240 1.272242
vt -0.295915 1.273592
vt -0.301202 1.262165
vt -0.295915 1.260659
vt -0.306187 1.253387
vt -0.302297 1.249491
vt -0.314873 1.248245
vt -0.313438 1.242895
vt -0.324995 1.248089
vt -0.326467 1.242739
vt -0.333907 1.253075
vt -0.337835 1.249180
vt -0.339119 1.261853
vt -0.344482 1.260503
vt -0.339157 1.272086
vt -0.344520 1.273592
vt -0.334134 1.280916
vt -0.337986 1.284915
vt -0.325297 1.286058
vt -0.326619 1.291408
vt -0.315100 1.286058
vt -0.309397 1.256607
vt -0.305621 1.263412
vt -0.305696 1.271151
vt -0.309662 1.277799
vt -0.316384 1.281591
vt -0.324201 1.281539
vt -0.330848 1.277592
vt -0.334700 1.270787
vt -0.334587 1.263048
vt -0.330622 1.256451
vt -0.323862 1.252504
vt -0.327752 1.259256
vt -0.322766 1.256503
vt -0.325146 1.261905
vt -0.321822 1.260139
vt -0.322615 1.264502
vt -0.320954 1.263619
vt -0.320236 1.267203
vt -0.319141 1.263671
vt -0.317555 1.264606
vt -0.314949 1.262113
vt -0.316648 1.266268
vt -0.313136 1.265437
vt -0.313249 1.269177
vt -0.309662 1.270112
vt -0.312569 1.274943
vt -0.309510 1.264450
vt -0.312305 1.259464
vt -0.317139 1.256607
vt -0.316120 1.252764
vt -0.318159 1.260191
vt -0.316724 1.268086
vt -0.317668 1.269696
vt -0.315175 1.272294
vt -0.319292 1.270579
vt -0.318423 1.274112
vt -0.322162 1.274008
vt -0.323182 1.277592
vt -0.328016 1.274683
vt -0.330697 1.269748
vt -0.325334 1.272086
vt -0.321180 1.270528
vt -0.322766 1.269593
vt -0.327147 1.268813
vt -0.330697 1.264087
vt -0.327072 1.265074
vt -0.323597 1.266061
vt -0.323597 1.267982
vt -0.317479 1.277695
vt 0.807803 1.298368
vt 0.820417 1.276397
vt 0.820190 1.251101
vt 0.807500 1.229130
vt 0.785445 1.216301
vt 0.759915 1.216509
vt 0.738011 1.229494
vt 0.725623 1.251621
vt 0.725434 1.277072
vt 0.738464 1.298939
vt 0.760519 1.311717
vt 0.786011 1.311353
vt 0.814487 1.222482
vt 0.788164 1.207003
vt 0.821625 1.215626
vt 0.790846 1.197290
vt 0.828914 1.208561
vt 0.793602 1.187214
vt 0.848590 1.243882
vt 0.838884 1.246375
vt 0.829367 1.248816
vt 0.848401 1.283825
vt 0.838771 1.281279
vt 0.829367 1.278786
vt 0.814676 1.304861
vt 0.788844 1.320599
vt 0.758253 1.321170
vt 0.731515 1.306004
vt 0.716333 1.279513
vt 0.724453 1.313016
vt 0.706702 1.282110
vt 0.696808 1.284708
vt 0.706627 1.246531
vt 0.696808 1.243934
vt 0.717013 1.208458
vt 0.716144 1.249128
vt 0.731250 1.222586
vt 0.757574 1.207159
vt 0.724264 1.215574
vt 0.754930 1.197550
vt 0.752211 1.187629
vt 0.828989 1.318781
vt 0.821738 1.311717
vt 0.791563 1.330104
vt 0.755723 1.330987
vt 0.753117 1.341168
vt 0.717201 1.320287
vt 0.794396 1.339869
vt 0.170045 0.858528
vt 0.233265 0.822014
vt 0.269710 0.958308
vt 0.306230 0.822117
vt 0.369450 0.858632
vt 0.405932 0.921845
vt 0.405932 0.994823
vt 0.369413 1.058035
vt 0.306192 1.094498
vt 0.233190 1.094498
vt 0.169969 1.057983
vt 0.133487 0.994771
vt 0.133525 0.921793
vn -0.964596 0.000000 -0.263732
vn -0.964596 0.000000 -0.263732
vn -0.707061 0.000000 -0.707153
vn -0.707061 0.000000 -0.707153
vn -0.263816 0.000000 -0.964573
vn -0.263816 0.000000 -0.964573
vn 0.263816 0.000000 -0.964573
vn 0.263816 0.000000 -0.964573
vn 0.703315 0.000000 -0.710878
vn 0.703315 0.000000 -0.710878
vn 0.966491 0.000000 -0.256700
vn 0.966491 0.000000 -0.256700
vn 0.966491 -0.000000 0.256700
vn 0.966491 -0.000000 0.256700
vn 0.707152 -0.000000 0.707061
vn 0.707152 -0.000000 0.707061
vn 0.256700 -0.000000 0.966491
vn 0.256700 -0.000000 0.966491
vn -0.256700 0.000000 0.966491
vn -0.256700 0.000000 0.966491
vn -0.710877 0.000000 0.703316
vn -0.710877 0.000000 0.703316
vn -0.964596 0.000000 0.263732
vn -0.964596 0.000000 0.263732
vn -0.965555 0.000000 0.260198
vn -0.965555 0.000000 0.260198
vn -0.707107 0.000000 0.707107
vn -0.707107 0.000000 0.707107
vn -0.261930 0.000000 0.965087
vn -0.261930 0.000000 0.965087
vn 0.260198 0.000000 0.965555
vn 0.260198 0.000000 0.965555
vn 0.707148 0.000000 0.707065
vn 0.707148 0.000000 0.707065
vn 0.965534 0.000000 0.260275
vn 0.965534 0.000000 0.260275
vn 0.965066 0.000000 -0.262007
vn 0.965066 0.000000 -0.262007
vn 0.707148 0.000000 -0.707065
vn 0.707148 0.000000 -0.707065
vn 0.260198 0.000000 -0.965555
vn 0.260198 0.000000 -0.965555
vn -0.261930 -0.000000 -0.965087
vn -0.261930 -0.000000 -0.965087
vn -0.707107 -0.000000 -0.707107
vn -0.707107 -0.000000 -0.707107
vn -0.965087 -0.000000 -0.261930
vn -0.965087 -0.000000 -0.261930
vn -0.965958 0.000000 0.258699
vn -0.965958 0.000000 0.258699
vn -0.707127 0.000000 0.707087
vn -0.707127 0.000000 0.707087
vn -0.259472 0.000000 0.965751
vn -0.259472 0.000000 0.965751
vn 0.258662 0.000000 0.965968
vn 0.258662 0.000000 0.965968
vn 0.707127 0.000000 0.707087
vn 0.707127 0.000000 0.707087
vn 0.965958 0.000000 0.258699
vn 0.965958 0.000000 0.258699
vn 0.965738 0.000000 -0.259519
vn 0.965738 0.000000 -0.259519
vn 0.707127 0.000000 -0.707087
vn 0.707127 0.000000 -0.707087
vn 0.258662 0.000000 -0.965968
vn 0.258662 0.000000 -0.965968
vn -0.259472 -0.000000 -0.965751
vn -0.259472 -0.000000 -0.965751
vn -0.707127 -0.000000 -0.707087
vn -0.707127 -0.000000 -0.707087
vn -0.965738 -0.000000 -0.259519
vn -0.965738 -0.000000 -0.259519
vn -0.000000 1.000000 0.000000
vn 0.000000 1.000000 0.000000
vn 0.000000 1.000000 0.000000
vn 0.000000 1.000000 0.000000
vn 0.000000 1.000000 0.000000
vn 0.000000 1.000000 0.000000
vn 0.000000 1.000000 0.000000
vn 0.000000 1.000000 0.000000
vn 0.000000 1.000000 0.000000
vn 0.000000 1.000000 0.000000
vn 0.000000 1.000000 0.000000
vn 0.000000 1.000000 0.000000
vn 0.000000 1.000000 -0.000000
vn 0.000000 1.000000 0.000000
vn 0.000000 1.000000 -0.000000
vn 0.000000 1.000000 0.000000
vn 0.000000 1.000000 -0.000000
vn 0.000000 1.000000 0.000000
vn -0.000000 1.000000 0.000000
vn 0.000000 1.000000 0.000000
vn -0.000000 1.000000 0.000000
vn 0.000000 1.000000 0.000000
vn -0.000000 1.000000 0.000000
vn 0.000000 1.000000 0.000000
vn -0.000000 -1.000000 0.000000
vn 0.000000 -1.000000 0.000000
vn -0.000000 -1.000000 0.000000
vn 0.000000 -1.000000 0.000000
vn -0.000000 -1.000000 0.000000
vn 0.000000 -1.000000 0.000000
vn 0.000000 -1.000000 0.000000
vn 0.000000 -1.000000 0.000000
vn 0.000000 -1.000000 0.000000
vn 0.000000 -1.000000 0.000000
vn 0.000000 -1.000000 0.000000
vn 0.000000 -1.000000 0.000000
vn 0.000000 -1.000000 0.000000
vn 0.000000 -1.000000 0.000000
vn 0.000000 -1.000000 0.000000
vn 0.000000 -1.000000 0.000000
vn 0.000000 -1.000000 0.000000
vn 0.000000 -1.000000 0.000000
vn 0.000000 -1.000000 0.000000
vn 0.000000 -1.000000 0.000000
vn 0.000000 -1.000000 -0.000000
vn 0.000000 -1.000000 0.000000
vn 0.000000 -1.000000 -0.000000
vn 0.000000 -1.000000 0.000000
vn -0.800903 -0.558893 0.214925
vn -0.801361 -0.558093 0.215295
vn -0.965754 0.000000 0.259461
vn -0.965754 0.000000 0.259461
vn -0.800829 0.558912 0.215152
vn -0.801410 0.558113 0.215062
vn -0.678100 0.712087 0.181971
vn -0.677222 0.712882 0.182129
vn -0.821680 0.525366 0.220979
vn -0.823602 0.522660 0.220242
vn -0.914367 0.322718 0.244514
vn -0.913163 0.325420 0.245428
vn -0.587380 -0.556725 0.587402
vn -0.587353 -0.556827 0.587333
vn -0.707119 0.000000 0.707094
vn -0.707119 0.000000 0.707094
vn -0.587377 0.556777 0.587356
vn -0.587307 0.556879 0.587329
vn -0.495433 0.713494 0.495452
vn -0.498229 0.710848 0.496450
vn -0.603501 0.523613 0.601346
vn -0.600909 0.527050 0.600938
vn -0.668782 0.324680 0.668814
vn -0.668841 0.324574 0.668807
vn -0.180995 0.711749 0.678716
vn -0.183214 0.708671 0.681335
vn -0.221145 0.524179 0.822394
vn -0.217381 0.530502 0.819337
vn -0.242513 0.325080 0.914062
vn -0.246922 0.316519 0.915885
vn -0.213816 0.558043 0.801792
vn -0.214568 0.564621 0.796971
vn 0.214136 0.564676 0.797049
vn 0.259461 0.000000 0.965754
vn 0.707119 -0.000000 0.707094
vn 0.587400 -0.556729 0.587379
vn 0.802040 -0.557849 0.213391
vn 0.707119 0.000000 0.707094
vn 0.587355 0.556824 0.587334
vn 0.213371 0.557967 0.801964
vn 0.180386 0.712596 0.677988
vn 0.183219 0.708670 0.681335
vn 0.220188 0.530160 0.818809
vn 0.495441 0.713495 0.495441
vn 0.587367 0.556775 0.587367
vn 0.801330 0.558142 0.215287
vn 0.965754 -0.000000 0.259461
vn 0.965754 -0.000000 0.259461
vn 0.797126 -0.564560 0.214157
vn 0.797395 -0.564751 -0.212643
vn 0.797446 0.564858 0.212169
vn 0.677959 0.712625 0.180378
vn 0.495441 0.713495 0.495441
vn 0.602502 0.523434 0.602502
vn 0.602468 0.523479 0.602497
vn 0.668807 0.324578 0.668839
vn 0.245437 0.325328 0.913194
vn 0.797363 0.564799 -0.212635
vn 0.678240 0.712234 -0.180868
vn 0.678269 0.712264 0.180640
vn 0.822068 0.525614 0.218937
vn 0.824364 0.522377 0.218050
vn 0.914258 0.325041 0.241828
vn 0.668811 0.324629 0.668811
vn 0.677713 0.712711 -0.180964
vn 0.823695 0.522638 -0.219945
vn 0.822222 0.525712 -0.218125
vn 0.916772 0.316826 -0.243208
vn 0.916065 0.316581 0.246174
vn 0.602483 0.523477 -0.602483
vn 0.668824 0.324576 -0.668824
vn 0.912990 0.325385 -0.246117
vn 0.668824 0.324576 -0.668824
vn 0.244329 0.325235 -0.913524
vn 0.245639 0.322695 -0.914073
vn -0.245208 0.322731 -0.914176
vn -0.246108 0.325384 -0.912993
vn -0.668824 0.324576 -0.668824
vn -0.668828 0.324631 -0.668793
vn -0.913312 0.325360 -0.244953
vn -0.913916 0.322559 -0.246401
vn 0.219833 0.525448 -0.821935
vn 0.221362 0.522863 -0.823173
vn 0.183219 0.708670 -0.681335
vn 0.180386 0.712596 -0.677988
vn 0.213371 0.557967 -0.801964
vn 0.587343 0.556826 -0.587343
vn 0.587377 0.556777 -0.587356
vn 0.801180 0.558195 -0.215706
vn 0.965615 0.000000 -0.259978
vn 0.965615 0.000000 -0.259978
vn 0.801211 -0.558147 -0.215715
vn 0.495441 0.713495 -0.495441
vn 0.495441 0.713495 -0.495441
vn 0.602483 0.523477 -0.602483
vn 0.587366 -0.556778 0.587366
vn 0.213379 -0.557919 0.801995
vn 0.214145 -0.564628 0.797080
vn -0.214576 -0.564573 0.797003
vn -0.213824 -0.557995 0.801824
vn 0.259461 0.000000 0.965754
vn -0.259972 0.000000 0.965616
vn -0.259972 0.000000 0.965616
vn -0.000000 1.000000 0.000000
vn 0.000000 1.000000 0.000000
vn 0.000000 1.000000 0.000000
vn 0.000000 1.000000 0.000000
vn 0.000000 1.000000 0.000000
vn 0.000000 1.000000 0.000000
vn 0.000000 1.000000 0.000000
vn 0.000000 1.000000 0.000000
vn 0.000000 1.000000 0.000000
vn 0.000000 1.000000 0.000000
vn 0.000000 1.000000 0.000000
vn 0.000000 1.000000 0.000000
vn 0.000000 1.000000 -0.000000
vn 0.000000 1.000000 0.000000
vn 0.000000 1.000000 -0.000000
vn 0.000000 1.000000 0.000000
vn 0.000000 1.000000 -0.000000
vn 0.000000 1.000000 0.000000
vn -0.000000 1.000000 0.000000
vn 0.000000 1.000000 0.000000
vn -0.000000 1.000000 0.000000
vn 0.000000 1.000000 0.000000
vn -0.000000 1.000000 0.000000
vn 0.000000 1.000000 0.000000
vn -0.959183 -0.105788 0.262252
vn -0.959689 -0.107018 0.259894
vn -0.918500 -0.307387 0.248740
vn -0.918372 -0.306378 0.250449
vn -0.840270 -0.491362 0.229150
vn -0.839448 -0.495579 0.222997
vn -0.706667 -0.108671 0.699151
vn -0.703124 -0.105981 0.703124
vn -0.673280 -0.305597 0.673280
vn -0.673280 -0.305597 0.673280
vn -0.614506 -0.494736 0.614506
vn -0.615457 -0.496431 0.612184
vn -0.244493 -0.305873 0.920144
vn -0.247047 -0.307524 0.918911
vn -0.225349 -0.496617 0.838206
vn -0.223123 -0.494718 0.839923
vn -0.255356 -0.105940 0.961026
vn -0.255254 -0.105993 0.961047
vn 0.255254 -0.105993 0.961047
vn 0.253675 -0.106813 0.961374
vn 0.242742 -0.307869 0.919942
vn 0.245957 -0.305981 0.919718
vn 0.224543 -0.494552 0.839642
vn 0.673286 -0.305568 0.673286
vn 0.614506 -0.494736 0.614506
vn 0.223003 -0.495604 0.839432
vn 0.673318 -0.305601 0.673240
vn 0.920574 -0.305779 0.242986
vn 0.919232 -0.307589 0.245768
vn 0.918933 -0.307489 -0.247009
vn 0.839424 -0.494424 -0.225637
vn 0.839050 -0.496320 -0.222852
vn 0.839652 -0.494558 0.224491
vn 0.839443 -0.495607 0.222956
vn 0.614479 -0.494756 0.614518
vn -0.882149 0.407282 -0.236504
vn -0.878330 0.415195 -0.236957
vn -0.643972 0.413006 -0.643992
vn -0.644046 0.412841 -0.644024
vn -0.236969 0.415052 -0.878395
vn -0.213390 0.573406 -0.790993
vn -0.209642 0.583073 -0.784905
vn -0.170261 0.751433 -0.637463
vn 0.169623 0.751517 -0.637534
vn -0.789609 0.575448 -0.213022
vn -0.578130 0.577496 -0.576424
vn -0.580110 0.571811 -0.580091
vn -0.467844 0.750689 -0.466464
vn -0.170288 0.750491 -0.638566
vn -0.470050 0.747054 -0.470068
vn -0.639863 0.749160 -0.171273
vn -0.642877 0.746197 -0.172915
vn -0.236517 0.407168 -0.882198
vn 0.236086 0.407212 -0.882293
vn 0.236532 0.415008 -0.878533
vn 0.212630 0.575393 -0.789754
vn 0.577350 0.577350 -0.577350
vn 0.575339 0.583027 -0.573642
vn 0.784955 0.582814 -0.210174
vn 0.784769 0.583106 -0.210060
vn 0.784829 0.583151 0.209710
vn 0.785111 0.582775 0.209702
vn 0.574526 0.582939 0.574545
vn 0.574612 0.582808 0.574592
vn 0.211250 0.582867 0.784627
vn 0.171588 0.751258 0.637314
vn -0.170001 0.751467 0.637492
vn 0.171796 0.744012 0.645703
vn 0.472990 0.743355 0.472973
vn 0.473016 0.743311 0.473016
vn 0.645512 0.744035 0.172416
vn 0.643084 0.746437 0.171099
vn 0.642970 0.746304 -0.172104
vn 0.645618 0.744000 -0.172168
vn 0.473609 0.743445 -0.472212
vn 0.470022 0.747100 -0.470022
vn 0.170927 0.749175 -0.639938
vn -0.616126 0.770158 0.165060
vn -0.617113 0.769395 0.164933
vn -0.444009 0.888129 0.118668
vn -0.440163 0.889917 0.119602
vn -0.308577 0.947497 0.083847
vn -0.309928 0.947084 0.083520
vn -0.450358 0.770928 0.450386
vn -0.450406 0.770888 0.450406
vn -0.323357 0.889314 0.323357
vn -0.323357 0.889314 0.323357
vn -0.226752 0.947189 0.226752
vn -0.084047 0.947121 0.309673
vn -0.165884 0.769474 0.616759
vn -0.165324 0.770179 0.616029
vn -0.118294 0.889783 0.440787
vn -0.121300 0.887823 0.443911
vn -0.084316 0.947459 0.308565
vn 0.083867 0.947495 0.308576
vn 0.083530 0.947071 0.309967
vn 0.226773 0.947179 0.226773
vn 0.226762 0.947191 0.226736
vn 0.309916 0.947087 0.083543
vn 0.120659 0.887893 0.443946
vn 0.117850 0.889731 0.441011
vn 0.323357 0.889314 0.323357
vn 0.323357 0.889314 0.323357
vn 0.441227 0.889671 0.117493
vn 0.440387 0.890059 0.117700
vn 0.440376 0.890037 -0.117907
vn 0.440809 0.889768 -0.118323
vn 0.323357 0.889314 -0.323357
vn 0.453427 0.767338 -0.453427
vn 0.166298 0.768169 -0.618272
vn 0.449372 0.770718 -0.451729
vn 0.616825 0.769489 -0.165570
vn 0.616063 0.770078 -0.165668
vn 0.616166 0.770208 0.164680
vn 0.616955 0.769447 0.165282
vn 0.450370 0.770930 0.450370
vn 0.452051 0.767562 0.454421
vn 0.165333 0.768034 0.618699
vn 0.165685 0.770132 0.615991
vn 0.311914 0.946473 0.083058
vn 0.311871 0.946344 -0.084670
vn 0.310185 0.947042 -0.083050
vn 0.226762 0.947191 -0.226736
vn 0.226773 0.947179 -0.226773
vn 0.323357 0.889314 -0.323357
vn 0.117850 0.889731 -0.441011
vn 0.164639 0.770269 -0.616101
vn -0.165678 0.770133 -0.615992
vn 0.120659 0.887893 -0.443946
vn 0.083867 0.947495 -0.308576
vn 0.083530 0.947071 -0.309967
vn -0.121300 0.887823 -0.443911
vn -0.084545 0.947166 -0.309400
vn -0.083750 0.947504 -0.308579
vn -0.118294 0.889783 -0.440787
vn -0.165559 0.769427 -0.616906
vn -0.450390 0.770890 -0.450418
vn -0.323357 0.889314 -0.323357
vn -0.323357 0.889314 -0.323357
vn -0.226752 0.947189 -0.226752
vn -0.226752 0.947189 -0.226752
vn -0.450370 0.770930 -0.450370
vn -0.616703 0.769529 -0.165840
vn -0.616094 0.770117 -0.165373
vn -0.440809 0.889768 -0.118323
vn -0.443869 0.887848 -0.121268
vn -0.309379 0.947175 -0.084524
vn -0.308579 0.947504 -0.083750
vn 0.644035 0.412843 -0.644035
vn 0.643998 0.412924 -0.644019
vn 0.878811 0.414946 -0.235609
vn 0.878171 0.416568 -0.235133
vn 0.878203 0.416583 0.234986
vn 0.879053 0.414842 0.234887
vn 0.644025 0.412841 0.644045
vn 0.644023 0.412844 0.644045
vn 0.235194 0.414873 0.878956
vn 0.234683 0.416615 0.878269
vn -0.235128 0.416569 0.878172
vn -0.210554 0.580736 0.786392
vn -0.577350 0.577350 0.577350
vn -0.577326 0.577418 0.577306
vn -0.790305 0.575204 0.211090
vn -0.643010 0.746351 0.171748
vn -0.639696 0.749213 0.171665
vn -0.470064 0.747057 0.470048
vn -0.469976 0.747147 0.469994
vn -0.173225 0.745665 0.643410
vn -0.212625 0.575393 0.789755
vn 0.211103 0.575587 0.790022
vn -0.784629 0.582867 0.211245
vn -0.881941 0.407186 0.237444
vn -0.878909 0.414985 0.235175
vn -0.643998 0.412924 0.644019
vn -0.644035 0.412843 0.644035
vn -0.205696 -0.977054 -0.055276
vn -0.201583 -0.977988 -0.053892
vn -0.150332 -0.977140 -0.150324
vn -0.150334 -0.977139 -0.150326
vn -0.054128 -0.978000 -0.201462
vn -0.054982 -0.977070 -0.205699
vn 0.055081 -0.977064 -0.205698
vn 0.053730 -0.977979 -0.201668
vn 0.150335 -0.977139 -0.150326
vn 0.150332 -0.977140 -0.150324
vn 0.201457 -0.978000 -0.054137
vn 0.205699 -0.977069 -0.054993
vn 0.205701 -0.977079 0.054812
vn 0.698116 -0.691397 0.186024
vn 0.510200 -0.692401 0.510173
vn 0.510204 -0.692396 0.510177
vn 0.185999 -0.691393 0.698126
vn 0.185426 -0.694844 0.694844
vn -0.185419 -0.694845 0.694845
vn -0.251858 -0.213949 0.943818
vn -0.690203 -0.207656 0.693180
vn -0.673158 0.299665 0.676062
vn -0.922497 0.297285 0.246214
vn -0.698003 0.691437 0.186296
vn -0.694880 0.694880 0.185162
vn -0.300167 0.950528 0.079984
vn 0.694841 -0.694841 0.185452
vn 0.694801 -0.694801 -0.185752
vn 0.697780 -0.691516 -0.186838
vn 0.510200 -0.692401 -0.510173
vn 0.510204 -0.692396 -0.510177
vn 0.185999 -0.691393 -0.698126
vn 0.185426 -0.694844 -0.694844
vn -0.185718 -0.694805 -0.694805
vn -0.184559 -0.698281 -0.691622
vn -0.497483 -0.710667 -0.497456
vn -0.511179 -0.692608 -0.508910
vn -0.697888 -0.691478 -0.186577
vn -0.694764 -0.694764 -0.186030
vn 0.680432 -0.272164 -0.680396
vn 0.248274 -0.269829 -0.930351
vn 0.248197 -0.278357 -0.927855
vn -0.247635 -0.278398 -0.927993
vn -0.250376 -0.258301 -0.933055
vn -0.687961 -0.240023 -0.684908
vn -0.680431 -0.272167 -0.680396
vn -0.930126 -0.269889 -0.249050
vn -0.927664 -0.278299 -0.248974
vn 0.245972 0.306512 -0.919537
vn -0.246701 0.306454 -0.919361
vn -0.247155 0.284738 -0.926196
vn -0.681817 0.265141 -0.681781
vn -0.676044 0.299964 -0.673043
vn -0.922121 0.297393 -0.247487
vn -0.919482 0.306494 -0.246200
vn 0.246180 0.297282 -0.922507
vn 0.676098 0.299662 -0.673123
vn 0.687897 -0.240310 -0.684871
vn 0.940822 -0.226040 -0.252506
vn 0.938979 -0.234745 -0.251421
vn 0.939170 -0.234792 0.250664
vn 0.681816 0.265145 -0.681780
vn 0.935395 0.249609 -0.250461
vn 0.932832 0.259120 -0.250361
vn 0.933018 0.259172 0.249614
vn 0.941039 -0.225972 0.251760
vn 0.686416 -0.240240 0.686380
vn 0.686417 -0.240239 0.686380
vn 0.251760 -0.225972 0.941039
vn 0.250596 -0.235329 0.939054
vn -0.251931 -0.235245 0.938717
vn 0.935615 0.249534 0.249715
vn 0.681816 0.265145 0.681780
vn 0.681817 0.265143 0.681781
vn 0.249681 0.249530 0.935625
vn 0.249573 0.259754 0.932867
vn -0.248975 0.259795 0.933015
vn -0.251851 0.236521 0.938418
vn -0.689803 0.229254 0.686742
vn 0.698003 0.691437 0.186296
vn 0.510200 0.692401 0.510173
vn 0.510204 0.692396 0.510177
vn 0.185999 0.691393 0.698126
vn 0.185426 0.694844 0.694844
vn -0.185718 0.694805 0.694805
vn -0.184559 0.698281 0.691622
vn -0.497483 0.710667 0.497456
vn -0.511179 0.692608 0.508910
vn -0.080231 0.950509 0.300161
vn 0.079972 0.950528 0.300167
vn 0.078836 0.952421 0.294412
vn 0.219390 0.950653 0.219377
vn -0.079069 0.952438 0.294294
vn -0.219390 0.950653 0.219377
vn -0.219386 0.950655 0.219374
vn -0.294407 0.952422 0.078847
vn -0.328023 -0.940465 -0.089027
vn -0.326336 -0.941207 -0.087374
vn -0.239222 -0.941035 -0.239222
vn -0.239222 -0.941035 -0.239222
vn -0.088425 -0.941293 -0.325806
vn -0.087851 -0.940564 -0.328058
vn 0.087383 -0.940603 -0.328071
vn 0.124369 -0.875502 -0.466935
vn 0.124735 -0.875263 -0.467285
vn 0.172058 -0.744935 -0.644568
vn 0.469466 -0.746068 -0.472212
vn 0.469989 -0.745586 -0.472453
vn 0.644571 -0.744934 -0.172050
vn 0.641049 -0.747890 -0.172387
vn 0.641268 -0.748146 0.170446
vn 0.644325 -0.745017 0.172615
vn 0.469989 -0.745586 0.472453
vn 0.705255 0.000000 0.708953
vn 0.259741 0.000000 0.965678
vn 0.259741 0.000000 0.965678
vn -0.259730 0.000000 0.965681
vn 0.705255 0.000000 0.708953
vn 0.965938 0.000000 0.258775
vn 0.965938 0.000000 0.258775
vn 0.965692 0.000000 -0.259689
vn 0.965692 0.000000 -0.259689
vn 0.705255 0.000000 -0.708953
vn 0.705255 0.000000 -0.708953
vn 0.259741 0.000000 -0.965678
vn 0.259741 0.000000 -0.965678
vn -0.259730 -0.000000 -0.965681
vn -0.259730 0.000000 -0.965681
vn -0.707085 -0.000000 -0.707129
vn -0.707085 0.000000 -0.707129
vn -0.965692 -0.000000 -0.259689
vn -0.965692 0.000000 -0.259689
vn -0.172395 -0.747957 -0.640968
vn -0.172050 -0.744934 -0.644571
vn -0.471041 -0.745815 -0.471041
vn -0.340733 -0.876243 -0.340733
vn -0.466238 -0.875808 -0.124831
vn -0.340733 -0.876243 -0.340733
vn -0.124487 -0.875782 -0.466378
vn -0.125030 -0.875429 -0.466896
vn -0.470987 -0.745865 -0.471017
vn -0.643413 -0.745366 -0.174500
vn -0.647490 -0.741916 -0.174120
vn 0.587390 -0.556727 -0.587390
vn 0.587377 -0.556776 -0.587357
vn 0.707119 0.000000 -0.707094
vn 0.707119 0.000000 -0.707094
vn 0.259461 0.000000 -0.965754
vn 0.259461 0.000000 -0.965754
vn 0.214136 0.564676 -0.797049
vn -0.214568 0.564621 -0.796971
vn -0.213816 0.558043 -0.801792
vn -0.587330 0.556875 -0.587310
vn -0.587357 0.556773 -0.587380
vn -0.801180 0.558195 -0.215706
vn -0.800786 0.558882 -0.215388
vn -0.181744 0.708868 -0.681525
vn -0.182357 0.711941 -0.678149
vn -0.220964 0.525310 -0.821720
vn -0.220638 0.524111 -0.822573
vn -0.497206 0.711022 -0.497225
vn -0.496208 0.713660 -0.494436
vn -0.602074 0.526875 -0.599924
vn -0.602483 0.523477 -0.602483
vn -0.677212 0.712885 -0.182150
vn -0.677992 0.711973 -0.182813
vn -0.823007 0.522890 -0.221915
vn -0.821790 0.525436 -0.220406
vn 0.215283 -0.558163 -0.801316
vn 0.212165 -0.564877 -0.797433
vn -0.212631 -0.564819 -0.797350
vn -0.215694 -0.558234 -0.801156
vn -0.259972 0.000000 -0.965616
vn -0.259972 0.000000 -0.965616
vn -0.707119 -0.000000 -0.707094
vn -0.707119 0.000000 -0.707094
vn -0.965615 -0.000000 -0.259978
vn -0.965615 0.000000 -0.259978
vn -0.587400 -0.556729 -0.587379
vn -0.801280 -0.558122 -0.215521
vn -0.800781 -0.558808 -0.215599
vn 0.087880 -0.941238 -0.326110
vn 0.239261 -0.941022 -0.239233
vn 0.239222 -0.941035 -0.239222
vn 0.342558 -0.874819 -0.342558
vn 0.339918 -0.876103 -0.341906
vn 0.326336 -0.941207 -0.087374
vn 0.466856 -0.875455 -0.124997
vn 0.466895 -0.875529 0.124328
vn 0.466601 -0.875730 0.124020
vn 0.339918 -0.876103 0.341906
vn 0.469466 -0.746068 0.472212
vn 0.173233 -0.745107 0.644054
vn 0.171135 -0.748124 0.641111
vn 0.124637 -0.875473 0.466919
vn 0.124494 -0.875234 0.467404
vn 0.086988 -0.941155 0.326589
vn 0.239243 -0.941024 0.239243
vn 0.239232 -0.941036 0.239204
vn 0.326559 -0.941168 0.086958
vn 0.328082 -0.940500 0.088440
vn 0.328063 -0.940448 -0.089066
vn -0.172395 -0.747957 0.640968
vn -0.172050 -0.744934 0.644571
vn -0.124631 -0.875473 0.466919
vn -0.124843 -0.875827 0.466198
vn -0.087395 -0.941197 0.326358
vn -0.239222 -0.941035 0.239222
vn -0.239222 -0.941035 0.239222
vn -0.326070 -0.941253 0.087870
vn -0.340733 -0.876243 0.340733
vn -0.340733 -0.876243 0.340733
vn -0.471000 -0.745868 0.471000
vn -0.471024 -0.745818 0.471054
vn -0.707085 0.000000 0.707129
vn -0.707085 0.000000 0.707129
vn -0.965938 0.000000 0.258775
vn -0.965938 0.000000 0.258775
vn -0.644247 -0.745089 0.172594
vn -0.647406 -0.741819 0.174842
vn -0.465756 -0.875928 0.125785
vn -0.463508 -0.877454 0.123426
vn -0.328072 -0.940605 0.087361
vn -0.089027 -0.940465 0.328023
vn 0.088401 -0.940518 0.328042
vn -0.300150 0.950476 -0.080658
vn -0.294468 0.952413 -0.078725
vn -0.694801 0.694801 -0.185752
vn -0.697780 0.691516 -0.186838
vn -0.219386 0.950655 -0.219374
vn -0.219389 0.950653 -0.219377
vn -0.497483 0.710667 -0.497456
vn -0.184834 0.698332 -0.691498
vn -0.185419 0.694845 -0.694845
vn 0.185135 0.694883 -0.694883
vn 0.186272 0.691433 -0.698013
vn 0.510204 0.692396 -0.510176
vn 0.510200 0.692401 -0.510173
vn 0.697780 0.691516 -0.186838
vn 0.694801 0.694801 -0.185752
vn 0.300160 0.950507 -0.080246
vn 0.300167 0.950528 0.079984
vn 0.294407 0.952422 0.078847
vn 0.219386 0.950655 0.219374
vn 0.294288 0.952439 -0.079083
vn 0.219386 0.950655 -0.219374
vn 0.219389 0.950653 -0.219377
vn 0.078486 0.952396 -0.294588
vn 0.080374 0.950498 -0.300157
vn -0.080231 0.950509 -0.300161
vn -0.079069 0.952438 -0.294294
vn -0.919529 0.306510 0.246005
vn -0.930182 -0.269874 0.248855
vn -0.681897 -0.272305 0.678871
vn -0.498686 -0.710512 0.496473
vn -0.184834 -0.698332 0.691498
vn -0.053883 -0.977987 0.201588
vn -0.055265 -0.977054 0.205696
vn -0.927983 -0.278395 0.247678
vn -0.698003 -0.691437 0.186296
vn -0.510200 -0.692401 0.510173
vn -0.150334 -0.977139 0.150326
vn -0.694880 -0.694880 0.185162
vn -0.205701 -0.977079 0.054812
vn -0.201540 -0.977992 0.053976
vn 0.702975 -0.108534 0.702885
vn 0.702970 -0.108537 0.702889
vn 0.961354 -0.106816 0.253750
vn 0.961042 -0.106035 0.255253
vn 0.961042 -0.106035 -0.255253
vn 0.961005 -0.105942 -0.255431
vn 0.920114 -0.305907 -0.244563
vn 0.673280 -0.305597 -0.673280
vn 0.614506 -0.494736 -0.614506
vn 0.612156 -0.496451 -0.615469
vn 0.223003 -0.495604 -0.839432
vn 0.224543 -0.494552 -0.839642
vn -0.225675 -0.494420 -0.839417
vn -0.247167 -0.306088 -0.919358
vn -0.673280 -0.305597 -0.673280
vn -0.703124 -0.105981 -0.703124
vn -0.959321 -0.106122 -0.261611
vn -0.959183 -0.105788 -0.262252
vn -0.703076 -0.106014 -0.703168
vn -0.261610 -0.106164 -0.959317
vn -0.262336 -0.105785 -0.959161
vn 0.259926 -0.105857 -0.959809
vn 0.262298 -0.107138 -0.959021
vn 0.702968 -0.108565 -0.702887
vn 0.699366 -0.105829 -0.706886
vn 0.249009 -0.304183 -0.919493
vn 0.245957 -0.305981 -0.919718
vn 0.673326 -0.305564 -0.673248
vn -0.222889 -0.496315 -0.839042
vn -0.613714 -0.496699 -0.613714
vn -0.613714 -0.496699 -0.613714
vn -0.839055 -0.496292 -0.222893
vn -0.673280 -0.305597 -0.673280
vn -0.918374 -0.306378 -0.250444
vn -0.917790 -0.307149 -0.251636
vn 0.242573 0.316878 0.916922
vn 0.218074 0.522441 0.824317
vn -0.300116 0.950367 -0.082055
vn -0.294115 0.952464 -0.079426
vn -0.694557 0.694557 -0.187565
vn -0.696988 0.691795 -0.188752
vn -0.932152 0.259555 -0.252437
vn -0.922882 0.297173 -0.244902
vn -0.939383 -0.235412 -0.249281
vn -0.929359 -0.270092 -0.251680
vn -0.694488 -0.694488 -0.188075
vn -0.697186 -0.691725 -0.188275
vn -0.294115 -0.952464 -0.079426
vn -0.219371 -0.950652 -0.219400
vn -0.219371 0.950652 -0.219400
vn -0.219290 0.950697 -0.219290
vn -0.510188 0.692398 -0.510188
vn -0.510188 0.692398 -0.510188
vn -0.674579 0.299813 -0.674579
vn -0.678589 0.265305 -0.684931
vn -0.677301 -0.271870 -0.683630
vn -0.686398 -0.240239 -0.686398
vn -0.510188 -0.692398 -0.510188
vn -0.510188 -0.692398 -0.510188
vn -0.219290 -0.950697 -0.219290
vn -0.080274 -0.952583 -0.293500
vn -0.253103 0.249876 -0.934613
vn -0.253591 0.258895 -0.932022
vn -0.255729 -0.226335 -0.939880
vn -0.254102 -0.234575 -0.938300
vn -0.188752 -0.691795 -0.696988
vn -0.187565 -0.694557 -0.694557
vn -0.081053 -0.950445 -0.300141
vn 0.082083 -0.950365 -0.300115
vn 0.250846 0.259086 -0.932711
vn 0.252617 0.249827 -0.934757
vn 0.253608 -0.234606 -0.938426
vn 0.252990 -0.226085 -0.940682
vn 0.186823 -0.694657 -0.694657
vn 0.187047 -0.691547 -0.697694
vn 0.077898 -0.953679 -0.290564
vn 0.210514 -0.954154 -0.212778
vn 0.681838 0.265142 -0.681760
vn 0.681837 0.265146 -0.681760
vn 0.686437 -0.240238 -0.686360
vn 0.686437 -0.240241 -0.686359
vn 0.510221 -0.692393 -0.510163
vn 0.499589 -0.711195 -0.494583
vn 0.228122 -0.947079 -0.225836
vn 0.307427 -0.947742 -0.085291
vn 0.286357 -0.955099 -0.076057
vn 0.286357 -0.955099 0.076057
vn 0.497492 0.710675 -0.497436
vn 0.673356 0.716463 -0.182408
vn 0.934591 0.249883 -0.253175
vn 0.932004 0.258890 -0.253662
vn 0.939859 -0.226342 -0.255800
vn 0.938281 -0.234570 -0.254175
vn 0.694481 -0.694481 -0.188131
vn 0.694650 -0.694650 0.186879
vn 0.672244 -0.716803 0.185153
vn 0.497494 -0.710675 0.497434
vn 0.219392 -0.950655 0.219366
vn 0.219399 -0.950653 0.219371
vn 0.513079 0.691916 -0.507939
vn 0.187581 0.691625 -0.697473
vn 0.186253 0.694734 -0.694734
vn -0.187565 0.694557 -0.694557
vn -0.081053 0.950445 -0.300141
vn -0.080274 0.952583 -0.293500
vn 0.213234 0.953923 -0.211097
vn 0.077898 0.953679 -0.290564
vn 0.082083 0.950365 -0.300115
vn 0.226354 0.946794 -0.228788
vn 0.309120 0.947473 -0.082102
vn 0.286282 0.954848 -0.079425
vn 0.286357 0.955099 0.076057
vn 0.303645 0.949108 0.083632
vn 0.219392 0.950655 0.219366
vn 0.497494 0.710675 0.497434
vn 0.497501 0.710663 0.497444
vn 0.681837 0.265146 0.681759
vn 0.681837 0.265142 0.681761
vn 0.686437 -0.240241 0.686359
vn 0.686438 -0.240238 0.686360
vn 0.497501 -0.710663 0.497444
vn 0.181223 -0.716314 0.673834
vn 0.191105 -0.694074 0.694074
vn -0.188075 -0.694488 0.694488
vn -0.186314 -0.716945 0.671771
vn -0.497468 -0.710669 0.497468
vn -0.507966 -0.691922 0.513045
vn -0.697473 -0.691625 0.187581
vn -0.694734 -0.694734 0.186253
vn 0.673813 0.716321 0.181274
vn 0.935071 0.249720 0.251559
vn 0.932408 0.259002 0.252058
vn 0.938408 -0.234602 0.253679
vn 0.694066 0.694066 0.191164
vn 0.693881 0.693881 -0.192507
vn -0.300155 -0.950490 0.080469
vn -0.289978 -0.953744 0.079283
vn -0.211193 -0.953886 0.213304
vn -0.228788 -0.946794 0.226355
vn -0.082102 -0.947473 0.309120
vn -0.079443 -0.954799 0.286440
vn 0.078871 -0.954842 0.286453
vn -0.938592 -0.235213 0.252428
vn -0.931169 -0.269607 0.245431
vn -0.933722 0.259992 0.246104
vn -0.921981 0.297433 0.247961
vn -0.694657 0.694657 0.186823
vn -0.697694 0.691547 0.187047
vn -0.300155 0.950490 0.080469
vn -0.289978 0.953744 0.079283
vn -0.211193 0.953886 0.213304
vn -0.494618 0.711189 0.499563
vn -0.182357 0.716457 0.673376
vn -0.252477 0.258973 0.932303
vn 0.251986 0.259007 0.932426
vn 0.254128 -0.226189 0.940350
vn -0.510188 0.692398 0.510188
vn -0.681799 0.265144 0.681799
vn -0.254206 0.249986 0.934284
vn -0.255221 -0.234504 0.938014
vn 0.252461 -0.234679 0.938717
vn -0.671505 0.299492 0.677780
vn -0.677301 -0.271870 0.683630
vn -0.686398 -0.240239 0.686398
vn 0.219399 0.950653 0.219371
vn 0.081051 0.948846 0.305160
vn 0.078871 0.954842 0.286453
vn -0.076098 0.955049 0.286515
vn -0.085268 0.947740 0.307439
vn -0.228788 0.946794 0.226355
vn -0.192449 0.693889 0.693889
vn 0.191105 0.694074 0.694074
vn 0.181223 0.716314 0.673834
vn 0.251487 0.249713 0.935092
vn -0.964574 0.006698 -0.263726
vn -0.965087 0.007611 -0.261821
vn -0.962008 0.080164 -0.260986
vn -0.962384 0.080976 -0.259344
vn -0.954113 0.153492 -0.257115
vn -0.954300 0.154056 -0.256083
vn -0.942062 0.220483 -0.252799
vn -0.941987 0.220097 -0.253412
vn -0.923809 0.291228 -0.248522
vn -0.923743 0.289996 -0.250202
vn -0.900649 0.359612 -0.243947
vn -0.900511 0.361275 -0.241991
vn -0.707042 0.007365 -0.707133
vn -0.707087 0.007395 -0.707087
vn -0.704797 0.080755 -0.704797
vn -0.704797 0.080755 -0.704797
vn -0.698683 0.153899 -0.698683
vn -0.698715 0.153926 -0.698645
vn -0.689796 0.220134 -0.689727
vn -0.247392 0.219694 -0.943680
vn -0.253241 0.223657 -0.941194
vn 0.247159 0.224021 -0.942723
vn 0.253468 0.220061 -0.941980
vn 0.686857 0.220366 -0.692580
vn 0.687401 0.219942 -0.692174
vn 0.941995 0.220058 -0.253415
vn 0.924194 0.289914 -0.248626
vn 0.923429 0.291108 -0.250070
vn 0.900659 0.359616 -0.243904
vn 0.900881 0.359705 0.242952
vn 0.900757 0.361167 0.241237
vn 0.659239 0.361590 0.659284
vn 0.659266 0.361643 0.659229
vn 0.242797 0.361361 0.900260
vn 0.241334 0.359854 0.901256
vn -0.243904 0.359616 0.900659
vn -0.241947 0.361280 0.900521
vn -0.659247 0.361645 0.659247
vn -0.659272 0.361621 0.659235
vn -0.900254 0.361354 0.242828
vn -0.901248 0.359851 0.241368
vn 0.924028 0.289957 0.249194
vn 0.674579 0.289174 0.679206
vn 0.676350 0.291614 0.676396
vn 0.248565 0.290691 0.923967
vn 0.249112 0.291146 0.923676
vn -0.248511 0.291192 0.923823
vn -0.250160 0.289983 0.923759
vn -0.676884 0.289365 0.676828
vn -0.676850 0.289395 0.676850
vn -0.924546 0.289788 0.247464
vn -0.923657 0.291180 0.249140
vn -0.253398 0.220096 0.941991
vn -0.692685 0.219928 0.686891
vn -0.689412 0.222492 0.689354
vn -0.941967 0.220914 0.252774
vn -0.942215 0.220518 0.252194
vn -0.701853 0.151692 0.695983
vn -0.954617 0.153156 0.255439
vn -0.954378 0.153535 0.256104
vn -0.698680 0.153928 0.698680
vn -0.250569 0.153833 0.955798
vn -0.257247 0.150193 0.954603
vn 0.250718 0.150460 0.956296
vn 0.255439 0.153156 0.954617
vn 0.698943 0.151513 0.698943
vn 0.698981 0.151544 0.698899
vn 0.955918 0.153007 0.250619
vn 0.955026 0.150260 0.255630
vn 0.956296 0.150460 -0.250718
vn 0.953995 0.154141 -0.257165
vn 0.698720 0.153930 -0.698638
vn 0.704839 0.080756 -0.704756
vn 0.704843 0.080753 -0.704752
vn 0.707133 0.007365 -0.707042
vn 0.703281 0.009850 -0.710843
vn 0.247159 0.224021 0.942723
vn 0.253412 0.220097 0.941987
vn 0.689756 0.220164 0.689756
vn 0.687057 0.222278 0.691770
vn 0.943493 0.220530 0.247361
vn 0.941517 0.223694 0.252007
vn 0.942732 0.223982 -0.247162
vn -0.962900 0.080238 0.257655
vn -0.962451 0.080971 0.259097
vn -0.965600 0.006705 0.259945
vn -0.964561 0.008529 0.263722
vn -0.707073 0.009820 0.707073
vn -0.704797 0.080755 0.704797
vn -0.260968 0.081012 0.961942
vn -0.259360 0.080200 0.962445
vn 0.257655 0.080238 0.962900
vn 0.259097 0.080971 0.962451
vn 0.704839 0.080753 0.704756
vn 0.704842 0.080756 0.704752
vn 0.962824 0.080941 0.257717
vn 0.962508 0.080246 0.259113
vn 0.962005 0.080204 -0.260985
vn 0.965087 0.007611 -0.261821
vn 0.966442 0.010067 -0.256687
vn 0.966442 0.010067 0.256687
vn 0.965587 0.008510 0.259942
vn 0.707118 0.009820 0.707027
vn 0.707118 0.009820 0.707027
vn 0.256691 0.008494 0.966456
vn 0.259938 0.010058 0.965573
vn -0.256687 0.010067 0.966442
vn -0.261821 0.007611 0.965087
vn -0.710858 0.007352 0.703297
vn 0.696018 0.151690 -0.701818
vn 0.250620 0.152968 -0.955924
vn 0.255554 0.150263 -0.955046
vn -0.250701 0.150461 -0.956301
vn -0.257090 0.154109 -0.954021
vn 0.257641 0.080939 -0.962845
vn 0.259114 0.080206 -0.962511
vn 0.259945 0.006705 -0.965600
vn -0.261822 0.006702 -0.965093
vn -0.263809 0.007654 -0.964545
vn -0.260968 0.081012 -0.961942
vn -0.259360 0.080200 -0.962445
vn 0.900525 0.361239 -0.241995
vn 0.659279 0.361596 -0.659242
vn 0.659224 0.361648 -0.659269
vn 0.241198 0.361209 -0.900751
vn 0.242963 0.359703 -0.900879
vn -0.242097 0.359784 -0.901080
vn -0.243719 0.361448 -0.899976
vn -0.659247 0.361645 -0.659247
vn -0.676850 0.289395 -0.676850
vn -0.676850 0.289395 -0.676850
vn -0.689756 0.220164 -0.689756
vn -0.250073 0.291072 -0.923440
vn 0.248578 0.291187 -0.923807
vn 0.249141 0.290774 -0.923785
vn 0.673972 0.291878 -0.678652
vn 0.676821 0.289419 -0.676867
vn -0.965087 0.000000 -0.261930
vn -0.965087 0.000000 -0.261930
vn -0.707107 0.000000 -0.707107
vn -0.707107 0.000000 -0.707107
vn -0.261930 0.000000 -0.965087
vn -0.261930 0.000000 -0.965087
vn 0.260198 0.000000 -0.965555
vn 0.260198 0.000000 -0.965555
vn 0.707148 0.000000 -0.707065
vn 0.707148 0.000000 -0.707065
vn 0.965066 0.000000 -0.262007
vn 0.965066 0.000000 -0.262007
vn 0.965534 -0.000000 0.260275
vn 0.965534 -0.000000 0.260275
vn 0.707148 -0.000000 0.707065
vn 0.707148 -0.000000 0.707065
vn 0.260198 -0.000000 0.965555
vn 0.260198 -0.000000 0.965555
vn -0.261930 0.000000 0.965087
vn -0.261930 0.000000 0.965087
vn -0.707107 0.000000 0.707107
vn -0.707107 0.000000 0.707107
vn -0.965555 0.000000 0.260198
vn -0.965555 0.000000 0.260198
vn 0.055081 -0.977064 0.205698
vn 0.053730 -0.977979 0.201668
vn 0.150335 -0.977139 0.150326
vn 0.150332 -0.977140 0.150324
vn 0.000000 1.000000 0.000000
vn 0.000000 1.000000 -0.000000
vn 0.000000 1.000000 0.000000
vn 0.000000 1.000000 -0.000000
vn 0.000000 1.000000 -0.000000
vn 0.000000 1.000000 0.000000
vn 0.000000 1.000000 -0.000000
vn -0.000000 1.000000 0.000000
vn 0.000000 1.000000 -0.000000
vn -0.000000 1.000000 0.000000
vn -0.000000 1.000000 0.000000
vn 0.000000 1.000000 0.000000
vn -0.000000 1.000000 0.000000
vn 0.000000 1.000000 0.000000
vn -0.000000 1.000000 0.000000
vn 0.000000 1.000000 0.000000
vn -0.000000 1.000000 0.000000
vn 0.000000 1.000000 0.000000
vn 0.000000 1.000000 0.000000
vn 0.000000 1.000000 0.000000
vn 0.000000 1.000000 0.000000
vn 0.000000 1.000000 0.000000
vn 0.000000 1.000000 0.000000
vn 0.000000 1.000000 0.000000
vn -0.946099 0.192419 -0.260520
vn -0.691799 0.207517 -0.691629
vn -0.691798 0.207512 -0.691632
vn -0.248308 0.191373 -0.949589
vn -0.258966 0.219478 -0.940620
vn 0.243300 0.220402 -0.944578
vn 0.260947 0.184036 -0.947648
vn 0.702136 0.184820 -0.687638
vn 0.681555 0.228980 -0.695019
vn 0.939502 0.222613 -0.260344
vn 0.940569 0.219466 -0.259161
vn 0.941180 0.219609 0.256810
vn 0.941691 0.214281 0.259425
vn 0.698706 0.208186 0.684447
vn 0.694862 0.185296 0.694862
vn 0.245213 0.183189 0.952004
vn 0.259008 0.219475 0.940609
vn -0.246774 0.220202 0.943723
vn -0.260478 0.192416 0.946112
vn -0.691714 0.207514 0.691714
vn -0.701648 0.185730 0.687891
vn -0.952016 0.183186 0.245171
vn -0.940620 0.219478 0.258966
vn -0.943713 0.220200 -0.246817
vn 0.634634 0.459283 -0.621529
vn 0.221444 0.460257 -0.859725
vn 0.222476 0.458794 -0.860240
vn -0.224820 0.458541 -0.859765
vn -0.222987 0.454481 -0.862394
vn -0.633807 0.443592 -0.633651
vn -0.633809 0.443624 -0.633627
vn -0.861665 0.454694 -0.225359
vn -0.860240 0.458794 -0.222476
vn -0.860419 0.458890 0.221583
vn -0.863415 0.454235 0.219512
vn -0.633653 0.443811 0.633653
vn -0.633821 0.443590 0.633639
vn -0.225320 0.454691 0.861677
vn -0.222432 0.458799 0.860248
vn 0.221621 0.458886 0.860411
vn 0.222274 0.460354 0.859458
vn 0.634553 0.459295 0.621603
vn 0.632465 0.425373 0.647338
vn 0.874557 0.430944 0.222345
vn 0.680028 0.712510 0.172889
vn 0.680703 0.711644 0.173797
vn 0.434135 0.894002 0.110843
vn 0.432204 0.895279 0.108051
vn 0.185490 0.981551 0.046373
vn 0.184116 0.981949 0.043321
vn 0.000000 1.000000 -0.000000
vn -0.000000 1.000000 0.000000
vn 0.000000 1.000000 0.000000
vn 0.136895 0.981081 -0.136895
vn 0.053460 0.981888 -0.181765
vn 0.047452 0.980674 -0.189808
vn -0.047434 0.980675 -0.189808
vn -0.109489 0.892224 -0.438120
vn -0.320080 0.891723 -0.319966
vn -0.492998 0.716993 -0.492823
vn -0.678889 0.712940 -0.175575
vn -0.493002 0.716965 -0.492860
vn -0.176907 0.713151 -0.678321
vn -0.175939 0.711369 -0.680440
vn 0.173797 0.711644 -0.680703
vn 0.176577 0.708982 -0.682763
vn 0.501008 0.705804 -0.500830
vn 0.487906 0.715939 -0.499379
vn 0.678304 0.713157 -0.176949
vn 0.680436 0.711365 -0.175975
vn -0.112624 0.894892 -0.431838
vn 0.108015 0.895353 -0.432060
vn 0.110806 0.894077 -0.433990
vn 0.313602 0.896275 -0.313602
vn 0.313722 0.896229 -0.313611
vn 0.433583 0.894140 -0.111892
vn 0.431980 0.894815 -0.112690
vn 0.136895 0.981081 -0.136895
vn 0.185490 0.981551 -0.046373
vn 0.184080 0.981763 -0.047505
vn 0.857706 0.457787 0.234034
vn 0.856969 0.457395 -0.237473
vn 0.873503 0.431229 -0.225906
vn 0.632535 0.425160 -0.647409
vn -0.000000 1.000000 0.000000
vn 0.000000 1.000000 0.000000
vn 0.000000 1.000000 0.000000
vn -0.136895 0.981081 -0.136895
vn -0.180253 0.982006 -0.056329
vn -0.189794 0.980602 -0.048979
vn -0.189808 0.980674 0.047452
vn -0.435208 0.893731 0.108802
vn -0.313722 0.896229 0.313611
vn -0.493020 0.716962 0.492846
vn -0.175542 0.712935 0.678903
vn -0.177412 0.711178 0.680258
vn -0.113717 0.892718 0.436030
vn -0.328371 0.890586 0.314689
vn -0.138946 0.981307 0.133157
vn -0.181765 0.981888 0.053460
vn 0.000000 1.000000 -0.000000
vn 0.000000 1.000000 0.000000
vn 0.000000 1.000000 0.000000
vn -0.133897 0.981908 0.133897
vn -0.046069 0.981833 0.184068
vn -0.108172 0.895267 0.432198
vn 0.110322 0.895055 0.432095
vn 0.173797 0.711644 0.680703
vn 0.176577 0.708982 0.682763
vn 0.494237 0.706991 0.505859
vn 0.492998 0.716993 0.492823
vn 0.313668 0.896267 0.313557
vn 0.313678 0.896221 0.313678
vn 0.136895 0.981081 0.136895
vn 0.136895 0.981081 0.136895
vn 0.000000 1.000000 -0.000000
vn 0.108910 0.893826 0.434987
vn 0.046434 0.981555 0.185458
vn 0.043306 0.981963 0.184049
vn -0.000000 1.000000 0.000000
vn 0.000000 1.000000 0.000000
vn -0.055779 0.982335 -0.178627
vn -0.137514 0.981694 -0.131784
vn -0.318974 0.897114 -0.305683
vn -0.433019 0.894279 -0.112962
vn -0.432038 0.894937 -0.111494
vn -0.432095 0.895055 0.110322
vn -0.680252 0.711172 -0.177457
vn -0.680790 0.711735 0.173082
vn -0.679747 0.712617 0.173553
vn -0.492983 0.716990 0.492842
vn -0.233469 0.400212 -0.886184
vn 0.237350 0.399825 -0.885328
vn 0.234497 0.402621 -0.884821
vn 0.644091 0.402542 -0.650467
vn 0.648828 0.397654 -0.648763
vn 0.887067 0.396695 -0.236105
vn 0.888663 0.394252 -0.234186
vn 0.887813 0.393874 0.238016
vn 0.887336 0.396605 0.235245
vn 0.645727 0.397212 0.652119
vn 0.647459 0.402089 0.647395
vn 0.237003 0.402877 0.884036
vn 0.234782 0.400082 0.885896
vn -0.235738 0.399987 0.885685
vn -0.233217 0.402470 0.885228
vn -0.647483 0.402035 0.647405
vn -0.651334 0.398063 0.645996
vn -0.886519 0.396939 0.237746
vn -0.884772 0.399574 0.239830
vn -0.885669 0.399980 -0.235810
vn -0.886194 0.397046 -0.238778
vn -0.648818 0.397708 -0.648740
vn -0.650220 0.401660 -0.644891
vn -0.235432 0.402697 -0.884538
vn -0.120796 0.992167 0.031833
vn -0.120270 0.992230 0.031870
vn -0.390252 0.914882 0.103411
vn -0.389931 0.915018 0.103426
vn -0.620517 0.766727 0.164587
vn -0.619763 0.767325 0.164638
vn -0.454734 0.767220 0.452316
vn -0.455274 0.766744 0.452580
vn -0.287024 0.914443 0.285326
vn -0.283563 0.916077 0.283539
vn -0.088186 0.992193 0.088179
vn -0.088189 0.992193 0.088180
vn -0.164812 0.766759 0.620417
vn -0.164340 0.767434 0.619707
vn -0.103110 0.915527 0.388817
vn -0.103851 0.914949 0.389978
vn -0.032124 0.992178 0.120630
vn -0.031869 0.992232 0.120249
vn 0.103344 0.914998 0.389999
vn 0.031986 0.992173 0.120709
vn 0.031680 0.992238 0.120249
vn 0.088642 0.992176 0.087915
vn 0.087243 0.992360 0.087236
vn 0.118690 0.992416 0.031980
vn 0.120270 0.992230 0.031870
vn 0.120267 0.992206 -0.032600
vn 0.118871 0.992405 -0.031657
vn 0.087240 0.992360 -0.087240
vn 0.286372 0.914321 -0.286372
vn 0.286372 0.914321 -0.286372
vn 0.453716 0.766996 -0.453716
vn 0.164566 0.766724 -0.620526
vn 0.164623 0.767398 -0.619678
vn -0.164616 0.767399 -0.619678
vn 0.103473 0.914912 -0.390166
vn 0.103367 0.914996 -0.389998
vn 0.031871 0.992232 -0.120249
vn -0.032029 0.992227 -0.120248
vn -0.031996 0.992170 -0.120728
vn -0.088195 0.992191 -0.088195
vn -0.088186 0.992193 -0.088178
vn -0.120629 0.992178 -0.032125
vn -0.120270 0.992229 -0.031885
vn -0.103492 0.915601 -0.388541
vn -0.283514 0.916100 -0.283514
vn -0.283514 0.916100 -0.283514
vn -0.388790 0.915537 -0.103124
vn -0.389914 0.914978 -0.103840
vn -0.103423 0.914990 -0.389996
vn -0.164558 0.766723 -0.620530
vn -0.453716 0.766996 -0.453716
vn -0.453716 0.766996 -0.453716
vn -0.620417 0.766759 -0.164812
vn -0.619788 0.767357 -0.164394
vn 0.164623 0.767398 0.619678
vn 0.164566 0.766724 0.620526
vn 0.103491 0.914882 0.390231
vn 0.287454 0.914175 0.285753
vn 0.289292 0.912488 0.289268
vn 0.395678 0.912384 0.104848
vn 0.389862 0.914856 0.105103
vn 0.619512 0.767015 0.167014
vn 0.619512 0.767015 -0.167014
vn 0.613370 0.772811 -0.162911
vn 0.448918 0.771206 -0.451347
vn 0.389862 0.914856 -0.105103
vn 0.393981 0.913110 -0.104923
vn 0.613370 0.772811 0.162911
vn 0.449920 0.771439 0.449949
vn 0.088653 0.992174 -0.087927
vn 0.031831 0.992164 -0.120822
vn 0.000000 -1.000000 0.000000
vn 0.000000 -1.000000 0.000000
vn 0.000000 -1.000000 0.000000
vn 0.000000 -1.000000 0.000000
vn 0.000000 -1.000000 0.000000
vn 0.000000 -1.000000 0.000000
vn -0.000000 -1.000000 0.000000
vn 0.000000 -1.000000 -0.000000
vn 0.000000 -1.000000 0.000000
vn 0.000000 -1.000000 -0.000000
vn 0.000000 -1.000000 0.000000
vn 0.000000 -1.000000 0.000000
vn 0.209647 0.583072 -0.784905
vn -0.045972 0.981846 0.184027
vn -0.235613 0.414915 0.878824
vn 0.172403 -0.747956 -0.640967
vn 0.466367 -0.875789 -0.124484
vn 0.201540 -0.977992 0.053976
vn 0.940660 -0.226091 0.253062
vn -0.247142 0.224022 0.942727
vn -0.259730 0.000000 0.965681
vn -0.254618 -0.226234 0.940206
vn 0.962364 0.080978 -0.259420
vn -0.704797 0.080755 0.704797
vn -0.226752 0.947189 0.226752
vn -0.150332 -0.977140 0.150324
vn 0.924096 0.291319 0.247344
vn -0.784831 0.583017 -0.210076
vn -0.463376 -0.877205 -0.125672
vn -0.840032 -0.491223 -0.230317
vn -0.300116 -0.950367 -0.082055
vn 0.694880 0.694880 0.185162
vn 0.303645 -0.949108 0.083632
vn -0.587330 -0.556831 -0.587352
vn -0.659272 0.361621 -0.659235
vn 0.081051 -0.948846 0.305160
vn 0.342558 -0.874819 0.342558
vn 0.671750 -0.716951 -0.186367
vn -0.511179 0.692608 -0.508910
vn -0.248665 0.289907 -0.924186
vn -0.250641 -0.304050 -0.919093
vn -0.188752 0.691795 -0.696988
vn 0.455274 0.766744 0.452580
vn 0.263807 0.008570 -0.964537
usemtl white_marble
f 1/1/1 2/2/1 3/3/1
f 2/2/2 4/4/2 3/3/2
f 2/2/3 5/5/3 4/4/3
f 5/5/4 6/6/4 4/4/4
f 5/5/5 7/7/5 6/6/5
f 7/7/6 8/8/6 6/6/6
f 7/7/7 9/9/7 8/8/7
f 9/9/8 10/10/8 8/8/8
f 9/9/9 11/11/9 10/10/9
f 11/11/10 12/12/10 10/10/10
f 11/11/11 13/13/11 12/12/11
f 13/13/12 14/14/12 12/12/12
f 13/13/13 15/15/13 14/14/13
f 15/15/14 16/16/14 14/14/14
f 15/15/15 17/17/15 16/16/15
f 17/17/16 18/18/16 16/16/16
f 17/17/17 19/19/17 18/18/17
f 19/19/18 20/20/18 18/18/18
f 19/19/19 21/21/19 20/20/19
f 21/21/20 22/22/20 20/20/20
f 21/21/21 23/23/21 22/22/21
f 23/23/22 24/24/22 22/22/22
f 23/23/23 25/25/23 24/24/23
f 25/25/24 26/26/24 24/24/24
f 27/27/25 28/28/25 29/29/25
f 28/28/26 30/30/26 29/29/26
f 28/28/27 31/31/27 30/30/27
f 31/31/28 32/32/28 30/30/28
f 31/31/29 33/33/29 32/32/29
f 33/33/30 34/34/30 32/32/30
f 33/33/31 35/35/31 34/34/31
f 35/35/32 36/36/32 34/34/32
f 35/35/33 37/37/33 36/36/33
f 37/37/34 38/38/34 36/36/34
f 37/37/35 39/39/35 38/38/35
f 39/39/36 40/40/36 38/38/36
f 39/39/37 41/41/37 40/40/37
f 41/41/38 42/42/38 40/40/38
f 41/41/39 43/43/39 42/42/39
f 43/43/40 44/44/40 42/42/40
f 43/43/41 45/45/41 44/44/41
f 45/45/42 46/46/42 44/44/42
f 45/45/43 47/47/43 46/46/43
f 47/47/44 48/48/44 46/46/44
f 47/47/45 49/49/45 48/48/45
f 49/49/46 50/50/46 48/48/46
f 49/49/47 51/51/47 50/50/47
f 51/51/48 52/52/48 50/50/48
f 53/53/49 54/54/49 55/55/49
f 54/54/50 56/56/50 55/55/50
f 54/54/51 57/57/51 56/56/51
f 57/57/52 58/58/52 56/56/52
f 57/57/53 59/59/53 58/58/53
f 59/59/54 60/60/54 58/58/54
f 59/59/55 61/61/55 60/60/55
f 61/61/56 62/62/56 60/60/56
f 61/61/57 63/63/57 62/62/57
f 63/63/58 64/64/58 62/62/58
f 63/63/59 65/65/59 64/64/59
f 65/65/60 66/66/60 64/64/60
f 65/65/61 67/67/61 66/66/61
f 67/67/62 68/68/62 66/66/62
f 67/67/63 69/69/63 68/68/63
f 69/69/64 70/70/64 68/68/64
f 69/69/65 71/71/65 70/70/65
f 71/71/66 72/72/66 70/70/66
f 71/71/67 73/73/67 72/72/67
f 73/73/68 74/74/68 72/72/68
f 73/73/69 75/75/69 74/74/69
f 75/75/70 76/76/70 74/74/70
f 75/75/71 77/77/71 76/76/71
f 77/77/72 78/78/72 76/76/72
f 26/26/73 79/79/73 24/24/73
f 79/79/74 80/80/74 24/24/74
f 24/24/75 80/80/75 22/22/75
f 80/80/76 81/81/76 22/22/76
f 22/22/77 81/81/77 20/20/77
f 81/81/78 82/82/78 20/20/78
f 20/20/79 82/82/79 18/18/79
f 82/82/80 83/83/80 18/18/80
f 18/18/81 83/83/81 16/16/81
f 83/83/82 84/84/82 16/16/82
f 16/16/83 84/84/83 14/14/83
f 84/84/84 85/85/84 14/14/84
f 14/14/85 85/85/85 12/12/85
f 85/85/86 86/86/86 12/12/86
f 12/12/87 86/86/87 10/10/87
f 86/86/88 87/87/88 10/10/88
f 10/10/89 87/87/89 8/8/89
f 87/87/90 88/88/90 8/8/90
f 8/8/91 88/88/91 6/6/91
f 88/88/92 89/89/92 6/6/92
f 6/6/93 89/89/93 4/4/93
f 89/89/94 90/90/94 4/4/94
f 4/4/95 90/90/95 3/3/95
f 90/90/96 91/91/96 3/3/96
f 27/27/97 92/92/97 28/28/97
f 92/92/98 93/93/98 28/28/98
f 28/28/99 93/93/99 31/31/99
f 93/93/100 94/94/100 31/31/100
f 31/31/101 94/94/101 33/33/101
f 94/94/102 95/95/102 33/33/102
f 33/33/103 95/95/103 35/35/103
f 95/95/104 96/96/104 35/35/104
f 35/35/105 96/96/105 37/37/105
f 96/96/106 97/97/106 37/37/106
f 37/37/107 97/97/107 39/39/107
f 97/97/108 98/98/108 39/39/108
f 39/39/109 98/98/109 41/41/109
f 98/98/110 99/99/110 41/41/110
f 41/41/111 99/99/111 43/43/111
f 99/99/112 100/100/112 43/43/112
f 43/43/113 100/100/113 45/45/113
f 100/100/114 101/101/114 45/45/114
f 45/45/115 101/101/115 47/47/115
f 101/101/116 102/102/116 47/47/116
f 47/47/117 102/102/117 49/49/117
f 102/102/118 103/103/118 49/49/118
f 49/49/119 103/103/119 51/51/119
f 103/103/120 104/104/120 51/51/120
f 105/105/121 106/106/121 107/107/121
f 106/106/122 108/108/122 107/107/122
f 107/107/123 108/108/123 109/109/123
f 108/108/124 110/110/124 109/109/124
f 109/109/125 110/110/125 111/111/125
f 110/110/126 112/112/126 111/111/126
f 111/111/127 112/112/127 113/113/127
f 112/112/128 114/114/128 113/113/128
f 113/113/129 114/114/129 115/115/129
f 114/114/130 116/116/130 115/115/130
f 115/115/131 116/116/131 117/117/131
f 116/116/132 118/118/132 117/117/132
f 106/106/133 119/119/133 108/108/133
f 119/119/134 120/120/134 108/108/134
f 108/108/135 120/120/135 110/110/135
f 120/120/136 121/121/136 110/110/136
f 110/110/137 121/121/137 112/112/137
f 121/121/138 122/122/138 112/112/138
f 112/112/139 122/122/139 114/114/139
f 122/122/140 123/123/140 114/114/140
f 114/114/141 123/123/141 116/116/141
f 123/123/142 124/124/142 116/116/142
f 116/116/143 124/124/143 118/118/143
f 124/124/144 125/125/144 118/118/144
f 122/122/145 126/126/145 123/123/145
f 126/126/146 127/127/146 123/123/146
f 123/123/147 127/127/147 124/124/147
f 127/127/148 128/128/148 124/124/148
f 124/124/149 128/128/149 125/125/149
f 128/128/150 129/129/150 125/125/150
f 122/122/151 121/121/151 126/126/151
f 121/121/152 130/130/152 126/126/152
f 126/126/153 130/130/153 131/131/153
f 130/130/154 132/132/154 131/131/154
f 131/131/155 132/132/155 133/133/155
f 132/132/156 134/134/156 133/133/156
f 133/133/157 134/134/157 135/135/157
f 133/133/158 136/136/158 131/131/158
f 136/136/159 137/137/159 131/131/159
f 131/131/160 137/137/160 126/126/160
f 137/137/161 138/138/161 126/126/161
f 126/126/162 138/138/162 127/127/162
f 138/138/163 128/128/163 127/127/163
f 138/138/164 137/137/164 139/139/164
f 137/137/165 136/136/165 139/139/165
f 139/139/166 136/136/166 140/140/166
f 136/136/167 133/133/167 140/140/167
f 140/140/168 133/133/168 141/141/168
f 133/133/169 135/135/169 141/141/169
f 141/141/170 135/135/170 142/142/170
f 140/140/171 143/143/171 139/139/171
f 143/143/172 144/144/172 139/139/172
f 139/139/173 144/144/173 138/138/173
f 144/144/174 145/145/174 138/138/174
f 138/138/175 145/145/175 146/146/175
f 145/145/176 147/147/176 146/146/176
f 146/146/177 147/147/177 129/129/177
f 140/140/178 148/148/178 143/143/178
f 148/148/179 149/149/179 143/143/179
f 143/143/180 149/149/180 144/144/180
f 149/149/181 150/150/181 144/144/181
f 144/144/182 150/150/182 145/145/182
f 150/150/183 151/151/183 145/145/183
f 145/145/184 151/151/184 147/147/184
f 148/148/185 152/152/185 149/149/185
f 152/152/186 153/153/186 149/149/186
f 149/149/187 153/153/187 150/150/187
f 153/153/188 154/154/188 150/150/188
f 150/150/189 154/154/189 151/151/189
f 152/152/190 155/155/190 153/153/190
f 155/155/191 156/156/191 153/153/191
f 153/153/192 156/156/192 154/154/192
f 156/156/193 155/155/193 157/157/193
f 155/155/194 158/158/194 157/157/194
f 157/157/195 158/158/195 159/159/195
f 158/158/196 160/160/196 159/159/196
f 159/159/197 160/160/197 161/161/197
f 160/160/198 162/162/198 161/161/198
f 161/161/199 162/162/199 163/163/199
f 162/162/200 164/164/200 163/163/200
f 163/163/201 164/164/201 165/165/201
f 158/158/202 155/155/202 166/166/202
f 155/155/203 167/167/203 166/166/203
f 166/166/204 167/167/204 168/168/204
f 167/167/205 169/169/205 168/168/205
f 168/168/206 169/169/206 170/170/206
f 169/169/207 148/148/207 170/170/207
f 170/170/208 148/148/208 171/171/208
f 148/148/209 140/140/209 171/171/209
f 171/171/210 140/140/210 172/172/210
f 140/140/211 141/141/211 172/172/211
f 172/172/212 141/141/212 142/142/212
f 148/148/213 169/169/213 152/152/213
f 169/169/214 167/167/214 152/152/214
f 152/152/215 167/167/215 155/155/215
f 134/134/216 132/132/216 173/173/216
f 132/132/217 174/174/217 173/173/217
f 132/132/218 175/175/218 174/174/218
f 175/175/219 120/120/219 174/174/219
f 174/174/220 120/120/220 119/119/220
f 132/132/221 130/130/221 175/175/221
f 130/130/222 121/121/222 175/175/222
f 175/175/223 121/121/223 120/120/223
f 53/53/224 117/117/224 54/54/224
f 117/117/225 118/118/225 54/54/225
f 54/54/226 118/118/226 57/57/226
f 118/118/227 125/125/227 57/57/227
f 57/57/228 125/125/228 59/59/228
f 125/125/229 129/129/229 59/59/229
f 59/59/230 129/129/230 61/61/230
f 129/129/231 147/147/231 61/61/231
f 61/61/232 147/147/232 63/63/232
f 147/147/233 151/151/233 63/63/233
f 63/63/234 151/151/234 65/65/234
f 151/151/235 154/154/235 65/65/235
f 65/65/236 154/154/236 67/67/236
f 154/154/237 156/156/237 67/67/237
f 67/67/238 156/156/238 69/69/238
f 156/156/239 157/157/239 69/69/239
f 69/69/240 157/157/240 71/71/240
f 157/157/241 159/159/241 71/71/241
f 71/71/242 159/159/242 73/73/242
f 159/159/243 161/161/243 73/73/243
f 73/73/244 161/161/244 75/75/244
f 161/161/245 163/163/245 75/75/245
f 75/75/246 163/163/246 77/77/246
f 163/163/247 165/165/247 77/77/247
f 176/176/248 177/177/248 178/178/248
f 177/177/249 179/179/249 178/178/249
f 178/178/250 179/179/250 180/180/250
f 179/179/251 181/181/251 180/180/251
f 180/180/252 181/181/252 182/182/252
f 181/181/253 183/183/253 182/182/253
f 177/177/254 184/184/254 179/179/254
f 184/184/255 185/185/255 179/179/255
f 179/179/256 185/185/256 181/181/256
f 185/185/257 186/186/257 181/181/257
f 181/181/258 186/186/258 183/183/258
f 186/186/259 187/187/259 183/183/259
f 185/185/260 188/188/260 186/186/260
f 188/188/261 189/189/261 186/186/261
f 186/186/262 189/189/262 187/187/262
f 189/189/263 190/190/263 187/187/263
f 185/185/264 184/184/264 188/188/264
f 184/184/265 191/191/265 188/188/265
f 188/188/266 191/191/266 192/192/266
f 192/192/267 193/193/267 188/188/267
f 193/193/268 189/189/268 188/188/268
f 193/193/269 194/194/269 189/189/269
f 194/194/270 190/190/270 189/189/270
f 193/193/271 195/195/271 194/194/271
f 195/195/272 196/196/272 194/194/272
f 194/194/273 196/196/273 190/190/273
f 193/193/274 197/197/274 195/195/274
f 197/197/275 198/198/275 195/195/275
f 195/195/276 198/198/276 199/199/276
f 198/198/277 200/200/277 199/199/277
f 199/199/278 200/200/278 201/201/278
f 200/200/279 202/202/279 201/201/279
f 199/199/280 201/201/280 195/195/280
f 201/201/281 203/203/281 195/195/281
f 195/195/282 203/203/282 196/196/282
f 204/204/283 205/205/283 206/206/283
f 205/205/284 207/207/284 206/206/284
f 206/206/285 207/207/285 208/208/285
f 207/207/286 209/209/286 208/208/286
f 208/208/287 209/209/287 210/210/287
f 209/209/288 211/211/288 210/210/288
f 210/210/289 211/211/289 212/212/289
f 211/211/290 213/213/290 212/212/290
f 212/212/291 213/213/291 214/214/291
f 205/205/292 215/215/292 207/207/292
f 215/215/293 211/211/293 207/207/293
f 207/207/294 211/211/294 209/209/294
f 215/215/295 216/216/295 211/211/295
f 216/216/296 213/213/296 211/211/296
f 216/216/297 215/215/297 217/217/297
f 215/215/298 218/218/298 217/217/298
f 217/217/299 218/218/299 219/219/299
f 208/208/300 210/210/300 220/220/300
f 210/210/301 221/221/301 220/220/301
f 221/221/302 210/210/302 222/222/302
f 210/210/303 223/223/303 222/222/303
f 222/222/304 223/223/304 224/224/304
f 223/223/305 225/225/305 224/224/305
f 224/224/306 225/225/306 226/226/306
f 225/225/307 227/227/307 226/226/307
f 226/226/308 227/227/308 228/228/308
f 227/227/309 229/229/309 228/228/309
f 228/228/310 229/229/310 230/230/310
f 229/229/311 231/231/311 230/230/311
f 230/230/312 231/231/312 232/232/312
f 231/231/313 174/174/313 232/232/313
f 232/232/314 174/174/314 119/119/314
f 174/174/315 231/231/315 173/173/315
f 231/231/316 229/229/316 173/173/316
f 173/173/317 229/229/317 134/134/317
f 229/229/318 227/227/318 134/134/318
f 134/134/319 227/227/319 135/135/319
f 227/227/320 225/225/320 135/135/320
f 135/135/321 225/225/321 142/142/321
f 225/225/322 223/223/322 142/142/322
f 142/142/323 223/223/323 214/214/323
f 223/223/324 212/212/324 214/214/324
f 233/233/325 234/234/325 235/235/325
f 234/234/326 236/236/326 235/235/326
f 235/235/327 236/236/327 237/237/327
f 236/236/328 238/238/328 237/237/328
f 237/237/329 238/238/329 239/239/329
f 238/238/330 240/240/330 239/239/330
f 234/234/331 241/241/331 236/236/331
f 241/241/332 242/242/332 236/236/332
f 236/236/333 242/242/333 238/238/333
f 242/242/334 243/243/334 238/238/334
f 238/238/335 243/243/335 244/244/335
f 243/243/336 245/245/336 244/244/336
f 241/241/337 246/246/337 242/242/337
f 246/246/338 247/247/338 242/242/338
f 242/242/339 247/247/339 243/243/339
f 247/247/340 248/248/340 243/243/340
f 243/243/341 248/248/341 245/245/341
f 248/248/342 249/249/342 245/245/342
f 245/245/343 249/249/343 250/250/343
f 249/249/344 251/251/344 250/250/344
f 250/250/345 251/251/345 252/252/345
f 251/251/346 253/253/346 252/252/346
f 248/248/347 247/247/347 249/249/347
f 247/247/348 254/254/348 249/249/348
f 249/249/349 254/254/349 251/251/349
f 254/254/350 255/255/350 251/251/350
f 251/251/351 255/255/351 256/256/351
f 255/255/352 257/257/352 256/256/352
f 256/256/353 257/257/353 258/258/353
f 257/257/354 259/259/354 258/258/354
f 258/258/355 259/259/355 260/260/355
f 259/259/356 261/261/356 260/260/356
f 260/260/357 261/261/357 262/262/357
f 261/261/358 259/259/358 263/263/358
f 259/259/359 257/257/359 263/263/359
f 263/263/360 257/257/360 264/264/360
f 257/257/361 255/255/361 264/264/361
f 264/264/362 255/255/362 265/265/362
f 255/255/363 254/254/363 265/265/363
f 265/265/364 254/254/364 266/266/364
f 254/254/365 247/247/365 266/266/365
f 266/266/366 247/247/366 246/246/366
f 251/251/367 256/256/367 253/253/367
f 256/256/368 267/267/368 253/253/368
f 256/256/369 258/258/369 267/267/369
f 258/258/370 268/268/370 267/267/370
f 268/268/371 258/258/371 269/269/371
f 258/258/372 260/260/372 269/269/372
f 269/269/373 260/260/373 270/270/373
f 260/260/374 262/262/374 270/270/374
f 270/270/375 262/262/375 271/271/375
f 270/270/376 272/272/376 269/269/376
f 272/272/377 273/273/377 269/269/377
f 269/269/378 273/273/378 268/268/378
f 270/270/379 274/274/379 272/272/379
f 274/274/380 275/275/380 272/272/380
f 272/272/381 275/275/381 273/273/381
f 274/274/382 270/270/382 276/276/382
f 270/270/383 271/271/383 276/276/383
f 276/276/384 271/271/384 277/277/384
f 276/276/385 278/278/385 274/274/385
f 278/278/386 279/279/386 274/274/386
f 274/274/387 279/279/387 275/275/387
f 279/279/388 280/280/388 275/275/388
f 276/276/389 277/277/389 278/278/389
f 277/277/390 281/281/390 278/278/390
f 278/278/391 281/281/391 282/282/391
f 278/278/392 282/282/392 279/279/392
f 282/282/393 283/283/393 279/279/393
f 279/279/394 283/283/394 280/280/394
f 283/283/395 284/284/395 280/280/395
f 222/222/396 224/224/396 221/221/396
f 224/224/397 285/285/397 221/221/397
f 285/285/398 224/224/398 286/286/398
f 224/224/399 226/226/399 286/286/399
f 286/286/400 226/226/400 287/287/400
f 226/226/401 228/228/401 287/287/401
f 287/287/402 228/228/402 288/288/402
f 228/228/403 230/230/403 288/288/403
f 288/288/404 230/230/404 289/289/404
f 230/230/405 290/290/405 289/289/405
f 289/289/406 290/290/406 291/291/406
f 290/290/407 292/292/407 291/291/407
f 291/291/408 292/292/408 293/293/408
f 292/292/409 294/294/409 293/293/409
f 293/293/410 294/294/410 295/295/410
f 294/294/411 105/105/411 295/295/411
f 105/105/412 294/294/412 106/106/412
f 294/294/413 292/292/413 106/106/413
f 106/106/414 292/292/414 119/119/414
f 292/292/415 232/232/415 119/119/415
f 292/292/416 290/290/416 232/232/416
f 290/290/417 230/230/417 232/232/417
f 295/295/418 296/296/418 293/293/418
f 296/296/419 297/297/419 293/293/419
f 293/293/420 297/297/420 298/298/420
f 298/298/421 299/299/421 293/293/421
f 299/299/422 291/291/422 293/293/422
f 78/78/423 300/300/423 76/76/423
f 300/300/424 301/301/424 76/76/424
f 76/76/425 301/301/425 74/74/425
f 301/301/426 302/302/426 74/74/426
f 74/74/427 302/302/427 72/72/427
f 302/302/428 303/303/428 72/72/428
f 72/72/429 303/303/429 70/70/429
f 303/303/430 304/304/430 70/70/430
f 70/70/431 304/304/431 68/68/431
f 304/304/432 305/305/432 68/68/432
f 68/68/433 305/305/433 66/66/433
f 305/305/434 306/306/434 66/66/434
f 66/66/435 306/306/435 307/307/435
f 306/306/436 308/308/436 307/307/436
f 307/307/437 308/308/437 309/309/437
f 308/308/438 310/310/438 309/309/438
f 309/309/439 310/310/439 311/311/439
f 310/310/440 312/312/440 311/311/440
f 311/311/441 312/312/441 313/313/441
f 312/312/442 314/314/442 313/313/442
f 313/313/443 314/314/443 315/315/443
f 314/314/444 316/316/444 315/315/444
f 315/315/445 316/316/445 317/317/445
f 316/316/446 318/318/446 317/317/446
f 317/317/447 318/318/447 319/319/447
f 318/318/448 320/320/448 319/319/448
f 308/308/449 306/306/449 321/321/449
f 306/306/450 305/305/450 321/321/450
f 321/321/451 305/305/451 322/322/451
f 305/305/452 304/304/452 322/322/452
f 322/322/453 304/304/453 323/323/453
f 304/304/454 303/303/454 323/323/454
f 323/323/455 303/303/455 324/324/455
f 303/303/456 302/302/456 324/324/456
f 324/324/457 302/302/457 325/325/457
f 302/302/458 301/301/458 325/325/458
f 325/325/459 301/301/459 326/326/459
f 301/301/460 300/300/460 326/326/460
f 326/326/461 300/300/461 327/327/461
f 322/322/462 323/323/462 328/328/462
f 323/323/463 324/324/463 328/328/463
f 328/328/464 324/324/464 329/329/464
f 324/324/465 325/325/465 329/329/465
f 329/329/466 325/325/466 330/330/466
f 325/325/467 326/326/467 330/330/467
f 330/330/468 326/326/468 331/331/468
f 326/326/469 327/327/469 331/331/469
f 331/331/470 327/327/470 332/332/470
f 328/328/471 329/329/471 333/333/471
f 329/329/472 330/330/472 333/333/472
f 333/333/473 330/330/473 334/334/473
f 330/330/474 331/331/474 334/334/474
f 334/334/475 331/331/475 335/335/475
f 331/331/476 332/332/476 335/335/476
f 335/335/477 332/332/477 336/336/477
f 333/333/478 337/337/478 328/328/478
f 337/337/479 338/338/479 328/328/479
f 328/328/480 338/338/480 322/322/480
f 338/338/481 339/339/481 322/322/481
f 322/322/482 339/339/482 321/321/482
f 339/339/483 308/308/483 321/321/483
f 337/337/484 340/340/484 338/338/484
f 340/340/485 341/341/485 338/338/485
f 338/338/486 341/341/486 339/339/486
f 341/341/487 342/342/487 339/339/487
f 339/339/488 342/342/488 308/308/488
f 342/342/489 343/343/489 308/308/489
f 308/308/490 343/343/490 310/310/490
f 343/343/491 344/344/491 310/310/491
f 310/310/492 344/344/492 312/312/492
f 344/344/493 314/314/493 312/312/493
f 341/341/494 345/345/494 342/342/494
f 345/345/495 346/346/495 342/342/495
f 342/342/496 346/346/496 343/343/496
f 346/346/497 347/347/497 343/343/497
f 343/343/498 347/347/498 344/344/498
f 347/347/499 348/348/499 344/344/499
f 344/344/500 348/348/500 314/314/500
f 348/348/501 316/316/501 314/314/501
f 341/341/502 349/349/502 345/345/502
f 349/349/503 350/350/503 345/345/503
f 345/345/504 350/350/504 346/346/504
f 350/350/505 351/351/505 346/346/505
f 346/346/506 351/351/506 347/347/506
f 351/351/507 352/352/507 347/347/507
f 347/347/508 352/352/508 348/348/508
f 352/352/509 318/318/509 348/348/509
f 348/348/510 318/318/510 316/316/510
f 352/352/511 351/351/511 353/353/511
f 351/351/512 350/350/512 353/353/512
f 353/353/513 350/350/513 354/354/513
f 350/350/514 355/355/514 354/354/514
f 353/353/515 356/356/515 352/352/515
f 356/356/516 357/357/516 352/352/516
f 352/352/517 357/357/517 318/318/517
f 357/357/518 320/320/518 318/318/518
f 52/52/519 358/358/519 50/50/519
f 358/358/520 359/359/520 50/50/520
f 50/50/521 359/359/521 48/48/521
f 359/359/522 360/360/522 48/48/522
f 48/48/523 360/360/523 46/46/523
f 360/360/524 361/361/524 46/46/524
f 46/46/525 361/361/525 362/362/525
f 361/361/526 363/363/526 362/362/526
f 362/362/527 363/363/527 364/364/527
f 363/363/528 365/365/528 364/364/528
f 364/364/529 365/365/529 366/366/529
f 365/365/530 367/367/530 366/366/530
f 366/366/531 367/367/531 368/368/531
f 367/367/532 369/369/532 368/368/532
f 368/368/533 369/369/533 370/370/533
f 369/369/534 371/371/534 370/370/534
f 370/370/535 371/371/535 372/372/535
f 371/371/536 266/266/536 372/372/536
f 372/372/537 266/266/537 373/373/537
f 266/266/538 246/246/538 373/373/538
f 373/373/539 246/246/539 241/241/539
f 266/266/540 371/371/540 265/265/540
f 371/371/541 369/369/541 265/265/541
f 265/265/542 369/369/542 264/264/542
f 369/369/543 367/367/543 264/264/543
f 264/264/544 367/367/544 263/263/544
f 367/367/545 365/365/545 263/263/545
f 263/263/546 365/365/546 261/261/546
f 365/365/547 374/374/547 261/261/547
f 261/261/548 374/374/548 262/262/548
f 374/374/549 375/375/549 262/262/549
f 262/262/550 375/375/550 271/271/550
f 375/375/551 376/376/551 271/271/551
f 271/271/552 376/376/552 277/277/552
f 376/376/553 377/377/553 277/277/553
f 277/277/554 377/377/554 281/281/554
f 374/374/555 363/363/555 375/375/555
f 363/363/556 378/378/556 375/375/556
f 375/375/557 378/378/557 379/379/557
f 378/378/558 359/359/558 379/379/558
f 379/379/559 359/359/559 358/358/559
f 359/359/560 378/378/560 360/360/560
f 378/378/561 363/363/561 360/360/561
f 360/360/562 363/363/562 361/361/562
f 375/375/563 379/379/563 376/376/563
f 379/379/564 380/380/564 376/376/564
f 376/376/565 380/380/565 377/377/565
f 142/142/566 214/214/566 172/172/566
f 214/214/567 381/381/567 172/172/567
f 172/172/568 381/381/568 171/171/568
f 381/381/569 170/170/569 171/171/569
f 381/381/570 382/382/570 170/170/570
f 382/382/571 383/383/571 170/170/571
f 170/170/572 383/383/572 168/168/572
f 383/383/573 384/384/573 168/168/573
f 168/168/574 384/384/574 385/385/574
f 384/384/575 386/386/575 385/385/575
f 385/385/576 386/386/576 387/387/576
f 386/386/577 388/388/577 387/387/577
f 387/387/578 388/388/578 389/389/578
f 168/168/579 385/385/579 166/166/579
f 385/385/580 390/390/580 166/166/580
f 166/166/581 390/390/581 158/158/581
f 390/390/582 160/160/582 158/158/582
f 385/385/583 387/387/583 390/390/583
f 387/387/584 391/391/584 390/390/584
f 390/390/585 391/391/585 160/160/585
f 391/391/586 162/162/586 160/160/586
f 387/387/587 389/389/587 391/391/587
f 389/389/588 392/392/588 391/391/588
f 391/391/589 392/392/589 162/162/589
f 392/392/590 164/164/590 162/162/590
f 381/381/591 214/214/591 382/382/591
f 214/214/592 213/213/592 382/382/592
f 382/382/593 213/213/593 216/216/593
f 216/216/594 393/393/594 382/382/594
f 393/393/595 383/383/595 382/382/595
f 383/383/596 393/393/596 384/384/596
f 393/393/597 394/394/597 384/384/597
f 384/384/598 394/394/598 386/386/598
f 394/394/599 395/395/599 386/386/599
f 386/386/600 395/395/600 388/388/600
f 393/393/601 217/217/601 394/394/601
f 217/217/602 219/219/602 394/394/602
f 394/394/603 219/219/603 395/395/603
f 46/46/604 362/362/604 44/44/604
f 362/362/605 42/42/605 44/44/605
f 42/42/606 362/362/606 396/396/606
f 362/362/607 364/364/607 396/396/607
f 396/396/608 364/364/608 366/366/608
f 42/42/609 396/396/609 397/397/609
f 396/396/610 368/368/610 397/397/610
f 397/397/611 368/368/611 398/398/611
f 368/368/612 370/370/612 398/398/612
f 398/398/613 370/370/613 399/399/613
f 370/370/614 372/372/614 399/399/614
f 399/399/615 372/372/615 373/373/615
f 373/373/616 400/400/616 399/399/616
f 400/400/617 401/401/617 399/399/617
f 399/399/618 401/401/618 402/402/618
f 401/401/619 36/36/619 402/402/619
f 402/402/620 36/36/620 398/398/620
f 36/36/621 38/38/621 398/398/621
f 398/398/622 38/38/622 397/397/622
f 38/38/623 40/40/623 397/397/623
f 397/397/624 40/40/624 42/42/624
f 373/373/625 403/403/625 400/400/625
f 403/403/626 404/404/626 400/400/626
f 400/400/627 404/404/627 401/401/627
f 404/404/628 405/405/628 401/401/628
f 401/401/629 405/405/629 32/32/629
f 405/405/630 406/406/630 32/32/630
f 32/32/631 406/406/631 30/30/631
f 406/406/632 29/29/632 30/30/632
f 406/406/633 405/405/633 407/407/633
f 405/405/634 404/404/634 407/407/634
f 407/407/635 404/404/635 408/408/635
f 404/404/636 403/403/636 408/408/636
f 408/408/637 403/403/637 234/234/637
f 403/403/638 241/241/638 234/234/638
f 234/234/639 233/233/639 408/408/639
f 233/233/640 409/409/640 408/408/640
f 408/408/641 409/409/641 407/407/641
f 409/409/642 410/410/642 407/407/642
f 407/407/643 410/410/643 406/406/643
f 410/410/644 411/411/644 406/406/644
f 406/406/645 411/411/645 29/29/645
f 32/32/646 34/34/646 401/401/646
f 34/34/647 36/36/647 401/401/647
f 412/412/648 413/413/648 414/414/648
f 413/413/649 415/415/649 414/414/649
f 414/414/650 415/415/650 336/336/650
f 415/415/651 335/335/651 336/336/651
f 413/413/652 416/416/652 415/415/652
f 416/416/653 417/417/653 415/415/653
f 415/415/654 417/417/654 334/334/654
f 417/417/655 418/418/655 334/334/655
f 334/334/656 418/418/656 333/333/656
f 418/418/657 419/419/657 333/333/657
f 333/333/658 419/419/658 337/337/658
f 419/419/659 420/420/659 337/337/659
f 337/337/660 420/420/660 340/340/660
f 420/420/661 341/341/661 340/340/661
f 341/341/662 420/420/662 421/421/662
f 420/420/663 422/422/663 421/421/663
f 421/421/664 422/422/664 349/349/664
f 422/422/665 355/355/665 349/349/665
f 349/349/666 355/355/666 350/350/666
f 422/422/667 420/420/667 423/423/667
f 420/420/668 424/424/668 423/423/668
f 420/420/669 419/419/669 424/424/669
f 419/419/670 418/418/670 424/424/670
f 424/424/671 418/418/671 425/425/671
f 418/418/672 417/417/672 425/425/672
f 425/425/673 417/417/673 416/416/673
f 317/317/674 426/426/674 315/315/674
f 426/426/675 427/427/675 315/315/675
f 315/315/676 427/427/676 313/313/676
f 427/427/677 428/428/677 313/313/677
f 313/313/678 428/428/678 311/311/678
f 428/428/679 58/58/679 311/311/679
f 311/311/680 58/58/680 60/60/680
f 426/426/681 429/429/681 427/427/681
f 429/429/682 430/430/682 427/427/682
f 427/427/683 430/430/683 428/428/683
f 430/430/684 58/58/684 428/428/684
f 429/429/685 431/431/685 430/430/685
f 431/431/686 55/55/686 430/430/686
f 430/430/687 55/55/687 56/56/687
f 192/192/688 432/432/688 193/193/688
f 432/432/689 197/197/689 193/193/689
f 197/197/690 432/432/690 198/198/690
f 432/432/691 433/433/691 198/198/691
f 198/198/692 433/433/692 434/434/692
f 434/434/693 435/435/693 198/198/693
f 435/435/694 200/200/694 198/198/694
f 435/435/695 436/436/695 200/200/695
f 436/436/696 437/437/696 200/200/696
f 200/200/697 437/437/697 202/202/697
f 437/437/698 436/436/698 438/438/698
f 436/436/699 439/439/699 438/438/699
f 438/438/700 439/439/700 440/440/700
f 439/439/701 441/441/701 440/440/701
f 440/440/702 441/441/702 442/442/702
f 441/441/703 443/443/703 442/442/703
f 442/442/704 443/443/704 444/444/704
f 443/443/705 445/445/705 444/444/705
f 443/443/706 441/441/706 446/446/706
f 441/441/707 447/447/707 446/446/707
f 446/446/708 447/447/708 448/448/708
f 447/447/709 449/449/709 448/448/709
f 448/448/710 449/449/710 450/450/710
f 449/449/711 435/435/711 450/450/711
f 450/450/712 435/435/712 434/434/712
f 447/447/713 439/439/713 449/449/713
f 439/439/714 436/436/714 449/449/714
f 449/449/715 436/436/715 435/435/715
f 438/438/716 440/440/716 451/451/716
f 440/440/717 452/452/717 451/451/717
f 451/451/718 452/452/718 453/453/718
f 452/452/719 454/454/719 453/453/719
f 440/440/720 442/442/720 452/452/720
f 442/442/721 444/444/721 452/452/721
f 452/452/722 444/444/722 455/455/722
f 129/129/723 128/128/723 146/146/723
f 128/128/724 138/138/724 146/146/724
f 445/445/725 443/443/725 456/456/725
f 443/443/726 457/457/726 456/456/726
f 456/456/727 457/457/727 458/458/727
f 457/457/728 459/459/728 458/458/728
f 458/458/729 459/459/729 460/460/729
f 459/459/730 461/461/730 460/460/730
f 460/460/731 461/461/731 462/462/731
f 461/461/732 463/463/732 462/462/732
f 462/462/733 463/463/733 464/464/733
f 463/463/734 465/465/734 464/464/734
f 464/464/735 465/465/735 2/2/735
f 465/465/736 5/5/736 2/2/736
f 443/443/737 446/446/737 457/457/737
f 446/446/738 466/466/738 457/457/738
f 457/457/739 466/466/739 459/459/739
f 466/466/740 467/467/740 459/459/740
f 459/459/741 467/467/741 461/461/741
f 467/467/742 468/468/742 461/461/742
f 461/461/743 468/468/743 463/463/743
f 468/468/744 469/469/744 463/463/744
f 463/463/745 469/469/745 465/465/745
f 469/469/746 470/470/746 465/465/746
f 465/465/747 470/470/747 5/5/747
f 470/470/748 7/7/748 5/5/748
f 467/467/749 471/471/749 468/468/749
f 471/471/750 472/472/750 468/468/750
f 468/468/751 472/472/751 469/469/751
f 472/472/752 473/473/752 469/469/752
f 469/469/753 473/473/753 470/470/753
f 473/473/754 474/474/754 470/470/754
f 470/470/755 474/474/755 7/7/755
f 474/474/756 9/9/756 7/7/756
f 471/471/757 475/475/757 472/472/757
f 475/475/758 476/476/758 472/472/758
f 472/472/759 476/476/759 473/473/759
f 476/476/760 477/477/760 473/473/760
f 473/473/761 477/477/761 474/474/761
f 477/477/762 478/478/762 474/474/762
f 474/474/763 478/478/763 9/9/763
f 478/478/764 11/11/764 9/9/764
f 475/475/765 479/479/765 476/476/765
f 479/479/766 480/480/766 476/476/766
f 476/476/767 480/480/767 477/477/767
f 480/480/768 481/481/768 477/477/768
f 477/477/769 481/481/769 478/478/769
f 481/481/770 482/482/770 478/478/770
f 478/478/771 482/482/771 11/11/771
f 482/482/772 483/483/772 11/11/772
f 11/11/773 483/483/773 13/13/773
f 483/483/774 15/15/774 13/13/774
f 475/475/775 484/484/775 479/479/775
f 484/484/776 485/485/776 479/479/776
f 479/479/777 485/485/777 480/480/777
f 485/485/778 486/486/778 480/480/778
f 480/480/779 486/486/779 481/481/779
f 486/486/780 487/487/780 481/481/780
f 481/481/781 487/487/781 483/483/781
f 487/487/782 488/488/782 483/483/782
f 483/483/783 488/488/783 489/489/783
f 488/488/784 490/490/784 489/489/784
f 489/489/785 490/490/785 15/15/785
f 490/490/786 17/17/786 15/15/786
f 484/484/787 475/475/787 491/491/787
f 475/475/788 471/471/788 491/491/788
f 491/491/789 471/471/789 492/492/789
f 471/471/790 466/466/790 492/492/790
f 492/492/791 466/466/791 448/448/791
f 466/466/792 446/446/792 448/448/792
f 484/484/793 491/491/793 450/450/793
f 491/491/794 492/492/794 450/450/794
f 450/450/795 492/492/795 448/448/795
f 450/450/796 434/434/796 484/484/796
f 434/434/797 433/433/797 484/484/797
f 484/484/798 433/433/798 493/493/798
f 433/433/799 432/432/799 493/493/799
f 493/493/800 432/432/800 494/494/800
f 432/432/801 495/495/801 494/494/801
f 494/494/802 495/495/802 496/496/802
f 495/495/803 497/497/803 496/496/803
f 496/496/804 497/497/804 498/498/804
f 497/497/805 499/499/805 498/498/805
f 498/498/806 499/499/806 488/488/806
f 499/499/807 500/500/807 488/488/807
f 488/488/808 500/500/808 490/490/808
f 500/500/809 501/501/809 490/490/809
f 490/490/810 501/501/810 502/502/810
f 501/501/811 503/503/811 502/502/811
f 502/502/812 503/503/812 504/504/812
f 503/503/813 505/505/813 504/504/813
f 504/504/814 505/505/814 506/506/814
f 505/505/815 507/507/815 506/506/815
f 506/506/816 507/507/816 508/508/816
f 494/494/817 496/496/817 485/485/817
f 496/496/818 498/498/818 485/485/818
f 485/485/819 498/498/819 486/486/819
f 498/498/820 487/487/820 486/486/820
f 494/494/821 485/485/821 493/493/821
f 485/485/822 484/484/822 493/493/822
f 508/508/823 25/25/823 506/506/823
f 25/25/824 23/23/824 506/506/824
f 506/506/825 23/23/825 504/504/825
f 23/23/826 21/21/826 504/504/826
f 504/504/827 21/21/827 19/19/827
f 504/504/828 19/19/828 502/502/828
f 19/19/829 490/490/829 502/502/829
f 507/507/830 505/505/830 509/509/830
f 505/505/831 510/510/831 509/509/831
f 509/509/832 510/510/832 511/511/832
f 510/510/833 512/512/833 511/511/833
f 511/511/834 512/512/834 513/513/834
f 512/512/835 514/514/835 513/513/835
f 513/513/836 514/514/836 176/176/836
f 514/514/837 177/177/837 176/176/837
f 177/177/838 514/514/838 515/515/838
f 514/514/839 516/516/839 515/515/839
f 515/515/840 516/516/840 517/517/840
f 516/516/841 518/518/841 517/517/841
f 517/517/842 518/518/842 499/499/842
f 518/518/843 500/500/843 499/499/843
f 514/514/844 512/512/844 516/516/844
f 512/512/845 519/519/845 516/516/845
f 516/516/846 519/519/846 518/518/846
f 519/519/847 501/501/847 518/518/847
f 518/518/848 501/501/848 500/500/848
f 512/512/849 510/510/849 519/519/849
f 510/510/850 505/505/850 519/519/850
f 519/519/851 505/505/851 503/503/851
f 432/432/852 192/192/852 495/495/852
f 192/192/853 191/191/853 495/495/853
f 495/495/854 191/191/854 520/520/854
f 191/191/855 184/184/855 520/520/855
f 520/520/856 184/184/856 515/515/856
f 184/184/857 177/177/857 515/515/857
f 515/515/858 517/517/858 520/520/858
f 517/517/859 495/495/859 520/520/859
f 495/495/860 517/517/860 497/497/860
f 517/517/861 499/499/861 497/497/861
f 104/104/862 103/103/862 521/521/862
f 103/103/863 522/522/863 521/521/863
f 521/521/864 522/522/864 523/523/864
f 522/522/865 524/524/865 523/523/865
f 523/523/866 524/524/866 525/525/866
f 524/524/867 526/526/867 525/525/867
f 525/525/868 526/526/868 527/527/868
f 526/526/869 528/528/869 527/527/869
f 527/527/870 528/528/870 529/529/870
f 528/528/871 530/530/871 529/529/871
f 529/529/872 530/530/872 412/412/872
f 530/530/873 413/413/873 412/412/873
f 103/103/874 102/102/874 522/522/874
f 102/102/875 531/531/875 522/522/875
f 522/522/876 531/531/876 524/524/876
f 531/531/877 532/532/877 524/524/877
f 524/524/878 532/532/878 526/526/878
f 532/532/879 533/533/879 526/526/879
f 526/526/880 533/533/880 534/534/880
f 533/533/881 535/535/881 534/534/881
f 534/534/882 535/535/882 536/536/882
f 535/535/883 537/537/883 536/536/883
f 536/536/884 537/537/884 538/538/884
f 537/537/885 539/539/885 538/538/885
f 538/538/886 539/539/886 540/540/886
f 539/539/887 541/541/887 540/540/887
f 540/540/888 541/541/888 542/542/888
f 541/541/889 543/543/889 542/542/889
f 542/542/890 543/543/890 422/422/890
f 543/543/891 544/544/891 422/422/891
f 422/422/892 544/544/892 355/355/892
f 544/544/893 545/545/893 355/355/893
f 355/355/894 545/545/894 354/354/894
f 545/545/895 546/546/895 354/354/895
f 354/354/896 546/546/896 353/353/896
f 546/546/897 547/547/897 353/353/897
f 353/353/898 547/547/898 356/356/898
f 547/547/899 548/548/899 356/356/899
f 356/356/900 548/548/900 357/357/900
f 548/548/901 549/549/901 357/357/901
f 357/357/902 549/549/902 320/320/902
f 543/543/903 550/550/903 544/544/903
f 550/550/904 551/551/904 544/544/904
f 544/544/905 551/551/905 545/545/905
f 551/551/906 552/552/906 545/545/906
f 545/545/907 552/552/907 546/546/907
f 552/552/908 553/553/908 546/546/908
f 546/546/909 553/553/909 547/547/909
f 553/553/910 554/554/910 547/547/910
f 547/547/911 554/554/911 548/548/911
f 554/554/912 555/555/912 548/548/912
f 548/548/913 555/555/913 549/549/913
f 552/552/914 556/556/914 553/553/914
f 556/556/915 557/557/915 553/553/915
f 553/553/916 557/557/916 554/554/916
f 557/557/917 558/558/917 554/554/917
f 554/554/918 558/558/918 555/555/918
f 556/556/919 559/559/919 557/557/919
f 559/559/920 560/560/920 557/557/920
f 557/557/921 560/560/921 558/558/921
f 559/559/922 556/556/922 561/561/922
f 556/556/923 562/562/923 561/561/923
f 561/561/924 562/562/924 563/563/924
f 562/562/925 564/564/925 563/563/925
f 563/563/926 564/564/926 565/565/926
f 564/564/927 566/566/927 565/565/927
f 565/565/928 566/566/928 567/567/928
f 566/566/929 568/568/929 567/567/929
f 567/567/930 568/568/930 569/569/930
f 568/568/931 539/539/931 569/569/931
f 569/569/932 539/539/932 570/570/932
f 539/539/933 571/571/933 570/570/933
f 570/570/934 571/571/934 572/572/934
f 571/571/935 573/573/935 572/572/935
f 572/572/936 573/573/936 99/99/936
f 573/573/937 100/100/937 99/99/937
f 562/562/938 552/552/938 564/564/938
f 552/552/939 551/551/939 564/564/939
f 564/564/940 551/551/940 566/566/940
f 551/551/941 550/550/941 566/566/941
f 566/566/942 550/550/942 568/568/942
f 550/550/943 541/541/943 568/568/943
f 568/568/944 541/541/944 539/539/944
f 560/560/945 559/559/945 574/574/945
f 559/559/946 575/575/946 574/574/946
f 574/574/947 575/575/947 92/92/947
f 575/575/948 93/93/948 92/92/948
f 93/93/949 575/575/949 576/576/949
f 575/575/950 561/561/950 576/576/950
f 576/576/951 561/561/951 577/577/951
f 561/561/952 563/563/952 577/577/952
f 577/577/953 563/563/953 565/565/953
f 577/577/954 565/565/954 578/578/954
f 565/565/955 567/567/955 578/578/955
f 578/578/956 567/567/956 579/579/956
f 567/567/957 569/569/957 579/579/957
f 579/579/958 569/569/958 580/580/958
f 569/569/959 572/572/959 580/580/959
f 580/580/960 572/572/960 99/99/960
f 99/99/961 98/98/961 580/580/961
f 98/98/962 97/97/962 580/580/962
f 580/580/963 97/97/963 579/579/963
f 97/97/964 96/96/964 579/579/964
f 579/579/965 96/96/965 578/578/965
f 96/96/966 95/95/966 578/578/966
f 578/578/967 95/95/967 577/577/967
f 95/95/968 94/94/968 577/577/968
f 577/577/969 94/94/969 576/576/969
f 94/94/970 93/93/970 576/576/970
f 539/539/971 537/537/971 571/571/971
f 537/537/972 535/535/972 571/571/972
f 571/571/973 535/535/973 581/581/973
f 535/535/974 533/533/974 581/581/974
f 581/581/975 533/533/975 532/532/975
f 571/571/976 581/581/976 573/573/976
f 581/581/977 582/582/977 573/573/977
f 573/573/978 582/582/978 101/101/978
f 582/582/979 531/531/979 101/101/979
f 101/101/980 531/531/980 102/102/980
f 531/531/981 582/582/981 532/532/981
f 582/582/982 581/581/982 532/532/982
f 422/422/983 423/423/983 542/542/983
f 423/423/984 424/424/984 542/542/984
f 542/542/985 424/424/985 583/583/985
f 424/424/986 425/425/986 583/583/986
f 583/583/987 425/425/987 584/584/987
f 425/425/988 416/416/988 584/584/988
f 584/584/989 416/416/989 585/585/989
f 416/416/990 530/530/990 585/585/990
f 585/585/991 530/530/991 534/534/991
f 530/530/992 528/528/992 534/534/992
f 534/534/993 528/528/993 526/526/993
f 585/585/994 536/536/994 584/584/994
f 536/536/995 538/538/995 584/584/995
f 584/584/996 538/538/996 583/583/996
f 538/538/997 540/540/997 583/583/997
f 583/583/998 540/540/998 542/542/998
f 91/91/999 90/90/999 284/284/999
f 90/90/1000 280/280/1000 284/284/1000
f 90/90/1001 89/89/1001 280/280/1001
f 89/89/1002 275/275/1002 280/280/1002
f 89/89/1003 88/88/1003 275/275/1003
f 88/88/1004 273/273/1004 275/275/1004
f 88/88/1005 87/87/1005 273/273/1005
f 87/87/1006 268/268/1006 273/273/1006
f 87/87/1007 86/86/1007 268/268/1007
f 86/86/1008 267/267/1008 268/268/1008
f 86/86/1009 85/85/1009 267/267/1009
f 85/85/1010 253/253/1010 267/267/1010
f 85/85/1011 84/84/1011 253/253/1011
f 84/84/1012 252/252/1012 253/253/1012
f 84/84/1013 83/83/1013 252/252/1013
f 83/83/1014 250/250/1014 252/252/1014
f 83/83/1015 82/82/1015 250/250/1015
f 82/82/1016 245/245/1016 250/250/1016
f 82/82/1017 81/81/1017 245/245/1017
f 81/81/1018 244/244/1018 245/245/1018
f 81/81/1019 80/80/1019 244/244/1019
f 80/80/1020 240/240/1020 244/244/1020
f 80/80/1021 79/79/1021 240/240/1021
f 79/79/1022 239/239/1022 240/240/1022
f 60/60/1023 62/62/1023 311/311/1023
f 62/62/1024 309/309/1024 311/311/1024
f 62/62/1025 64/64/1025 309/309/1025
f 64/64/1026 307/307/1026 309/309/1026
f 586/586/1027 587/587/1027 588/588/1027
f 587/587/1028 589/589/1028 588/588/1028
f 588/588/1029 589/589/1029 590/590/1029
f 589/589/1030 591/591/1030 590/590/1030
f 590/590/1031 591/591/1031 592/592/1031
f 591/591/1032 593/593/1032 592/592/1032
f 592/592/1033 593/593/1033 594/594/1033
f 593/593/1034 595/595/1034 594/594/1034
f 594/594/1035 595/595/1035 596/596/1035
f 595/595/1036 597/597/1036 596/596/1036
f 596/596/1037 597/597/1037 598/598/1037
f 597/597/1038 599/599/1038 598/598/1038
f 598/598/1039 599/599/1039 600/600/1039
f 599/599/1040 601/601/1040 600/600/1040
f 600/600/1041 601/601/1041 602/602/1041
f 601/601/1042 603/603/1042 602/602/1042
f 602/602/1043 603/603/1043 604/604/1043
f 603/603/1044 605/605/1044 604/604/1044
f 604/604/1045 605/605/1045 606/606/1045
f 605/605/1046 607/607/1046 606/606/1046
f 606/606/1047 607/607/1047 608/608/1047
f 607/607/1048 609/609/1048 608/608/1048
f 608/608/1049 609/609/1049 586/586/1049
f 609/609/1050 587/587/1050 586/586/1050
f 610/610/1051 611/611/1051 612/612/1051
f 611/611/1052 613/613/1052 612/612/1052
f 612/612/1053 613/613/1053 614/614/1053
f 613/613/1054 615/615/1054 614/614/1054
f 614/614/1055 615/615/1055 616/616/1055
f 615/615/1056 617/617/1056 616/616/1056
f 616/616/1057 617/617/1057 618/618/1057
f 617/617/1058 619/619/1058 618/618/1058
f 618/618/1059 619/619/1059 620/620/1059
f 619/619/1060 621/621/1060 620/620/1060
f 620/620/1061 621/621/1061 622/622/1061
f 621/621/1062 623/623/1062 622/622/1062
f 622/622/1063 623/623/1063 624/624/1063
f 623/623/1064 625/625/1064 624/624/1064
f 624/624/1065 625/625/1065 626/626/1065
f 625/625/1066 627/627/1066 626/626/1066
f 626/626/1067 627/627/1067 628/628/1067
f 627/627/1068 629/629/1068 628/628/1068
f 628/628/1069 629/629/1069 630/630/1069
f 629/629/1070 631/631/1070 630/630/1070
f 630/630/1071 631/631/1071 632/632/1071
f 631/631/1072 633/633/1072 632/632/1072
f 632/632/1073 633/633/1073 610/610/1073
f 633/633/1074 611/611/1074 610/610/1074
f 619/619/1075 617/617/1075 634/634/1075
f 617/617/1076 615/615/1076 634/634/1076
f 634/634/1077 615/615/1077 635/635/1077
f 615/615/1078 613/613/1078 635/635/1078
f 635/635/1079 613/613/1079 636/636/1079
f 613/613/1080 611/611/1080 636/636/1080
f 636/636/1081 611/611/1081 637/637/1081
f 611/611/1082 633/633/1082 637/637/1082
f 637/637/1083 633/633/1083 638/638/1083
f 633/633/1084 631/631/1084 638/638/1084
f 638/638/1085 631/631/1085 639/639/1085
f 631/631/1086 629/629/1086 639/639/1086
f 639/639/1087 629/629/1087 640/640/1087
f 629/629/1088 627/627/1088 640/640/1088
f 640/640/1089 627/627/1089 641/641/1089
f 627/627/1090 625/625/1090 641/641/1090
f 641/641/1091 625/625/1091 642/642/1091
f 625/625/1092 623/623/1092 642/642/1092
f 642/642/1093 623/623/1093 643/643/1093
f 623/623/1094 644/644/1094 643/643/1094
f 643/643/1095 644/644/1095 645/645/1095
f 644/644/1096 646/646/1096 645/645/1096
f 645/645/1097 646/646/1097 647/647/1097
f 646/646/1098 648/648/1098 647/647/1098
f 647/647/1099 648/648/1099 649/649/1099
f 648/648/1100 650/650/1100 649/649/1100
f 649/649/1101 650/650/1101 651/651/1101
f 650/650/1102 652/652/1102 651/651/1102
f 651/651/1103 652/652/1103 653/653/1103
f 652/652/1104 654/654/1104 653/653/1104
f 653/653/1105 654/654/1105 655/655/1105
f 654/654/1106 656/656/1106 655/655/1106
f 655/655/1107 656/656/1107 657/657/1107
f 656/656/1108 658/658/1108 657/657/1108
f 657/657/1109 658/658/1109 659/659/1109
f 658/658/1110 637/637/1110 659/659/1110
f 659/659/1111 637/637/1111 638/638/1111
f 637/637/1112 658/658/1112 636/636/1112
f 658/658/1113 660/660/1113 636/636/1113
f 636/636/1114 660/660/1114 635/635/1114
f 660/660/1115 661/661/1115 635/635/1115
f 635/635/1116 661/661/1116 634/634/1116
f 661/661/1117 662/662/1117 634/634/1117
f 634/634/1118 662/662/1118 663/663/1118
f 662/662/1119 646/646/1119 663/663/1119
f 663/663/1120 646/646/1120 644/644/1120
f 658/658/1121 656/656/1121 660/660/1121
f 656/656/1122 654/654/1122 660/660/1122
f 660/660/1123 654/654/1123 661/661/1123
f 654/654/1124 664/664/1124 661/661/1124
f 661/661/1125 664/664/1125 662/662/1125
f 664/664/1126 648/648/1126 662/662/1126
f 662/662/1127 648/648/1127 646/646/1127
f 654/654/1128 652/652/1128 664/664/1128
f 652/652/1129 650/650/1129 664/664/1129
f 664/664/1130 650/650/1130 648/648/1130
f 623/623/1131 621/621/1131 644/644/1131
f 621/621/1132 619/619/1132 644/644/1132
f 644/644/1133 619/619/1133 663/663/1133
f 619/619/1134 634/634/1134 663/663/1134
f 653/653/1135 655/655/1135 651/651/1135
f 655/655/1136 665/665/1136 651/651/1136
f 651/651/1137 665/665/1137 666/666/1137
f 665/665/1138 667/667/1138 666/666/1138
f 666/666/1139 667/667/1139 668/668/1139
f 667/667/1140 669/669/1140 668/668/1140
f 668/668/1141 669/669/1141 670/670/1141
f 669/669/1142 671/671/1142 670/670/1142
f 670/670/1143 671/671/1143 672/672/1143
f 671/671/1144 640/640/1144 672/672/1144
f 672/672/1145 640/640/1145 641/641/1145
f 641/641/1146 673/673/1146 672/672/1146
f 673/673/1147 674/674/1147 672/672/1147
f 672/672/1148 674/674/1148 670/670/1148
f 674/674/1149 675/675/1149 670/670/1149
f 670/670/1150 675/675/1150 668/668/1150
f 675/675/1151 651/651/1151 668/668/1151
f 668/668/1152 651/651/1152 666/666/1152
f 651/651/1153 675/675/1153 676/676/1153
f 675/675/1154 674/674/1154 676/676/1154
f 676/676/1155 674/674/1155 677/677/1155
f 674/674/1156 673/673/1156 677/677/1156
f 677/677/1157 673/673/1157 678/678/1157
f 673/673/1158 641/641/1158 678/678/1158
f 678/678/1159 641/641/1159 642/642/1159
f 642/642/1160 643/643/1160 678/678/1160
f 643/643/1161 645/645/1161 678/678/1161
f 678/678/1162 645/645/1162 679/679/1162
f 645/645/1163 647/647/1163 679/679/1163
f 679/679/1164 647/647/1164 680/680/1164
f 647/647/1165 649/649/1165 680/680/1165
f 680/680/1166 649/649/1166 651/651/1166
f 678/678/1167 679/679/1167 677/677/1167
f 679/679/1168 680/680/1168 677/677/1168
f 677/677/1169 680/680/1169 681/681/1169
f 680/680/1170 651/651/1170 681/681/1170
f 681/681/1171 651/651/1171 676/676/1171
f 655/655/1172 657/657/1172 665/665/1172
f 657/657/1173 667/667/1173 665/665/1173
f 657/657/1174 659/659/1174 667/667/1174
f 659/659/1175 682/682/1175 667/667/1175
f 667/667/1176 682/682/1176 669/669/1176
f 682/682/1177 671/671/1177 669/669/1177
f 659/659/1178 638/638/1178 682/682/1178
f 638/638/1179 639/639/1179 682/682/1179
f 682/682/1180 639/639/1180 671/671/1180
f 639/639/1181 640/640/1181 671/671/1181
f 683/683/1182 609/609/1182 684/684/1182
f 609/609/1183 607/607/1183 684/684/1183
f 684/684/1184 607/607/1184 685/685/1184
f 607/607/1185 605/605/1185 685/685/1185
f 685/685/1186 605/605/1186 686/686/1186
f 605/605/1187 603/603/1187 686/686/1187
f 686/686/1188 603/603/1188 687/687/1188
f 603/603/1189 601/601/1189 687/687/1189
f 687/687/1190 601/601/1190 688/688/1190
f 601/601/1191 599/599/1191 688/688/1191
f 688/688/1192 599/599/1192 689/689/1192
f 599/599/1193 597/597/1193 689/689/1193
f 689/689/1194 597/597/1194 690/690/1194
f 597/597/1195 595/595/1195 690/690/1195
f 690/690/1196 595/595/1196 691/691/1196
f 595/595/1197 593/593/1197 691/691/1197
f 691/691/1198 593/593/1198 692/692/1198
f 593/593/1199 591/591/1199 692/692/1199
f 692/692/1200 591/591/1200 693/693/1200
f 591/591/1201 589/589/1201 693/693/1201
f 693/693/1202 589/589/1202 694/694/1202
f 589/589/1203 587/587/1203 694/694/1203
f 694/694/1204 587/587/1204 683/683/1204
f 587/587/1205 609/609/1205 683/683/1205
f 686/686/1206 687/687/1206 695/695/1206
f 687/687/1207 696/696/1207 695/695/1207
f 695/695/1208 696/696/1208 697/697/1208
f 696/696/1209 698/698/1209 697/697/1209
f 697/697/1210 698/698/1210 699/699/1210
f 698/698/1211 700/700/1211 699/699/1211
f 699/699/1212 701/701/1212 697/697/1212
f 701/701/1213 702/702/1213 697/697/1213
f 697/697/1214 702/702/1214 695/695/1214
f 702/702/1215 703/703/1215 695/695/1215
f 695/695/1216 703/703/1216 686/686/1216
f 703/703/1217 685/685/1217 686/686/1217
f 701/701/1218 704/704/1218 702/702/1218
f 704/704/1219 705/705/1219 702/702/1219
f 702/702/1220 705/705/1220 703/703/1220
f 705/705/1221 706/706/1221 703/703/1221
f 703/703/1222 706/706/1222 685/685/1222
f 706/706/1223 684/684/1223 685/685/1223
f 705/705/1224 707/707/1224 706/706/1224
f 707/707/1225 683/683/1225 706/706/1225
f 706/706/1226 683/683/1226 684/684/1226
f 683/683/1227 707/707/1227 694/694/1227
f 707/707/1228 708/708/1228 694/694/1228
f 694/694/1229 708/708/1229 693/693/1229
f 708/708/1230 709/709/1230 693/693/1230
f 693/693/1231 709/709/1231 692/692/1231
f 709/709/1232 710/710/1232 692/692/1232
f 692/692/1233 710/710/1233 711/711/1233
f 710/710/1234 712/712/1234 711/711/1234
f 711/711/1235 712/712/1235 713/713/1235
f 712/712/1236 714/714/1236 713/713/1236
f 713/713/1237 714/714/1237 715/715/1237
f 714/714/1238 716/716/1238 715/715/1238
f 715/715/1239 716/716/1239 717/717/1239
f 713/713/1240 715/715/1240 711/711/1240
f 715/715/1241 718/718/1241 711/711/1241
f 711/711/1242 718/718/1242 690/690/1242
f 718/718/1243 719/719/1243 690/690/1243
f 690/690/1244 719/719/1244 689/689/1244
f 719/719/1245 720/720/1245 689/689/1245
f 689/689/1246 720/720/1246 688/688/1246
f 720/720/1247 696/696/1247 688/688/1247
f 688/688/1248 696/696/1248 687/687/1248
f 718/718/1249 721/721/1249 719/719/1249
f 721/721/1250 722/722/1250 719/719/1250
f 719/719/1251 722/722/1251 720/720/1251
f 722/722/1252 698/698/1252 720/720/1252
f 720/720/1253 698/698/1253 696/696/1253
f 718/718/1254 715/715/1254 721/721/1254
f 715/715/1255 717/717/1255 721/721/1255
f 721/721/1256 717/717/1256 723/723/1256
f 721/721/1257 723/723/1257 722/722/1257
f 723/723/1258 700/700/1258 722/722/1258
f 722/722/1259 700/700/1259 698/698/1259
f 704/704/1260 724/724/1260 705/705/1260
f 724/724/1261 725/725/1261 705/705/1261
f 705/705/1262 725/725/1262 707/707/1262
f 725/725/1263 726/726/1263 707/707/1263
f 707/707/1264 726/726/1264 708/708/1264
f 726/726/1265 709/709/1265 708/708/1265
f 709/709/1266 726/726/1266 727/727/1266
f 726/726/1267 728/728/1267 727/727/1267
f 727/727/1268 728/728/1268 712/712/1268
f 728/728/1269 729/729/1269 712/712/1269
f 712/712/1270 729/729/1270 714/714/1270
f 727/727/1271 712/712/1271 709/709/1271
f 712/712/1272 710/710/1272 709/709/1272
f 728/728/1273 726/726/1273 730/730/1273
f 726/726/1274 724/724/1274 730/730/1274
f 692/692/1275 711/711/1275 691/691/1275
f 711/711/1276 690/690/1276 691/691/1276
f 731/731/1277 732/732/1277 733/733/1277
f 732/732/1278 734/734/1278 733/733/1278
f 733/733/1279 734/734/1279 735/735/1279
f 735/735/1280 736/736/1280 733/733/1280
f 736/736/1281 737/737/1281 733/733/1281
f 733/733/1282 737/737/1282 738/738/1282
f 738/738/1283 739/739/1283 733/733/1283
f 739/739/1284 740/740/1284 733/733/1284
f 733/733/1285 740/740/1285 741/741/1285
f 741/741/1286 742/742/1286 733/733/1286
f 742/742/1287 743/743/1287 733/733/1287
f 733/733/1288 743/743/1288 731/731/1288
f 210/210/1289 212/212/1289 223/223/1289
f 677/677/1290 681/681/1290 676/676/1290
f 291/291/1291 299/299/1291 289/289/1291
f 365/365/1292 363/363/1292 374/374/1292
f 368/368/1293 396/396/1293 366/366/1293
f 307/307/1294 64/64/1294 66/66/1294
f 498/498/1295 488/488/1295 487/487/1295
f 556/556/1296 552/552/1296 562/562/1296
f 241/241/1297 403/403/1297 373/373/1297
f 519/519/1298 503/503/1298 501/501/1298
f 569/569/1299 570/570/1299 572/572/1299
f 575/575/1300 559/559/1300 561/561/1300
f 244/244/1301 240/240/1301 238/238/1301
f 430/430/1302 56/56/1302 58/58/1302
f 543/543/1303 541/541/1303 550/550/1303
f 205/205/1304 218/218/1304 215/215/1304
f 358/358/1305 380/380/1305 379/379/1305
f 454/454/1306 452/452/1306 455/455/1306
f 2/2/1307 1/1/1307 464/464/1307
f 341/341/1308 421/421/1308 349/349/1308
f 15/15/1309 483/483/1309 489/489/1309
f 217/217/1310 393/393/1310 216/216/1310
f 416/416/1311 413/413/1311 530/530/1311
f 19/19/1312 17/17/1312 490/490/1312
f 398/398/1313 399/399/1313 402/402/1313
f 481/481/1314 483/483/1314 482/482/1314
f 334/334/1315 335/335/1315 415/415/1315
f 585/585/1316 534/534/1316 536/536/1316
f 441/441/1317 439/439/1317 447/447/1317
f 466/466/1318 471/471/1318 467/467/1318
f 726/726/1319 725/725/1319 724/724/1319
f 573/573/1320 101/101/1320 100/100/1320
