mtllib patrol_boat.mtl
v -0.012295 0.151953 0.968370
v 0.015041 0.151770 0.968391
v -0.012277 0.151521 0.947362
v 0.015069 0.151349 0.947405
v -0.002658 0.139188 0.953924
v -0.002599 0.148955 0.953860
v 0.001095 0.139135 0.952408
v 0.001154 0.148897 0.952345
v -0.004024 0.149051 0.957914
v -0.004095 0.139289 0.957976
v -0.002609 0.149121 0.961950
v -0.002671 0.139360 0.962012
v 0.001148 0.149127 0.963477
v 0.001089 0.139371 0.963563
v 0.004914 0.149073 0.961962
v 0.004842 0.139312 0.962024
v 0.006342 0.148977 0.957884
v 0.006279 0.139217 0.957994
v 0.004911 0.148907 0.953897
v 0.004840 0.139146 0.953959
v 0.001154 0.148897 0.952345
v 0.001095 0.139135 0.952408
v 0.015041 0.151770 0.968391
v 0.015201 0.174350 0.963649
v 0.015069 0.151349 0.947405
v 0.015212 0.176239 0.961210
v 0.015233 0.176091 0.954159
v 0.015205 0.174119 0.951789
v -0.012277 0.151521 0.947362
v -0.012132 0.174297 0.951769
v -0.012295 0.151953 0.968370
v -0.012103 0.176269 0.954139
v -0.012124 0.176422 0.961189
v -0.012135 0.174533 0.963627
v -0.014567 0.174308 0.951742
v -0.014538 0.176290 0.954134
v -0.012132 0.174297 0.951769
v -0.012103 0.176269 0.954139
v -0.012124 0.176422 0.961189
v -0.014559 0.176434 0.961185
v -0.014570 0.174550 0.963623
v -0.012135 0.174533 0.963627
v 0.015048 0.148374 0.947444
v 0.017495 0.151327 0.947410
v 0.015021 0.148801 0.968453
v 0.017477 0.151753 0.968396
v 0.017640 0.174097 0.951795
v 0.017668 0.176079 0.954163
v 0.017647 0.176222 0.961214
v 0.017636 0.174343 0.963675
v 0.017636 0.174343 0.963675
v 0.017647 0.176222 0.961214
v 0.015201 0.174350 0.963649
v 0.015212 0.176239 0.961210
v 0.015233 0.176091 0.954159
v 0.017668 0.176079 0.954163
v 0.017640 0.174097 0.951795
v 0.015205 0.174119 0.951789
v 0.015048 0.148374 0.947444
v 0.015021 0.148801 0.968453
v -0.012298 0.148552 0.947423
v -0.012316 0.148979 0.968409
v -0.014730 0.151960 0.968344
v -0.014715 0.151533 0.947334
v -0.014570 0.174550 0.963623
v -0.014559 0.176434 0.961185
v -0.014538 0.176290 0.954134
v -0.014567 0.174308 0.951742
v 0.015201 0.174350 0.963649
v 0.015041 0.151770 0.968391
v 0.017636 0.174343 0.963675
v 0.017477 0.151753 0.968396
v 0.015021 0.148801 0.968453
v -0.012316 0.148979 0.968409
v -0.012295 0.151953 0.968370
v -0.014730 0.151960 0.968344
v -0.012135 0.174533 0.963627
v -0.014570 0.174550 0.963623
v 0.017640 0.174097 0.951795
v 0.017495 0.151327 0.947410
v 0.015205 0.174119 0.951789
v -0.014715 0.151533 0.947334
v -0.014567 0.174308 0.951742
v -0.012132 0.174297 0.951769
v 0.011178 0.201209 -0.319342
v 0.012789 0.201197 -0.319363
v 0.011161 0.198422 -0.319345
v 0.011161 0.201607 -0.299248
v 0.011148 0.198824 -0.299252
v 0.012772 0.201595 -0.299269
v -0.005900 0.198532 -0.319373
v -0.007476 0.201325 -0.319396
v -0.005868 0.201313 -0.319417
v -0.005881 0.201716 -0.299299
v -0.007492 0.201733 -0.299279
v -0.005913 0.198935 -0.299256
v -0.009217 0.186772 -0.299454
v -0.009152 0.196459 -0.299548
v -0.009213 0.186405 -0.317736
v -0.009151 0.196092 -0.317830
v -0.009213 0.186405 -0.317736
v -0.005972 0.186377 -0.317753
v -0.009217 0.186772 -0.299454
v -0.005989 0.186744 -0.299471
v 0.011161 0.201607 -0.299248
v 0.011178 0.201209 -0.319342
v -0.005881 0.201716 -0.299299
v -0.005868 0.201313 -0.319417
v 0.011161 0.201607 -0.299248
v -0.005881 0.201716 -0.299299
v 0.011172 0.203218 -0.299270
v -0.005876 0.203333 -0.299275
v -0.005868 0.201313 -0.319417
v 0.011178 0.201209 -0.319342
v -0.005860 0.202925 -0.319392
v 0.011189 0.202810 -0.319387
v -0.003187 0.177333 -0.239081
v 0.008056 0.177259 -0.239063
v -0.003003 0.204514 -0.239329
v 0.008227 0.204441 -0.239310
v -0.005896 0.203850 -0.273361
v 0.011165 0.203745 -0.273334
v -0.005876 0.203333 -0.299275
v 0.011172 0.203218 -0.299270
v 0.011215 0.204914 -0.327624
v 0.011226 0.204698 -0.338419
v -0.005846 0.205020 -0.327650
v -0.005823 0.204808 -0.338422
v -0.005996 0.179209 -0.338215
v 0.011065 0.179098 -0.338212
v -0.006034 0.180122 -0.292813
v 0.011027 0.180007 -0.292785
v 0.008056 0.177259 -0.239063
v 0.008053 0.177218 -0.241115
v 0.008227 0.204441 -0.239310
v 0.008227 0.204399 -0.241363
v 0.010999 0.176248 -0.288227
v -0.006062 0.176368 -0.288208
v -0.003003 0.204514 -0.239329
v -0.003002 0.204473 -0.241382
v -0.003187 0.177333 -0.239081
v -0.003190 0.177291 -0.241134
v 0.008053 0.177218 -0.241115
v 0.010970 0.177201 -0.241135
v 0.008227 0.204399 -0.241363
v 0.011138 0.204379 -0.241358
v -0.003002 0.204473 -0.241382
v -0.005923 0.204495 -0.241338
v -0.003190 0.177291 -0.241134
v -0.006088 0.177312 -0.241139
v 0.011226 0.204698 -0.338419
v 0.011065 0.179098 -0.338212
v -0.005823 0.204808 -0.338422
v -0.005996 0.179209 -0.338215
v -0.005862 0.202760 -0.327602
v 0.011199 0.202644 -0.327598
v -0.005846 0.205020 -0.327650
v 0.011215 0.204914 -0.327624
v 0.011199 0.202644 -0.327598
v -0.005862 0.202760 -0.327602
v 0.011189 0.202810 -0.319387
v -0.005860 0.202925 -0.319392
v 0.011162 0.206593 -0.244137
v 0.011181 0.206004 -0.273382
v -0.005899 0.206709 -0.244117
v -0.005880 0.206120 -0.273387
v 0.011162 0.206593 -0.244137
v -0.005899 0.206709 -0.244117
v 0.011146 0.204329 -0.244088
v -0.005915 0.204444 -0.244068
v -0.005896 0.203850 -0.273361
v -0.005880 0.206120 -0.273387
v 0.011165 0.203745 -0.273334
v 0.011181 0.206004 -0.273382
v 0.012476 0.198390 -0.285399
v 0.012448 0.199182 -0.246374
v 0.012377 0.183345 -0.285239
v 0.012349 0.184135 -0.246238
v 0.004654 0.209399 -0.335160
v 0.004641 0.209474 -0.331198
v 0.006783 0.204794 -0.335118
v 0.006770 0.204869 -0.331132
v -0.001393 0.204921 -0.331169
v 0.000794 0.209492 -0.331179
v -0.001378 0.204846 -0.335155
v 0.000807 0.209422 -0.335166
v -0.001378 0.204846 -0.335155
v 0.000807 0.209422 -0.335166
v 0.006783 0.204794 -0.335118
v 0.004654 0.209399 -0.335160
v 0.004641 0.209474 -0.331198
v 0.000794 0.209492 -0.331179
v 0.006770 0.204869 -0.331132
v -0.001393 0.204921 -0.331169
v 0.005238 0.208123 -0.265418
v 0.000069 0.208160 -0.265403
v 0.005221 0.208380 -0.252788
v 0.000068 0.208407 -0.252771
v 0.005238 0.208123 -0.265418
v 0.005221 0.208380 -0.252788
v 0.005250 0.210773 -0.265408
v 0.005245 0.212220 -0.252803
v 0.000068 0.208407 -0.252771
v 0.000069 0.208160 -0.265403
v 0.000095 0.212246 -0.252834
v 0.000088 0.210804 -0.265440
v -0.000991 0.210812 -0.265442
v -0.001023 0.206245 -0.265385
v -0.000960 0.212258 -0.252837
v -0.000997 0.206501 -0.252779
v -0.000960 0.212258 -0.252837
v -0.000997 0.206501 -0.252779
v 0.000095 0.212246 -0.252834
v 0.000068 0.208407 -0.252771
v 0.006324 0.206456 -0.252719
v 0.006304 0.206199 -0.265373
v 0.006361 0.212213 -0.252777
v 0.006336 0.210765 -0.265454
v 0.006361 0.212213 -0.252777
v 0.006336 0.210765 -0.265454
v 0.005245 0.212220 -0.252803
v 0.005250 0.210773 -0.265408
v -0.001023 0.206245 -0.265385
v -0.000991 0.210812 -0.265442
v 0.000069 0.208160 -0.265403
v 0.000088 0.210804 -0.265440
v -0.000991 0.210812 -0.265442
v -0.000960 0.212258 -0.252837
v 0.000088 0.210804 -0.265440
v 0.000095 0.212246 -0.252834
v 0.012772 0.201595 -0.299269
v 0.011148 0.198824 -0.299252
v 0.011161 0.198422 -0.319345
v 0.011178 0.201209 -0.319342
v 0.011161 0.201607 -0.299248
v 0.012789 0.201197 -0.319363
v 0.012772 0.201595 -0.299269
v -0.012440 0.201125 -0.319642
v -0.014867 0.188088 -0.319595
v -0.012456 0.201560 -0.298125
v -0.014871 0.188534 -0.298056
v -0.005913 0.198935 -0.299256
v -0.007492 0.201733 -0.299279
v -0.005900 0.198532 -0.319373
v -0.012456 0.201560 -0.298125
v -0.014871 0.188534 -0.298056
v -0.057866 0.210042 -0.298247
v -0.060296 0.197003 -0.298151
v 0.008414 0.193160 -0.384414
v 0.015436 0.203354 -0.384475
v 0.008408 0.193205 -0.382410
v 0.015442 0.203398 -0.382472
v 0.008408 0.193205 -0.382410
v 0.015442 0.203398 -0.382472
v 0.005996 0.195642 -0.382450
v 0.014215 0.204450 -0.382466
v 0.005996 0.195642 -0.382450
v 0.006002 0.195603 -0.384430
v 0.014209 0.204410 -0.384471
v 0.006002 0.195603 -0.384430
v 0.014209 0.204410 -0.384471
v 0.008414 0.193160 -0.384414
v 0.015436 0.203354 -0.384475
v 0.014215 0.204450 -0.382466
v 0.015436 0.203354 -0.384475
v 0.015442 0.203398 -0.382472
v -0.003017 0.203584 -0.236645
v 0.008213 0.203510 -0.236626
v -0.003012 0.204247 -0.236673
v 0.008218 0.204173 -0.236654
v -0.003170 0.181761 -0.236463
v 0.008076 0.181685 -0.236493
v -0.003165 0.182429 -0.236468
v 0.008081 0.182353 -0.236497
v -0.011455 0.200929 -0.320350
v -0.011476 0.201387 -0.297504
v -0.016826 0.172059 -0.320087
v -0.016859 0.172512 -0.297264
v -0.016859 0.172512 -0.297264
v -0.064217 0.181356 -0.297347
v -0.016826 0.172059 -0.320087
v -0.064183 0.180903 -0.320194
v -0.058812 0.209783 -0.320435
v -0.016826 0.172059 -0.320087
v -0.011455 0.200929 -0.320350
v -0.011476 0.201387 -0.297504
v -0.058833 0.210240 -0.297613
v -0.016859 0.172512 -0.297264
v -0.060293 0.196562 -0.319691
v -0.060296 0.197003 -0.298151
v -0.014867 0.188088 -0.319595
v -0.014871 0.188534 -0.298056
v -0.064183 0.180903 -0.320194
v -0.058812 0.209783 -0.320435
v -0.057850 0.209606 -0.319788
v -0.060293 0.196562 -0.319691
v -0.012440 0.201125 -0.319642
v -0.014867 0.188088 -0.319595
v -0.057866 0.210042 -0.298247
v -0.060296 0.197003 -0.298151
v -0.057850 0.209606 -0.319788
v -0.060293 0.196562 -0.319691
v 0.011215 0.204914 -0.327624
v 0.011205 0.205080 -0.319413
v 0.011199 0.202644 -0.327598
v 0.011189 0.202810 -0.319387
v -0.005862 0.202760 -0.327602
v -0.005846 0.205020 -0.327650
v 0.011199 0.202644 -0.327598
v 0.011215 0.204914 -0.327624
v 0.011181 0.206004 -0.273382
v -0.005880 0.206120 -0.273387
v 0.011165 0.203745 -0.273334
v -0.005896 0.203850 -0.273361
v -0.005860 0.202925 -0.319392
v -0.005844 0.205190 -0.319416
v -0.005862 0.202760 -0.327602
v -0.005846 0.205020 -0.327650
v 0.011205 0.205080 -0.319413
v 0.014103 0.205060 -0.319383
v 0.011189 0.202810 -0.319387
v 0.014087 0.202795 -0.319359
v -0.005860 0.202925 -0.319392
v -0.008761 0.202936 -0.319419
v -0.005844 0.205190 -0.319416
v -0.008745 0.205205 -0.319444
v 0.013878 0.209779 -0.291140
v 0.013874 0.209835 -0.288387
v 0.013737 0.187939 -0.284744
v 0.013737 0.188049 -0.279456
v 0.013737 0.188049 -0.279456
v 0.012406 0.188054 -0.279482
v 0.013737 0.187939 -0.284744
v 0.012406 0.187949 -0.284747
v 0.012547 0.209789 -0.291119
v 0.013878 0.209779 -0.291140
v 0.013874 0.209835 -0.288387
v 0.012540 0.209845 -0.288366
v 0.012406 0.188054 -0.279482
v 0.012540 0.209845 -0.288366
v 0.012406 0.187949 -0.284747
v 0.012547 0.209789 -0.291119
v -0.005881 0.201716 -0.299299
v -0.005868 0.201313 -0.319417
v -0.007492 0.201733 -0.299279
v -0.007476 0.201325 -0.319396
v -0.009151 0.196092 -0.317830
v -0.009152 0.196459 -0.299548
v -0.012354 0.196105 -0.317857
v -0.012368 0.196482 -0.299554
v -0.005887 0.200844 -0.299564
v -0.005870 0.200476 -0.317870
v -0.005887 0.200844 -0.299564
v -0.005870 0.200476 -0.317870
v -0.011563 0.200878 -0.299597
v -0.011561 0.200501 -0.317901
v 0.008227 0.204441 -0.239310
v 0.008227 0.204399 -0.241363
v -0.003003 0.204514 -0.239329
v -0.003002 0.204473 -0.241382
v 0.011138 0.204379 -0.241358
v -0.005923 0.204495 -0.241338
v 0.013549 0.198838 -0.408228
v 0.011481 0.199718 -0.408208
v 0.015639 0.199689 -0.408201
v 0.010640 0.201793 -0.408239
v 0.016515 0.201757 -0.408181
v 0.013584 0.204719 -0.408266
v 0.015662 0.203845 -0.408215
v 0.011504 0.203870 -0.408221
v 0.013577 0.205197 -0.384502
v 0.011497 0.204342 -0.384480
v 0.015642 0.204313 -0.384473
v 0.010630 0.202270 -0.384475
v 0.016495 0.202229 -0.384465
v 0.013539 0.199321 -0.384465
v 0.015616 0.200162 -0.384461
v 0.011471 0.200191 -0.384468
v 0.013870 0.208515 -0.287775
v 0.013873 0.208438 -0.291663
v 0.013855 0.207168 -0.288345
v 0.013860 0.207112 -0.291098
v 0.013860 0.206591 -0.289695
v 0.032377 0.208317 -0.291657
v 0.032362 0.208394 -0.287769
v 0.032351 0.206991 -0.291092
v 0.032347 0.207052 -0.288316
v 0.032352 0.206471 -0.289689
v 0.013886 0.210362 -0.289743
v 0.013878 0.209779 -0.291140
v 0.013874 0.209835 -0.288387
v 0.032378 0.210241 -0.289737
v 0.032366 0.209720 -0.288358
v 0.032370 0.209659 -0.291134
v 0.009637 0.203506 -0.236431
v 0.008213 0.203510 -0.236626
v 0.008220 0.203457 -0.239283
v -0.003017 0.203584 -0.236645
v -0.003010 0.203531 -0.239301
v 0.011635 0.203547 -0.233335
v 0.011634 0.203528 -0.234737
v 0.013155 0.203535 -0.233380
v 0.013149 0.203504 -0.235217
v 0.010892 0.203511 -0.235753
v 0.012406 0.203466 -0.237368
v 0.010736 0.203429 -0.239325
v 0.008225 0.203432 -0.240223
v 0.009503 0.181681 -0.236298
v 0.008076 0.181685 -0.236493
v 0.008086 0.181633 -0.239125
v -0.003170 0.181761 -0.236463
v -0.003159 0.181713 -0.239097
v 0.011498 0.181728 -0.233178
v 0.011500 0.181698 -0.234603
v 0.013018 0.181722 -0.233152
v 0.013009 0.181686 -0.235012
v 0.010743 0.181682 -0.235594
v 0.012260 0.181651 -0.237212
v 0.010596 0.181616 -0.239097
v 0.008091 0.181617 -0.240068
v -0.003005 0.204194 -0.239329
v -0.003012 0.204247 -0.236673
v 0.008225 0.204126 -0.239288
v 0.008218 0.204173 -0.236654
v 0.009642 0.204169 -0.236459
v 0.011639 0.204215 -0.233339
v 0.013160 0.204203 -0.233385
v 0.011639 0.204191 -0.234765
v 0.013154 0.204167 -0.235245
v 0.012411 0.204129 -0.237396
v 0.010897 0.204173 -0.235780
v 0.010735 0.204099 -0.239281
v 0.008229 0.204100 -0.240228
v -0.003154 0.182376 -0.239125
v -0.003165 0.182429 -0.236468
v 0.008091 0.182296 -0.239153
v 0.008081 0.182353 -0.236497
v 0.009508 0.182349 -0.236302
v 0.011502 0.182396 -0.233183
v 0.013023 0.182390 -0.233157
v 0.011505 0.182367 -0.234608
v 0.013014 0.182354 -0.235017
v 0.012265 0.182313 -0.237240
v 0.010747 0.182350 -0.235599
v 0.010601 0.182279 -0.239125
v 0.008096 0.182280 -0.240096
v -0.011563 0.200878 -0.299597
v -0.011561 0.200501 -0.317901
v -0.000997 0.206501 -0.252779
v 0.006324 0.206456 -0.252719
v 0.000068 0.208407 -0.252771
v 0.005221 0.208380 -0.252788
v 0.006361 0.212213 -0.252777
v 0.005245 0.212220 -0.252803
v 0.006336 0.210765 -0.265454
v 0.006304 0.206199 -0.265373
v 0.005250 0.210773 -0.265408
v 0.005238 0.208123 -0.265418
v -0.001023 0.206245 -0.265385
v 0.000069 0.208160 -0.265403
v 0.013160 0.204203 -0.233385
v 0.013155 0.203535 -0.233380
v 0.013154 0.204167 -0.235245
v 0.013149 0.203504 -0.235217
v 0.012406 0.203466 -0.237368
v 0.012411 0.204129 -0.237396
v 0.012406 0.203466 -0.237368
v 0.010736 0.203429 -0.239325
v 0.012411 0.204129 -0.237396
v 0.010735 0.204099 -0.239281
v 0.008225 0.203432 -0.240223
v 0.008229 0.204100 -0.240228
v 0.013023 0.182390 -0.233157
v 0.013018 0.181722 -0.233152
v 0.013014 0.182354 -0.235017
v 0.013009 0.181686 -0.235012
v 0.012260 0.181651 -0.237212
v 0.012265 0.182313 -0.237240
v 0.012260 0.181651 -0.237212
v 0.010596 0.181616 -0.239097
v 0.012265 0.182313 -0.237240
v 0.010601 0.182279 -0.239125
v 0.008091 0.181617 -0.240068
v 0.008096 0.182280 -0.240096
v 0.002484 0.186668 -0.231041
v 0.005028 0.187465 -0.231050
v 0.002538 0.195299 -0.231092
v 0.005070 0.194448 -0.231118
v 0.006598 0.189619 -0.231050
v 0.006617 0.192286 -0.231092
v 0.000008 0.194488 -0.231104
v -0.000048 0.187506 -0.231036
v -0.001575 0.192340 -0.231081
v -0.001594 0.189677 -0.231040
v 0.010970 0.177201 -0.241135
v 0.008053 0.177218 -0.241115
v 0.010977 0.177141 -0.243887
v -0.006096 0.177256 -0.243892
v -0.006088 0.177312 -0.241139
v -0.003190 0.177291 -0.241134
v 0.008056 0.177259 -0.239063
v -0.003187 0.177333 -0.239081
v 0.011226 0.204698 -0.338419
v 0.011215 0.204914 -0.327624
v 0.011065 0.179098 -0.338212
v 0.011199 0.202644 -0.327598
v 0.011178 0.201209 -0.319342
v 0.011189 0.202810 -0.319387
v 0.011181 0.206004 -0.273382
v 0.011162 0.206593 -0.244137
v 0.011165 0.203745 -0.273334
v 0.011146 0.204329 -0.244088
v 0.011027 0.180007 -0.292785
v 0.011172 0.203218 -0.299270
v 0.011161 0.201607 -0.299248
v 0.011138 0.204379 -0.241358
v -0.006034 0.180122 -0.292813
v -0.006062 0.176368 -0.288208
v -0.005915 0.204444 -0.244068
v -0.006096 0.177256 -0.243892
v -0.006088 0.177312 -0.241139
v -0.005923 0.204495 -0.241338
v -0.005899 0.206709 -0.244117
v -0.005880 0.206120 -0.273387
v -0.005896 0.203850 -0.273361
v -0.005876 0.203333 -0.299275
v -0.005881 0.201716 -0.299299
v -0.005868 0.201313 -0.319417
v -0.005996 0.179209 -0.338215
v -0.005860 0.202925 -0.319392
v -0.005862 0.202760 -0.327602
v -0.005846 0.205020 -0.327650
v -0.005823 0.204808 -0.338422
v -0.001484 0.187313 -0.513737
v 0.006956 0.187254 -0.513745
v -0.000897 0.189415 -0.513724
v 0.006402 0.189368 -0.513737
v 0.004870 0.190921 -0.513771
v 0.000650 0.190955 -0.513755
v 0.002763 0.191499 -0.513756
v 0.006975 0.186947 -0.529082
v -0.001478 0.186996 -0.529119
v 0.006421 0.189056 -0.529096
v -0.000891 0.189104 -0.529083
v 0.000653 0.190644 -0.529114
v 0.004886 0.190614 -0.529107
v 0.002765 0.191187 -0.529115
v 0.002707 0.183052 -0.513674
v 0.004822 0.183608 -0.513702
v 0.000602 0.183638 -0.513685
v 0.006379 0.185144 -0.513708
v -0.000933 0.185196 -0.513696
v 0.002713 0.182745 -0.529010
v 0.000608 0.183326 -0.529044
v 0.004841 0.183297 -0.529036
v -0.000930 0.184885 -0.529032
v 0.006394 0.184832 -0.529066
v -0.005862 0.202760 -0.327602
v 0.011199 0.202644 -0.327598
v -0.005860 0.202925 -0.319392
v 0.011189 0.202810 -0.319387
v 0.011172 0.203218 -0.299270
v 0.014087 0.202795 -0.319359
v 0.014072 0.203146 -0.301850
v -0.005896 0.203850 -0.273361
v -0.005876 0.203333 -0.299275
v 0.011165 0.203745 -0.273334
v -0.008777 0.203292 -0.301887
v -0.008761 0.202936 -0.319419
v -0.005846 0.205020 -0.327650
v -0.005844 0.205190 -0.319416
v 0.011215 0.204914 -0.327624
v 0.011205 0.205080 -0.319413
v -0.005861 0.205602 -0.299301
v -0.008745 0.205205 -0.319444
v -0.008761 0.205562 -0.301912
v 0.011181 0.206004 -0.273382
v 0.011188 0.205487 -0.299296
v -0.005880 0.206120 -0.273387
v 0.014087 0.205411 -0.301874
v 0.014103 0.205060 -0.319383
v -0.005881 0.201716 -0.299299
v -0.005868 0.201313 -0.319417
v -0.018080 0.202100 -0.299291
v -0.018079 0.201688 -0.319406
v -0.037575 0.197321 -0.319397
v -0.037984 0.197676 -0.299293
v -0.060296 0.196570 -0.319402
v -0.060297 0.196977 -0.299285
v 0.002676 0.193909 -0.402511
v 0.004870 0.193304 -0.402496
v 0.002665 0.192454 -0.402499
v 0.004130 0.192051 -0.402457
v 0.006470 0.191681 -0.402518
v 0.005205 0.190968 -0.402479
v 0.007042 0.189490 -0.402462
v 0.005587 0.189496 -0.402464
v 0.001204 0.192067 -0.402485
v 0.000482 0.193330 -0.402502
v 0.000117 0.191003 -0.402488
v -0.001134 0.191740 -0.402484
v -0.000282 0.189532 -0.402473
v -0.001740 0.189542 -0.402475
v 0.002627 0.186574 -0.402437
v 0.004098 0.186962 -0.402427
v 0.002617 0.185119 -0.402425
v 0.004820 0.185698 -0.402434
v 0.005185 0.188034 -0.402450
v 0.006439 0.187289 -0.402452
v 0.000438 0.185728 -0.402465
v 0.001175 0.186982 -0.402456
v -0.001162 0.187346 -0.402466
v 0.000097 0.188065 -0.402458
v -0.005880 0.206120 -0.273387
v -0.005861 0.205602 -0.299301
v -0.005896 0.203850 -0.273361
v -0.005876 0.203333 -0.299275
v -0.008761 0.205562 -0.301912
v -0.008777 0.203292 -0.301887
v -0.008745 0.205205 -0.319444
v -0.008761 0.202936 -0.319419
v 0.011165 0.203745 -0.273334
v 0.011172 0.203218 -0.299270
v 0.011181 0.206004 -0.273382
v 0.011188 0.205487 -0.299296
v 0.014072 0.203146 -0.301850
v 0.014087 0.205411 -0.301874
v 0.014087 0.202795 -0.319359
v 0.014103 0.205060 -0.319383
v -0.008118 0.180739 -0.233177
v -0.007963 0.205130 -0.233379
v -0.006585 0.180738 -0.233153
v -0.006421 0.205115 -0.233375
v -0.005333 0.180741 -0.232231
v -0.005181 0.205127 -0.232432
v -0.004944 0.180766 -0.230830
v -0.004792 0.205158 -0.231007
v -0.009084 0.205150 -0.232608
v -0.009248 0.180754 -0.232429
v -0.009618 0.205193 -0.230968
v -0.009783 0.180797 -0.230789
v -0.009219 0.205211 -0.229662
v -0.009384 0.180820 -0.229484
v -0.007940 0.205226 -0.228622
v -0.008104 0.180834 -0.228444
v -0.006419 0.205215 -0.228619
v -0.006586 0.180829 -0.228418
v -0.005341 0.205184 -0.229509
v -0.005493 0.180802 -0.229309
v -0.004792 0.205158 -0.231007
v -0.004944 0.180766 -0.230830
v 0.011631 0.205098 -0.228589
v 0.011479 0.180712 -0.228389
v 0.013152 0.205088 -0.228587
v 0.012991 0.180695 -0.228433
v 0.014435 0.205060 -0.229624
v 0.014283 0.180668 -0.229446
v 0.014829 0.205030 -0.230975
v 0.014677 0.180634 -0.230797
v 0.010370 0.180690 -0.229306
v 0.010535 0.205087 -0.229460
v 0.009853 0.180668 -0.230805
v 0.010008 0.205059 -0.230982
v 0.010232 0.180640 -0.232230
v 0.010393 0.205028 -0.232383
v 0.011490 0.180616 -0.233146
v 0.011645 0.204998 -0.233346
v 0.013014 0.180609 -0.233168
v 0.013162 0.204987 -0.233343
v 0.014132 0.180618 -0.232394
v 0.014296 0.205000 -0.232594
v 0.014677 0.180634 -0.230797
v 0.014829 0.205030 -0.230975
v 0.032377 0.208317 -0.291657
v 0.013873 0.208438 -0.291663
v 0.032370 0.209659 -0.291134
v 0.013878 0.209779 -0.291140
v 0.032378 0.210241 -0.289737
v 0.013886 0.210362 -0.289743
v 0.032366 0.209720 -0.288358
v 0.013874 0.209835 -0.288387
v 0.032362 0.208394 -0.287769
v 0.013870 0.208515 -0.287775
v 0.011639 0.204215 -0.233339
v 0.011639 0.204191 -0.234765
v 0.011635 0.203547 -0.233335
v 0.011634 0.203528 -0.234737
v 0.010897 0.204173 -0.235780
v 0.010892 0.203511 -0.235753
v 0.009642 0.204169 -0.236459
v 0.009637 0.203506 -0.236431
v 0.013584 0.204719 -0.408266
v 0.013577 0.205197 -0.384502
v 0.015662 0.203845 -0.408215
v 0.015642 0.204313 -0.384473
v 0.016515 0.201757 -0.408181
v 0.016495 0.202229 -0.384465
v 0.015639 0.199689 -0.408201
v 0.015616 0.200162 -0.384461
v 0.013549 0.198838 -0.408228
v 0.013539 0.199321 -0.384465
v 0.011497 0.204342 -0.384480
v 0.011504 0.203870 -0.408221
v 0.010630 0.202270 -0.384475
v 0.010640 0.201793 -0.408239
v 0.011471 0.200191 -0.384468
v 0.011481 0.199718 -0.408208
v 0.011502 0.182396 -0.233183
v 0.011505 0.182367 -0.234608
v 0.011498 0.181728 -0.233178
v 0.011500 0.181698 -0.234603
v 0.010747 0.182350 -0.235599
v 0.010743 0.181682 -0.235594
v 0.009508 0.182349 -0.236302
v 0.009503 0.181681 -0.236298
v 0.013860 0.207112 -0.291098
v 0.032351 0.206991 -0.291092
v 0.013860 0.206591 -0.289695
v 0.032352 0.206471 -0.289689
v 0.013855 0.207168 -0.288345
v 0.032347 0.207052 -0.288316
v -0.008110 0.181855 -0.233210
v -0.008106 0.182523 -0.233215
v -0.008104 0.181819 -0.235070
v -0.008100 0.182487 -0.235075
v -0.007337 0.182438 -0.237223
v -0.007342 0.181770 -0.237218
v -0.005680 0.182393 -0.239129
v -0.005684 0.181730 -0.239101
v -0.003162 0.182355 -0.240066
v -0.003167 0.181692 -0.240038
v -0.004437 0.204253 -0.236481
v -0.004442 0.203590 -0.236453
v -0.005698 0.204276 -0.235806
v -0.005702 0.203607 -0.235802
v -0.006427 0.204309 -0.234771
v -0.006432 0.203640 -0.234766
v -0.006426 0.204332 -0.233369
v -0.006431 0.203664 -0.233364
v -0.004577 0.182435 -0.236276
v -0.004582 0.181767 -0.236271
v -0.005832 0.182456 -0.235650
v -0.005849 0.181792 -0.235646
v -0.006573 0.182484 -0.234613
v -0.006578 0.181816 -0.234608
v -0.006572 0.182518 -0.233189
v -0.006577 0.181850 -0.233184
v 0.011490 0.180616 -0.233146
v 0.013014 0.180609 -0.233168
v 0.010232 0.180640 -0.232230
v 0.014132 0.180618 -0.232394
v 0.014677 0.180634 -0.230797
v 0.009853 0.180668 -0.230805
v 0.010370 0.180690 -0.229306
v 0.014283 0.180668 -0.229446
v 0.012991 0.180695 -0.228433
v 0.011479 0.180712 -0.228389
v 0.013162 0.204987 -0.233343
v 0.011645 0.204998 -0.233346
v 0.014296 0.205000 -0.232594
v 0.010393 0.205028 -0.232383
v 0.010008 0.205059 -0.230982
v 0.014829 0.205030 -0.230975
v 0.014435 0.205060 -0.229624
v 0.010535 0.205087 -0.229460
v 0.011631 0.205098 -0.228589
v 0.013152 0.205088 -0.228587
v -0.006421 0.205115 -0.233375
v -0.007963 0.205130 -0.233379
v -0.005181 0.205127 -0.232432
v -0.009084 0.205150 -0.232608
v -0.009618 0.205193 -0.230968
v -0.004792 0.205158 -0.231007
v -0.005341 0.205184 -0.229509
v -0.009219 0.205211 -0.229662
v -0.007940 0.205226 -0.228622
v -0.006419 0.205215 -0.228619
v -0.008118 0.180739 -0.233177
v -0.006585 0.180738 -0.233153
v -0.009248 0.180754 -0.232429
v -0.005333 0.180741 -0.232231
v -0.004944 0.180766 -0.230830
v -0.009783 0.180797 -0.230789
v -0.009384 0.180820 -0.229484
v -0.005493 0.180802 -0.229309
v -0.006586 0.180829 -0.228418
v -0.008104 0.180834 -0.228444
v -0.007973 0.203680 -0.233368
v -0.007969 0.204348 -0.233373
v -0.007970 0.203639 -0.235227
v -0.007966 0.204307 -0.235231
v -0.007197 0.204251 -0.237451
v -0.007202 0.203588 -0.237423
v -0.005546 0.204209 -0.239284
v -0.005550 0.203546 -0.239257
v -0.003013 0.204179 -0.240248
v -0.003017 0.203511 -0.240243
v -0.007969 0.204348 -0.233373
v -0.006426 0.204332 -0.233369
v -0.007966 0.204307 -0.235231
v -0.006427 0.204309 -0.234771
v -0.005698 0.204276 -0.235806
v -0.007197 0.204251 -0.237451
v -0.004437 0.204253 -0.236481
v -0.005546 0.204209 -0.239284
v -0.003012 0.204247 -0.236673
v -0.003005 0.204194 -0.239329
v -0.003013 0.204179 -0.240248
v -0.003167 0.181692 -0.240038
v -0.003159 0.181713 -0.239097
v -0.005684 0.181730 -0.239101
v -0.003170 0.181761 -0.236463
v -0.004582 0.181767 -0.236271
v -0.005849 0.181792 -0.235646
v -0.007342 0.181770 -0.237218
v -0.006578 0.181816 -0.234608
v -0.008104 0.181819 -0.235070
v -0.006577 0.181850 -0.233184
v -0.008110 0.181855 -0.233210
v -0.008106 0.182523 -0.233215
v -0.006572 0.182518 -0.233189
v -0.008100 0.182487 -0.235075
v -0.006573 0.182484 -0.234613
v -0.005832 0.182456 -0.235650
v -0.007337 0.182438 -0.237223
v -0.004577 0.182435 -0.236276
v -0.005680 0.182393 -0.239129
v -0.003165 0.182429 -0.236468
v -0.003154 0.182376 -0.239125
v -0.003162 0.182355 -0.240066
v -0.058812 0.209783 -0.320435
v -0.057850 0.209606 -0.319788
v -0.011455 0.200929 -0.320350
v -0.012440 0.201125 -0.319642
v -0.012456 0.201560 -0.298125
v -0.058833 0.210240 -0.297613
v -0.057866 0.210042 -0.298247
v 0.011006 0.182414 -0.244395
v 0.011028 0.181549 -0.287188
v 0.011145 0.200132 -0.287344
v 0.011120 0.200993 -0.244550
v -0.003017 0.203511 -0.240243
v -0.003010 0.203531 -0.239301
v -0.005550 0.203546 -0.239257
v -0.003017 0.203584 -0.236645
v -0.004442 0.203590 -0.236453
v -0.005702 0.203607 -0.235802
v -0.007202 0.203588 -0.237423
v -0.006432 0.203640 -0.234766
v -0.007970 0.203639 -0.235227
v -0.006431 0.203664 -0.233364
v -0.007973 0.203680 -0.233368
v 0.002539 0.195137 -0.239206
v 0.002538 0.195299 -0.231092
v 0.005086 0.194295 -0.239210
v 0.005070 0.194448 -0.231118
v 0.006633 0.192128 -0.239208
v 0.006617 0.192286 -0.231092
v 0.006614 0.189460 -0.239165
v 0.006598 0.189619 -0.231050
v 0.005041 0.187306 -0.239165
v 0.005028 0.187465 -0.231050
v 0.002488 0.186495 -0.239177
v 0.002484 0.186668 -0.231041
v 0.000008 0.194488 -0.231104
v 0.000011 0.194325 -0.239218
v -0.001575 0.192340 -0.231081
v -0.001574 0.192176 -0.239220
v -0.001594 0.189677 -0.231040
v -0.001593 0.189509 -0.239177
v -0.000048 0.187506 -0.231036
v -0.000047 0.187337 -0.239173
v 0.002590 0.181650 -0.381266
v 0.002554 0.182260 -0.338246
v -0.001535 0.182786 -0.381280
v -0.001696 0.183439 -0.338245
v -0.004530 0.185837 -0.381312
v -0.004806 0.186578 -0.338273
v -0.005612 0.189996 -0.381326
v -0.005924 0.190860 -0.338291
v -0.004479 0.194133 -0.381409
v -0.004752 0.195117 -0.338351
v -0.001431 0.197141 -0.381430
v -0.001605 0.198235 -0.338325
v 0.002691 0.198235 -0.381384
v 0.002661 0.199344 -0.338355
v 0.002716 0.184342 -0.513698
v 0.002627 0.186574 -0.402437
v 0.001251 0.184741 -0.513715
v 0.001175 0.186982 -0.402456
v 0.000188 0.185834 -0.513694
v 0.000097 0.188065 -0.402458
v -0.000193 0.187300 -0.513709
v -0.000282 0.189532 -0.402473
v 0.000209 0.188771 -0.513725
v 0.000117 0.191003 -0.402488
v 0.001280 0.189830 -0.513745
v 0.001204 0.192067 -0.402485
v 0.002754 0.190213 -0.513757
v 0.002665 0.192454 -0.402499
v 0.002557 0.182755 -0.338236
v -0.001432 0.183869 -0.338220
v -0.004341 0.186827 -0.338256
v -0.005382 0.190857 -0.338290
v -0.004288 0.194871 -0.338344
v -0.001343 0.197803 -0.338349
v 0.002657 0.198850 -0.338365
v 0.002713 0.182745 -0.529010
v 0.002707 0.183052 -0.513674
v 0.000608 0.183326 -0.529044
v 0.000602 0.183638 -0.513685
v -0.000930 0.184885 -0.529032
v -0.000933 0.185196 -0.513696
v -0.001478 0.186996 -0.529119
v -0.001484 0.187313 -0.513737
v -0.000891 0.189104 -0.529083
v -0.000897 0.189415 -0.513724
v 0.000653 0.190644 -0.529114
v 0.000650 0.190955 -0.513755
v 0.002765 0.191187 -0.529115
v 0.002763 0.191499 -0.513756
v 0.006819 0.183384 -0.338231
v 0.006731 0.182728 -0.381290
v 0.009966 0.186488 -0.338250
v 0.009778 0.185755 -0.381291
v 0.011138 0.190750 -0.338287
v 0.010908 0.189884 -0.381347
v 0.010023 0.195023 -0.338327
v 0.009827 0.194048 -0.381339
v 0.006926 0.198179 -0.338359
v 0.006816 0.197089 -0.381369
v 0.002676 0.193909 -0.402511
v 0.002670 0.194021 -0.397175
v 0.004870 0.193304 -0.402496
v 0.004852 0.193409 -0.397207
v 0.006470 0.191681 -0.402518
v 0.006452 0.191792 -0.397182
v 0.007042 0.189490 -0.402462
v 0.007024 0.189597 -0.397124
v 0.006439 0.187289 -0.402452
v 0.006421 0.187400 -0.397115
v 0.004820 0.185698 -0.402434
v 0.004802 0.185805 -0.397120
v 0.002617 0.185119 -0.402425
v 0.002612 0.185235 -0.397090
v 0.002595 0.183147 -0.388929
v 0.005917 0.184021 -0.388931
v 0.008369 0.186433 -0.388965
v 0.009281 0.189745 -0.388982
v 0.008412 0.193068 -0.389027
v 0.006000 0.195516 -0.389020
v 0.002679 0.196422 -0.389055
v 0.002567 0.184164 -0.338262
v -0.000720 0.184063 -0.388918
v -0.000745 0.185081 -0.338226
v -0.003125 0.186504 -0.388983
v -0.003154 0.187522 -0.338291
v -0.003989 0.189825 -0.388978
v -0.004026 0.190857 -0.338266
v -0.003085 0.193145 -0.389022
v -0.003111 0.194157 -0.338353
v -0.000642 0.195562 -0.389056
v -0.000671 0.196580 -0.338364
v 0.002651 0.197435 -0.338387
v 0.000420 0.185830 -0.397151
v -0.001176 0.187453 -0.397129
v -0.001742 0.189654 -0.397139
v -0.001152 0.191847 -0.397147
v 0.000464 0.193432 -0.397188
v 0.006558 0.183817 -0.338207
v 0.009505 0.186738 -0.338258
v 0.010597 0.190753 -0.338288
v 0.009555 0.194788 -0.338323
v 0.006646 0.197751 -0.338336
v 0.004822 0.183608 -0.513702
v 0.004841 0.183297 -0.529036
v 0.006379 0.185144 -0.513708
v 0.006394 0.184832 -0.529066
v 0.006956 0.187254 -0.513745
v 0.006975 0.186947 -0.529082
v 0.006402 0.189368 -0.513737
v 0.006421 0.189056 -0.529096
v 0.004870 0.190921 -0.513771
v 0.004886 0.190614 -0.529107
v 0.000482 0.193330 -0.402502
v -0.001134 0.191740 -0.402484
v -0.001740 0.189542 -0.402475
v -0.001162 0.187346 -0.402466
v 0.000438 0.185728 -0.402465
v 0.005959 0.196529 -0.338352
v 0.008371 0.194087 -0.338335
v 0.009241 0.190763 -0.338291
v 0.008331 0.187441 -0.338295
v 0.005876 0.185034 -0.338263
v 0.004098 0.186962 -0.402427
v 0.004189 0.184725 -0.513711
v 0.005185 0.188034 -0.402450
v 0.005261 0.185793 -0.513708
v 0.005587 0.189496 -0.402464
v 0.005663 0.187264 -0.513724
v 0.005205 0.190968 -0.402479
v 0.005281 0.188731 -0.513739
v 0.004130 0.192051 -0.402457
v 0.004219 0.189809 -0.513739
v -0.005622 0.172632 -0.286251
v -0.005600 0.176207 -0.286255
v 0.010484 0.172518 -0.286271
v 0.010506 0.176093 -0.286276
v 0.006874 0.173249 -0.251479
v 0.006892 0.176824 -0.251483
v -0.002033 0.173307 -0.251493
v -0.002011 0.176881 -0.251497
v -0.008074 0.172697 -0.283792
v -0.008052 0.176272 -0.283796
v -0.008027 0.171714 -0.332502
v -0.008008 0.175289 -0.332506
v 0.012962 0.171577 -0.332467
v 0.012984 0.175156 -0.332472
v 0.012931 0.172559 -0.283781
v 0.012950 0.176134 -0.283786
v 0.010484 0.172518 -0.286271
v 0.010506 0.176093 -0.286276
v 0.010520 0.171652 -0.329961
v 0.010539 0.175227 -0.329966
v 0.012946 0.176412 -0.269850
v 0.012927 0.172837 -0.269846
v 0.006874 0.173249 -0.251479
v -0.008074 0.172974 -0.269881
v -0.002033 0.173307 -0.251493
v -0.008055 0.176544 -0.269908
v 0.010520 0.171652 -0.329961
v 0.010539 0.175227 -0.329966
v -0.005586 0.171756 -0.329963
v -0.005564 0.175331 -0.329968
v -0.005586 0.171756 -0.329963
v -0.005564 0.175331 -0.329968
v -0.005622 0.172632 -0.286251
v -0.005600 0.176207 -0.286255
v -0.005475 0.171646 -0.335203
v 0.012962 0.171577 -0.332467
v 0.010429 0.171549 -0.335178
v -0.002033 0.173307 -0.251493
v 0.006874 0.173249 -0.251479
v 0.012927 0.172837 -0.269846
v 0.012931 0.172559 -0.283781
v -0.005622 0.172632 -0.286251
v 0.010484 0.172518 -0.286271
v 0.010520 0.171652 -0.329961
v -0.005586 0.171756 -0.329963
v 0.010454 0.175117 -0.335254
v -0.005453 0.175215 -0.335254
v 0.010506 0.176093 -0.286276
v -0.005600 0.176207 -0.286255
v -0.005564 0.175331 -0.329968
v 0.010539 0.175227 -0.329966
v 0.012927 0.172837 -0.269846
v 0.016102 0.176389 -0.269869
v 0.012946 0.176412 -0.269850
v 0.016176 0.188232 -0.269963
v 0.013035 0.188259 -0.269945
v -0.008074 0.172974 -0.269881
v -0.008055 0.176544 -0.269908
v -0.011209 0.176567 -0.269889
v -0.007970 0.188383 -0.270001
v -0.011135 0.188410 -0.269984
v -0.008052 0.176272 -0.283796
v -0.007966 0.188115 -0.283890
v -0.007944 0.190420 -0.281571
v -0.007953 0.190604 -0.272345
v 0.012946 0.176412 -0.269850
v 0.013035 0.188259 -0.269945
v 0.012950 0.176134 -0.283786
v 0.013052 0.190475 -0.272312
v 0.013048 0.190292 -0.281514
v 0.013035 0.187972 -0.283879
v 0.012962 0.171577 -0.332467
v 0.010429 0.171549 -0.335178
v 0.012984 0.175156 -0.332472
v -0.005475 0.171646 -0.335203
v -0.008027 0.171714 -0.332502
v -0.008008 0.175289 -0.332506
v -0.008074 0.172697 -0.283792
v -0.008074 0.172974 -0.269881
v -0.011193 0.176289 -0.283800
v -0.011107 0.190626 -0.272351
v -0.011110 0.190437 -0.281575
v -0.011119 0.188127 -0.283918
v 0.012927 0.172837 -0.269846
v 0.012931 0.172559 -0.283781
v 0.016102 0.176389 -0.269869
v 0.016115 0.176111 -0.283804
v 0.016189 0.187954 -0.283898
v 0.016201 0.190270 -0.281533
v 0.016205 0.190448 -0.272330
v 0.016176 0.188232 -0.269963
v 0.012931 0.172559 -0.283781
v 0.012950 0.176134 -0.283786
v 0.013035 0.187972 -0.283879
v 0.013048 0.190292 -0.281514
v 0.016201 0.190270 -0.281533
v 0.016205 0.190448 -0.272330
v 0.013052 0.190475 -0.272312
v 0.013035 0.188259 -0.269945
v 0.016176 0.188232 -0.269963
v -0.008074 0.172697 -0.283792
v -0.011193 0.176289 -0.283800
v -0.008052 0.176272 -0.283796
v -0.011119 0.188127 -0.283918
v -0.007966 0.188115 -0.283890
v -0.011110 0.190437 -0.281575
v -0.007944 0.190420 -0.281571
v -0.007953 0.190604 -0.272345
v -0.011107 0.190626 -0.272351
v -0.011135 0.188410 -0.269984
v -0.007970 0.188383 -0.270001
v -0.112844 0.177932 0.497015
v -0.108850 0.190041 0.504260
v -0.111231 0.177897 0.495786
v -0.112321 0.181271 0.499417
v -0.109904 0.171819 0.491380
v -0.093943 0.231516 0.532699
v -0.109488 0.171905 0.495727
v -0.093665 0.231575 0.535476
v -0.095811 0.220966 0.535801
v -0.109466 0.171957 0.495789
v -0.097896 0.210549 0.535987
v -0.108153 0.172245 0.509600
v -0.095817 0.220900 0.535743
v -0.097565 0.212427 0.537311
v -0.097727 0.211233 0.536439
v -0.097416 0.212431 0.537334
v -0.097221 0.219230 0.524159
v -0.102678 0.198847 0.510115
v -0.101479 0.219265 0.524514
v 0.009285 0.163103 0.967368
v 0.009307 0.166678 0.967364
v -0.006818 0.163211 0.967365
v -0.006800 0.166782 0.967362
v -0.003208 0.162491 0.932594
v -0.003189 0.166065 0.932590
v 0.005711 0.162428 0.932610
v 0.005730 0.166008 0.932605
v 0.011724 0.163043 0.964907
v 0.011746 0.166617 0.964903
v 0.011692 0.164011 1.013596
v 0.011711 0.167586 1.013592
v -0.009300 0.164149 1.013562
v -0.009278 0.167724 1.013558
v -0.009265 0.163171 0.964875
v -0.009246 0.166746 0.964871
v -0.006818 0.163211 0.967365
v -0.006800 0.166782 0.967362
v -0.006854 0.164083 1.011054
v -0.006836 0.167657 1.011050
v -0.009243 0.166468 0.950960
v -0.009261 0.162894 0.950964
v -0.003208 0.162491 0.932594
v 0.011740 0.162751 0.950975
v 0.005711 0.162428 0.932610
v 0.011762 0.166330 0.950970
v -0.006854 0.164083 1.011054
v -0.006836 0.167657 1.011050
v 0.009252 0.163984 1.011079
v 0.009271 0.167559 1.011075
v 0.009252 0.163984 1.011079
v 0.009271 0.167559 1.011075
v 0.009285 0.163103 0.967368
v 0.009307 0.166678 0.967364
v 0.009147 0.164086 1.016369
v -0.009300 0.164149 1.013562
v -0.006757 0.164197 1.016366
v 0.005711 0.162428 0.932610
v -0.003208 0.162491 0.932594
v -0.009261 0.162894 0.950964
v -0.009265 0.163171 0.964875
v 0.009285 0.163103 0.967368
v -0.006818 0.163211 0.967365
v -0.006854 0.164083 1.011054
v 0.009252 0.163984 1.011079
v -0.006735 0.167762 1.016315
v 0.009172 0.167654 1.016294
v -0.006800 0.166782 0.967362
v 0.009307 0.166678 0.967364
v 0.009271 0.167559 1.011075
v -0.006836 0.167657 1.011050
v -0.009261 0.162894 0.950964
v -0.012396 0.166491 0.950978
v -0.009243 0.166468 0.950960
v -0.012323 0.178339 0.950883
v -0.009157 0.178307 0.950867
v 0.011740 0.162751 0.950975
v 0.011762 0.166330 0.950970
v 0.014928 0.166313 0.950999
v 0.011848 0.178174 0.950900
v 0.015001 0.178151 0.950882
v 0.011746 0.166617 0.964903
v 0.011831 0.178451 0.964811
v 0.011854 0.180666 0.962396
v 0.011847 0.180483 0.953194
v -0.009243 0.166468 0.950960
v -0.009157 0.178307 0.950867
v -0.009246 0.166746 0.964871
v -0.009142 0.180620 0.953135
v -0.009150 0.180808 0.962361
v -0.009157 0.178593 0.964775
v -0.009300 0.164149 1.013562
v -0.006757 0.164197 1.016366
v -0.009278 0.167724 1.013558
v 0.009147 0.164086 1.016369
v 0.011692 0.164011 1.013596
v 0.011711 0.167586 1.013592
v 0.011724 0.163043 0.964907
v 0.011740 0.162751 0.950975
v 0.014912 0.166590 0.964886
v 0.015004 0.180465 0.953175
v 0.015008 0.180643 0.962378
v 0.014985 0.178429 0.964792
v -0.009261 0.162894 0.950964
v -0.009265 0.163171 0.964875
v -0.012396 0.166491 0.950978
v -0.012400 0.166768 0.964865
v -0.012326 0.178607 0.964772
v -0.012316 0.180821 0.962357
v -0.012307 0.180643 0.953154
v -0.012323 0.178339 0.950883
v -0.009265 0.163171 0.964875
v -0.009246 0.166746 0.964871
v -0.009157 0.178593 0.964775
v -0.009150 0.180808 0.962361
v -0.012316 0.180821 0.962357
v -0.012307 0.180643 0.953154
v -0.009142 0.180620 0.953135
v -0.009157 0.178307 0.950867
v -0.012323 0.178339 0.950883
v 0.011724 0.163043 0.964907
v 0.014912 0.166590 0.964886
v 0.011746 0.166617 0.964903
v 0.014985 0.178429 0.964792
v 0.011831 0.178451 0.964811
v 0.015008 0.180643 0.962378
v 0.011854 0.180666 0.962396
v 0.011847 0.180483 0.953194
v 0.015004 0.180465 0.953175
v 0.015001 0.178151 0.950882
v 0.011848 0.178174 0.950900
v 0.010400 0.121216 0.540272
v 0.005224 0.124309 0.533752
v 0.001565 0.123174 0.542329
v -0.002066 0.117401 0.548698
v 0.006724 0.117738 0.547847
v -0.003681 0.123969 0.534604
v -0.007298 0.120540 0.541998
v -0.029066 0.109718 0.574100
v -0.026885 0.113692 0.573327
v -0.040182 0.116373 0.559912
v -0.037184 0.119870 0.560169
v -0.040042 0.132267 0.525573
v -0.037066 0.134632 0.528317
v -0.028822 0.138771 0.511424
v -0.026666 0.140669 0.515169
v -0.037205 0.113963 0.557204
v -0.040811 0.121375 0.541319
v -0.034211 0.117461 0.557509
v -0.037559 0.124294 0.542773
v -0.026905 0.107795 0.570385
v -0.037087 0.128739 0.525374
v -0.026687 0.134767 0.512228
v -0.033664 0.131008 0.528260
v -0.040811 0.121375 0.541319
v -0.037559 0.124294 0.542773
v -0.024684 0.111764 0.569613
v -0.024472 0.136658 0.515878
v -0.012674 0.105550 0.582901
v -0.011646 0.109817 0.581480
v -0.012368 0.142723 0.502677
v -0.011366 0.144339 0.507044
v -0.011692 0.103925 0.578560
v -0.011398 0.138447 0.504100
v -0.010642 0.108192 0.577163
v -0.010378 0.140062 0.508419
v 0.006173 0.104575 0.584749
v 0.005873 0.108915 0.583189
v 0.006510 0.143457 0.500865
v 0.006158 0.145022 0.505341
v 0.005840 0.103014 0.580224
v 0.006125 0.139111 0.502377
v 0.005461 0.107565 0.578302
v 0.005799 0.140684 0.506851
v 0.024243 0.106966 0.579313
v 0.022645 0.111134 0.578156
v 0.024520 0.140836 0.506310
v 0.022902 0.142586 0.510380
v 0.022612 0.105243 0.575237
v 0.022869 0.136679 0.507416
v 0.021001 0.109416 0.574079
v 0.021247 0.138430 0.511509
v 0.038384 0.112315 0.567608
v 0.035773 0.116096 0.567265
v 0.038581 0.135289 0.518041
v 0.035940 0.137440 0.521268
v 0.035728 0.110195 0.564324
v 0.035920 0.131553 0.518348
v 0.033127 0.113987 0.564052
v 0.032902 0.133572 0.521823
v 0.046164 0.119688 0.551539
v 0.042994 0.122952 0.552405
v 0.046248 0.127814 0.534038
v 0.043069 0.130507 0.536149
v 0.042974 0.117055 0.549463
v 0.043024 0.124601 0.533184
v 0.039804 0.120314 0.550330
v 0.039854 0.127274 0.535275
v 0.035452 0.133124 0.523720
v 0.011378 0.120900 0.540004
v 0.035443 0.132132 0.523264
v 0.011372 0.118404 0.538771
v 0.007303 0.117036 0.548466
v 0.007275 0.114545 0.547207
v 0.005630 0.124347 0.532725
v 0.031944 0.135216 0.519221
v 0.035443 0.132132 0.523264
v 0.011372 0.118404 0.538771
v 0.031951 0.134237 0.518738
v 0.005612 0.121847 0.531469
v 0.008542 0.107605 0.579045
v 0.008546 0.106622 0.578588
v 0.005612 0.121847 0.531469
v 0.031951 0.134237 0.518738
v -0.033327 0.132705 0.525549
v -0.004252 0.123956 0.533612
v -0.033333 0.131716 0.525044
v -0.004270 0.121465 0.532402
v -0.008286 0.120147 0.541941
v -0.035778 0.130375 0.530561
v 0.002606 0.107383 0.579628
v -0.002476 0.116663 0.549373
v -0.033333 0.131716 0.525044
v -0.004270 0.121465 0.532402
v -0.035784 0.129387 0.530056
v -0.008292 0.117647 0.540684
v -0.008292 0.117647 0.540684
v -0.035784 0.129387 0.530056
v 0.002581 0.106400 0.579170
v -0.002495 0.114168 0.548164
v -0.000195 0.088689 0.529131
v -0.000022 0.116516 0.543027
v -0.002457 0.090052 0.526276
v -0.002297 0.117875 0.540173
v -0.000898 0.091527 0.522985
v -0.000725 0.119354 0.536881
v 0.003598 0.088831 0.528759
v 0.003771 0.116663 0.542678
v 0.002957 0.091669 0.522614
v 0.003120 0.119500 0.536509
v -0.040790 0.127268 0.544262
v -0.044052 0.124340 0.542786
v -0.040790 0.127268 0.544262
v -0.044052 0.124340 0.542786
v 0.005345 0.118166 0.539405
v 0.005178 0.090348 0.525507
v -0.002495 0.114168 0.548164
v 0.007275 0.114545 0.547207
v 0.008546 0.106622 0.578588
v 0.002581 0.106400 0.579170
v 0.001373 0.090184 0.525883
v -0.103920 0.104936 0.539381
v -0.103910 0.105569 0.543192
v -0.103891 0.107652 0.537071
v -0.103875 0.111611 0.541978
v -0.103870 0.110993 0.538575
v -0.103898 0.108898 0.544263
v -0.103893 0.108290 0.540882
v -0.014943 0.136447 0.973388
v -0.014915 0.135824 0.942355
v 0.017042 0.136236 0.973393
v 0.017070 0.135614 0.942383
v 0.106361 0.103578 0.539577
v 0.073100 0.103786 0.539500
v 0.106390 0.106284 0.537245
v 0.073111 0.106503 0.537215
v 0.106411 0.109629 0.538749
v 0.073135 0.109848 0.538694
v 0.106394 0.110252 0.542175
v 0.073133 0.110466 0.542097
v 0.106383 0.107535 0.544436
v 0.073104 0.107750 0.544430
v 0.106359 0.104201 0.543367
v 0.073095 0.104415 0.543289
v 0.099449 0.099111 0.535075
v 0.099445 0.098075 0.538413
v 0.099392 0.090026 0.531346
v 0.099371 0.087550 0.536634
v 0.099490 0.105805 0.538395
v 0.099475 0.104950 0.541814
v 0.098161 0.099114 0.535025
v 0.098095 0.090021 0.531323
v 0.098148 0.098079 0.538412
v 0.098090 0.087564 0.536655
v 0.098193 0.105810 0.538394
v 0.098184 0.104958 0.541788
v 0.082630 0.099219 0.535047
v 0.082620 0.098179 0.538411
v 0.082570 0.090129 0.531296
v 0.082553 0.087658 0.536606
v 0.082671 0.105908 0.538345
v 0.082656 0.105063 0.541810
v 0.081299 0.099229 0.535045
v 0.081239 0.090139 0.531317
v 0.081302 0.098189 0.538433
v 0.081222 0.087667 0.536604
v 0.081349 0.105918 0.538367
v 0.081325 0.105072 0.541808
v -0.097047 0.099352 0.538286
v -0.097049 0.100391 0.534898
v -0.097114 0.088825 0.536458
v -0.097093 0.091292 0.531148
v -0.097011 0.106230 0.541662
v -0.096996 0.107075 0.538197
v -0.095819 0.091289 0.531198
v -0.095752 0.100373 0.534878
v -0.095829 0.088816 0.536436
v -0.095750 0.099342 0.538288
v -0.095717 0.106216 0.541641
v -0.095702 0.107071 0.538198
v -0.080222 0.099247 0.538288
v -0.080227 0.100278 0.534902
v -0.080292 0.088713 0.536486
v -0.080275 0.091184 0.531175
v -0.080192 0.106117 0.541666
v -0.080177 0.106968 0.538248
v -0.078956 0.091179 0.531177
v -0.078896 0.100269 0.534929
v -0.078961 0.088703 0.536465
v -0.078894 0.099234 0.538315
v -0.078870 0.106102 0.541645
v -0.078846 0.106962 0.538225
v -0.070641 0.104721 0.539411
v -0.103920 0.104936 0.539381
v -0.070615 0.107432 0.537078
v -0.103891 0.107652 0.537071
v -0.070594 0.110778 0.538605
v -0.103870 0.110993 0.538575
v -0.070608 0.111400 0.542007
v -0.103875 0.111611 0.541978
v -0.070618 0.108688 0.544291
v -0.103898 0.108898 0.544263
v -0.070646 0.105345 0.543200
v -0.103910 0.105569 0.543192
v 0.059602 -0.213480 1.168346
v 0.059581 -0.217407 1.168357
v 0.059615 -0.213606 1.162285
v 0.059591 -0.217537 1.162297
v 0.052667 -0.213571 1.162276
v 0.052643 -0.217498 1.162287
v 0.052655 -0.213440 1.168336
v 0.052633 -0.217367 1.168347
v -0.062391 -0.216625 1.168256
v -0.062363 -0.212700 1.168198
v -0.062378 -0.216741 1.162242
v -0.062350 -0.212816 1.162183
v -0.055433 -0.216785 1.162253
v -0.055406 -0.212859 1.162194
v -0.055443 -0.216665 1.168267
v -0.055415 -0.212744 1.168185
v -0.014915 0.135824 0.942355
v -0.014943 0.136447 0.973388
v -0.014882 0.139316 0.942345
v -0.014910 0.139943 0.973377
v 0.017042 0.136236 0.973393
v 0.017070 0.135614 0.942383
v 0.017067 0.139731 0.973333
v 0.017095 0.139109 0.942324
v -0.075730 0.052641 1.032221
v -0.003046 0.118390 0.957635
v -0.077764 0.050367 1.028463
v -0.005068 0.116116 0.953876
v -0.074045 0.047785 1.029239
v -0.001329 0.113518 0.953928
v 0.000680 0.115788 0.957663
v -0.072026 0.050038 1.032225
v 0.081349 0.105918 0.538367
v 0.082671 0.105908 0.538345
v 0.081299 0.099229 0.535045
v 0.082630 0.099219 0.535047
v 0.081239 0.090139 0.531317
v 0.082570 0.090129 0.531296
v 0.081222 0.087667 0.536604
v 0.082553 0.087658 0.536606
v 0.081302 0.098189 0.538433
v 0.082620 0.098179 0.538411
v 0.081325 0.105072 0.541808
v 0.082656 0.105063 0.541810
v -0.080177 0.106968 0.538248
v -0.078846 0.106962 0.538225
v -0.080227 0.100278 0.534902
v -0.078896 0.100269 0.534929
v -0.080275 0.091184 0.531175
v -0.078956 0.091179 0.531177
v -0.080292 0.088713 0.536486
v -0.078961 0.088703 0.536465
v -0.080222 0.099247 0.538288
v -0.078894 0.099234 0.538315
v -0.080192 0.106117 0.541666
v -0.078870 0.106102 0.541645
v 0.098193 0.105810 0.538394
v 0.099490 0.105805 0.538395
v 0.098161 0.099114 0.535025
v 0.099449 0.099111 0.535075
v 0.098095 0.090021 0.531323
v 0.099392 0.090026 0.531346
v 0.098090 0.087564 0.536655
v 0.099371 0.087550 0.536634
v 0.098148 0.098079 0.538412
v 0.099445 0.098075 0.538413
v 0.098184 0.104958 0.541788
v 0.099475 0.104950 0.541814
v 0.004943 0.118334 0.957624
v 0.076638 0.051652 1.032349
v 0.006943 0.116046 0.953894
v 0.078662 0.049358 1.028596
v 0.003180 0.113486 0.953912
v 0.074914 0.046820 1.029409
v 0.072919 0.049095 1.032317
v 0.001193 0.115784 0.957664
v -0.096996 0.107075 0.538197
v -0.095702 0.107071 0.538198
v -0.097049 0.100391 0.534898
v -0.095752 0.100373 0.534878
v -0.097093 0.091292 0.531148
v -0.095819 0.091289 0.531198
v -0.097114 0.088825 0.536458
v -0.095829 0.088816 0.536436
v -0.097047 0.099352 0.538286
v -0.095750 0.099342 0.538288
v -0.097011 0.106230 0.541662
v -0.095717 0.106216 0.541641
v 0.000504 0.045686 0.949110
v 0.001082 0.135842 0.948394
v 0.008551 0.045729 0.953687
v 0.009138 0.135885 0.952971
v 0.008533 0.045930 0.963540
v 0.009120 0.136076 0.962802
v 0.001067 0.136221 0.967304
v 0.000480 0.046065 0.967996
v -0.006980 0.135989 0.952969
v -0.007567 0.045833 0.953685
v -0.007586 0.046034 0.963538
v -0.006999 0.136185 0.962799
v -0.014943 0.136447 0.973388
v 0.017042 0.136236 0.973393
v -0.014915 0.135824 0.942355
v 0.017070 0.135614 0.942383
v 0.073133 0.110466 0.542097
v 0.073135 0.109848 0.538694
v 0.073104 0.107750 0.544430
v 0.073109 0.107127 0.541004
v 0.073095 0.104415 0.543289
v 0.073100 0.103786 0.539500
v 0.073111 0.106503 0.537215
v -0.070615 0.107432 0.537078
v -0.070594 0.110778 0.538605
v -0.070617 0.108065 0.540890
v -0.070608 0.111400 0.542007
v -0.070618 0.108688 0.544291
v -0.070646 0.105345 0.543200
v -0.070641 0.104721 0.539411
v 0.106359 0.104201 0.543367
v 0.106361 0.103578 0.539577
v 0.106383 0.107535 0.544436
v 0.106385 0.106912 0.541034
v 0.106394 0.110252 0.542175
v 0.106411 0.109629 0.538749
v 0.106390 0.106284 0.537245
v 0.084546 0.279081 0.566855
v 0.073315 0.285862 0.570955
v 0.122591 0.129562 0.464494
v 0.115473 0.122509 0.458900
v -0.119660 0.131135 0.464292
v -0.112619 0.123987 0.458673
v -0.079870 0.280150 0.566707
v -0.068579 0.286782 0.570844
v 0.073344 0.287649 0.568320
v 0.084569 0.280872 0.564171
v 0.115481 0.124280 0.455809
v 0.122611 0.131343 0.461789
v -0.112614 0.125764 0.455653
v -0.119652 0.132926 0.461609
v -0.068558 0.288569 0.568162
v -0.079847 0.281932 0.564025
v 0.002408 0.290309 0.567831
v 0.001415 0.122657 0.456906
v 0.001392 0.120871 0.459589
v 0.002387 0.288537 0.570898
v 0.156405 0.029973 1.096872
v 0.146348 0.037465 1.099817
v 0.147753 0.030031 1.105979
v 0.024235 -0.002627 -1.210672
v 0.032882 -0.002660 -1.209159
v 0.024435 -0.001573 -1.221316
v 0.041303 -0.001948 -1.216717
v 0.024640 -0.000507 -1.232716
v 0.188483 -0.031016 1.066381
v 0.184316 -0.030767 1.095872
v 0.218053 -0.029974 1.095894
v 0.214442 -0.042954 0.512804
v 0.210397 -0.037099 0.771061
v 0.227293 -0.043039 0.512825
v 0.222706 -0.037171 0.771104
v 0.197023 -0.033373 0.952190
v 0.220179 -0.033151 0.952217
v 0.230641 -0.015609 1.095816
v 0.235104 -0.022906 0.770636
v 0.215148 -0.044390 0.322230
v 0.227249 -0.047972 0.322238
v 0.225094 -0.052062 0.040123
v 0.208910 -0.051951 0.040023
v 0.239304 -0.034163 0.321776
v 0.239349 -0.029047 0.512347
v 0.275987 -0.020652 0.511531
v 0.272106 -0.014692 0.770177
v 0.313048 -0.029563 0.510535
v 0.309734 -0.023419 0.769552
v 0.275373 -0.025769 0.320620
v 0.311900 -0.034683 0.319552
v 0.334024 -0.054721 0.510719
v 0.332886 -0.059297 0.319541
v 0.344773 -0.095712 0.319685
v 0.346106 -0.091885 0.510644
v 0.337019 -0.128125 0.320333
v 0.338160 -0.125035 0.511287
v 0.289673 -0.146427 0.511800
v 0.289083 -0.149055 0.321033
v 0.234724 -0.041264 0.039902
v 0.271717 -0.034180 0.038435
v 0.309154 -0.044200 0.037155
v 0.328484 -0.065396 0.037175
v 0.338759 -0.097012 0.037476
v 0.330842 -0.126119 0.038326
v 0.284588 -0.145627 0.039215
v 0.270164 -0.138448 -0.242575
v 0.308693 -0.120317 -0.243593
v 0.316410 -0.094627 -0.244741
v 0.308133 -0.067615 -0.245170
v 0.290977 -0.049935 -0.245296
v 0.256840 -0.038650 -0.243766
v 0.222805 -0.044649 -0.242033
v 0.207881 -0.043929 -0.412984
v 0.242849 -0.039828 -0.417152
v 0.277672 -0.053021 -0.421187
v 0.216904 -0.036913 -0.573801
v 0.251205 -0.047921 -0.578983
v 0.190048 -0.031623 -0.722081
v 0.221403 -0.042985 -0.727694
v 0.155031 -0.022559 -0.877642
v 0.183365 -0.034090 -0.883556
v 0.139737 -0.023329 -1.040252
v 0.114598 -0.014448 -1.036554
v 0.191949 -0.043353 -0.883483
v 0.145757 -0.031477 -1.040235
v 0.104648 -0.016880 -1.124313
v 0.107997 -0.023191 -1.125754
v 0.172631 0.050207 0.038855
v 0.162031 0.036506 -0.243524
v 0.151282 0.037149 -0.242360
v 0.134039 0.030353 -0.329672
v 0.142123 0.021595 -0.406372
v 0.106494 0.024446 -0.403794
v -0.139099 0.023420 -0.406565
v -0.103408 0.025811 -0.403968
v -0.109374 0.006349 -0.559264
v -0.074227 0.022510 -0.439827
v -0.063143 0.008548 -0.553929
v -0.031937 0.020462 -0.463618
v 0.001556 0.008330 -0.553140
v 0.001566 0.019888 -0.471950
v 0.035045 0.020026 -0.463533
v 0.066258 0.007710 -0.553814
v 0.077323 0.021522 -0.439699
v 0.112475 0.004910 -0.559071
v -0.071786 -0.011848 -0.692542
v -0.048294 -0.009392 -0.691101
v 0.001559 -0.009723 -0.691383
v 0.051426 -0.010041 -0.691011
v 0.074894 -0.012798 -0.692449
v 0.051001 -0.012891 -0.704561
v 0.001558 -0.012757 -0.705013
v -0.047889 -0.012245 -0.704651
v -0.063052 -0.014563 -0.705806
v 0.066150 -0.015400 -0.705717
v 0.051403 -0.016743 -0.713228
v 0.001536 -0.016631 -0.714766
v -0.048330 -0.016096 -0.713343
v 0.053214 -0.022868 -0.724537
v 0.001504 -0.022560 -0.725731
v -0.050185 -0.022204 -0.724656
v 0.056643 -0.033973 -0.735767
v 0.001457 -0.033454 -0.736986
v -0.053741 -0.033261 -0.735898
v 0.058414 -0.035575 -0.741423
v 0.001446 -0.035036 -0.742233
v -0.055536 -0.034832 -0.741513
v 0.087123 -0.036069 -0.720249
v 0.083446 -0.034302 -0.716087
v 0.098546 -0.037322 -0.705458
v 0.094005 -0.035032 -0.702845
v -0.080590 -0.033240 -0.716233
v -0.084280 -0.034954 -0.720336
v -0.091188 -0.033826 -0.702979
v -0.095740 -0.036063 -0.705654
v 0.182809 0.056914 0.321182
v 0.178461 0.044072 0.037980
v 0.173019 0.029410 -0.245127
v 0.194295 -0.049058 -0.241871
v 0.204514 -0.048610 0.040192
v 0.160489 0.078262 0.038942
v 0.168445 0.080194 0.320961
v 0.208910 -0.051951 0.040023
v 0.215148 -0.044390 0.322230
v 0.210758 -0.040970 0.322163
v 0.152520 -0.170993 1.097009
v 0.185569 -0.136162 1.096695
v 0.134384 -0.134076 1.218436
v -0.178722 -0.008933 1.057611
v -0.183971 -0.025478 1.066040
v -0.176323 -0.005996 1.067406
v 0.131144 -0.024207 1.217528
v 0.129361 -0.027290 1.223631
v 0.134789 -0.027524 1.218372
v 0.097183 0.307977 0.781865
v 0.089544 0.299925 0.781906
v 0.103649 0.299103 0.781923
v 0.099046 0.298333 0.577297
v 0.100627 0.305666 0.613153
v 0.107656 0.296996 0.604940
v 0.168698 0.067138 0.770589
v 0.147280 0.067279 0.770553
v 0.135269 0.060418 0.901447
v -0.167115 0.069312 0.770284
v -0.156798 0.055554 0.949700
v -0.133992 0.062168 0.901249
v -0.132508 0.058517 0.948940
v -0.088609 0.061692 0.947408
v -0.127738 0.047042 1.094266
v -0.087935 0.048883 1.098056
v 0.000599 0.061113 0.947481
v 0.000388 0.048177 1.100365
v 0.089792 0.060533 0.947530
v 0.088702 0.047737 1.098223
v 0.133652 0.056780 0.949135
v 0.157877 0.053514 0.949947
v 0.128486 0.045379 1.094443
v 0.149327 0.042779 1.090713
v -0.145700 0.069186 0.770340
v -0.127239 0.041725 1.104173
v -0.087890 0.043965 1.109425
v 0.000345 0.043393 1.109520
v 0.088561 0.042820 1.109567
v 0.127887 0.040070 1.104371
v 0.146348 0.037465 1.099817
v 0.127887 0.040070 1.104371
v 0.129000 0.030102 1.112728
v 0.089849 0.029559 1.118763
v 0.000233 0.030145 1.118664
v -0.089364 0.030723 1.118615
v -0.127239 0.041725 1.104173
v -0.128501 0.031777 1.112501
v 0.133320 -0.025284 1.137399
v 0.091077 -0.025037 1.144929
v -0.000141 -0.024453 1.144830
v -0.091355 -0.023845 1.144799
v -0.133577 -0.023547 1.137180
v -0.147245 0.031951 1.105714
v -0.162797 -0.024293 1.127323
v 0.147753 0.030031 1.105979
v 0.162539 -0.026397 1.127635
v 0.177351 -0.027419 1.095845
v 0.184316 -0.030767 1.095872
v 0.085673 0.299075 0.572786
v 0.084578 0.282645 0.560812
v 0.073369 0.289789 0.564855
v 0.095097 0.284081 0.562674
v 0.122628 0.133307 0.458412
v -0.179473 0.017496 1.062675
v -0.185446 0.015479 1.061188
v -0.180153 0.012789 1.066525
v -0.190677 0.003674 1.058264
v -0.187965 -0.002251 1.057536
v -0.185926 0.000233 1.062800
v 0.041822 0.101353 -0.223717
v 0.029466 0.100922 -0.230900
v 0.029365 0.084741 -0.230752
v -0.158706 0.032929 1.086788
v -0.165686 0.018717 1.064198
v -0.169604 0.008053 1.072590
v 0.067618 0.295651 0.543666
v 0.067057 0.298926 0.541376
v 0.072147 0.299706 0.545495
v 0.072147 0.299706 0.545495
v 0.067057 0.298926 0.541376
v 0.069411 0.301919 0.544706
v 0.078185 0.305720 0.571968
v 0.092050 0.307927 0.613127
v 0.085673 0.299075 0.572786
v 0.166100 0.016566 1.064449
v 0.159271 0.030861 1.087042
v 0.169882 0.005853 1.072877
v 0.188113 -0.004689 1.057859
v 0.190902 0.001188 1.058575
v 0.186093 -0.002181 1.063141
v 0.185836 0.013070 1.061479
v 0.179870 0.015156 1.062949
v 0.180474 0.010454 1.066822
v 0.183815 -0.027863 1.066350
v 0.178789 -0.011255 1.057904
v 0.176405 -0.008279 1.067690
v -0.145724 0.039360 1.099583
v -0.155881 0.032002 1.096652
v -0.147245 0.031951 1.105714
v -0.028773 -0.002262 -1.209259
v -0.020109 -0.002348 -1.210718
v -0.020269 -0.001268 -1.221344
v -0.184578 -0.028375 1.095585
v -0.188680 -0.028571 1.066080
v -0.218301 -0.027140 1.095568
v -0.197042 -0.030814 0.951861
v -0.220206 -0.030295 0.951838
v -0.210155 -0.034362 0.770760
v -0.222465 -0.034286 0.770717
v -0.213823 -0.040172 0.512467
v -0.226698 -0.040086 0.512470
v -0.230708 -0.012620 1.095403
v -0.234685 -0.019859 0.770209
v -0.226378 -0.045022 0.321883
v -0.214218 -0.041607 0.321845
v -0.207593 -0.049253 0.039658
v -0.223768 -0.049141 0.039752
v -0.238544 -0.025946 0.511954
v -0.238225 -0.031065 0.321359
v -0.274201 -0.022199 0.320134
v -0.233249 -0.038227 0.039549
v -0.270138 -0.030653 0.038032
v -0.307694 -0.040195 0.036632
v -0.254862 -0.035320 -0.244168
v -0.220895 -0.041760 -0.242397
v -0.344499 -0.091234 0.319140
v -0.332113 -0.054972 0.319010
v -0.338011 -0.092623 0.036929
v -0.327331 -0.061136 0.036611
v -0.310826 -0.030631 0.319042
v -0.275058 -0.017075 0.511091
v -0.271590 -0.011162 0.769725
v -0.312249 -0.025504 0.509997
v -0.309318 -0.019399 0.769000
v -0.333547 -0.050388 0.510161
v -0.346106 -0.087392 0.510070
v -0.338598 -0.120640 0.510763
v -0.337160 -0.123741 0.319787
v -0.289523 -0.145298 0.320548
v -0.290406 -0.142650 0.511359
v -0.330475 -0.121820 0.037777
v -0.284482 -0.141929 0.038721
v -0.159076 0.038592 -0.243758
v -0.169977 0.052432 0.038537
v -0.148329 0.039101 -0.242610
v -0.131011 0.032082 -0.329889
v -0.180583 0.059277 0.320902
v -0.175909 0.046381 0.037690
v -0.170134 0.031635 -0.245421
v -0.203142 -0.045961 0.039840
v -0.192434 -0.046545 -0.242188
v -0.157486 0.080320 0.038666
v -0.165901 0.082362 0.320682
v -0.207593 -0.049253 0.039658
v -0.209788 -0.038228 0.321837
v -0.214218 -0.041607 0.321845
v -0.087066 0.309101 0.613026
v -0.073175 0.306707 0.571817
v -0.080754 0.300150 0.572661
v -0.187193 -0.133743 1.096377
v -0.154613 -0.169002 1.096726
v -0.136179 -0.132308 1.218234
v -0.119623 0.134876 0.458186
v -0.090364 0.285290 0.562564
v -0.079834 0.283714 0.560689
v -0.080754 0.300150 0.572661
v -0.068525 0.290707 0.564769
v -0.129783 -0.025613 1.223378
v -0.131527 -0.022503 1.217341
v -0.135224 -0.025776 1.218101
v -0.084973 0.301061 0.781789
v -0.092504 0.309209 0.781676
v -0.099081 0.300418 0.781762
v -0.095672 0.306945 0.613000
v -0.094136 0.299596 0.577150
v -0.102814 0.298366 0.604765
v -0.177570 -0.025106 1.095554
v -0.184578 -0.028375 1.095585
v -0.062067 0.299765 0.541237
v -0.067165 0.300617 0.545363
v -0.064403 0.302793 0.544631
v -0.062067 0.299765 0.541237
v -0.062688 0.296504 0.543548
v -0.067165 0.300617 0.545363
v -0.112327 0.268026 0.758921
v -0.108097 0.279157 0.746348
v -0.025720 0.101286 -0.230919
v -0.038091 0.101882 -0.223753
v -0.025821 0.085091 -0.230816
v 0.291270 -0.060505 1.225531
v 0.281794 -0.047016 1.225429
v 0.261937 -0.074342 1.242275
v 0.247982 -0.046066 1.225355
v 0.238922 -0.053640 1.225457
v 0.233705 -0.066761 1.225523
v 0.296123 -0.075821 1.225632
v 0.288145 -0.089653 1.225784
v 0.233572 -0.086260 1.225691
v 0.249288 -0.099888 1.225826
v -0.263192 -0.070831 1.241879
v -0.282484 -0.043355 1.224968
v -0.292125 -0.056725 1.225040
v -0.239699 -0.050530 1.225038
v -0.234632 -0.063722 1.225170
v -0.248661 -0.042842 1.224980
v -0.289368 -0.085910 1.225278
v -0.297182 -0.071977 1.224397
v -0.234768 -0.083230 1.225315
v -0.250652 -0.096648 1.225373
v -0.070151 -0.204179 -0.748495
v -0.093976 -0.220016 -0.611507
v -0.095605 -0.215256 -0.612287
v -0.089186 -0.223924 -0.602378
v -0.084763 -0.222182 -0.602818
v 0.000177 -0.227259 -0.725189
v -0.000013 -0.240478 -0.605211
v -0.000211 -0.253832 -0.471980
v -0.099991 -0.235490 -0.469965
v 0.000349 -0.213156 -0.802889
v -0.053284 -0.193583 -0.822709
v -0.033991 -0.181216 -0.906006
v 0.000529 -0.195902 -0.890735
v -0.009793 -0.161795 -0.998435
v -0.008084 -0.160838 -1.000712
v 0.000863 -0.159884 -1.007500
v -0.112148 -0.248451 -0.327630
v -0.000429 -0.266322 -0.329289
v -0.122099 -0.259876 -0.171159
v -0.000628 -0.277848 -0.172502
v -0.000876 -0.288240 0.040652
v -0.128051 -0.269238 0.036910
v -0.001158 -0.292129 0.325557
v -0.131825 -0.273757 0.324188
v 0.001878 -0.034652 -1.236193
v -0.016526 -0.036589 -1.228604
v -0.027685 -0.040245 -1.212718
v -0.133718 -0.272778 0.506083
v -0.001298 -0.291176 0.505590
v -0.001534 -0.290078 0.766520
v -0.081481 -0.281362 0.767115
v -0.133288 -0.271034 0.767401
v -0.132977 -0.270098 0.822988
v -0.142520 -0.283786 0.505018
v -0.142090 -0.282032 0.766358
v -0.001175 -0.229079 0.822753
v -0.093045 -0.228479 0.822724
v -0.001244 -0.200716 1.097099
v -0.088770 -0.200795 1.091012
v 0.089377 -0.225084 -0.602256
v 0.084977 -0.223278 -0.602639
v 0.070837 -0.205093 -0.748385
v 0.094234 -0.221239 -0.611369
v 0.095923 -0.216508 -0.612191
v 0.002077 -0.002500 -1.210729
v 0.002078 -0.001244 -1.222073
v 0.002111 -0.000017 -1.234188
v -0.020448 -0.000213 -1.232717
v 0.024890 -0.005694 -1.243241
v 0.002071 -0.005402 -1.245494
v -0.020723 -0.005393 -1.243293
v -0.037148 -0.001436 -1.216821
v 0.011469 -0.161925 -0.998379
v 0.035267 -0.181665 -0.905966
v 0.054251 -0.194288 -0.822677
v 0.009782 -0.160950 -1.000709
v 0.099800 -0.236789 -0.469783
v 0.111536 -0.249899 -0.327435
v 0.121069 -0.261465 -0.170977
v 0.126525 -0.270899 0.037086
v 0.129736 -0.275462 0.324375
v 0.131319 -0.274498 0.506298
v 0.078513 -0.282399 0.767280
v 0.130455 -0.272749 0.767639
v 0.130054 -0.271808 0.823200
v 0.139995 -0.285624 0.505238
v 0.139128 -0.283860 0.766600
v 0.090667 -0.229671 0.822854
v 0.086313 -0.201936 1.091130
v -0.272172 -0.096501 1.225385
v 0.270796 -0.100031 1.225813
v -0.088770 -0.200795 1.091012
v -0.105160 -0.196569 1.096996
v -0.131712 -0.265661 1.097503
v 0.102720 -0.197920 1.097167
v 0.086313 -0.201936 1.091130
v 0.128368 -0.267341 1.097733
v -0.200750 -0.046786 -0.412558
v -0.180077 -0.040858 -0.569124
v -0.206045 -0.041239 -0.412958
v 0.202875 -0.049402 -0.412190
v 0.182559 -0.043221 -0.568845
v 0.150224 0.071085 -0.147334
v 0.160489 0.078262 0.038942
v 0.172631 0.050207 0.038855
v 0.146532 0.082706 -0.147330
v 0.155051 0.086427 0.022645
v 0.139968 0.079709 -0.234403
v 0.145503 0.067881 -0.235015
v 0.149511 0.046407 -0.240175
v 0.151282 0.037149 -0.242360
v 0.069555 0.061146 -0.466863
v 0.073543 0.074788 -0.409503
v 0.103644 0.066894 -0.407891
v 0.033298 0.067574 -0.470015
v 0.035764 0.080727 -0.409949
v 0.078350 0.090082 -0.324325
v 0.038303 0.092545 -0.324401
v 0.001909 0.080950 -0.409981
v 0.001887 0.068868 -0.470433
v -0.031958 0.081169 -0.410012
v -0.029563 0.067978 -0.470068
v -0.119227 0.090942 -0.235448
v -0.126337 0.097139 -0.149534
v -0.077725 0.098346 -0.238126
v -0.082538 0.104527 -0.152209
v -0.071396 0.102678 -0.185584
v -0.054379 0.101633 -0.213584
v -0.038091 0.101882 -0.223753
v -0.038087 0.100631 -0.240162
v -0.025720 0.101286 -0.230919
v 0.001868 0.100626 -0.236345
v 0.001895 0.092782 -0.324413
v -0.102366 0.084484 -0.322369
v -0.074568 0.091070 -0.324501
v -0.034481 0.093018 -0.324472
v -0.069821 0.075715 -0.409615
v -0.065889 0.062021 -0.467011
v -0.100013 0.068214 -0.408102
v -0.136480 0.081505 -0.234613
v -0.143154 0.084583 -0.147609
v -0.151908 0.088427 0.022408
v -0.135431 0.102882 -0.003817
v -0.127874 0.076156 -0.324186
v 0.031964 0.058522 -0.490393
v 0.001827 0.057271 -0.498680
v -0.028284 0.058917 -0.490444
v -0.157486 0.080320 0.038666
v -0.146970 0.073016 -0.147601
v -0.169977 0.052432 0.038537
v -0.143154 0.084583 -0.147609
v -0.136480 0.081505 -0.234613
v -0.142159 0.069754 -0.235268
v -0.146408 0.048323 -0.240464
v -0.148329 0.039101 -0.242610
v 0.144054 0.079238 0.036560
v 0.160489 0.078262 0.038942
v -0.157486 0.080320 0.038666
v -0.141036 0.081095 0.036360
v -0.135911 -0.085871 0.314525
v -0.142155 -0.091331 0.040844
v -0.149715 -0.085636 0.322062
v 0.121580 -0.097290 -0.170208
v 0.105949 -0.097184 -0.170210
v 0.142932 -0.093190 0.041094
v 0.131730 -0.093105 0.041340
v 0.136298 -0.087645 0.314777
v 0.000186 -0.086765 0.314652
v 0.000378 -0.092202 0.043661
v -0.130947 -0.091398 0.041104
v -0.103865 -0.095824 -0.170383
v -0.120497 -0.095712 -0.170387
v -0.078995 -0.097308 -0.236176
v 0.000597 -0.097829 -0.236094
v 0.000538 -0.096505 -0.170285
v 0.080177 -0.098335 -0.235990
v 0.150072 -0.087580 0.322334
v -0.141036 0.081095 0.036360
v -0.119381 0.073602 -0.173298
v -0.127844 0.095866 0.006740
v -0.077889 0.072016 -0.239211
v -0.071506 0.086492 -0.185459
v -0.082651 0.088331 -0.152105
v -0.076138 0.090030 -0.120707
v -0.054480 0.085447 -0.213434
v -0.025821 0.085091 -0.230816
v 0.001701 0.071500 -0.239323
v 0.081290 0.070978 -0.239095
v 0.029365 0.084741 -0.230752
v 0.001769 0.084623 -0.236237
v 0.058006 0.084719 -0.213347
v 0.074994 0.085534 -0.185339
v 0.122683 0.072038 -0.173098
v 0.079558 0.089013 -0.120572
v 0.086084 0.087236 -0.151951
v 0.131113 0.094184 0.006945
v 0.144054 0.079238 0.036560
v -0.139546 0.107667 0.544994
v -0.148189 0.078421 0.533478
v -0.132463 0.128796 0.471852
v -0.119685 0.128523 0.471819
v -0.132463 0.128796 0.471852
v -0.112659 0.121370 0.465885
v 0.135339 0.127057 0.472071
v 0.122578 0.126950 0.472045
v 0.115436 0.119885 0.466041
v 0.139279 0.096217 0.156582
v 0.139482 0.098340 0.152344
v 0.138999 0.096669 0.151507
v 0.127528 0.056676 0.163152
v 0.127536 0.056538 0.156147
v 0.139078 0.095057 0.071377
v 0.139544 0.096703 0.070934
v 0.119269 0.027720 0.147883
v 0.119454 0.057712 0.147634
v 0.119315 0.026279 0.076521
v 0.119503 0.056272 0.076295
v 0.129938 0.091894 0.075993
v 0.129905 0.093329 0.147333
v 0.139346 0.094411 0.066671
v 0.127546 0.056455 0.152188
v 0.125497 0.025008 0.152352
v 0.125494 0.025085 0.156386
v 0.123020 -0.015009 0.156726
v 0.125548 0.023390 0.071981
v 0.123088 -0.016784 0.068311
v 0.125561 0.023306 0.067973
v 0.127588 0.054836 0.071622
v 0.127606 0.054754 0.067711
v 0.127605 0.054623 0.060802
v 0.090837 0.041174 0.167605
v 0.127528 0.056676 0.163152
v 0.094037 0.044986 0.165680
v 0.126112 0.035983 0.057817
v 0.094121 0.042836 0.058501
v 0.127605 0.054623 0.060802
v 0.090916 0.038949 0.056610
v 0.119016 -0.050081 0.058509
v 0.084576 -0.033324 0.057132
v 0.139346 0.094411 0.066671
v 0.138062 0.053819 0.060864
v 0.143476 0.094011 0.066664
v 0.136579 0.035193 0.058749
v 0.129495 -0.050958 0.059460
v 0.141736 0.099345 0.313274
v 0.141939 0.101464 0.308891
v 0.141466 0.099798 0.308101
v 0.129995 0.059807 0.319624
v 0.129981 0.059670 0.312838
v 0.141529 0.098187 0.227996
v 0.141998 0.099833 0.227528
v 0.121724 0.030850 0.304331
v 0.121909 0.060833 0.304084
v 0.121779 0.029407 0.233018
v 0.121964 0.059399 0.232793
v 0.132414 0.095026 0.232514
v 0.132346 0.096456 0.303806
v 0.141800 0.097541 0.223265
v 0.129988 0.059580 0.308637
v 0.127942 0.028132 0.308898
v 0.127938 0.028212 0.313077
v 0.125475 -0.011877 0.313416
v 0.128015 0.026515 0.228576
v 0.125542 -0.013654 0.224905
v 0.128003 0.026435 0.224567
v 0.130054 0.057966 0.228217
v 0.130045 0.057883 0.224305
v 0.130063 0.057751 0.217348
v 0.093292 0.044305 0.324053
v 0.129995 0.059807 0.319624
v 0.096541 0.048112 0.322154
v 0.128557 0.039111 0.214363
v 0.096626 0.045961 0.214950
v 0.130063 0.057751 0.217348
v 0.093380 0.042081 0.213106
v 0.121477 -0.046950 0.215005
v 0.087021 -0.030191 0.213677
v 0.141800 0.097541 0.223265
v 0.140535 0.056946 0.217362
v 0.145931 0.097146 0.223282
v 0.139037 0.038326 0.215293
v 0.131940 -0.047829 0.216006
v 0.085069 -0.009622 -1.117556
v 0.065379 -0.011587 -1.111513
v 0.032871 -0.011377 -1.111517
v 0.001915 -0.011174 -1.111544
v -0.029026 -0.010971 -1.111571
v -0.061524 -0.010762 -1.111599
v -0.035595 -0.019227 -1.029852
v 0.001792 -0.019475 -1.029838
v 0.039174 -0.019714 -1.029778
v 0.089365 -0.020033 -1.029746
v 0.001612 -0.026693 -0.876931
v 0.051513 -0.027005 -0.876149
v 0.126695 -0.028143 -0.871586
v -0.048279 -0.026361 -0.876263
v -0.055536 -0.034832 -0.741513
v 0.001446 -0.035036 -0.742233
v 0.058414 -0.035575 -0.741423
v 0.087123 -0.036069 -0.720249
v 0.158466 -0.037384 -0.716787
v 0.098546 -0.037322 -0.705458
v 0.144618 -0.043260 -0.564719
v 0.179545 -0.049268 -0.412976
v 0.198863 -0.052414 -0.242400
v 0.215398 -0.052520 -0.242034
v 0.055953 -0.239250 1.055080
v 0.064579 -0.247950 1.055173
v 0.062093 -0.241819 1.055102
v 0.055832 -0.256561 1.055217
v 0.062017 -0.254079 1.055193
v 0.049742 -0.253992 1.055220
v 0.055899 -0.247894 1.055134
v 0.047257 -0.247838 1.055144
v 0.049818 -0.241737 1.055105
v 0.147361 0.062835 1.080716
v 0.147449 0.063984 1.082980
v 0.145749 0.057353 1.082240
v 0.145474 0.057225 1.084574
v 0.145521 0.064949 1.084485
v 0.143352 0.057800 1.085318
v 0.145241 0.062833 1.079939
v 0.143825 0.058068 1.080769
v 0.139036 0.042339 1.083897
v 0.141244 0.041758 1.083130
v 0.141426 0.041903 1.080890
v 0.139593 0.042613 1.079396
v -0.187965 -0.002251 1.057536
v -0.209027 -0.004221 0.952423
v -0.211359 0.002596 0.952344
v -0.179473 0.017496 1.062675
v -0.203116 0.026275 0.952134
v -0.196284 0.030454 0.951365
v -0.201532 0.034418 0.871919
v -0.175032 0.037042 0.865098
v -0.170637 0.030057 0.949105
v -0.121595 -0.030643 -0.838413
v -0.111185 0.046253 -0.836022
v -0.124455 -0.030242 -0.837679
v -0.113944 0.046638 -0.836012
v -0.208564 0.027755 0.877275
v -0.126189 -0.029723 -0.839955
v -0.115764 0.047345 -0.838306
v -0.125082 -0.029612 -0.843037
v -0.114653 0.047290 -0.840574
v 0.175603 0.073966 -0.252123
v 0.175219 0.070263 -0.253425
v 0.177738 0.075545 -0.264390
v 0.177157 0.071690 -0.264541
v 0.168302 0.066985 -0.245046
v 0.168042 0.070341 -0.243206
v 0.172780 0.076546 -0.252923
v 0.165760 0.073265 -0.244520
v 0.158427 0.062879 -0.241819
v 0.157250 0.065872 -0.239752
v 0.155894 0.068970 -0.241517
v 0.143184 0.063912 -0.241084
v 0.144533 0.060626 -0.239374
v 0.166360 0.066375 -0.248476
v 0.158239 0.062985 -0.245773
v 0.145717 0.057632 -0.241611
v 0.145536 0.057922 -0.245533
v 0.179951 0.044617 0.770784
v 0.180510 0.044520 0.747711
v 0.168698 0.067138 0.770589
v 0.169357 0.066670 0.747527
v 0.160318 0.118032 0.525877
v 0.162658 0.111087 0.547067
v 0.172323 0.080846 0.510645
v 0.173452 0.076338 0.533784
v 0.168698 0.067138 0.770589
v 0.169357 0.066670 0.747527
v 0.116505 0.266537 0.759101
v 0.059615 -0.213606 1.162285
v 0.059591 -0.217538 1.162297
v 0.052668 -0.213571 1.162276
v 0.052643 -0.217498 1.162287
v 0.059602 -0.213480 1.168345
v 0.059581 -0.217407 1.168356
v 0.056297 -0.189782 1.116724
v 0.056137 -0.215466 1.119909
v 0.050213 -0.185233 1.128047
v 0.050011 -0.215204 1.131276
v 0.146649 0.066618 1.076177
v 0.148852 0.066974 1.076898
v 0.062429 -0.185319 1.128020
v 0.062236 -0.215277 1.131270
v 0.056297 -0.189782 1.116724
v 0.056137 -0.215466 1.119909
v -0.165686 0.018717 1.064198
v 0.090307 -0.133711 1.224435
v 0.090997 -0.027039 1.223616
v 0.091050 -0.024633 1.183507
v 0.091029 -0.023939 1.217533
v 0.143423 0.065106 1.082969
v 0.141423 0.058352 1.084562
v 0.143322 0.063966 1.080703
v 0.141709 0.058474 1.081503
v 0.137206 0.042895 1.083140
v 0.137389 0.043009 1.080107
v 0.138422 0.133678 0.464420
v 0.119564 0.265823 0.614288
v 0.145289 0.070167 1.078435
v 0.144814 0.068110 1.076908
v -0.063807 0.008860 -1.097410
v -0.060966 0.008709 -1.095143
v -0.067645 0.013627 -1.090672
v -0.064357 0.012911 -1.088375
v -0.114645 0.052865 -0.810389
v -0.118230 0.054359 -0.810410
v -0.139079 0.066021 -0.621753
v -0.142560 0.067507 -0.622185
v -0.054379 0.101633 -0.213584
v -0.054480 0.085447 -0.213434
v -0.142301 0.059782 -0.245808
v -0.154956 0.065015 -0.246017
v -0.140898 0.062871 -0.247522
v -0.153559 0.068285 -0.247772
v -0.163016 0.068510 -0.248722
v -0.160698 0.071413 -0.250273
v -0.160404 0.074757 -0.248236
v -0.152325 0.071262 -0.245701
v -0.162328 0.075399 -0.244790
v -0.152524 0.070985 -0.241757
v -0.168685 0.071350 -0.255573
v -0.165811 0.073891 -0.256338
v -0.166067 0.077613 -0.255017
v -0.167617 0.078721 -0.264267
v -0.167100 0.074854 -0.264270
v -0.170229 0.072477 -0.264633
v -0.057627 0.013593 -1.098183
v -0.060468 0.013749 -1.100475
v -0.062411 0.019126 -1.089944
v -0.065728 0.019851 -1.091442
v -0.057877 0.011077 -1.095142
v -0.052818 0.004282 -1.101884
v -0.053919 0.003449 -1.098106
v -0.165485 0.075446 -0.408552
v -0.174244 0.077833 -0.264651
v -0.162355 0.077813 -0.408551
v -0.171208 0.080205 -0.264505
v -0.164964 0.071763 -0.408160
v -0.173720 0.073961 -0.264822
v -0.063557 0.011381 -1.100476
v -0.068309 0.017098 -1.092157
v 0.058104 0.100905 -0.213473
v 0.058006 0.084719 -0.213347
v 0.075098 0.101724 -0.185514
v 0.074994 0.085534 -0.185339
v 0.086185 0.103432 -0.152054
v 0.086084 0.087236 -0.151951
v 0.079658 0.105208 -0.120676
v 0.079558 0.089013 -0.120572
v 0.001868 0.100626 -0.236345
v 0.001769 0.084623 -0.236237
v 0.060572 0.107731 -0.092742
v 0.060465 0.091541 -0.092591
v 0.041748 0.109400 -0.079681
v 0.041644 0.093215 -0.079507
v 0.001790 0.110040 -0.070225
v 0.001694 0.094032 -0.070115
v -0.059820 0.001217 -1.101099
v -0.058702 0.002070 -1.104153
v -0.158870 0.076320 -0.408190
v -0.055204 0.003499 -1.104911
v 0.147492 0.068169 1.071607
v 0.145755 0.069833 1.071572
v -0.158340 0.072647 -0.407776
v -0.138549 0.062154 -0.621731
v -0.161392 0.070274 -0.407776
v -0.141604 0.059767 -0.622117
v -0.114221 0.048996 -0.810342
v -0.117263 0.046816 -0.810313
v -0.191028 -0.014330 0.894999
v -0.187677 -0.014882 0.950994
v -0.212085 -0.004083 0.894193
v -0.202185 0.022161 0.893940
v -0.197359 0.026658 0.890843
v -0.207079 0.003993 0.903924
v -0.205093 -0.000577 0.906238
v -0.178722 -0.008933 1.057611
v -0.169604 0.008053 1.072590
v -0.165686 0.018717 1.064198
v 0.154111 0.066809 -0.523993
v 0.177256 -0.050416 -0.526058
v 0.153464 0.066360 -0.519064
v 0.176505 -0.051046 -0.520725
v 0.156953 0.067349 -0.523604
v 0.180011 -0.049882 -0.525717
v 0.156305 0.066717 -0.518319
v 0.179348 -0.050502 -0.520338
v 0.147492 0.070533 1.079202
v 0.146422 0.072226 1.071566
v 0.148799 0.072764 1.071591
v 0.155658 0.081659 0.985265
v 0.157952 0.082573 0.986005
v 0.149794 0.068711 1.071606
v 0.158329 0.084960 0.986002
v 0.150448 0.071100 1.071602
v -0.122230 -0.030195 -0.843730
v -0.111812 0.046897 -0.841334
v 0.149327 0.069036 1.078447
v 0.153822 0.083323 0.985229
v 0.163715 0.110411 0.797867
v 0.161011 0.100852 0.879953
v 0.166009 0.111132 0.798215
v 0.163305 0.101771 0.880693
v 0.160532 0.098650 0.879988
v 0.163239 0.108015 0.797485
v 0.162355 0.096981 0.880024
v 0.165074 0.106345 0.797497
v 0.167842 0.109462 0.797863
v 0.165141 0.100112 0.880751
v 0.167379 0.107249 0.797488
v 0.164659 0.097696 0.879985
v 0.138422 0.133678 0.464420
v 0.099046 0.298333 0.577297
v 0.139492 0.082069 0.423636
v 0.151828 0.083607 0.430813
v 0.002478 0.297878 0.541722
v 0.002428 0.292461 0.564799
v 0.002494 0.300761 0.538623
v 0.171424 0.027830 0.949399
v 0.168150 0.036702 0.950094
v 0.179951 0.044617 0.770784
v 0.176032 0.034771 0.865404
v 0.205818 -0.033763 0.770673
v 0.177192 0.030938 0.867698
v 0.190751 -0.014807 0.893790
v 0.191291 -0.016816 0.895334
v 0.187837 -0.017321 0.951317
v 0.209326 -0.006937 0.952743
v 0.178789 -0.011255 1.057904
v 0.188113 -0.004689 1.057859
v 0.198190 0.024103 0.891219
v 0.202926 0.019529 0.894287
v 0.205520 -0.003243 0.906570
v 0.207590 0.001299 0.904287
v 0.191291 -0.016816 0.895334
v 0.212495 -0.006848 0.894501
v 0.211756 -0.000145 0.952695
v 0.203824 0.023641 0.952531
v 0.179870 0.015156 1.062949
v 0.197053 0.027895 0.951693
v 0.166100 0.016566 1.064449
v 0.171424 0.027830 0.949399
v 0.215854 0.000438 0.891430
v 0.187837 -0.017321 0.951317
v 0.192435 -0.030141 0.951365
v 0.188483 -0.031016 1.066381
v 0.197023 -0.033373 0.952190
v 0.202488 0.031788 0.872217
v 0.176032 0.034771 0.865404
v 0.178789 -0.011255 1.057904
v 0.176405 -0.008279 1.067690
v 0.169882 0.005853 1.072877
v 0.189490 -0.010498 0.906648
v 0.178904 0.025608 0.886656
v 0.209398 0.025046 0.877618
v 0.207551 0.023398 0.877649
v 0.202488 0.031788 0.872217
v 0.201716 0.029239 0.873058
v 0.215854 0.000438 0.891430
v 0.213652 0.000250 0.890672
v 0.212495 -0.006848 0.894501
v 0.210860 -0.005557 0.893725
v 0.191291 -0.016816 0.895334
v 0.190751 -0.014807 0.893790
v 0.176032 0.034771 0.865404
v 0.177192 0.030938 0.867698
v 0.178904 0.025608 0.886656
v 0.189490 -0.010498 0.906648
v -0.162935 0.107839 0.783640
v -0.160719 0.107472 0.784717
v -0.161588 0.100957 0.780653
v -0.159477 0.101156 0.781821
v -0.161072 0.109457 0.791548
v -0.161440 0.111645 0.790425
v -0.161173 0.110118 0.797222
v -0.161621 0.112524 0.797553
v -0.197053 -0.049841 -0.242708
v -0.213611 -0.049718 -0.242302
v -0.142117 -0.041398 -0.564970
v -0.177400 -0.046951 -0.413269
v -0.240573 -0.036689 -0.417555
v -0.214304 -0.034119 -0.574117
v -0.187124 -0.029167 -0.722360
v -0.155656 -0.035347 -0.717033
v -0.151729 -0.020569 -0.877876
v -0.123458 -0.026519 -0.871825
v -0.110922 -0.012982 -1.036729
v -0.085793 -0.018893 -1.029887
v -0.081179 -0.008549 -1.117705
v -0.084280 -0.034954 -0.720336
v -0.095740 -0.036063 -0.705654
v -0.147671 0.074680 1.071303
v -0.155054 0.088474 0.985739
v -0.149324 0.073035 1.071309
v -0.156893 0.087012 0.985704
v -0.155729 0.067475 0.773732
v -0.153624 0.067664 0.774854
v -0.145724 0.039360 1.099583
v -0.162797 -0.024293 1.127323
v -0.177570 -0.025106 1.095554
v -0.162942 0.108003 0.791948
v -0.163026 0.108474 0.797204
v -0.160453 0.106040 0.786665
v -0.162300 0.104965 0.787416
v -0.161471 0.103883 0.880477
v -0.163330 0.102239 0.880482
v -0.145286 0.074119 1.071333
v -0.152848 0.087721 0.985739
v -0.152397 0.085313 0.984971
v -0.144659 0.071726 1.071338
v -0.070311 -0.019358 -0.708804
v -0.079634 -0.016989 -0.694807
v -0.165575 0.110931 0.790367
v -0.165226 0.108745 0.791538
v -0.165760 0.111630 0.797584
v -0.165312 0.109416 0.797234
v -0.164586 0.105154 0.786670
v -0.163736 0.112388 0.790039
v -0.163914 0.113283 0.797940
v -0.159380 0.100825 0.784006
v -0.161506 0.100136 0.785568
v -0.164857 0.106770 0.784754
v -0.163520 0.099934 0.784012
v -0.155646 0.066838 0.778654
v -0.157776 0.066643 0.777509
v -0.163610 0.100260 0.781804
v -0.144262 0.064711 1.079733
v -0.142318 0.065811 1.080457
v -0.142907 0.059930 1.080495
v -0.140778 0.060306 1.081260
v -0.142407 0.066976 1.082742
v -0.140526 0.060181 1.084344
v -0.144532 0.066831 1.084278
v -0.142450 0.059656 1.085093
v -0.138326 0.044146 1.083684
v -0.136477 0.044670 1.082911
v -0.136673 0.044787 1.079877
v -0.138876 0.044421 1.079134
v -0.146369 0.064746 1.080477
v -0.144846 0.059244 1.082055
v -0.146449 0.065883 1.082744
v -0.144577 0.059101 1.084296
v -0.140531 0.043587 1.082937
v -0.140709 0.043733 1.080647
v -0.148710 0.070651 1.071336
v -0.156533 0.084617 0.985758
v -0.154240 0.083669 0.985001
v -0.146415 0.070081 1.071344
v -0.147811 0.068907 1.076678
v -0.145601 0.068509 1.075919
v -0.148247 0.070969 1.078179
v -0.146418 0.072441 1.078939
v -0.143757 0.069985 1.076654
v -0.144208 0.072043 1.078180
v -0.148610 0.044720 1.090467
v 0.158061 0.067206 -0.520952
v 0.181106 -0.050012 -0.522631
v 0.115913 0.045412 -0.841129
v 0.125361 -0.031797 -0.843520
v 0.115264 0.044790 -0.835823
v 0.124702 -0.032246 -0.838228
v -0.159166 0.102936 0.879720
v -0.158736 0.100722 0.879709
v -0.160583 0.099083 0.879738
v -0.162876 0.099826 0.879716
v 0.104826 0.011572 1.208183
v 0.104186 0.013799 1.208944
v 0.102581 0.007597 1.211261
v 0.101483 0.008941 1.213457
v 0.102084 0.014900 1.208137
v 0.105761 0.016594 1.202128
v 0.107692 0.015487 1.202839
v 0.099102 0.009498 1.212774
v 0.101228 0.011546 1.205908
v 0.100608 0.013771 1.206620
v 0.104370 0.013075 1.200591
v 0.104107 0.015470 1.200586
v 0.103336 0.010611 1.205901
v 0.107943 0.013097 1.202868
v 0.106282 0.011797 1.201413
v 0.139697 0.024219 1.143821
v 0.141425 0.022932 1.144571
v 0.139611 0.026614 1.143815
v 0.143200 0.026462 1.146786
v 0.141380 0.027736 1.145310
v 0.143178 0.024060 1.146137
v 0.143740 0.025088 1.133243
v 0.145943 0.023960 1.133230
v 0.143682 0.027476 1.133190
v 0.145799 0.028749 1.133220
v -0.147578 0.027161 1.132992
v -0.145563 0.025855 1.132971
v -0.142814 0.025921 1.145863
v -0.141077 0.024765 1.144353
v -0.147462 0.029549 1.132964
v -0.142795 0.028315 1.146561
v -0.146558 0.025319 1.105751
v -0.144440 0.026596 1.105780
v -0.143347 0.026949 1.133017
v -0.144423 0.028989 1.105751
v -0.143243 0.029336 1.132964
v -0.146526 0.030289 1.105724
v -0.145346 0.030641 1.132961
v -0.148662 0.026605 1.105001
v -0.148644 0.029009 1.105721
v -0.140946 0.029558 1.145069
v 0.118769 0.045779 -0.840363
v 0.128197 -0.031258 -0.842817
v -0.098162 -0.024876 1.215091
v -0.097067 -0.024925 1.212894
v -0.097986 0.003455 1.214876
v -0.096890 0.003407 1.212679
v -0.100653 -0.024858 1.215135
v -0.100458 0.003472 1.214871
v -0.097854 0.010191 1.211079
v -0.099044 0.010775 1.212597
v -0.100650 0.003381 1.210380
v -0.101360 0.008344 1.209578
v -0.098159 0.003367 1.210359
v -0.098957 0.008855 1.208784
v -0.101440 0.010258 1.213319
v -0.071786 -0.011848 -0.692542
v -0.079634 -0.016989 -0.694807
v -0.109374 0.006349 -0.559264
v -0.120163 0.001576 -0.562242
v -0.100477 0.015079 1.206436
v -0.101940 0.016224 1.207973
v 0.049361 -0.069139 1.230732
v 0.054001 -0.069929 1.229261
v 0.049343 -0.072027 1.229199
v 0.052414 -0.072516 1.228485
v -0.101764 0.003435 1.212647
v -0.102547 0.008924 1.211072
v -0.103253 0.011958 1.205756
v -0.101138 0.012863 1.205746
v -0.104054 0.015147 1.208725
v -0.105609 0.017964 1.201905
v -0.103947 0.016827 1.200414
v -0.139099 0.023420 -0.406565
v -0.150060 0.016812 -0.408840
v -0.104712 0.012930 1.207987
v -0.104244 0.014437 1.200467
v -0.106191 0.013170 1.201188
v -0.107552 0.016896 1.202703
v -0.139209 0.028421 1.143579
v -0.159076 0.038592 -0.243758
v -0.167274 0.038873 0.949790
v -0.178652 0.046951 0.770488
v -0.191028 -0.014330 0.894999
v -0.190451 -0.012334 0.893458
v -0.205535 -0.031092 0.770316
v -0.176260 0.033237 0.867434
v -0.175032 0.037042 0.865098
v -0.170637 0.030057 0.949105
v -0.192441 -0.027630 0.951121
v -0.187677 -0.014882 0.950994
v -0.137512 -0.038446 -0.563450
v -0.172869 -0.043643 -0.412145
v -0.091188 -0.033826 -0.702979
v -0.095740 -0.036063 -0.705654
v -0.142117 -0.041398 -0.564970
v 0.118032 0.045127 -0.835850
v 0.127546 -0.031879 -0.837485
v -0.103206 -0.149229 1.219938
v -0.136179 -0.132308 1.218234
v -0.105160 -0.196569 1.096996
v -0.154613 -0.169002 1.096726
v 0.119866 0.045817 -0.838116
v 0.129292 -0.031385 -0.839755
v -0.089995 0.036866 -0.957750
v -0.093564 0.038356 -0.957770
v -0.057434 0.001827 -1.097378
v -0.050514 -0.028905 0.342885
v -0.052571 -0.026281 0.344768
v -0.047403 -0.023607 0.342057
v -0.049316 -0.020984 0.343771
v -0.057762 0.084678 0.425368
v -0.055489 0.088205 0.427607
v -0.057731 0.088058 0.419465
v -0.055453 0.091586 0.421921
v 0.066768 -0.082474 1.204383
v 0.064520 -0.080364 1.203592
v 0.055493 -0.071372 1.231503
v -0.139881 0.065753 -0.241329
v -0.141276 0.062488 -0.239551
v -0.153929 0.067902 -0.239996
v -0.155125 0.064911 -0.242088
v -0.142502 0.059501 -0.241839
v -0.164649 0.072493 -0.243481
v -0.164940 0.069151 -0.245301
v -0.169281 0.078765 -0.253191
v -0.172162 0.076234 -0.252379
v -0.171800 0.072525 -0.253703
v 0.048594 -0.024233 0.342166
v 0.050488 -0.021628 0.343884
v -0.094136 0.299596 0.577150
v 0.094184 0.035663 -0.957616
v 0.118774 0.051354 -0.810178
v 0.097771 0.037121 -0.957580
v 0.122373 0.052798 -0.810187
v 0.057997 0.090846 0.421987
v 0.060176 0.087286 0.419561
v 0.052304 0.084915 0.417498
v 0.054266 0.081725 0.415451
v 0.049218 0.082988 0.412061
v 0.051094 0.079989 0.410164
v -0.083453 0.310620 0.781700
v 0.002501 0.311827 0.613059
v 0.088146 0.309509 0.781859
v 0.002370 0.313377 0.781725
v 0.002516 0.308772 0.570710
v 0.002505 0.304150 0.542421
v -0.096083 0.032112 -0.958427
v -0.092505 0.030618 -0.957726
v -0.045394 -0.028148 -1.101618
v -0.047779 -0.028748 -1.104662
v -0.046674 -0.028077 -1.107675
v -0.043144 -0.026457 -1.108476
v 0.057212 -0.039959 0.345174
v -0.056250 -0.039224 0.345061
v 0.057254 -0.036316 0.339016
v -0.056208 -0.035576 0.338927
v 0.060150 0.083732 0.425432
v 0.059447 -0.036901 0.347154
v 0.059467 -0.033347 0.341090
v -0.040763 -0.025866 -1.105455
v -0.103108 -0.147489 1.224422
v -0.130489 -0.132278 1.224268
v -0.058478 -0.036134 0.347058
v -0.058446 -0.032575 0.341017
v -0.091399 -0.022762 1.217357
v -0.091434 -0.025862 1.223441
v -0.091382 -0.023446 1.183354
v -0.133577 -0.023547 1.137180
v 0.133320 -0.025284 1.137399
v 0.091029 -0.023939 1.217533
v 0.091050 -0.024633 1.183507
v 0.091077 -0.025037 1.144929
v -0.000168 -0.024040 1.183431
v -0.000141 -0.024453 1.144830
v -0.091355 -0.023845 1.144799
v 0.090997 -0.027039 1.223616
v 0.059214 0.002753 -1.104820
v 0.046789 -0.027046 -1.108425
v 0.056825 0.003569 -1.101802
v 0.044400 -0.026408 -1.105366
v -0.167115 0.069312 0.770284
v -0.145700 0.069186 0.770340
v 0.062688 0.001279 -1.104051
v 0.050284 -0.028707 -1.107638
v -0.157644 0.120099 0.525599
v -0.135451 0.135470 0.464236
v -0.170102 0.083067 0.510377
v -0.149431 0.085568 0.430586
v 0.063793 0.000415 -1.101018
v 0.051388 -0.029392 -1.104572
v -0.075243 0.301739 0.781784
v -0.084973 0.301061 0.781789
v 0.061403 0.001055 -1.097232
v 0.048998 -0.028758 -1.101538
v 0.057961 0.087471 0.427719
v 0.071770 0.012719 -1.090564
v 0.100216 0.030833 -0.958275
v 0.068452 0.012048 -1.088280
v 0.096619 0.029399 -0.957541
v -0.145724 0.039360 1.099583
v -0.209392 -0.036799 0.512437
v -0.213823 -0.040172 0.512467
v -0.197053 -0.049841 -0.242708
v -0.177400 -0.046951 -0.413269
v 0.149120 0.027078 1.105965
v 0.147005 0.028384 1.105986
v 0.147903 0.027629 1.133181
v 0.149101 0.024674 1.105244
v 0.147992 0.025235 1.133186
v 0.146973 0.023414 1.106013
v -0.197042 -0.030814 0.951861
v -0.210155 -0.034362 0.770760
v 0.062398 -0.082453 1.204353
v 0.064632 -0.084582 1.204396
v 0.053980 -0.073953 1.230774
v -0.184578 -0.028375 1.095585
v -0.188680 -0.028571 1.066080
v -0.050632 -0.109845 1.246840
v -0.055274 -0.110489 1.245335
v -0.050636 -0.110981 1.249886
v -0.056815 -0.111909 1.247619
v 0.172076 0.069147 -0.255236
v -0.057081 0.092301 -0.092685
v -0.056965 0.108495 -0.092837
v -0.038263 0.093733 -0.079589
v -0.038149 0.109924 -0.079716
v -0.051932 0.082418 0.415349
v -0.048716 0.080634 0.410099
v -0.046783 0.083605 0.411978
v 0.053630 -0.026965 0.344868
v 0.051625 -0.029565 0.343002
v -0.082651 0.088331 -0.152105
v -0.082538 0.104527 -0.152209
v -0.076138 0.090030 -0.120707
v -0.076025 0.106216 -0.120832
v -0.049845 0.085571 0.417405
v -0.135224 -0.025776 1.218101
v -0.184578 -0.028375 1.095585
v 0.171126 0.076516 -0.264028
v 0.162609 0.074233 -0.407907
v 0.170548 0.072658 -0.263984
v 0.162026 0.070566 -0.407543
v 0.173664 0.070231 -0.264383
v 0.165051 0.068152 -0.407508
v 0.168638 0.069601 -0.407858
v 0.052655 -0.213441 1.168336
v 0.052634 -0.217368 1.168346
v -0.215347 0.003230 0.891067
v 0.163830 0.072660 -0.247926
v 0.155713 0.069264 -0.245440
v 0.164100 0.069298 -0.250007
v 0.156893 0.066271 -0.247508
v 0.144179 0.061014 -0.247321
v 0.143008 0.064013 -0.245061
v 0.169562 0.075431 -0.254735
v 0.169265 0.071722 -0.256059
v 0.149099 0.059348 -0.622287
v 0.145505 0.057907 -0.621866
v 0.064617 0.012931 -1.100390
v 0.067679 0.010526 -1.100358
v 0.142483 0.060332 -0.621491
v 0.143060 0.064180 -0.621557
v 0.121309 0.045259 -0.810115
v 0.118280 0.047496 -0.810134
v 0.061754 0.012811 -1.098108
v 0.174719 0.077965 -0.264183
v 0.166103 0.075675 -0.408328
v 0.067880 0.008007 -1.097292
v 0.072490 0.016175 -1.092070
v 0.069933 0.018968 -1.091341
v 0.169215 0.073265 -0.408295
v 0.061971 0.010301 -1.095044
v 0.057936 0.002718 -1.098068
v 0.066617 0.018291 -1.089830
v 0.065032 0.007881 -1.095033
v -0.179181 0.046856 0.747366
v -0.178652 0.046951 0.770488
v -0.167741 0.068858 0.747242
v -0.167115 0.069312 0.770284
v 0.051585 0.308831 0.644891
v 0.049862 0.314393 0.646016
v 0.059142 0.309372 0.674027
v 0.057203 0.314900 0.673971
v -0.160093 0.113178 0.546782
v -0.171343 0.078579 0.533487
v -0.167741 0.068858 0.747242
v 0.030829 0.308544 0.623676
v 0.029885 0.314113 0.625552
v 0.065844 0.014822 -1.088297
v -0.041870 -0.026698 -1.101605
v 0.146573 0.065629 -0.621930
v 0.149586 0.063208 -0.622307
v 0.125397 0.050555 -0.810943
v 0.124912 0.046716 -0.810127
v -0.091434 -0.025862 1.223441
v -0.092112 -0.132529 1.224283
v -0.091399 -0.022762 1.217357
v -0.091382 -0.023446 1.183354
v -0.115151 0.267348 0.614098
v 0.140037 -0.040253 -0.563213
v 0.123195 -0.000006 -0.562062
v 0.175073 -0.045907 -0.411890
v 0.153018 0.014850 -0.408564
v -0.120844 0.048310 -0.810334
v -0.071506 0.086492 -0.185459
v -0.071396 0.102678 -0.185584
v 0.264190 -0.041474 1.225367
v 0.264702 -0.007190 1.095746
v 0.292841 -0.026550 1.157919
v 0.298655 -0.016059 1.095832
v 0.264576 -0.017726 1.157821
v 0.236044 -0.026179 1.157899
v 0.281794 -0.047016 1.225429
v 0.247982 -0.046066 1.225355
v -0.053170 -0.031735 1.213683
v -0.050099 -0.031279 1.214406
v -0.054758 -0.033145 1.215965
v -0.050116 -0.032496 1.217494
v 0.098996 0.007575 1.208985
v 0.101373 0.007019 1.209717
v -0.189147 -0.008038 0.906320
v -0.190451 -0.012334 0.893458
v -0.210417 -0.002826 0.893377
v 0.101719 0.002111 1.212811
v 0.100612 0.002080 1.210537
v 0.097906 0.008915 1.211230
v 0.043805 -0.007789 -1.222752
v 0.291270 -0.060505 1.225531
v 0.311450 -0.048112 1.158094
v 0.319245 -0.042041 1.096080
v 0.232541 -0.053908 -0.727586
v 0.194216 -0.058794 -0.882579
v 0.236665 -0.071495 -0.726684
v 0.098140 0.002088 1.210511
v 0.096849 0.002144 1.212779
v 0.146348 0.037465 1.099817
v 0.045482 -0.013916 -1.224939
v 0.026321 -0.012195 -1.246144
v 0.002035 -0.012114 -1.250000
v -0.022708 -0.018287 -1.244660
v -0.022260 -0.011881 -1.246175
v 0.002032 -0.018364 -1.249927
v -0.041462 -0.013352 -1.225008
v -0.039731 -0.007246 -1.222841
v -0.100847 -0.015550 -1.124478
v -0.104278 -0.021815 -1.125979
v -0.136157 -0.021543 -1.040483
v -0.142272 -0.029596 -1.040443
v -0.180201 -0.031721 -0.883837
v -0.188902 -0.040864 -0.883794
v -0.218633 -0.040125 -0.728026
v -0.248750 -0.044670 -0.579365
v -0.275572 -0.049424 -0.421656
v -0.289108 -0.046174 -0.245830
v -0.229905 -0.050911 -0.727953
v -0.261499 -0.056736 -0.579296
v -0.234246 -0.068433 -0.727066
v -0.266408 -0.076373 -0.578394
v -0.259021 -0.097169 -0.576307
v -0.227752 -0.087017 -0.724993
v 0.330776 -0.080482 1.096390
v 0.321160 -0.080090 1.158404
v 0.311450 -0.048112 1.158094
v 0.342783 -0.086838 0.770054
v 0.330897 -0.049040 0.769743
v 0.146038 -0.044886 -1.039353
v 0.106381 -0.034266 -1.127992
v 0.043614 -0.021099 -1.225651
v 0.026696 -0.018605 -1.244580
v -0.039701 -0.020556 -1.225691
v -0.102880 -0.032909 -1.128139
v -0.142722 -0.043013 -1.039557
v -0.191396 -0.056293 -0.882893
v -0.331661 -0.076169 1.095886
v -0.319649 -0.037894 1.095570
v -0.343180 -0.082385 0.769466
v -0.330797 -0.044743 0.769195
v -0.298710 -0.012176 1.095364
v -0.322157 -0.075913 1.157862
v -0.312022 -0.044059 1.157607
v -0.297182 -0.071977 1.224397
v -0.292125 -0.056725 1.225040
v 0.296123 -0.075821 1.225632
v 0.313066 -0.108655 1.158598
v 0.288145 -0.089653 1.225784
v 0.322636 -0.114744 1.096629
v 0.291270 -0.060505 1.225531
v 0.162031 0.036506 -0.243524
v 0.288143 -0.111541 -0.418057
v 0.296760 -0.088639 -0.420154
v 0.291556 -0.066724 -0.421085
v 0.229905 -0.089989 -0.724584
v 0.186851 -0.075739 -0.880925
v 0.160858 -0.089128 -0.877842
v 0.200599 -0.104569 -0.722253
v 0.137935 -0.059691 -1.036943
v 0.098755 -0.047492 -1.129359
v 0.081629 -0.058099 -1.122486
v 0.115701 -0.071815 -1.033830
v 0.039429 -0.032427 -1.223296
v 0.025261 -0.029012 -1.240782
v 0.002105 -0.027860 -1.246067
v -0.021410 -0.028707 -1.240786
v -0.035654 -0.031952 -1.223392
v -0.095348 -0.046236 -1.129481
v -0.134831 -0.057917 -1.037172
v -0.078365 -0.057060 -1.122602
v -0.112770 -0.070333 -1.034009
v -0.184238 -0.073337 -0.881263
v -0.158413 -0.087052 -0.878123
v -0.198620 -0.101974 -0.722591
v -0.286799 -0.107816 -0.418558
v -0.307776 -0.116314 -0.244116
v -0.295088 -0.084794 -0.420636
v -0.315145 -0.090529 -0.245312
v -0.289625 -0.062950 -0.421574
v -0.306507 -0.063624 -0.245642
v -0.314433 -0.104570 1.158103
v -0.323986 -0.110541 1.096153
v -0.289368 -0.085910 1.225278
v 0.251640 -0.128932 -0.416065
v 0.260785 -0.100551 -0.575917
v 0.227949 -0.116392 -0.573545
v 0.263802 -0.060136 -0.578827
v 0.268456 -0.079841 -0.577933
v 0.031320 -0.040626 -1.212646
v 0.020234 -0.036829 -1.228592
v 0.001878 -0.034652 -1.236193
v -0.016526 -0.036589 -1.228604
v -0.027685 -0.040245 -1.212718
v -0.312022 -0.044059 1.157607
v -0.292125 -0.056725 1.225040
v -0.293132 -0.022747 1.157447
v -0.282484 -0.043355 1.224968
v -0.226415 -0.113442 -0.573924
v -0.250524 -0.125666 -0.416475
v 0.140537 -0.261761 1.097692
v 0.142543 -0.267209 0.767583
v 0.280776 -0.136773 1.096825
v 0.286168 -0.142294 0.770858
v 0.143492 -0.269095 0.506637
v 0.289673 -0.146427 0.511800
v 0.145025 -0.281137 0.766594
v 0.145988 -0.283033 0.505262
v 0.289083 -0.149055 0.321033
v 0.141897 -0.270105 0.324190
v 0.284588 -0.145627 0.039215
v 0.138676 -0.265554 0.036976
v 0.132512 -0.256207 -0.175530
v 0.270164 -0.138448 -0.242575
v 0.122416 -0.244580 -0.333142
v 0.251640 -0.128932 -0.416065
v 0.109945 -0.231294 -0.476598
v 0.227949 -0.116392 -0.573545
v 0.200599 -0.104569 -0.722253
v 0.160858 -0.089128 -0.877842
v 0.134384 -0.134076 1.218436
v 0.101185 -0.150567 1.220056
v 0.152520 -0.170993 1.097009
v 0.102720 -0.197920 1.097167
v -0.191028 -0.014330 0.894999
v -0.212085 -0.004083 0.894193
v 0.064243 -0.121674 1.219780
v 0.062116 -0.123761 1.220590
v 0.053713 -0.111203 1.245417
v 0.052125 -0.113871 1.244683
v -0.000787 -0.111307 1.249919
v -0.000811 -0.114185 1.248456
v 0.049068 -0.111628 1.250000
v 0.049050 -0.114512 1.248466
v -0.107842 0.014504 1.202707
v -0.145300 -0.265338 0.767379
v -0.143810 -0.259915 1.097469
v -0.287300 -0.138575 0.770358
v -0.282404 -0.133116 1.096341
v -0.145819 -0.267220 0.506383
v -0.290406 -0.142650 0.511359
v -0.143909 -0.268255 0.323942
v -0.289523 -0.145298 0.320548
v -0.140154 -0.263743 0.036739
v -0.284482 -0.141929 0.038721
v -0.269480 -0.134940 -0.242973
v -0.133455 -0.254477 -0.175748
v -0.122954 -0.242990 -0.333349
v -0.250524 -0.125666 -0.416475
v -0.110057 -0.229867 -0.476787
v -0.226415 -0.113442 -0.573924
v -0.198620 -0.101974 -0.722591
v -0.158413 -0.087052 -0.878123
v -0.108809 -0.235399 -0.476367
v -0.122650 -0.250593 -0.333288
v -0.134548 -0.264996 -0.176219
v -0.142812 -0.277619 0.035640
v -0.146570 -0.282129 0.322892
v -0.148470 -0.281122 0.504999
v -0.147952 -0.279240 0.766335
v -0.146448 -0.273906 1.091545
v -0.104893 -0.238109 -0.469570
v -0.118075 -0.253242 -0.327790
v -0.129414 -0.267584 -0.171705
v -0.136859 -0.280292 0.035807
v -0.140627 -0.284783 0.323127
v 0.104644 -0.239471 -0.469372
v 0.117377 -0.254773 -0.327574
v 0.128275 -0.269251 -0.171455
v 0.135191 -0.282067 0.035987
v 0.138396 -0.286596 0.323341
v -0.213151 0.003025 0.890312
v -0.215347 0.003230 0.891067
v 0.108618 -0.236812 -0.476180
v 0.122005 -0.252180 -0.333130
v 0.133444 -0.266737 -0.176023
v 0.141168 -0.279456 0.035910
v 0.144383 -0.284021 0.323126
v 0.143024 -0.275788 1.091777
v -0.335489 -0.116286 0.769747
v -0.287300 -0.138575 0.770358
v -0.264648 -0.003746 1.095340
v -0.264809 -0.038048 1.224892
v -0.264774 -0.014282 1.157414
v -0.248661 -0.042842 1.224980
v -0.236335 -0.023103 1.157512
v -0.145163 0.061255 -0.622501
v -0.000534 -0.072829 1.232282
v -0.000518 -0.071695 1.229188
v 0.049327 -0.073152 1.232290
v 0.115701 -0.071815 -1.033830
v 0.081629 -0.058099 -1.122486
v 0.031320 -0.040626 -1.212646
v -0.078365 -0.057060 -1.122602
v -0.112770 -0.070333 -1.034009
v 0.082673 -0.018039 -0.694664
v 0.074894 -0.012798 -0.692449
v 0.112475 0.004910 -0.559071
v 0.177351 -0.027419 1.095845
v 0.073336 -0.020291 -0.708690
v 0.082673 -0.018039 -0.694664
v 0.055217 -0.112640 1.247682
v 0.053691 -0.115303 1.246971
v 0.144870 0.024710 1.105987
v 0.144884 0.027104 1.106007
v 0.097773 -0.026153 1.215267
v 0.100245 -0.026170 1.215271
v 0.097959 0.002179 1.215051
v 0.100422 0.002166 1.215055
v 0.049072 -0.110498 1.246907
v -0.000807 -0.113044 1.245410
v -0.000789 -0.110166 1.246897
v 0.049055 -0.113372 1.245419
v -0.272172 -0.096501 1.225385
v -0.279626 -0.123848 1.158227
v -0.250652 -0.096648 1.225373
v -0.237906 -0.124107 1.158317
v -0.282404 -0.133116 1.096341
v -0.230396 -0.133457 1.096402
v -0.234768 -0.083230 1.225315
v -0.207062 -0.101129 1.158172
v -0.199514 -0.106837 1.096214
v -0.234632 -0.063722 1.225170
v -0.206759 -0.054306 1.157773
v -0.199166 -0.053118 1.095766
v -0.234632 -0.063722 1.225170
v -0.206759 -0.054306 1.157773
v -0.239699 -0.050530 1.225038
v -0.224841 -0.035238 1.157602
v -0.199166 -0.053118 1.095766
v 0.224375 -0.038152 1.157972
v 0.238922 -0.053640 1.225457
v 0.198581 -0.055693 1.096124
v 0.206065 -0.056989 1.158084
v 0.233705 -0.066761 1.225523
v 0.205763 -0.103807 1.158482
v 0.233572 -0.086260 1.225691
v 0.206065 -0.056989 1.158084
v 0.233705 -0.066761 1.225523
v 0.198233 -0.109423 1.096525
v 0.198581 -0.055693 1.096124
v 0.236308 -0.127196 1.158682
v 0.249288 -0.099888 1.225826
v 0.228757 -0.136436 1.096765
v 0.280776 -0.136773 1.096825
v 0.278024 -0.127460 1.158749
v 0.270796 -0.100031 1.225813
v -0.063793 -0.122938 1.220480
v -0.065892 -0.120826 1.219688
v -0.053734 -0.113180 1.244582
v -0.206741 0.026095 0.877333
v -0.200805 0.031843 0.872693
v -0.140599 -0.276707 1.091570
v -0.131712 -0.265661 1.097503
v 0.128368 -0.267341 1.097733
v 0.137143 -0.278511 1.091782
v 0.142123 0.021595 -0.406372
v -0.208564 0.027755 0.877275
v -0.050379 -0.071373 1.229156
v -0.050390 -0.072514 1.232154
v -0.055433 -0.216785 1.162253
v -0.055405 -0.212860 1.162194
v -0.055443 -0.216665 1.168266
v -0.055415 -0.212745 1.168184
v -0.201532 0.034418 0.871919
v 0.138803 0.101102 -0.003587
v 0.129884 0.095472 -0.149309
v 0.146532 0.082706 -0.147330
v 0.139968 0.079709 -0.234403
v 0.122850 0.089374 -0.235247
v 0.106068 0.083134 -0.322198
v 0.081453 0.097313 -0.237987
v 0.041839 0.100101 -0.240150
v 0.029466 0.100922 -0.230900
v 0.041822 0.101353 -0.223717
v 0.058104 0.100905 -0.213473
v 0.075098 0.101724 -0.185514
v 0.086185 0.103432 -0.152054
v 0.091908 0.108836 -0.018484
v 0.079658 0.105208 -0.120676
v 0.060572 0.107731 -0.092742
v 0.041748 0.109400 -0.079681
v 0.041719 0.111780 -0.025293
v 0.001769 0.112042 -0.025311
v 0.001790 0.110040 -0.070225
v -0.038178 0.112303 -0.025352
v -0.038149 0.109924 -0.079716
v -0.056965 0.108495 -0.092837
v -0.088408 0.110008 -0.018658
v -0.076025 0.106216 -0.120832
v 0.131113 0.094184 0.006945
v 0.090765 0.103490 -0.010076
v 0.041658 0.106444 -0.016596
v 0.001723 0.106700 -0.016661
v -0.038199 0.106951 -0.016724
v -0.087344 0.104647 -0.010198
v -0.127844 0.095866 0.006740
v 0.131460 0.074467 -0.323979
v 0.133791 0.062832 -0.325193
v 0.131460 0.074467 -0.323979
v 0.133912 0.040141 -0.328454
v 0.134039 0.030353 -0.329672
v 0.077323 0.021522 -0.439699
v 0.075403 0.030016 -0.447750
v 0.106494 0.024446 -0.403794
v 0.106188 0.033812 -0.405029
v 0.105493 0.055294 -0.407414
v 0.070915 0.049561 -0.466002
v 0.069555 0.061146 -0.466863
v 0.103644 0.066894 -0.407891
v -0.062378 -0.216741 1.162242
v -0.062350 -0.212816 1.162183
v 0.031964 0.058522 -0.490393
v 0.069555 0.061146 -0.466863
v 0.032571 0.047130 -0.489503
v 0.070915 0.049561 -0.466002
v 0.075403 0.030016 -0.447750
v 0.034309 0.028526 -0.471220
v 0.035045 0.020026 -0.463533
v 0.077323 0.021522 -0.439699
v -0.074227 0.022510 -0.439827
v -0.072191 0.030978 -0.447846
v -0.031937 0.020462 -0.463618
v -0.031077 0.028952 -0.471278
v -0.029046 0.047530 -0.489555
v -0.067405 0.050456 -0.466154
v -0.065889 0.062021 -0.467011
v -0.028284 0.058917 -0.490444
v -0.100013 0.068214 -0.408102
v -0.065889 0.062021 -0.467011
v -0.102023 0.056642 -0.407608
v -0.067405 0.050456 -0.466154
v -0.072191 0.030978 -0.447846
v -0.102989 0.035169 -0.405177
v -0.103408 0.025811 -0.403968
v -0.074227 0.022510 -0.439827
v -0.127874 0.076156 -0.324186
v -0.130341 0.064544 -0.325454
v -0.131011 0.032082 -0.329889
v -0.130765 0.041863 -0.328645
v -0.177044 -0.048198 -0.520676
v -0.152473 0.068724 -0.518606
v -0.178778 -0.047679 -0.522952
v -0.154225 0.069239 -0.521197
v -0.177677 -0.047557 -0.525963
v -0.153122 0.069366 -0.523846
v -0.174916 -0.048136 -0.526342
v -0.150277 0.068787 -0.524200
v -0.145602 0.065130 -0.622548
v -0.121276 0.052155 -0.811127
v 0.001694 0.094032 -0.070115
v 0.001790 0.110040 -0.070225
v -0.120497 -0.095712 -0.170387
v -0.119381 0.073602 -0.173298
v -0.142155 -0.091331 0.040844
v -0.141036 0.081095 0.036360
v -0.149715 -0.085636 0.322062
v -0.148620 0.083353 0.320704
v -0.149431 0.085568 0.430586
v 0.122683 0.072038 -0.173098
v 0.121580 -0.097290 -0.170208
v 0.144054 0.079238 0.036560
v 0.142932 -0.093190 0.041094
v 0.080177 -0.098335 -0.235990
v 0.081290 0.070978 -0.239095
v 0.151164 0.081404 0.320952
v 0.151828 0.083607 0.430813
v -0.119381 0.073602 -0.173298
v -0.120497 -0.095712 -0.170387
v -0.077889 0.072016 -0.239211
v -0.078995 -0.097308 -0.236176
v 0.147280 0.067279 0.770553
v 0.164984 0.105870 0.792218
v 0.167288 0.106590 0.791838
v 0.147280 0.067279 0.770553
v 0.135470 -0.081866 0.771737
v 0.135269 0.060418 0.901447
v 0.123651 -0.080254 0.848104
v -0.135828 -0.080106 0.771536
v -0.145700 0.069186 0.770340
v -0.124121 -0.078636 0.847964
v -0.133992 0.062168 0.901249
v -0.124121 -0.078636 0.847964
v -0.133992 0.062168 0.901249
v -0.085788 -0.078068 0.888841
v -0.088609 0.061692 0.947408
v -0.000314 -0.084787 0.888937
v 0.000599 0.061113 0.947481
v 0.089792 0.060533 0.947530
v 0.085249 -0.079176 0.888951
v 0.123651 -0.080254 0.848104
v -0.075119 0.298754 0.633139
v -0.084862 0.298077 0.633144
v -0.087161 0.291997 0.585945
v -0.076493 0.293760 0.585890
v 0.002427 0.302293 0.633181
v 0.002425 0.295460 0.585958
v 0.079926 0.297741 0.633249
v 0.081302 0.292732 0.586003
v 0.091956 0.290832 0.586068
v 0.089655 0.296946 0.633284
v 0.079815 0.300720 0.781871
v 0.089544 0.299925 0.781906
v 0.002304 0.303072 0.781837
v -0.068589 0.284357 0.578037
v -0.076493 0.293760 0.585890
v -0.079886 0.277351 0.573960
v -0.087161 0.291997 0.585945
v 0.002425 0.295460 0.585958
v 0.002373 0.286098 0.578094
v 0.073301 0.283432 0.578173
v 0.081302 0.292732 0.586003
v -0.087161 0.291997 0.585945
v -0.097223 0.267231 0.614104
v 0.091956 0.290832 0.586068
v 0.084517 0.276276 0.574060
v 0.098398 0.276615 0.631894
v 0.089655 0.296946 0.633284
v 0.101648 0.265934 0.614284
v 0.091956 0.290832 0.586068
v 0.096468 0.277824 0.746490
v 0.089544 0.299925 0.781906
v 0.149079 -0.026889 0.535352
v 0.138327 -0.084676 0.536204
v 0.148810 -0.038328 0.547874
v 0.148677 -0.034092 0.735464
v 0.135470 -0.081866 0.771737
v 0.148928 -0.022259 0.747817
v 0.147298 0.066814 0.747466
v 0.147280 0.067279 0.770553
v 0.099410 0.266653 0.759121
v -0.148189 0.078421 0.533478
v -0.113902 0.065322 0.533643
v 0.115850 0.063831 0.533824
v 0.150302 0.076496 0.533794
v -0.119685 0.128523 0.471819
v -0.079886 0.277351 0.573960
v 0.122578 0.126950 0.472045
v 0.084517 0.276276 0.574060
v 0.084578 0.282645 0.560812
v 0.073369 0.289789 0.564855
v 0.002428 0.292461 0.564799
v -0.068525 0.290707 0.564769
v -0.079834 0.283714 0.560689
v 0.115216 0.276512 0.631944
v 0.098398 0.276615 0.631894
v 0.119564 0.265823 0.614288
v 0.101648 0.265934 0.614284
v 0.112459 0.277727 0.746563
v 0.096468 0.277824 0.746490
v 0.116505 0.266537 0.759101
v 0.099410 0.266653 0.759121
v 0.169357 0.066670 0.747527
v 0.147298 0.066814 0.747466
v -0.093861 0.277867 0.631797
v -0.110679 0.277980 0.631769
v -0.097223 0.267231 0.614104
v -0.115151 0.267348 0.614098
v -0.092115 0.279054 0.746350
v -0.108097 0.279157 0.746348
v -0.095244 0.267915 0.758924
v -0.112327 0.268026 0.758921
v -0.145679 0.068711 0.747231
v -0.167741 0.068858 0.747242
v 0.042070 0.351435 0.673677
v 0.037371 0.353673 0.673658
v 0.036778 0.351883 0.694123
v 0.032720 0.354070 0.691811
v 0.022365 0.352270 0.708832
v 0.020033 0.354407 0.704639
v 0.002677 0.352503 0.714089
v 0.002693 0.354615 0.709538
v -0.016994 0.352522 0.708769
v -0.014615 0.354632 0.704631
v -0.031370 0.352314 0.694039
v -0.027286 0.354447 0.691691
v -0.036645 0.351949 0.673597
v -0.031922 0.354127 0.673592
v -0.031348 0.351507 0.653562
v -0.027272 0.353741 0.655825
v -0.016947 0.351116 0.638854
v -0.014572 0.353393 0.642975
v 0.002732 0.350870 0.633139
v 0.002752 0.353182 0.638101
v 0.022412 0.350858 0.638870
v 0.020076 0.353168 0.642983
v 0.036800 0.351061 0.653625
v 0.032737 0.353343 0.655877
v 0.051538 0.310011 0.703478
v 0.049821 0.315512 0.702313
v 0.030748 0.310570 0.724673
v 0.029813 0.316058 0.722734
v 0.002388 0.310917 0.732571
v 0.002431 0.316389 0.730248
v -0.025943 0.310939 0.724604
v -0.024918 0.316419 0.722667
v -0.046699 0.310649 0.703415
v -0.044920 0.316139 0.702228
v -0.054258 0.310112 0.673938
v -0.052251 0.315616 0.673863
v -0.046651 0.309473 0.644802
v -0.044882 0.315001 0.645887
v -0.025865 0.308914 0.623631
v -0.024846 0.314464 0.625488
v 0.002473 0.308572 0.615732
v 0.002524 0.314138 0.617972
v 0.198863 -0.052414 -0.242400
v 0.057798 -0.036226 0.068722
v 0.059223 -0.021519 0.068590
v 0.119004 -0.049896 0.067613
v 0.123088 -0.016784 0.068311
v 0.059150 -0.019753 0.156496
v 0.057738 -0.034460 0.156653
v 0.123020 -0.015009 0.156726
v 0.118953 -0.048077 0.158031
v 0.139544 0.096703 0.070934
v 0.139482 0.098340 0.152344
v 0.146347 0.096122 0.071503
v 0.146280 0.097732 0.151778
v 0.141352 0.035012 0.069294
v 0.142840 0.053602 0.069889
v 0.138062 0.053819 0.060864
v 0.134268 -0.051144 0.069982
v 0.051411 -0.030087 0.069789
v 0.052527 -0.025679 0.069767
v 0.052467 -0.023966 0.155357
v 0.051351 -0.028375 0.155355
v 0.084494 -0.031242 0.160591
v 0.118953 -0.048077 0.158031
v 0.084485 -0.031089 0.168150
v 0.118947 -0.047898 0.167088
v 0.139346 0.094411 0.066671
v 0.143476 0.094011 0.066664
v 0.139279 0.096217 0.156582
v 0.143410 0.095817 0.156576
v 0.143476 0.094011 0.066664
v 0.161440 0.099068 0.782080
v 0.163561 0.098843 0.780918
v 0.155182 0.065660 0.775092
v 0.157282 0.065439 0.774050
v 0.119004 -0.049896 0.067613
v 0.084567 -0.033172 0.064691
v 0.119016 -0.050081 0.058509
v 0.129420 -0.048815 0.166180
v 0.136505 0.037346 0.165515
v 0.118947 -0.047898 0.167088
v 0.126031 0.038166 0.166396
v 0.137997 0.055876 0.163212
v 0.134199 -0.049422 0.155740
v 0.141283 0.036729 0.155029
v 0.142780 0.055292 0.154126
v 0.163147 0.107346 0.791813
v 0.143410 0.095817 0.156576
v 0.139279 0.096217 0.156582
v 0.156505 0.086456 0.986005
v 0.164318 0.102842 0.787684
v 0.162501 0.103937 0.786904
v 0.167650 0.108772 0.790692
v 0.060265 -0.033095 0.225194
v 0.061687 -0.018377 0.225108
v 0.121484 -0.046765 0.224109
v 0.125542 -0.013654 0.224905
v 0.061614 -0.016626 0.312994
v 0.060193 -0.031334 0.313102
v 0.125475 -0.011877 0.313416
v 0.121398 -0.044953 0.314577
v 0.141998 0.099833 0.227528
v 0.141939 0.101464 0.308891
v 0.148786 0.099251 0.228097
v 0.148725 0.100856 0.308325
v 0.143788 0.038145 0.225839
v 0.145298 0.056731 0.226459
v 0.140535 0.056946 0.217362
v 0.136707 -0.048021 0.226481
v 0.053862 -0.026957 0.226383
v 0.054997 -0.022550 0.226313
v 0.054931 -0.020834 0.311854
v 0.053809 -0.025237 0.311923
v 0.086958 -0.028115 0.317088
v 0.121398 -0.044953 0.314577
v 0.086949 -0.027962 0.324647
v 0.121392 -0.044769 0.323633
v 0.141800 0.097541 0.223265
v 0.145931 0.097146 0.223282
v 0.141736 0.099345 0.313274
v 0.145867 0.098955 0.313289
v 0.145931 0.097146 0.223282
v 0.166913 0.104615 0.785029
v 0.166631 0.102993 0.786923
v 0.121484 -0.046765 0.224109
v 0.087025 -0.030043 0.221237
v 0.121477 -0.046950 0.215005
v 0.131865 -0.045687 0.322726
v 0.138962 0.040474 0.322061
v 0.121392 -0.044769 0.323633
v 0.128470 0.041292 0.322991
v 0.140458 0.058996 0.319614
v 0.136657 -0.046288 0.312139
v 0.143738 0.039859 0.311478
v 0.145234 0.058422 0.310574
v 0.165473 0.097800 0.784331
v 0.163457 0.098029 0.785832
v 0.145867 0.098955 0.313289
v 0.141736 0.099345 0.313274
v 0.162785 0.105377 0.785027
v 0.161346 0.098744 0.784312
v 0.163522 0.109533 0.790666
v 0.165826 0.110243 0.790288
v 0.164979 0.105707 0.783910
v 0.049606 -0.031922 1.214519
v 0.052695 -0.032417 1.213758
v 0.049601 -0.033149 1.217585
v 0.054229 -0.033853 1.216095
v -0.178044 0.027921 0.886365
v -0.176260 0.033237 0.867434
v -0.269480 -0.134940 -0.242973
v 0.166100 0.016566 1.064449
v -0.050369 -0.069622 1.233662
v -0.056536 -0.070647 1.231393
v -0.055032 -0.073246 1.230644
v -0.061716 0.015657 -1.088386
v 0.162539 -0.026397 1.127635
v -0.139326 0.026028 1.143608
v 0.045476 -0.027260 -1.101536
v -0.000508 -0.069950 1.233672
v -0.000494 -0.068817 1.230675
v -0.050356 -0.068495 1.230643
v -0.178044 0.027921 0.886365
v -0.189147 -0.008038 0.906320
v 0.184316 -0.030767 1.095872
v 0.159300 0.064587 0.777784
v 0.157188 0.064807 0.778947
v -0.000244 -0.031610 1.214465
v -0.000248 -0.032827 1.217552
v -0.050098 -0.029628 1.218983
v -0.056262 -0.030547 1.216714
v 0.064906 -0.044483 1.189693
v 0.067028 -0.042399 1.188909
v 0.055767 -0.031277 1.216801
v -0.063504 -0.081630 1.204268
v -0.065615 -0.079512 1.203499
v -0.053445 -0.071830 1.228385
v -0.055011 -0.069226 1.229133
v 0.154301 0.085730 0.986022
v -0.062390 -0.216626 1.168256
v -0.062363 -0.212700 1.168197
v 0.210397 -0.037099 0.771061
v 0.134789 -0.027524 1.218372
v 0.184316 -0.030767 1.095872
v -0.176323 -0.005996 1.067406
v -0.178722 -0.008933 1.057611
v 0.165573 0.098118 0.782052
v 0.049351 -0.070280 1.233730
v 0.054257 -0.029841 1.214488
v 0.049623 -0.029044 1.216030
v 0.049625 -0.030272 1.219048
v -0.050081 -0.028401 1.215917
v -0.054737 -0.029131 1.214431
v -0.000220 -0.028713 1.215972
v -0.065338 -0.039427 1.188775
v -0.067598 -0.041521 1.188785
v -0.065506 -0.043643 1.189579
v -0.063241 -0.041551 1.188793
v 0.096657 -0.026186 1.213042
v 0.064794 -0.040264 1.188914
v -0.000224 -0.029945 1.219015
v 0.062658 -0.042369 1.188902
v -0.067877 -0.081598 1.204308
v -0.065780 -0.083732 1.204304
v -0.068153 -0.122907 1.220496
v -0.066067 -0.125025 1.221264
v -0.055309 -0.114600 1.246866
v -0.094136 0.299596 0.577150
v -0.149431 0.085568 0.430586
v -0.135451 0.135470 0.464236
v -0.137127 0.083874 0.423401
v -0.050656 -0.112727 1.245354
v -0.050672 -0.113858 1.248423
v 0.066479 -0.123787 1.220596
v 0.064342 -0.125871 1.221356
v 0.094005 -0.035032 -0.702845
v -0.175032 0.037042 0.865098
v -0.174195 -0.048768 -0.521032
v -0.149638 0.068328 -0.519317
v 0.099046 0.298333 0.577297
v 0.101093 -0.148819 1.224587
v 0.128671 -0.133956 1.224473
v -0.058825 -0.214718 1.119867
v -0.058671 -0.189027 1.116631
v -0.052732 -0.214535 1.131180
v -0.052529 -0.184564 1.127927
v -0.064957 -0.214454 1.131184
v -0.064755 -0.184482 1.127955
v -0.058825 -0.214718 1.119867
v -0.058671 -0.189027 1.116631
v 0.151828 0.083607 0.430813
v 0.214442 -0.042954 0.512804
v 0.210053 -0.039522 0.512783
v 0.179545 -0.049268 -0.412976
v 0.144618 -0.043260 -0.564719
v 0.098546 -0.037322 -0.705458
v -0.141036 0.081095 0.036360
v -0.157486 0.080320 0.038666
v -0.148620 0.083353 0.320704
v -0.181281 0.061064 0.510548
v -0.170102 0.083067 0.510377
v -0.149431 0.085568 0.430586
v 0.002736 0.355733 0.673601
v -0.064804 -0.246600 0.775620
v -0.065016 -0.240992 1.055015
v -0.058644 -0.244122 0.775573
v -0.058843 -0.238500 1.055013
v -0.067577 -0.247098 1.055030
v -0.067378 -0.252710 0.775636
v -0.065092 -0.253252 1.055106
v -0.064893 -0.258859 0.775711
v -0.058949 -0.255816 1.055150
v -0.058753 -0.261433 0.775733
v -0.052830 -0.253329 1.055101
v -0.052617 -0.258946 0.775684
v -0.050255 -0.247205 1.055082
v -0.050056 -0.252827 0.775641
v -0.052750 -0.241069 1.055010
v -0.052541 -0.246686 0.775593
v -0.058843 -0.238500 1.055013
v -0.058644 -0.244122 0.775573
v 0.062093 -0.241819 1.055102
v 0.062290 -0.247436 0.775685
v 0.055953 -0.239250 1.055080
v 0.056150 -0.244862 0.775686
v 0.064775 -0.253562 0.775778
v 0.064579 -0.247950 1.055173
v 0.062213 -0.259692 0.775775
v 0.062017 -0.254079 1.055193
v 0.056029 -0.262178 0.775824
v 0.055832 -0.256561 1.055217
v 0.049938 -0.259609 0.775803
v 0.049742 -0.253992 1.055220
v 0.047453 -0.253450 0.775750
v 0.047257 -0.247838 1.055144
v 0.050015 -0.247354 0.775689
v 0.049818 -0.241737 1.055105
v 0.056150 -0.244862 0.775686
v 0.055953 -0.239250 1.055080
v -0.206058 -0.031881 0.735172
v -0.205535 -0.031092 0.770316
v -0.201953 -0.019974 0.747558
v -0.110679 0.277980 0.631769
v 0.115694 0.043752 0.569517
v 0.115711 0.043040 0.533967
v 0.115918 0.077973 0.569238
v 0.115850 0.063831 0.533824
v 0.115436 0.119885 0.466041
v 0.150302 0.076496 0.533794
v 0.142036 0.105845 0.545235
v 0.135339 0.127057 0.472071
v -0.114045 0.044533 0.533834
v -0.114061 0.045244 0.569360
v -0.113902 0.065322 0.533643
v -0.113834 0.079468 0.569055
v -0.112659 0.121370 0.465885
v 0.185569 -0.136162 1.096695
v 0.152520 -0.170993 1.097009
v 0.140537 -0.261761 1.097692
v 0.280776 -0.136773 1.096825
v 0.228757 -0.136436 1.096765
v 0.198233 -0.109423 1.096525
v 0.184316 -0.030767 1.095872
v 0.198581 -0.055693 1.096124
v 0.218053 -0.029974 1.095894
v -0.187193 -0.133743 1.096377
v -0.143810 -0.259915 1.097469
v -0.154613 -0.169002 1.096726
v -0.282404 -0.133116 1.096341
v -0.230396 -0.133457 1.096402
v -0.199514 -0.106837 1.096214
v -0.199166 -0.053118 1.095766
v -0.184578 -0.028375 1.095585
v -0.218301 -0.027140 1.095568
v 0.090307 -0.133711 1.224435
v -0.000895 -0.133112 1.224382
v -0.092112 -0.132529 1.224283
v -0.153638 0.067357 0.777543
v 0.100790 0.034697 -0.958271
v -0.157763 0.066957 0.774867
v -0.100838 -0.024946 1.210594
v -0.098351 -0.024973 1.210600
v -0.101937 -0.024901 1.212840
v 0.155172 0.065353 0.777781
v 0.001754 0.045695 -0.497845
v 0.001630 0.028389 -0.479589
v 0.001566 0.019888 -0.471950
v -0.089503 0.033006 -0.957705
v -0.084973 0.301061 0.781789
v -0.092115 0.279054 0.746350
v -0.084862 0.298077 0.633144
v -0.093861 0.277867 0.631797
v -0.148307 -0.024956 0.535108
v -0.148217 -0.036398 0.547654
v -0.138304 -0.082885 0.535947
v -0.135828 -0.080106 0.771536
v -0.148350 -0.032166 0.735246
v -0.148472 -0.020326 0.747573
v -0.145700 0.069186 0.770340
v -0.145679 0.068711 0.747231
v -0.095244 0.267915 0.758924
v -0.096612 0.035979 -0.958449
v 0.097961 -0.026242 1.210775
v 0.100436 -0.026266 1.210732
v 0.334660 -0.120642 0.770311
v 0.286168 -0.142294 0.770858
v 0.159310 0.064900 0.775118
v 0.093653 0.031809 -0.957550
v 0.101533 -0.026216 1.213050
v 0.062236 -0.215277 1.131270
v 0.049970 -0.213833 1.199379
v 0.062195 -0.213906 1.199349
v 0.056063 -0.213646 1.210667
v 0.020234 -0.036829 -1.228592
v 0.112459 0.277727 0.746563
v 0.115216 0.276512 0.631944
v -0.171343 0.078579 0.533487
v -0.148189 0.078421 0.533478
v -0.160093 0.113178 0.546782
v -0.139546 0.107667 0.544994
v -0.097223 0.267231 0.614104
v -0.115151 0.267348 0.614098
v -0.113834 0.079468 0.569055
v -0.114061 0.045244 0.569360
v 0.001005 0.075803 0.570337
v 0.000808 0.044525 0.570585
v 0.115694 0.043752 0.569517
v 0.080177 -0.098335 -0.235990
v 0.081290 0.070978 -0.239095
v 0.000597 -0.097829 -0.236094
v 0.001701 0.071500 -0.239323
v -0.112659 0.121370 0.465885
v 0.001382 0.118258 0.467115
v 0.122578 0.126950 0.472045
v 0.122628 0.133307 0.458412
v 0.115503 0.126243 0.452747
v 0.001436 0.124792 0.453417
v -0.112591 0.127728 0.452591
v -0.119685 0.128523 0.471819
v -0.119623 0.134876 0.458186
v -0.139697 0.065857 -0.245258
v 0.150302 0.076496 0.533794
v 0.173452 0.076338 0.533784
v 0.142036 0.105845 0.545235
v 0.162658 0.111087 0.547067
v 0.119564 0.265823 0.614288
v 0.101648 0.265934 0.614284
v 0.056461 -0.151982 1.213259
v 0.056063 -0.213646 1.210667
v 0.062557 -0.156526 1.201934
v 0.062195 -0.213906 1.199349
v -0.058899 -0.212894 1.210623
v -0.058507 -0.151226 1.213165
v -0.065001 -0.213088 1.199240
v -0.064648 -0.155694 1.201822
v 0.002304 0.303072 0.781837
v 0.209398 0.025046 0.877618
v 0.050335 -0.156445 1.201914
v -0.064957 -0.214454 1.131184
v -0.065001 -0.213088 1.199240
v -0.052773 -0.213160 1.199258
v -0.058899 -0.212894 1.210623
v -0.052414 -0.155776 1.201843
v 0.115711 0.043040 0.533967
v 0.000839 0.043824 0.535809
v -0.114045 0.044533 0.533834
v 0.128671 -0.133956 1.224473
v 0.090307 -0.133711 1.224435
v 0.090845 -0.150175 1.224599
v -0.001010 -0.149578 1.224497
v -0.000895 -0.133112 1.224382
v -0.092865 -0.148985 1.224397
v -0.092112 -0.132529 1.224283
v -0.130489 -0.132278 1.224268
v 0.118953 -0.048077 0.158031
v 0.084494 -0.031242 0.160591
v 0.090797 0.041022 0.160046
v 0.094040 0.044869 0.159763
v 0.121398 -0.044953 0.314577
v 0.086958 -0.028115 0.317088
v 0.093264 0.044152 0.316495
v 0.096547 0.047992 0.316310
v 0.209472 -0.038721 0.547924
v 0.206439 -0.027263 0.535398
v 0.183212 0.058699 0.510853
v 0.182542 0.058989 0.533931
v 0.173452 0.076338 0.533784
v 0.172323 0.080846 0.510645
v 0.135470 -0.081866 0.771737
v 0.138327 -0.084676 0.536204
v -0.000179 -0.080978 0.771659
v -0.000012 -0.086712 0.536857
v -0.135828 -0.080106 0.771536
v -0.138304 -0.082885 0.535947
v -0.124121 -0.078636 0.847964
v -0.085788 -0.078068 0.888841
v -0.000314 -0.084787 0.888937
v 0.085249 -0.079176 0.888951
v 0.123651 -0.080254 0.848104
v 0.094112 0.042943 0.064347
v 0.090870 0.039101 0.064144
v 0.119004 -0.049896 0.067613
v 0.096619 0.046076 0.220916
v 0.093334 0.042233 0.220665
v 0.121484 -0.046765 0.224109
v -0.031348 0.351507 0.653562
v -0.039716 0.334899 0.648783
v -0.036645 0.351949 0.673597
v -0.046287 0.335445 0.673719
v -0.039752 0.329385 0.648836
v -0.046319 0.329922 0.673750
v -0.034006 0.316163 0.652298
v -0.039667 0.316635 0.673855
v -0.016947 0.351116 0.638854
v -0.021810 0.334417 0.630240
v -0.021843 0.328894 0.630270
v -0.018565 0.315744 0.636457
v 0.002732 0.350870 0.633139
v 0.002648 0.334123 0.623445
v 0.002609 0.328605 0.623547
v 0.002520 0.315493 0.630768
v 0.022412 0.350858 0.638870
v 0.027081 0.334103 0.630294
v 0.027048 0.328579 0.630325
v 0.023593 0.315477 0.636524
v 0.036800 0.351061 0.653625
v 0.044980 0.334357 0.648872
v 0.044944 0.328833 0.648902
v 0.039006 0.315698 0.652367
v 0.090797 0.041022 0.160046
v 0.094040 0.044869 0.159763
v 0.094037 0.044986 0.165680
v 0.127528 0.056676 0.163152
v 0.127536 0.056538 0.156147
v -0.112591 0.127728 0.452591
v 0.001436 0.124792 0.453417
v 0.001196 0.082973 0.423506
v 0.115503 0.126243 0.452747
v 0.150072 -0.087580 0.322334
v 0.136298 -0.087645 0.314777
v 0.000186 -0.086765 0.314652
v -0.135911 -0.085871 0.314525
v -0.149715 -0.085636 0.322062
v 0.036778 0.351883 0.694123
v 0.044930 0.335363 0.699129
v 0.042070 0.351435 0.673677
v 0.051498 0.334806 0.673807
v 0.044898 0.329844 0.699158
v 0.051463 0.329292 0.673860
v 0.038976 0.316569 0.695887
v 0.044637 0.316086 0.673920
v 0.022365 0.352270 0.708832
v 0.027015 0.335853 0.717647
v 0.026980 0.330335 0.717700
v 0.023541 0.316990 0.711776
v 0.127606 0.054754 0.067711
v 0.127605 0.054623 0.060802
v 0.094112 0.042943 0.064347
v 0.094121 0.042836 0.058501
v 0.129420 -0.048815 0.166180
v 0.136505 0.037346 0.165515
v 0.137997 0.055876 0.163212
v 0.143410 0.095817 0.156576
v 0.130045 0.057883 0.224305
v 0.130063 0.057751 0.217348
v 0.096619 0.046076 0.220916
v 0.096626 0.045961 0.214950
v 0.131865 -0.045687 0.322726
v 0.138962 0.040474 0.322061
v 0.140458 0.058996 0.319614
v 0.145867 0.098955 0.313289
v -0.016994 0.352522 0.708769
v -0.021876 0.336167 0.717568
v 0.002677 0.352503 0.714089
v 0.002583 0.336142 0.724055
v -0.021908 0.330648 0.717597
v 0.002544 0.330620 0.724133
v -0.018617 0.317262 0.711732
v 0.002453 0.317233 0.717370
v 0.002677 0.352503 0.714089
v 0.002583 0.336142 0.724055
v 0.002544 0.330620 0.724133
v 0.002453 0.317233 0.717370
v 0.093264 0.044152 0.316495
v 0.096547 0.047992 0.316310
v 0.096541 0.048112 0.322154
v 0.129995 0.059807 0.319624
v 0.129981 0.059670 0.312838
v -0.031370 0.352314 0.694039
v -0.039753 0.335915 0.699063
v -0.039786 0.330401 0.699116
v -0.034048 0.317044 0.695840
v 0.206387 -0.034554 0.735554
v 0.210397 -0.037099 0.771061
v 0.205818 -0.033763 0.770673
v 0.202406 -0.022606 0.747857
v 0.151828 0.083607 0.430813
v 0.151164 0.081404 0.320952
v 0.144054 0.079238 0.036560
v 0.160489 0.078262 0.038942
v 0.061687 -0.018377 0.225108
v 0.061614 -0.016626 0.312994
v 0.054931 -0.020834 0.311854
v 0.053809 -0.025237 0.311923
v 0.060265 -0.033095 0.225194
v 0.060193 -0.031334 0.313102
v 0.059223 -0.021519 0.068590
v 0.059150 -0.019753 0.156496
v 0.052467 -0.023966 0.155357
v 0.051351 -0.028375 0.155355
v 0.057798 -0.036226 0.068722
v 0.057738 -0.034460 0.156653
v 0.086313 -0.201936 1.091130
v 0.090836 -0.152105 1.220061
v -0.001244 -0.200716 1.097099
v -0.001022 -0.151511 1.220008
v -0.088770 -0.200795 1.091012
v -0.092877 -0.150913 1.219930
v -0.052830 -0.253329 1.055101
v -0.050255 -0.247205 1.055082
v -0.058949 -0.255816 1.055150
v -0.058895 -0.247149 1.055044
v -0.065092 -0.253252 1.055106
v -0.067577 -0.247098 1.055030
v -0.065016 -0.240992 1.055015
v -0.058843 -0.238500 1.055013
v -0.052750 -0.241069 1.055010
v -0.210155 -0.034362 0.770760
v -0.208866 -0.036005 0.547604
v -0.205655 -0.024591 0.535065
v -0.180660 0.061341 0.533606
v -0.171343 0.078579 0.533487
v -0.113902 0.065322 0.533643
v -0.148189 0.078421 0.533478
v -0.148307 -0.024956 0.535108
v 0.149079 -0.026889 0.535352
v 0.150302 0.076496 0.533794
v 0.115850 0.063831 0.533824
v -0.034048 0.317044 0.695840
v -0.039667 0.316635 0.673855
v -0.034006 0.316163 0.652298
v -0.018565 0.315744 0.636457
v 0.002520 0.315493 0.630768
v 0.023593 0.315477 0.636524
v -0.018617 0.317262 0.711732
v 0.002453 0.317233 0.717370
v 0.023541 0.316990 0.711776
v 0.038976 0.316569 0.695887
v 0.044637 0.316086 0.673920
v 0.039006 0.315698 0.652367
v 0.150302 0.076496 0.533794
v 0.182542 0.058989 0.533931
v 0.206439 -0.027263 0.535398
v 0.149079 -0.026889 0.535352
v 0.209472 -0.038721 0.547924
v 0.148810 -0.038328 0.547874
v 0.206387 -0.034554 0.735554
v 0.148677 -0.034092 0.735464
v 0.202406 -0.022606 0.747857
v 0.148928 -0.022259 0.747817
v 0.180510 0.044520 0.747711
v -0.180660 0.061341 0.533606
v -0.148189 0.078421 0.533478
v -0.148307 -0.024956 0.535108
v -0.205655 -0.024591 0.535065
v -0.148217 -0.036398 0.547654
v -0.208866 -0.036005 0.547604
v -0.148350 -0.032166 0.735246
v -0.206058 -0.031881 0.735172
v -0.148472 -0.020326 0.747573
v -0.201953 -0.019974 0.747558
v -0.179181 0.046856 0.747366
v 0.060465 0.091541 -0.092591
v 0.090765 0.103490 -0.010076
v 0.041644 0.093215 -0.079507
v 0.041658 0.106444 -0.016596
v 0.001694 0.094032 -0.070115
v 0.001723 0.106700 -0.016661
v -0.038263 0.093733 -0.079589
v -0.038199 0.106951 -0.016724
v -0.057081 0.092301 -0.092685
v -0.087344 0.104647 -0.010198
v -0.058960 -0.246340 1.094041
v -0.055185 -0.243479 1.091456
v -0.057162 -0.241987 1.091436
v -0.054246 -0.245755 1.091484
v -0.059595 -0.241673 1.091413
v -0.061881 -0.242620 1.091504
v -0.058327 -0.251113 1.091525
v -0.056056 -0.250164 1.091505
v -0.060772 -0.250803 1.091503
v -0.062724 -0.249311 1.091506
v -0.063679 -0.247039 1.091504
v -0.055433 -0.255156 1.072615
v -0.053695 -0.253358 1.084122
v -0.057813 -0.255073 1.084119
v -0.053448 -0.239551 1.072475
v -0.055697 -0.238582 1.083974
v -0.052159 -0.241284 1.084000
v -0.054779 -0.236762 1.065710
v -0.053461 -0.237762 1.065643
v -0.067946 -0.245619 1.072528
v -0.067465 -0.247702 1.084059
v -0.066911 -0.243280 1.084035
v -0.034449 -0.218373 1.069919
v -0.034759 -0.221616 1.072808
v -0.036742 -0.218566 1.067924
v -0.036138 -0.215883 1.067927
v -0.038828 -0.214574 1.065691
v -0.040611 -0.216121 1.063686
v -0.042715 -0.226600 1.067014
v -0.046389 -0.223855 1.058997
v -0.038828 -0.214574 1.065691
v -0.040611 -0.216121 1.063686
v -0.037610 -0.218017 1.068868
v -0.034759 -0.221616 1.072808
v -0.036138 -0.215883 1.067927
v -0.043712 -0.225899 1.067609
v -0.041038 -0.229806 1.075233
v -0.051107 -0.235491 1.066103
v -0.050585 -0.237554 1.072099
v -0.034449 -0.218373 1.069919
v -0.095817 -0.239822 1.070054
v -0.092805 -0.238376 1.072883
v -0.094515 -0.241760 1.068113
v -0.097133 -0.242595 1.068058
v -0.096961 -0.245633 1.065928
v -0.094783 -0.246473 1.063861
v -0.082524 -0.239655 1.075332
v -0.084588 -0.242951 1.067097
v -0.085270 -0.247778 1.059159
v -0.097133 -0.242595 1.068058
v -0.094549 -0.242770 1.069020
v -0.092805 -0.238376 1.072883
v -0.096961 -0.245633 1.065928
v -0.094783 -0.246473 1.063861
v -0.084685 -0.244150 1.067780
v -0.082524 -0.239655 1.075332
v -0.072741 -0.245815 1.066167
v -0.071114 -0.244161 1.072103
v -0.095817 -0.239822 1.070054
v -0.046571 -0.282270 1.070448
v -0.049274 -0.280311 1.073281
v -0.045558 -0.280271 1.068421
v -0.043537 -0.282120 1.068473
v -0.041031 -0.280506 1.066170
v -0.041450 -0.278254 1.064159
v -0.049517 -0.271089 1.067397
v -0.045141 -0.269510 1.059327
v -0.041031 -0.280506 1.066170
v -0.041450 -0.278254 1.064159
v -0.044654 -0.279749 1.069371
v -0.048401 -0.270546 1.067953
v -0.053263 -0.270683 1.075553
v -0.049274 -0.280311 1.073281
v -0.052991 -0.259413 1.066296
v -0.055136 -0.258638 1.072259
v -0.046571 -0.282270 1.070448
v -0.043537 -0.282120 1.068473
v -0.051596 -0.239180 1.065648
v -0.050281 -0.240198 1.065756
v -0.052518 -0.238632 1.058392
v -0.069075 -0.242931 1.056737
v -0.069090 -0.242753 1.065746
v -0.065632 -0.238410 1.056714
v -0.065631 -0.238233 1.065699
v -0.060398 -0.236224 1.056660
v -0.060416 -0.236037 1.065690
v -0.054765 -0.236945 1.056678
v -0.050266 -0.240381 1.056724
v -0.048086 -0.245619 1.056739
v -0.048081 -0.245442 1.065724
v -0.048784 -0.251263 1.056748
v -0.048799 -0.251074 1.065802
v -0.052231 -0.255773 1.056816
v -0.052242 -0.255591 1.065800
v -0.055929 -0.257159 1.065764
v -0.057473 -0.257782 1.065855
v -0.054857 -0.256833 1.058558
v -0.057462 -0.257963 1.056872
v -0.053764 -0.256238 1.065824
v -0.063099 -0.257241 1.056878
v -0.063094 -0.257065 1.065838
v -0.067596 -0.253802 1.056806
v -0.067608 -0.253619 1.065814
v -0.069790 -0.248564 1.056791
v -0.069801 -0.248382 1.065775
v -0.069596 -0.246724 1.065717
v -0.069434 -0.245717 1.058431
v -0.069075 -0.242931 1.056737
v -0.069090 -0.242753 1.065746
v -0.069307 -0.244405 1.065705
v -0.066911 -0.243280 1.084035
v -0.063360 -0.244583 1.091485
v -0.064209 -0.239740 1.083966
v -0.061881 -0.242620 1.091504
v -0.050996 -0.249808 1.084076
v -0.063679 -0.247039 1.091504
v -0.063360 -0.244583 1.091485
v -0.050442 -0.245390 1.084076
v -0.060107 -0.238019 1.083992
v -0.051462 -0.246101 1.055803
v -0.051962 -0.249975 1.055802
v -0.041038 -0.229806 1.075233
v -0.052973 -0.242498 1.055768
v -0.072586 -0.244468 1.065936
v -0.072706 -0.246357 1.059642
v -0.071114 -0.244161 1.072103
v -0.069307 -0.244405 1.065705
v -0.069434 -0.245717 1.058431
v -0.072706 -0.246357 1.059642
v -0.067946 -0.245619 1.072528
v -0.069596 -0.246724 1.065717
v -0.067946 -0.245619 1.072528
v -0.069434 -0.245717 1.058431
v -0.065758 -0.251804 1.084110
v -0.062724 -0.249311 1.091506
v -0.054229 -0.259958 1.066103
v -0.052649 -0.259298 1.059744
v -0.055136 -0.258638 1.072259
v -0.053263 -0.270683 1.075553
v -0.055929 -0.257159 1.065764
v -0.054857 -0.256833 1.058558
v -0.052649 -0.259298 1.059744
v -0.055433 -0.255156 1.072615
v -0.053764 -0.256238 1.065824
v -0.054857 -0.256833 1.058558
v -0.055433 -0.255156 1.072615
v -0.050005 -0.236292 1.065871
v -0.051472 -0.235444 1.059567
v -0.050585 -0.237554 1.072099
v -0.052518 -0.238632 1.058392
v -0.051596 -0.239180 1.065648
v -0.051472 -0.235444 1.059567
v -0.053448 -0.239551 1.072475
v -0.053461 -0.237762 1.065643
v -0.053448 -0.239551 1.072475
v -0.052518 -0.238632 1.058392
v -0.054562 -0.248207 1.091478
v -0.056056 -0.250164 1.091505
v -0.063360 -0.244583 1.091485
v -0.056085 -0.240143 1.055723
v -0.059941 -0.239639 1.055755
v -0.063525 -0.241153 1.055707
v -0.065898 -0.244256 1.055774
v -0.066395 -0.248127 1.055724
v -0.065898 -0.244256 1.055774
v -0.064890 -0.251728 1.055831
v -0.061787 -0.254088 1.055853
v -0.057906 -0.254587 1.055820
v -0.054331 -0.253078 1.055845
v -0.054246 -0.245755 1.091484
v -0.062216 -0.254507 1.084113
v -0.057162 -0.241987 1.091436
v -0.055185 -0.243479 1.091456
v -0.059595 -0.241673 1.091413
v -0.060772 -0.250803 1.091503
v -0.058327 -0.251113 1.091525
v -0.054323 -0.253115 1.054301
v -0.057910 -0.254619 1.054299
v -0.061791 -0.254120 1.054307
v -0.064891 -0.251760 1.054285
v -0.066395 -0.248153 1.054225
v -0.065902 -0.244278 1.054275
v -0.051962 -0.250002 1.054280
v -0.051469 -0.246132 1.054306
v -0.052974 -0.242530 1.054247
v -0.056073 -0.240165 1.054224
v -0.059942 -0.239665 1.054257
v -0.063532 -0.241174 1.054231
v -0.065902 -0.244278 1.054275
v -0.073634 0.051441 1.038193
v -0.065140 0.059118 1.029358
v -0.071614 0.053695 1.041179
v -0.065446 0.059226 1.034307
v -0.073106 0.054741 1.041210
v -0.073718 0.057583 1.039649
v -0.075307 0.056270 1.041157
v -0.073764 0.057673 1.039604
v -0.075307 0.056270 1.041157
v -0.073743 0.057569 1.039652
v -0.077328 0.054015 1.037443
v -0.076466 0.054799 1.036539
v -0.076125 0.053180 1.037680
v -0.068267 0.062188 1.028133
v -0.077328 0.054015 1.037443
v -0.068318 0.062208 1.028881
v -0.075307 0.056270 1.041157
v -0.068359 0.062164 1.028915
v -0.077328 0.054015 1.037443
v -0.068647 0.062287 1.034297
v -0.128557 0.054387 1.056661
v -0.130020 0.057815 1.012077
v -0.141111 0.054106 1.040347
v -0.138727 0.056126 1.019175
v -0.141197 0.054035 1.041090
v -0.138813 0.056065 1.019965
v -0.150304 0.053858 1.030066
v -0.087910 0.061273 1.003057
v -0.078636 0.056120 1.064697
v -0.078565 0.061212 1.003072
v -0.087639 0.056176 1.064610
v -0.096868 0.054757 1.075651
v -0.087660 0.056664 1.058727
v -0.116688 0.054633 1.064152
v -0.087883 0.060672 1.010349
v -0.100470 0.060591 1.003015
v -0.114991 0.060557 0.990623
v -0.130026 0.057832 1.011879
v -0.100169 0.060703 1.001825
v -0.128554 0.054402 1.056512
v -0.116971 0.054523 1.065269
v -0.015601 0.026014 -0.887974
v 0.001926 0.013749 -0.887903
v 0.019601 0.025780 -0.887963
v 0.028333 0.035838 -0.888043
v 0.023108 0.035874 -0.888051
v 0.031398 0.030297 -0.887984
v 0.019639 0.030375 -0.888003
v -0.015572 0.030603 -0.888036
v -0.018979 0.036141 -0.888095
v -0.027340 0.030681 -0.888056
v -0.024219 0.036178 -0.888080
v 0.037572 -0.010260 -0.660373
v 0.037721 0.014709 -0.663568
v -0.033229 -0.009791 -0.660418
v -0.033071 0.015165 -0.663609
v -0.033045 0.014879 -0.678004
v 0.037744 0.014415 -0.677960
v 0.037583 -0.010662 -0.680782
v 0.037572 -0.010260 -0.660373
v -0.033229 -0.009791 -0.660418
v -0.033221 -0.010202 -0.680825
v -0.033221 -0.010202 -0.680825
v 0.037583 -0.010662 -0.680782
v 0.037420 -0.015509 -0.537433
v 0.037623 0.017177 -0.540667
v -0.033359 -0.015054 -0.537499
v -0.033153 0.017636 -0.540734
v -0.026622 0.017325 -0.554345
v -0.026567 0.025270 -0.552519
v 0.031117 0.016947 -0.554323
v 0.031169 0.024897 -0.552497
v -0.026623 0.017569 -0.541858
v -0.026574 0.025443 -0.543848
v -0.026622 0.017325 -0.554345
v 0.031116 0.017196 -0.541836
v 0.031165 0.025066 -0.543802
v -0.026623 0.017569 -0.541858
v 0.031117 0.016947 -0.554323
v 0.031116 0.017196 -0.541836
v 0.009526 0.035628 -0.721263
v 0.009506 0.031953 -0.721237
v 0.009497 0.036422 -0.681948
v 0.009474 0.032742 -0.681945
v 0.012684 0.030096 -0.721182
v 0.012652 0.030885 -0.681914
v 0.012684 0.030096 -0.721182
v 0.015875 0.031908 -0.721226
v 0.012652 0.030885 -0.681914
v 0.015859 0.032693 -0.681957
v 0.015898 0.035593 -0.721230
v 0.015878 0.036377 -0.681961
v 0.038198 0.029921 -0.721187
v 0.041402 0.031748 -0.721185
v 0.038166 0.030716 -0.681872
v 0.041370 0.032528 -0.681939
v 0.041424 0.035428 -0.721189
v 0.041392 0.036207 -0.681943
v 0.038260 0.037463 -0.721259
v 0.038228 0.038262 -0.681945
v 0.009838 0.032847 -0.768477
v 0.011193 0.030993 -0.768472
v 0.009812 0.033623 -0.729545
v 0.011171 0.031774 -0.729517
v 0.011193 0.030993 -0.768472
v 0.013409 0.031709 -0.768487
v 0.011171 0.031774 -0.729517
v 0.013387 0.032495 -0.729534
v 0.013413 0.034103 -0.768517
v 0.011208 0.034855 -0.768541
v 0.013392 0.034883 -0.729586
v 0.011173 0.035640 -0.729563
v 0.010885 0.032756 -0.772289
v 0.011981 0.030929 -0.771515
v 0.011981 0.030929 -0.771515
v 0.013749 0.031664 -0.770781
v 0.013759 0.034058 -0.770762
v 0.011981 0.034787 -0.771533
v 0.015089 0.032673 -0.775302
v 0.015070 0.030854 -0.773826
v 0.015070 0.030854 -0.773826
v 0.015066 0.031638 -0.771552
v 0.013749 0.031664 -0.770781
v 0.015079 0.034033 -0.771533
v 0.013759 0.034058 -0.770762
v 0.015094 0.034717 -0.773846
v 0.022325 0.032622 -0.775314
v 0.022304 0.030809 -0.773790
v 0.022304 0.030809 -0.773790
v 0.022312 0.031593 -0.771517
v 0.015066 0.031638 -0.771552
v 0.022328 0.033986 -0.771546
v 0.015079 0.034033 -0.771533
v 0.022331 0.034670 -0.773859
v -0.033719 0.030398 -0.721234
v -0.030531 0.032207 -0.721228
v -0.033751 0.031183 -0.681965
v -0.030563 0.032996 -0.681960
v -0.030505 0.035885 -0.721304
v -0.030537 0.036675 -0.682012
v -0.033673 0.037939 -0.721306
v -0.033701 0.038724 -0.682037
v -0.036569 0.033139 -0.768551
v -0.035210 0.031301 -0.768476
v -0.036603 0.033925 -0.729573
v -0.035235 0.032071 -0.729568
v -0.035210 0.031301 -0.768476
v -0.032994 0.032016 -0.768516
v -0.035235 0.032071 -0.729568
v -0.033028 0.032791 -0.729609
v -0.032980 0.034411 -0.768497
v -0.035214 0.035153 -0.768543
v -0.033018 0.035186 -0.729590
v -0.035237 0.035934 -0.729588
v -0.035518 0.033063 -0.772318
v -0.034422 0.031231 -0.771542
v -0.034422 0.031231 -0.771542
v -0.032645 0.031961 -0.770832
v -0.032632 0.034355 -0.770814
v -0.034401 0.035094 -0.771562
v -0.031302 0.032975 -0.775354
v -0.031321 0.031157 -0.773854
v -0.031321 0.031157 -0.773854
v -0.031332 0.031937 -0.771555
v -0.032645 0.031961 -0.770832
v -0.031315 0.034330 -0.771584
v -0.032632 0.034355 -0.770814
v -0.031300 0.035019 -0.773874
v -0.024065 0.032928 -0.775367
v -0.024090 0.031116 -0.773818
v -0.024090 0.031116 -0.773818
v -0.024092 0.031896 -0.771544
v -0.031332 0.031937 -0.771555
v -0.024075 0.034289 -0.771573
v -0.031315 0.034330 -0.771584
v -0.024063 0.034977 -0.773887
v -0.011351 0.035765 -0.721274
v -0.011371 0.032086 -0.721246
v -0.011383 0.036559 -0.681983
v -0.011403 0.032870 -0.681977
v -0.008205 0.030224 -0.721215
v -0.008237 0.031013 -0.681947
v -0.008205 0.030224 -0.721215
v -0.005008 0.032047 -0.721188
v -0.008237 0.031013 -0.681947
v -0.005037 0.032836 -0.681919
v -0.004982 0.035725 -0.721263
v -0.005011 0.036515 -0.681971
v -0.034060 0.012193 -0.693071
v -0.030667 0.014374 -0.693100
v -0.034202 0.015602 -0.523319
v -0.030809 0.017784 -0.523348
v -0.039204 0.043050 -0.523554
v -0.038099 0.041385 -0.523543
v -0.039074 0.039639 -0.693355
v -0.037970 0.037966 -0.693318
v -0.044540 0.039581 -0.523551
v -0.044411 0.036176 -0.693304
v -0.038099 0.041385 -0.523543
v -0.039204 0.043050 -0.523554
v -0.041212 0.039192 -0.523535
v -0.044540 0.039581 -0.523551
v -0.041073 0.035791 -0.693289
v -0.041212 0.039192 -0.523535
v -0.041901 0.027426 -0.523434
v -0.038520 0.029613 -0.523465
v -0.030809 0.017784 -0.523348
v -0.015601 0.026014 -0.887974
v 0.019601 0.025780 -0.887963
v -0.015593 0.025946 -0.891015
v 0.019609 0.025712 -0.891029
v -0.033142 0.017335 -0.555513
v 0.037634 0.016880 -0.555447
v 0.037444 -0.014084 -0.558181
v 0.037420 -0.015509 -0.537433
v -0.033359 -0.015054 -0.537499
v -0.033344 -0.013624 -0.558223
v -0.033344 -0.013624 -0.558223
v 0.037444 -0.014084 -0.558181
v 0.028847 0.032571 -0.775326
v 0.028849 0.034640 -0.773802
v 0.036084 0.032529 -0.775339
v 0.036083 0.034590 -0.773765
v 0.028847 0.033945 -0.771535
v 0.036074 0.033899 -0.771548
v 0.028818 0.031552 -0.771506
v 0.036058 0.031506 -0.771518
v 0.028822 0.030773 -0.773757
v 0.036059 0.030726 -0.773769
v -0.026527 0.014848 -0.677607
v -0.026471 0.022793 -0.675781
v 0.031212 0.014466 -0.677584
v 0.031265 0.022420 -0.675760
v -0.026538 0.015097 -0.664757
v -0.026480 0.022977 -0.666725
v -0.026527 0.014848 -0.677607
v 0.031212 0.014466 -0.677584
v 0.031198 0.014725 -0.664712
v 0.031259 0.022604 -0.666680
v 0.031198 0.014725 -0.664712
v -0.026538 0.015097 -0.664757
v -0.006080 0.031110 -0.768477
v -0.004695 0.032940 -0.768500
v -0.006114 0.031885 -0.729545
v -0.004720 0.033710 -0.729568
v -0.008286 0.031852 -0.768499
v -0.006080 0.031110 -0.768477
v -0.008308 0.032638 -0.729521
v -0.006114 0.031885 -0.729545
v -0.006031 0.034972 -0.768498
v -0.008256 0.034246 -0.768528
v -0.006068 0.035753 -0.729543
v -0.008278 0.035026 -0.729574
v -0.006877 0.031048 -0.771496
v -0.005759 0.032869 -0.772269
v -0.008630 0.031813 -0.770746
v -0.006877 0.031048 -0.771496
v -0.006838 0.034909 -0.771565
v -0.008601 0.034206 -0.770776
v -0.009952 0.031021 -0.773819
v -0.009934 0.032829 -0.775342
v -0.009957 0.031800 -0.771568
v -0.009952 0.031021 -0.773819
v -0.008630 0.031813 -0.770746
v -0.009946 0.034195 -0.771549
v -0.008601 0.034206 -0.770776
v -0.009931 0.034888 -0.773840
v -0.017217 0.031067 -0.773831
v -0.017192 0.032880 -0.775355
v -0.017206 0.031847 -0.771556
v -0.017217 0.031067 -0.773831
v -0.009957 0.031800 -0.771568
v -0.017196 0.034246 -0.771538
v -0.009946 0.034195 -0.771549
v -0.017193 0.034930 -0.773851
v 0.039947 0.030806 -0.768425
v 0.041332 0.032640 -0.768449
v 0.039913 0.031586 -0.729494
v 0.041307 0.033416 -0.729518
v 0.037745 0.031552 -0.768496
v 0.039947 0.030806 -0.768425
v 0.037722 0.032338 -0.729519
v 0.039913 0.031586 -0.729494
v 0.039999 0.034667 -0.768493
v 0.037758 0.033946 -0.768477
v 0.039965 0.035452 -0.729540
v 0.037733 0.034727 -0.729522
v 0.039156 0.030752 -0.771494
v 0.040284 0.032573 -0.772267
v 0.037403 0.031512 -0.770744
v 0.039156 0.030752 -0.771494
v 0.039177 0.034615 -0.771514
v 0.037413 0.033911 -0.770726
v 0.036059 0.030726 -0.773769
v 0.036058 0.031506 -0.771518
v 0.037403 0.031512 -0.770744
v 0.036074 0.033899 -0.771548
v 0.037413 0.033911 -0.770726
v 0.028822 0.030773 -0.773757
v 0.034115 0.013952 -0.693067
v 0.037484 0.011722 -0.693074
v 0.033989 0.017367 -0.523268
v 0.037342 0.015138 -0.523250
v 0.041584 0.040869 -0.523438
v 0.042730 0.042517 -0.523493
v 0.041713 0.037463 -0.693215
v 0.042857 0.039106 -0.693269
v 0.047996 0.038988 -0.523450
v 0.048138 0.035573 -0.693249
v 0.042730 0.042517 -0.523493
v 0.041584 0.040869 -0.523438
v 0.047996 0.038988 -0.523450
v 0.044672 0.038642 -0.523421
v 0.044801 0.035231 -0.693197
v 0.044672 0.038642 -0.523421
v 0.045218 0.026861 -0.523389
v 0.041853 0.029091 -0.523383
v 0.033989 0.017367 -0.523268
v -0.027340 0.030681 -0.888056
v -0.024219 0.036178 -0.888080
v -0.027332 0.030617 -0.891122
v -0.024211 0.036120 -0.891099
v 0.028353 0.035779 -0.891086
v 0.028333 0.035838 -0.888043
v 0.031406 0.030249 -0.890981
v 0.031398 0.030297 -0.887984
v 0.029708 0.023623 -0.890994
v 0.029700 0.023682 -0.887951
v 0.019550 0.016885 -0.890934
v 0.019542 0.016949 -0.887868
v 0.001934 0.013686 -0.890921
v 0.001926 0.013749 -0.887903
v -0.015669 0.017177 -0.887901
v -0.015661 0.017114 -0.890944
v -0.025741 0.024043 -0.887993
v -0.025733 0.023980 -0.891011
v 0.028253 0.031876 -0.682207
v 0.025512 0.030790 -0.682254
v 0.028467 0.026203 -0.964353
v 0.025722 0.025124 -0.964353
v 0.025512 0.030790 -0.682254
v 0.022805 0.031912 -0.682265
v 0.025722 0.025124 -0.964353
v 0.023018 0.026246 -0.964364
v 0.021704 0.034492 -0.682288
v 0.021914 0.028825 -0.964386
v 0.022839 0.037248 -0.682302
v 0.023049 0.031582 -0.964401
v 0.025556 0.038338 -0.682255
v 0.025769 0.032671 -0.964378
v 0.028291 0.037210 -0.682292
v 0.028504 0.031538 -0.964438
v 0.029388 0.034439 -0.682251
v 0.029601 0.028772 -0.964373
v 0.029967 0.024540 -0.964342
v 0.025707 0.022913 -0.964341
v 0.029990 0.023786 -1.002163
v 0.025733 0.022155 -1.002136
v 0.025707 0.022913 -0.964341
v 0.021486 0.024600 -0.964357
v 0.025733 0.022155 -1.002136
v 0.021513 0.023840 -1.002177
v 0.019752 0.028836 -0.964389
v 0.019779 0.028087 -1.002163
v 0.021537 0.033239 -0.964434
v 0.021564 0.032490 -1.002207
v 0.025784 0.034876 -0.964413
v 0.025808 0.034112 -1.002232
v 0.030021 0.033184 -0.964445
v 0.030047 0.032435 -1.002242
v 0.031738 0.028761 -0.964370
v 0.031764 0.028003 -1.002166
v -0.018162 0.032182 -0.682260
v -0.020879 0.031093 -0.682282
v -0.017952 0.026510 -0.964382
v -0.020668 0.025416 -0.964427
v -0.020879 0.031093 -0.682282
v -0.023601 0.032215 -0.682268
v -0.020668 0.025416 -0.964427
v -0.023404 0.026544 -0.964366
v -0.024712 0.034794 -0.682340
v -0.024502 0.029127 -0.964438
v -0.023564 0.037550 -0.682353
v -0.023366 0.031879 -0.964451
v -0.020835 0.038635 -0.682306
v -0.020625 0.032963 -0.964452
v -0.018128 0.037518 -0.682296
v -0.017918 0.031846 -0.964418
v -0.017028 0.034746 -0.682279
v -0.016817 0.029074 -0.964425
v -0.016440 0.024848 -0.964371
v -0.020684 0.023211 -0.964392
v -0.016426 0.024088 -1.002191
v -0.020657 0.022457 -1.002188
v -0.020684 0.023211 -0.964392
v -0.024921 0.024908 -0.964338
v -0.020657 0.022457 -1.002188
v -0.024897 0.024139 -1.002179
v -0.026651 0.029138 -0.964441
v -0.026628 0.028379 -1.002236
v -0.024866 0.033552 -0.964439
v -0.024840 0.032788 -1.002258
v -0.020610 0.035168 -0.964487
v -0.020583 0.034414 -1.002283
v -0.016389 0.033487 -0.964448
v -0.016375 0.032738 -1.002221
v -0.014665 0.029063 -0.964422
v -0.014642 0.028305 -1.002217
v 0.041554 0.038003 -0.721235
v 0.043486 0.033569 -0.721206
v 0.041562 0.037825 -0.729928
v 0.043493 0.033395 -0.729901
v 0.025599 0.040124 -0.721278
v 0.025607 0.039955 -0.729949
v 0.009663 0.038025 -0.729978
v 0.009656 0.038208 -0.721262
v 0.007656 0.033811 -0.721195
v 0.007664 0.033628 -0.729911
v 0.009601 0.029559 -0.721183
v 0.009609 0.029381 -0.729876
v 0.025527 0.027256 -0.729856
v 0.025519 0.027434 -0.721163
v 0.041497 0.029355 -0.721156
v 0.041505 0.029181 -0.729826
v 0.043493 0.033395 -0.729901
v 0.043486 0.033569 -0.721206
v 0.035602 0.024740 -0.558866
v 0.042452 0.029479 -0.558912
v 0.035581 0.025309 -0.530513
v 0.042435 0.030043 -0.530559
v 0.015138 0.024869 -0.558899
v 0.015118 0.025448 -0.530524
v 0.008313 0.030269 -0.530567
v 0.008346 0.029700 -0.558919
v 0.008441 0.044599 -0.559071
v 0.008408 0.045169 -0.530719
v 0.015271 0.049912 -0.530742
v 0.015303 0.049338 -0.559094
v 0.035767 0.049209 -0.559061
v 0.035746 0.049778 -0.530708
v 0.042542 0.044952 -0.530688
v 0.042560 0.044378 -0.559064
v 0.042452 0.029479 -0.558912
v 0.042435 0.030043 -0.530559
v 0.035695 0.022248 -0.682877
v 0.042546 0.026986 -0.682947
v 0.035662 0.022816 -0.654549
v 0.042516 0.027555 -0.654571
v 0.015220 0.022376 -0.682933
v 0.015199 0.022951 -0.654558
v 0.008406 0.027771 -0.654601
v 0.008427 0.027217 -0.682933
v 0.008522 0.042116 -0.683084
v 0.008501 0.042671 -0.654753
v 0.015367 0.047424 -0.654754
v 0.015385 0.046845 -0.683153
v 0.035860 0.046721 -0.683097
v 0.035830 0.047285 -0.654744
v 0.042623 0.042460 -0.654699
v 0.042653 0.041885 -0.683099
v 0.042546 0.026986 -0.682947
v 0.042516 0.027555 -0.654571
v -0.010708 0.022549 -0.682953
v -0.003845 0.027283 -0.682998
v -0.010729 0.023113 -0.654599
v -0.003866 0.027857 -0.654623
v -0.031184 0.022674 -0.682984
v -0.031204 0.023247 -0.654633
v -0.038010 0.028074 -0.654653
v -0.037980 0.027514 -0.682984
v -0.037885 0.042413 -0.683135
v -0.037915 0.042977 -0.654805
v -0.031039 0.047716 -0.654828
v -0.031019 0.047142 -0.683204
v -0.010543 0.047013 -0.683171
v -0.010564 0.047591 -0.654797
v -0.003771 0.042756 -0.654774
v -0.003750 0.042182 -0.683149
v -0.003845 0.027283 -0.682998
v -0.003866 0.027857 -0.654623
v -0.010792 0.025032 -0.558940
v -0.003926 0.029786 -0.558941
v -0.010822 0.025616 -0.530542
v -0.003947 0.030345 -0.530611
v -0.031280 0.025171 -0.558950
v -0.031298 0.025746 -0.530575
v -0.038091 0.030572 -0.530594
v -0.038073 0.030002 -0.558971
v -0.037978 0.044901 -0.559123
v -0.037996 0.045471 -0.530746
v -0.031133 0.050214 -0.530794
v -0.031112 0.049640 -0.559145
v -0.010624 0.049506 -0.559136
v -0.010657 0.050085 -0.530737
v -0.003852 0.045244 -0.530762
v -0.003831 0.044685 -0.559092
v -0.003926 0.029786 -0.558941
v -0.003947 0.030345 -0.530611
v -0.004852 0.038300 -0.721285
v -0.002905 0.033871 -0.721234
v -0.004844 0.038127 -0.729980
v -0.002897 0.033697 -0.729953
v -0.020780 0.040426 -0.721306
v -0.020775 0.040257 -0.730001
v -0.036727 0.038332 -0.730007
v -0.036735 0.038500 -0.721336
v -0.038738 0.034104 -0.721269
v -0.038743 0.033925 -0.729962
v -0.036789 0.029857 -0.721234
v -0.036782 0.029683 -0.729928
v -0.020854 0.027557 -0.729908
v -0.020862 0.027737 -0.721191
v -0.004919 0.029652 -0.721207
v -0.004911 0.029483 -0.729878
v -0.002897 0.033697 -0.729953
v -0.002905 0.033871 -0.721234
v -0.015669 0.017177 -0.887901
v -0.025741 0.024043 -0.887993
v 0.019542 0.016949 -0.887868
v 0.029700 0.023682 -0.887951
v 0.012734 0.037638 -0.721254
v 0.012702 0.038427 -0.681987
v -0.008159 0.037770 -0.721287
v -0.008187 0.038559 -0.682020
v 0.034115 0.013952 -0.693067
v 0.033989 0.017367 -0.523268
v 0.041991 0.025682 -0.693134
v 0.041853 0.029091 -0.523383
v -0.041771 0.024021 -0.693211
v -0.030809 0.017784 -0.523348
v -0.030667 0.014374 -0.693100
v -0.038520 0.029613 -0.523465
v -0.038378 0.026202 -0.693241
v 0.045347 0.023447 -0.693140
v -0.033751 0.031183 -0.681965
v -0.036917 0.033045 -0.681972
v -0.033719 0.030398 -0.721234
v -0.036885 0.032255 -0.721265
v -0.036897 0.036729 -0.681977
v -0.036865 0.035930 -0.721291
v -0.034157 0.029703 -0.654655
v -0.034083 0.041295 -0.654741
v -0.028902 0.025991 -0.654644
v -0.028782 0.044941 -0.654785
v -0.013008 0.025888 -0.654642
v -0.012881 0.044845 -0.654736
v -0.007598 0.041127 -0.654748
v -0.007676 0.029537 -0.654613
v -0.007783 0.032508 -0.506790
v -0.007705 0.044099 -0.506925
v -0.013114 0.028866 -0.506796
v -0.012988 0.047812 -0.506912
v -0.028997 0.028963 -0.506797
v -0.028880 0.047913 -0.506962
v -0.034180 0.044266 -0.506943
v -0.034264 0.032685 -0.506811
v -0.038073 0.030002 -0.558971
v -0.037978 0.044901 -0.559123
v -0.031280 0.025171 -0.558950
v -0.010792 0.025032 -0.558940
v -0.003831 0.044685 -0.559092
v -0.003926 0.029786 -0.558941
v -0.003947 0.030345 -0.530611
v -0.003852 0.045244 -0.530762
v -0.010822 0.025616 -0.530542
v -0.031298 0.025746 -0.530575
v -0.037996 0.045471 -0.530746
v -0.038091 0.030572 -0.530594
v -0.003581 0.018810 -0.674226
v -0.001995 0.021381 -0.674222
v -0.003385 0.020592 -0.887916
v -0.001799 0.023153 -0.887958
v 0.005568 0.021323 -0.674232
v 0.005761 0.023110 -0.887923
v 0.007108 0.018745 -0.674185
v 0.007304 0.020517 -0.887921
v -0.001829 0.017999 -0.887938
v -0.002025 0.016223 -0.674201
v 0.005731 0.017952 -0.887902
v 0.005535 0.016170 -0.674212
v 0.007304 0.020517 -0.887921
v 0.007108 0.018745 -0.674185
v -0.038738 0.034104 -0.721269
v -0.036789 0.029857 -0.721234
v -0.036735 0.038500 -0.721336
v -0.020780 0.040426 -0.721306
v -0.004852 0.038300 -0.721285
v -0.004919 0.029652 -0.721207
v -0.002905 0.033871 -0.721234
v 0.043493 0.033395 -0.729901
v 0.041505 0.029181 -0.729826
v 0.041562 0.037825 -0.729928
v 0.025607 0.039955 -0.729949
v 0.009663 0.038025 -0.729978
v 0.009609 0.029381 -0.729876
v 0.007664 0.033628 -0.729911
v 0.007656 0.033811 -0.721195
v 0.009601 0.029559 -0.721183
v 0.009656 0.038208 -0.721262
v 0.025599 0.040124 -0.721278
v 0.041554 0.038003 -0.721235
v 0.041497 0.029355 -0.721156
v 0.043486 0.033569 -0.721206
v 0.019752 0.028836 -0.964389
v 0.021486 0.024600 -0.964357
v 0.021537 0.033239 -0.964434
v 0.025707 0.022913 -0.964341
v 0.025784 0.034876 -0.964413
v 0.030021 0.033184 -0.964445
v 0.029967 0.024540 -0.964342
v 0.031738 0.028761 -0.964370
v 0.008346 0.029700 -0.558919
v 0.008441 0.044599 -0.559071
v 0.015138 0.024869 -0.558899
v 0.035602 0.024740 -0.558866
v 0.042560 0.044378 -0.559064
v 0.042452 0.029479 -0.558912
v 0.042435 0.030043 -0.530559
v 0.042542 0.044952 -0.530688
v 0.035581 0.025309 -0.530513
v 0.015118 0.025448 -0.530524
v 0.008408 0.045169 -0.530719
v 0.008313 0.030269 -0.530567
v 0.012236 0.029406 -0.654605
v 0.017507 0.025688 -0.654640
v 0.012130 0.032378 -0.506782
v 0.017397 0.028660 -0.506793
v 0.033289 0.028563 -0.506769
v 0.033383 0.025587 -0.654590
v 0.038721 0.029238 -0.654611
v 0.038627 0.032200 -0.506810
v -0.034157 0.029703 -0.654655
v -0.028902 0.025991 -0.654644
v -0.034264 0.032685 -0.506811
v -0.028997 0.028963 -0.506797
v -0.013114 0.028866 -0.506796
v -0.013008 0.025888 -0.654642
v -0.007676 0.029537 -0.654613
v -0.007783 0.032508 -0.506790
v -0.030667 0.014374 -0.693100
v -0.038378 0.026202 -0.693241
v -0.041073 0.035791 -0.693289
v -0.044411 0.036176 -0.693304
v -0.039074 0.039639 -0.693355
v -0.037970 0.037966 -0.693318
v 0.034115 0.013952 -0.693067
v 0.041991 0.025682 -0.693134
v 0.048138 0.035573 -0.693249
v 0.044801 0.035231 -0.693197
v 0.041713 0.037463 -0.693215
v 0.042857 0.039106 -0.693269
v 0.012236 0.029406 -0.654605
v 0.012311 0.040996 -0.654739
v 0.017507 0.025688 -0.654640
v 0.017633 0.044639 -0.654733
v 0.033383 0.025587 -0.654590
v 0.033516 0.044542 -0.654733
v 0.038792 0.040825 -0.654720
v 0.038721 0.029238 -0.654611
v 0.038627 0.032200 -0.506810
v 0.038698 0.043792 -0.506896
v 0.033289 0.028563 -0.506769
v 0.033422 0.047513 -0.506934
v 0.017397 0.028660 -0.506793
v 0.017527 0.047616 -0.506911
v 0.012205 0.043968 -0.506916
v 0.012130 0.032378 -0.506782
v 0.008427 0.027217 -0.682933
v 0.008522 0.042116 -0.683084
v 0.015220 0.022376 -0.682933
v 0.035695 0.022248 -0.682877
v 0.042653 0.041885 -0.683099
v 0.042546 0.026986 -0.682947
v 0.042516 0.027555 -0.654571
v 0.042623 0.042460 -0.654699
v 0.035662 0.022816 -0.654549
v 0.015199 0.022951 -0.654558
v 0.008501 0.042671 -0.654753
v 0.008406 0.027771 -0.654601
v -0.037980 0.027514 -0.682984
v -0.037885 0.042413 -0.683135
v -0.031184 0.022674 -0.682984
v -0.010708 0.022549 -0.682953
v -0.003750 0.042182 -0.683149
v -0.003845 0.027283 -0.682998
v -0.003866 0.027857 -0.654623
v -0.003771 0.042756 -0.654774
v -0.010729 0.023113 -0.654599
v -0.031204 0.023247 -0.654633
v -0.037915 0.042977 -0.654805
v -0.038010 0.028074 -0.654653
v -0.026628 0.028379 -1.002236
v -0.024840 0.032788 -1.002258
v -0.024897 0.024139 -1.002179
v -0.020657 0.022457 -1.002188
v -0.020583 0.034414 -1.002283
v -0.016426 0.024088 -1.002191
v -0.016375 0.032738 -1.002221
v -0.014642 0.028305 -1.002217
v -0.026651 0.029138 -0.964441
v -0.024921 0.024908 -0.964338
v -0.024866 0.033552 -0.964439
v -0.020684 0.023211 -0.964392
v -0.020610 0.035168 -0.964487
v -0.016389 0.033487 -0.964448
v -0.016440 0.024848 -0.964371
v -0.014665 0.029063 -0.964422
v -0.002897 0.033697 -0.729953
v -0.004911 0.029483 -0.729878
v -0.004844 0.038127 -0.729980
v -0.020775 0.040257 -0.730001
v -0.036727 0.038332 -0.730007
v -0.036782 0.029683 -0.729928
v -0.038743 0.033925 -0.729962
v 0.019609 0.025712 -0.891029
v 0.019601 0.025780 -0.887963
v 0.019647 0.030311 -0.891045
v 0.019639 0.030375 -0.888003
v 0.023116 0.035811 -0.891094
v 0.023108 0.035874 -0.888051
v 0.019779 0.028087 -1.002163
v 0.021564 0.032490 -1.002207
v 0.021513 0.023840 -1.002177
v 0.025733 0.022155 -1.002136
v 0.025808 0.034112 -1.002232
v 0.029990 0.023786 -1.002163
v 0.030047 0.032435 -1.002242
v 0.031764 0.028003 -1.002166
v -0.015564 0.030545 -0.891056
v -0.015572 0.030603 -0.888036
v -0.018971 0.036082 -0.891138
v -0.018979 0.036141 -0.888095
v 0.038166 0.030716 -0.681872
v 0.034988 0.032573 -0.681926
v 0.038198 0.029921 -0.721187
v 0.035020 0.031784 -0.721194
v 0.035011 0.036257 -0.681930
v 0.035040 0.035473 -0.721200
v -0.034157 0.029703 -0.654655
v -0.034264 0.032685 -0.506811
v -0.034083 0.041295 -0.654741
v -0.034180 0.044266 -0.506943
v -0.007705 0.044099 -0.506925
v -0.007598 0.041127 -0.654748
v -0.007676 0.029537 -0.654613
v -0.007783 0.032508 -0.506790
v 0.012236 0.029406 -0.654605
v 0.012130 0.032378 -0.506782
v 0.012311 0.040996 -0.654739
v 0.012205 0.043968 -0.506916
v 0.038698 0.043792 -0.506896
v 0.038792 0.040825 -0.654720
v 0.038721 0.029238 -0.654611
v 0.038627 0.032200 -0.506810
v 0.023116 0.035811 -0.891094
v 0.028353 0.035779 -0.891086
v 0.019647 0.030311 -0.891045
v 0.031406 0.030249 -0.890981
v 0.019609 0.025712 -0.891029
v 0.029708 0.023623 -0.890994
v 0.019550 0.016885 -0.890934
v 0.001934 0.013686 -0.890921
v -0.015593 0.025946 -0.891015
v -0.015661 0.017114 -0.890944
v -0.025733 0.023980 -0.891011
v -0.027332 0.030617 -0.891122
v -0.015564 0.030545 -0.891056
v -0.024211 0.036120 -0.891099
v -0.018971 0.036082 -0.891138
v 0.016203 0.161152 -0.287035
v -0.011939 0.161335 -0.287057
v 0.016188 0.161578 -0.266050
v -0.011953 0.161761 -0.266072
v 0.006023 0.149120 -0.272393
v 0.006095 0.158881 -0.272456
v 0.002270 0.149168 -0.270900
v 0.002329 0.158930 -0.270963
v 0.007526 0.158789 -0.276534
v 0.007460 0.149024 -0.276447
v 0.006092 0.158715 -0.280545
v 0.006021 0.148953 -0.280483
v 0.002335 0.158719 -0.282051
v 0.002276 0.148953 -0.281987
v -0.001418 0.158772 -0.280535
v -0.001477 0.149011 -0.280473
v -0.002843 0.158858 -0.276503
v -0.002914 0.149092 -0.276464
v -0.001416 0.158929 -0.272492
v -0.001475 0.149167 -0.272429
v 0.002329 0.158930 -0.270963
v 0.002270 0.149168 -0.270900
v -0.011939 0.161335 -0.287057
v -0.011790 0.184101 -0.282672
v -0.011953 0.161761 -0.266072
v -0.011762 0.186083 -0.280255
v -0.011782 0.186230 -0.273253
v -0.011794 0.184342 -0.270790
v 0.016188 0.161578 -0.266050
v 0.016345 0.184158 -0.270793
v 0.016203 0.161152 -0.287035
v 0.016344 0.186042 -0.273255
v 0.016367 0.185905 -0.280235
v 0.016352 0.183922 -0.282651
v 0.018845 0.184146 -0.270765
v 0.018856 0.186030 -0.273203
v 0.016345 0.184158 -0.270793
v 0.016344 0.186042 -0.273255
v 0.016367 0.185905 -0.280235
v 0.018877 0.185891 -0.280231
v 0.018849 0.183904 -0.282646
v 0.016352 0.183922 -0.282651
v -0.011971 0.158791 -0.266058
v -0.014451 0.161769 -0.266098
v -0.011953 0.158360 -0.287067
v -0.014436 0.161357 -0.287063
v -0.014294 0.184359 -0.270819
v -0.014292 0.186243 -0.273257
v -0.014272 0.186105 -0.280285
v -0.014287 0.184127 -0.282678
v -0.014287 0.184127 -0.282678
v -0.014272 0.186105 -0.280285
v -0.011790 0.184101 -0.282672
v -0.011762 0.186083 -0.280255
v -0.011782 0.186230 -0.273253
v -0.014292 0.186243 -0.273257
v -0.014294 0.184359 -0.270819
v -0.011794 0.184342 -0.270790
v -0.011971 0.158791 -0.266058
v -0.011953 0.158360 -0.287067
v 0.016167 0.158604 -0.266011
v 0.016183 0.158178 -0.286997
v 0.018701 0.161139 -0.287032
v 0.018686 0.161566 -0.265998
v 0.018849 0.183904 -0.282646
v 0.018877 0.185891 -0.280231
v 0.018856 0.186030 -0.273203
v 0.018845 0.184146 -0.270765
v -0.011790 0.184101 -0.282672
v -0.011939 0.161335 -0.287057
v -0.014287 0.184127 -0.282678
v -0.014436 0.161357 -0.287063
v -0.011953 0.158360 -0.287067
v 0.016183 0.158178 -0.286997
v 0.016203 0.161152 -0.287035
v 0.018701 0.161139 -0.287032
v 0.016352 0.183922 -0.282651
v 0.018849 0.183904 -0.282646
v -0.014294 0.184359 -0.270819
v -0.014451 0.161769 -0.266098
v -0.011794 0.184342 -0.270790
v 0.018686 0.161566 -0.265998
v 0.018845 0.184146 -0.270765
v 0.016345 0.184158 -0.270793
v 0.056520 -0.251868 1.091594
v 0.055883 -0.247085 1.094155
v 0.054074 -0.251553 1.091595
v 0.058788 -0.250913 1.091597
v 0.052119 -0.250056 1.091597
v 0.051165 -0.247774 1.091617
v 0.059662 -0.244234 1.091525
v 0.060597 -0.246505 1.091576
v 0.057694 -0.242727 1.091550
v 0.055261 -0.242423 1.091505
v 0.052975 -0.243375 1.091573
v 0.064404 -0.246131 1.084166
v 0.064271 -0.244008 1.072674
v 0.062697 -0.242028 1.084115
v 0.052640 -0.255262 1.084181
v 0.054760 -0.256532 1.072726
v 0.057043 -0.255814 1.084233
v 0.050635 -0.240485 1.084057
v 0.048697 -0.242020 1.072588
v 0.047932 -0.244030 1.084126
v 0.046761 -0.242161 1.065778
v 0.045757 -0.243489 1.065858
v 0.055489 -0.282415 1.073336
v 0.053389 -0.285040 1.070506
v 0.051887 -0.283371 1.068505
v 0.050421 -0.285702 1.068569
v 0.048581 -0.273118 1.059452
v 0.053233 -0.273484 1.067493
v 0.047340 -0.282532 1.064288
v 0.047554 -0.284827 1.066309
v 0.047340 -0.282532 1.064288
v 0.047554 -0.284827 1.066309
v 0.050879 -0.283114 1.069442
v 0.052045 -0.273249 1.068070
v 0.055489 -0.282415 1.073336
v 0.050421 -0.285702 1.068569
v 0.056798 -0.272090 1.075670
v 0.053494 -0.261284 1.066421
v 0.055383 -0.259971 1.072336
v 0.053389 -0.285040 1.070506
v 0.025902 -0.229698 1.072915
v 0.024731 -0.226654 1.070047
v 0.027005 -0.226243 1.068038
v 0.025712 -0.223814 1.068001
v 0.027947 -0.221850 1.065836
v 0.030040 -0.222854 1.063782
v 0.034875 -0.232407 1.067098
v 0.034149 -0.235924 1.075361
v 0.037676 -0.228773 1.059124
v 0.027696 -0.225478 1.068933
v 0.025712 -0.223814 1.068001
v 0.025902 -0.229698 1.072915
v 0.030040 -0.222854 1.063782
v 0.027947 -0.221850 1.065836
v 0.034149 -0.235924 1.075361
v 0.035674 -0.231453 1.067732
v 0.045320 -0.238739 1.066196
v 0.045400 -0.240858 1.072180
v 0.024731 -0.226654 1.070047
v 0.086316 -0.230409 1.072965
v 0.089576 -0.231011 1.070165
v 0.088859 -0.233226 1.068117
v 0.091604 -0.233326 1.068188
v 0.092218 -0.236315 1.065950
v 0.090324 -0.237692 1.063955
v 0.081492 -0.241477 1.059250
v 0.079606 -0.237017 1.067173
v 0.090324 -0.237692 1.063955
v 0.092218 -0.236315 1.065950
v 0.089161 -0.234191 1.069086
v 0.076749 -0.234384 1.075362
v 0.080004 -0.238166 1.067796
v 0.086316 -0.230409 1.072965
v 0.068908 -0.242921 1.066293
v 0.066931 -0.241760 1.072193
v 0.089576 -0.231011 1.070165
v 0.091604 -0.233326 1.068188
v 0.051749 -0.257805 1.065952
v 0.054558 -0.258310 1.058643
v 0.053396 -0.258028 1.065930
v 0.045757 -0.243489 1.065858
v 0.045771 -0.243682 1.056804
v 0.045058 -0.249132 1.065867
v 0.045066 -0.249314 1.056883
v 0.047236 -0.254365 1.065881
v 0.047247 -0.254542 1.056921
v 0.051748 -0.257992 1.056945
v 0.057382 -0.258703 1.056986
v 0.055720 -0.258329 1.065877
v 0.057370 -0.258526 1.065970
v 0.062604 -0.256336 1.065891
v 0.062613 -0.256512 1.056930
v 0.066045 -0.251819 1.065893
v 0.066062 -0.251993 1.056884
v 0.066762 -0.246192 1.065815
v 0.066773 -0.246364 1.056854
v 0.066144 -0.244650 1.065784
v 0.064566 -0.240944 1.065846
v 0.065220 -0.242479 1.065756
v 0.064580 -0.241131 1.056816
v 0.065660 -0.243709 1.058609
v 0.060065 -0.237513 1.065777
v 0.060079 -0.237681 1.056791
v 0.054431 -0.236786 1.065782
v 0.054445 -0.236974 1.056752
v 0.049215 -0.238983 1.065791
v 0.049211 -0.239160 1.056806
v 0.047489 -0.241376 1.058542
v 0.045771 -0.243682 1.056804
v 0.048180 -0.240295 1.065746
v 0.063382 -0.246851 1.055871
v 0.061886 -0.243244 1.055860
v 0.062882 -0.250720 1.055893
v 0.060524 -0.253824 1.055936
v 0.056937 -0.255322 1.055957
v 0.054902 -0.240384 1.055846
v 0.051321 -0.241894 1.055796
v 0.048945 -0.244996 1.055888
v 0.048461 -0.248866 1.055861
v 0.049098 -0.252560 1.084179
v 0.047379 -0.248447 1.084150
v 0.047932 -0.244030 1.084126
v 0.054740 -0.238759 1.084106
v 0.059158 -0.239327 1.084064
v 0.063851 -0.250553 1.084190
v 0.061148 -0.254098 1.084260
v 0.054074 -0.251553 1.091595
v 0.056520 -0.251868 1.091594
v 0.052119 -0.250056 1.091597
v 0.051165 -0.247774 1.091617
v 0.051484 -0.245338 1.091554
v 0.052975 -0.243375 1.091573
v 0.051484 -0.245338 1.091554
v 0.055261 -0.242423 1.091505
v 0.057694 -0.242727 1.091550
v 0.059662 -0.244234 1.091525
v 0.060597 -0.246505 1.091576
v 0.060282 -0.248952 1.091568
v 0.058788 -0.250913 1.091597
v 0.058771 -0.240879 1.055836
v 0.045634 -0.238587 1.059660
v 0.048180 -0.240295 1.065746
v 0.048697 -0.242020 1.072588
v 0.049956 -0.252473 1.055921
v 0.053056 -0.254833 1.055944
v 0.048945 -0.244996 1.055888
v 0.051484 -0.245338 1.091554
v 0.053104 -0.261283 1.059846
v 0.054821 -0.261492 1.066176
v 0.076749 -0.234384 1.075362
v 0.053104 -0.261283 1.059846
v 0.054558 -0.258310 1.058643
v 0.053396 -0.258028 1.065930
v 0.066144 -0.244650 1.065784
v 0.064271 -0.244008 1.072674
v 0.056798 -0.272090 1.075670
v 0.055383 -0.259971 1.072336
v 0.055720 -0.258329 1.065877
v 0.054558 -0.258310 1.058643
v 0.068997 -0.243465 1.059695
v 0.065220 -0.242479 1.065756
v 0.068426 -0.241676 1.066012
v 0.065660 -0.243709 1.058609
v 0.068997 -0.243465 1.059695
v 0.066931 -0.241760 1.072193
v 0.045634 -0.238587 1.059660
v 0.044479 -0.239805 1.065975
v 0.045400 -0.240858 1.072180
v 0.046761 -0.242161 1.065778
v 0.047489 -0.241376 1.058542
v 0.047489 -0.241376 1.058542
v 0.064271 -0.244008 1.072674
v 0.065660 -0.243709 1.058609
v 0.054760 -0.256532 1.072726
v 0.048697 -0.242020 1.072588
v 0.054760 -0.256532 1.072726
v 0.063378 -0.246877 1.054421
v 0.061882 -0.243280 1.054339
v 0.058782 -0.240920 1.054293
v 0.054901 -0.240415 1.054348
v 0.051314 -0.241929 1.054300
v 0.048941 -0.245033 1.054344
v 0.062881 -0.250746 1.054395
v 0.060524 -0.253855 1.054415
v 0.056937 -0.255359 1.054413
v 0.053053 -0.254860 1.054446
v 0.049953 -0.252500 1.054399
v 0.048460 -0.248903 1.054317
v 0.048941 -0.245033 1.054344
v 0.009897 0.185699 1.029311
v -0.007263 0.185815 1.029306
v 0.009910 0.185353 1.011824
v -0.007251 0.185469 1.011820
v 0.009894 0.182611 1.011811
v -0.007267 0.182727 1.011806
v 0.008447 0.189883 1.005419
v 0.009936 0.188389 1.005416
v 0.006053 0.188588 0.998505
v 0.007554 0.187089 0.998479
v 0.008418 0.190404 1.031453
v 0.009907 0.188900 1.031429
v -0.003310 0.185011 0.979440
v -0.003305 0.188644 0.998467
v 0.006051 0.184950 0.979456
v -0.005706 0.189973 1.005396
v -0.005735 0.190503 1.031429
v -0.007209 0.188495 1.005389
v -0.007229 0.189011 1.031425
v -0.004821 0.187172 0.998482
v -0.007251 0.185469 1.011820
v -0.007263 0.185815 1.029306
v -0.007284 0.182129 1.031494
v -0.007279 0.183082 1.029290
v -0.004826 0.183503 0.979464
v -0.004843 0.181073 0.979502
v -0.004858 0.181452 0.998533
v -0.007254 0.181599 1.005437
v -0.007267 0.182727 1.011806
v 0.009881 0.182957 1.029297
v -0.007279 0.183082 1.029290
v 0.009897 0.185699 1.029311
v -0.007263 0.185815 1.029306
v 0.007532 0.180986 0.979475
v 0.008098 0.180982 0.979476
v 0.007546 0.183421 0.979485
v 0.008010 0.183619 0.979489
v -0.005300 0.183702 0.979443
v -0.005405 0.181077 0.979476
v 0.006254 0.185430 0.979469
v -0.003521 0.185494 0.979453
v 0.011237 0.175945 1.029832
v 0.011239 0.175573 1.011406
v 0.011053 0.146483 1.030084
v 0.011058 0.146117 1.011656
v 0.050563 0.145863 1.011696
v 0.011053 0.146483 1.030084
v 0.050558 0.146230 1.030124
v 0.050558 0.146230 1.030124
v 0.050755 0.175686 1.029873
v 0.011053 0.146483 1.030084
v 0.011237 0.175945 1.029832
v 0.050760 0.175320 1.011470
v 0.050005 0.167816 1.029267
v 0.050013 0.167472 1.012218
v 0.011880 0.168069 1.029228
v 0.011901 0.167725 1.012178
v 0.050056 0.175677 1.029196
v 0.011926 0.175932 1.029205
v 0.050065 0.175339 1.012145
v 0.011947 0.175589 1.012155
v 0.011926 0.175932 1.029205
v 0.050005 0.167816 1.029267
v 0.011880 0.168069 1.029228
v 0.011880 0.168069 1.029228
v 0.010960 0.170633 1.030033
v 0.010975 0.170263 1.011146
v 0.011042 0.180978 1.029912
v 0.011054 0.180609 1.011025
v 0.007472 0.181009 1.029953
v 0.007483 0.180624 1.011021
v 0.007483 0.180624 1.011021
v 0.007408 0.170278 1.011093
v 0.007408 0.170278 1.011093
v 0.007396 0.170657 1.030003
v 0.007396 0.170657 1.030003
v 0.007472 0.181009 1.029953
v 0.002411 0.164707 0.999222
v 0.002484 0.167817 0.940833
v 0.002422 0.165486 0.999241
v 0.002487 0.168601 0.940875
v 0.000010 0.164724 0.999218
v 0.000087 0.167828 0.940806
v 0.000018 0.165504 0.999285
v 0.000086 0.168612 0.940848
v 0.000010 0.164724 0.999218
v 0.000087 0.167828 0.940806
v -0.002375 0.166070 0.999133
v -0.002389 0.164195 0.999167
v -0.002374 0.166251 1.007753
v -0.002389 0.164288 1.003318
v 0.004802 0.166024 0.999120
v 0.004789 0.164148 0.999154
v -0.002375 0.166070 0.999133
v 0.004804 0.166205 1.007740
v 0.004786 0.164236 1.003283
v 0.004802 0.166024 0.999120
v -0.004314 0.169421 0.999130
v -0.004331 0.166084 0.999129
v -0.004329 0.170022 1.029368
v -0.004349 0.166690 1.029366
v 0.006791 0.169347 0.999125
v 0.006774 0.166010 0.999123
v -0.004314 0.169421 0.999130
v 0.006774 0.169954 1.029385
v 0.006757 0.166621 1.029383
v 0.006791 0.169347 0.999125
v -0.004329 0.170022 1.029368
v 0.006774 0.169954 1.029385
v -0.004908 0.177832 1.023777
v -0.017945 0.177908 1.023733
v -0.004915 0.176864 1.025595
v -0.017955 0.176956 1.025597
v -0.004937 0.173810 1.023833
v -0.017973 0.173887 1.023813
v -0.004930 0.174787 1.022036
v -0.017966 0.174859 1.021993
v 0.001427 0.202909 1.034896
v 0.001547 0.202923 1.035621
v 0.001355 0.193543 1.035015
v 0.001491 0.193555 1.035692
v 0.001311 0.202924 1.035597
v 0.001248 0.193558 1.035716
v -0.003286 0.198241 1.034903
v -0.003277 0.198375 1.035625
v 0.006072 0.198180 1.034919
v 0.006081 0.198314 1.035640
v -0.003279 0.198146 1.035628
v 0.006079 0.198085 1.035644
v -0.004885 0.168121 0.934359
v 0.007467 0.168038 0.934355
v -0.004961 0.170082 1.031610
v 0.007389 0.169995 1.031584
v 0.007476 0.182030 1.031495
v 0.007555 0.180087 0.934263
v -0.004886 0.182122 1.031520
v 0.007476 0.182030 1.031495
v -0.004807 0.180155 0.934246
v -0.004886 0.182122 1.031520
v -0.004931 0.182908 0.934257
v 0.007698 0.182823 0.934230
v -0.004929 0.182729 0.925370
v 0.007709 0.182644 0.925343
v 0.008577 0.167033 0.925509
v 0.008651 0.179023 0.934285
v 0.008561 0.167340 0.940845
v 0.008635 0.179155 0.940733
v 0.007463 0.168170 0.940803
v 0.007543 0.179157 0.940707
v -0.005996 0.167427 0.940798
v -0.005993 0.167121 0.925462
v -0.004886 0.168258 0.940830
v -0.005919 0.179120 0.934260
v -0.005905 0.181541 0.925394
v -0.005907 0.181715 0.934258
v 0.008651 0.179023 0.934285
v 0.007547 0.179040 0.934281
v -0.004819 0.179249 0.940733
v -0.004815 0.179112 0.934262
v -0.005923 0.179252 0.940708
v -0.005919 0.179120 0.934260
v -0.004931 0.182908 0.934257
v -0.004929 0.182729 0.925370
v 0.008668 0.181443 0.925371
v 0.007709 0.182644 0.925343
v 0.008669 0.181612 0.934236
v 0.007698 0.182823 0.934230
v 0.009174 0.170255 0.922406
v 0.008608 0.170259 0.922405
v 0.009211 0.176484 0.922363
v 0.008648 0.176487 0.922362
v 0.009211 0.176484 0.922363
v 0.008648 0.176487 0.922362
v 0.009201 0.176535 0.924801
v 0.008638 0.176539 0.924801
v 0.009201 0.176535 0.924801
v 0.008638 0.176539 0.924801
v 0.009262 0.186649 0.924733
v 0.008699 0.186653 0.924732
v 0.009160 0.170270 0.923300
v 0.009130 0.165099 0.923348
v 0.008597 0.170279 0.923299
v 0.008564 0.165102 0.923324
v 0.009160 0.170270 0.923300
v 0.008597 0.170279 0.923299
v 0.009174 0.170255 0.922406
v 0.008608 0.170259 0.922405
v 0.008599 0.170380 0.927934
v 0.008566 0.165199 0.927959
v 0.009162 0.170372 0.927936
v 0.009132 0.165191 0.927962
v 0.008587 0.170481 0.933418
v 0.008599 0.170380 0.927934
v 0.009153 0.170473 0.933419
v 0.009162 0.170372 0.927936
v -0.006573 0.165301 0.927958
v 0.009132 0.165191 0.927962
v -0.004806 0.165230 0.925427
v 0.007379 0.165154 0.925447
v -0.004811 0.164507 0.925444
v -0.007539 0.165085 0.917260
v -0.007544 0.164367 0.917276
v 0.007374 0.164436 0.925463
v -0.007523 0.164882 0.907311
v -0.007528 0.164159 0.907328
v 0.010110 0.164975 0.917287
v 0.010105 0.164257 0.917304
v -0.007528 0.164159 0.907328
v -0.009977 0.164900 0.907355
v -0.009976 0.164181 0.907322
v 0.010113 0.164772 0.907339
v 0.010108 0.164049 0.907355
v -0.009976 0.164181 0.907322
v -0.009984 0.165110 0.917715
v -0.009983 0.164390 0.917683
v 0.012561 0.164760 0.907366
v 0.012556 0.164032 0.907360
v 0.010108 0.164049 0.907355
v -0.006578 0.164579 0.927975
v 0.012557 0.164965 0.917727
v 0.012552 0.164243 0.917744
v 0.012556 0.164032 0.907360
v 0.009127 0.164473 0.927978
v 0.007374 0.164436 0.925463
v -0.004811 0.164507 0.925444
v 0.007523 0.186672 0.925309
v 0.009264 0.186709 0.927824
v -0.004674 0.186753 0.925289
v -0.006442 0.186819 0.927821
v 0.009281 0.187432 0.927807
v 0.012706 0.187206 0.917573
v 0.012704 0.186477 0.917518
v -0.006436 0.187542 0.927804
v 0.012713 0.186991 0.907189
v 0.012711 0.186267 0.907158
v -0.009841 0.187349 0.917512
v -0.009846 0.186621 0.917506
v 0.012711 0.186267 0.907158
v 0.010263 0.187013 0.907184
v 0.010258 0.186290 0.907201
v -0.009834 0.187140 0.907152
v -0.009839 0.186417 0.907169
v 0.010258 0.186290 0.907201
v 0.010250 0.187216 0.917133
v 0.010245 0.186488 0.917127
v -0.007386 0.187127 0.907155
v -0.007391 0.186404 0.907172
v -0.009839 0.186417 0.907169
v 0.007528 0.187395 0.925292
v 0.007523 0.186672 0.925309
v -0.007402 0.187326 0.917105
v -0.007407 0.186598 0.917099
v -0.007391 0.186404 0.907172
v -0.004669 0.187475 0.925272
v -0.004674 0.186753 0.925289
v 0.010480 0.164849 0.911324
v 0.010106 0.168449 0.911993
v 0.009646 0.164828 0.909824
v 0.008878 0.168413 0.909794
v 0.009646 0.164828 0.909824
v 0.008878 0.168413 0.909794
v 0.010488 0.164786 0.908282
v 0.010116 0.168361 0.907525
v 0.012184 0.164838 0.911351
v 0.012610 0.168431 0.911973
v 0.012192 0.164774 0.908309
v 0.012620 0.168333 0.907483
v 0.013036 0.164800 0.909831
v 0.013851 0.168378 0.909802
v 0.009790 0.186337 0.909665
v 0.008966 0.182768 0.909692
v 0.010624 0.186363 0.911188
v 0.010210 0.182809 0.911866
v 0.010633 0.186308 0.908143
v 0.010220 0.182721 0.907398
v 0.009790 0.186337 0.909665
v 0.008966 0.182768 0.909692
v 0.012322 0.186350 0.911166
v 0.012698 0.182797 0.911894
v 0.012331 0.186291 0.908123
v 0.012705 0.182695 0.907404
v 0.013174 0.186317 0.909646
v 0.013942 0.182733 0.909676
v -0.001330 0.182368 1.129910
v -0.001346 0.179173 1.129902
v 0.003746 0.182337 1.129918
v 0.003730 0.179146 1.129908
v -0.005329 0.189543 1.039286
v 0.008012 0.189449 1.039261
v -0.005329 0.189383 1.031438
v 0.008012 0.189284 1.031415
v 0.007955 0.181935 1.031492
v 0.007954 0.182086 1.039318
v 0.007954 0.182086 1.039318
v -0.005375 0.182180 1.039343
v -0.005375 0.182180 1.039343
v -0.005378 0.182025 1.031518
v 0.002865 0.187556 1.179664
v 0.003236 0.187969 1.182700
v 0.003540 0.185881 1.179701
v 0.004052 0.185935 1.182697
v 0.002841 0.184220 1.179711
v 0.003201 0.183914 1.182715
v 0.001179 0.183536 1.179695
v 0.001174 0.183091 1.182730
v 0.001179 0.183536 1.179695
v 0.001174 0.183091 1.182730
v -0.000486 0.184239 1.179706
v -0.000845 0.183942 1.182708
v -0.001155 0.185915 1.179717
v -0.001674 0.185975 1.182687
v -0.000469 0.187576 1.179707
v -0.000823 0.187997 1.182693
v 0.001209 0.188254 1.179676
v 0.001208 0.188825 1.182677
v 0.003528 0.186279 1.199286
v 0.004043 0.186177 1.194263
v 0.002849 0.187954 1.199249
v 0.003226 0.188201 1.194244
v 0.002826 0.184618 1.199296
v 0.003192 0.184146 1.194259
v 0.001166 0.183938 1.199279
v 0.001165 0.183322 1.194250
v -0.000502 0.184632 1.199268
v -0.000854 0.184175 1.194276
v 0.001166 0.183938 1.199279
v 0.001165 0.183322 1.194250
v -0.001171 0.186298 1.199257
v -0.001683 0.186207 1.194231
v -0.000485 0.187968 1.199269
v -0.000832 0.188225 1.194238
v 0.001193 0.188652 1.199261
v 0.001198 0.189052 1.194198
v -0.001337 0.182766 1.150029
v -0.001356 0.179581 1.150042
v 0.003738 0.182740 1.150035
v 0.003719 0.179554 1.150049
v -0.005977 0.170469 0.927935
v -0.005974 0.170570 0.933419
v -0.006540 0.170477 0.927933
v -0.006552 0.170574 0.933418
v -0.006007 0.165293 0.927960
v -0.005977 0.170469 0.927935
v -0.006573 0.165301 0.927958
v -0.006540 0.170477 0.927933
v -0.005979 0.170372 0.923323
v -0.006542 0.170381 0.923321
v -0.005966 0.170358 0.922429
v -0.006531 0.170356 0.922405
v -0.006575 0.165205 0.923346
v -0.006542 0.170381 0.923321
v -0.006009 0.165196 0.923348
v -0.005979 0.170372 0.923323
v -0.005938 0.176637 0.924800
v -0.006501 0.176631 0.924777
v -0.005877 0.186746 0.924732
v -0.006440 0.186745 0.924708
v -0.005928 0.176591 0.922385
v -0.006491 0.176585 0.922362
v -0.005938 0.176637 0.924800
v -0.006501 0.176631 0.924777
v -0.005966 0.170358 0.922429
v -0.006531 0.170356 0.922405
v -0.005928 0.176591 0.922385
v -0.006491 0.176585 0.922362
v 0.001635 0.200357 1.178407
v 0.001569 0.188435 1.177282
v 0.001616 0.196191 1.176191
v 0.001569 0.188395 1.175472
v 0.001578 0.188242 1.167549
v 0.000620 0.188250 1.167596
v 0.001636 0.201074 1.175117
v 0.000694 0.201080 1.175115
v 0.000623 0.188443 1.177329
v 0.000692 0.200363 1.178406
v 0.000623 0.188403 1.175518
v 0.000661 0.196203 1.176213
v 0.000661 0.196203 1.176213
v 0.001615 0.196169 1.174692
v 0.000660 0.196176 1.174691
v 0.001615 0.196169 1.174692
v 0.000660 0.196176 1.174691
v 0.001580 0.188293 1.170473
v 0.000622 0.188301 1.170520
v 0.000623 0.188403 1.175518
v 0.000661 0.196203 1.176213
v -0.005378 0.182025 1.031518
v 0.007955 0.181935 1.031492
v -0.007481 0.168558 0.911966
v -0.007915 0.164965 0.911319
v -0.006236 0.168509 0.909770
v -0.007061 0.164931 0.909798
v -0.006236 0.168509 0.909770
v -0.007061 0.164931 0.909798
v -0.007470 0.168470 0.907498
v -0.007907 0.164906 0.908276
v -0.009978 0.168576 0.911961
v -0.009610 0.164977 0.911340
v -0.009971 0.168488 0.907493
v -0.009602 0.164918 0.908297
v -0.011225 0.168544 0.909785
v -0.010444 0.164956 0.909816
v -0.006148 0.182871 0.909715
v -0.006916 0.186450 0.909661
v -0.007389 0.182918 0.911839
v -0.007768 0.186483 0.911182
v -0.007379 0.182830 0.907371
v -0.007760 0.186424 0.908138
v -0.006148 0.182871 0.909715
v -0.006916 0.186450 0.909661
v -0.009893 0.182932 0.911883
v -0.009463 0.186498 0.911154
v -0.009883 0.182844 0.907415
v -0.009455 0.186435 0.908111
v -0.011121 0.182900 0.909659
v -0.010306 0.186468 0.909632
v 0.050764 0.175299 1.010505
v 0.063735 0.135934 1.010852
v 0.050747 0.175709 1.030887
v 0.063715 0.136339 1.031212
v 0.065342 0.136881 1.031187
v 0.063715 0.136339 1.031212
v 0.065362 0.136465 1.010782
v 0.063735 0.135934 1.010852
v 0.052367 0.175832 1.010482
v 0.050764 0.175299 1.010505
v 0.052359 0.176246 1.030864
v 0.050747 0.175709 1.030887
v 0.050747 0.175709 1.030887
v 0.063715 0.136339 1.031212
v 0.064152 0.137095 1.011756
v 0.064147 0.137462 1.030183
v 0.051743 0.175035 1.029923
v 0.051760 0.174664 1.011497
v 0.003223 0.193684 1.034644
v 0.003373 0.193344 1.034624
v -0.000497 0.193715 1.034661
v -0.000648 0.193368 1.034642
v 0.006229 0.196176 1.034642
v 0.005882 0.196310 1.034587
v 0.006257 0.200174 1.034566
v 0.005902 0.200040 1.034573
v 0.003432 0.203051 1.034574
v 0.003280 0.202703 1.034555
v -0.000583 0.203073 1.034544
v -0.000437 0.202730 1.034572
v -0.003443 0.200238 1.034551
v -0.003089 0.200103 1.034557
v -0.003464 0.196238 1.034578
v -0.003115 0.196378 1.034619
v -0.000648 0.193368 1.034642
v -0.000497 0.193715 1.034661
v 0.003227 0.193717 1.036044
v -0.000493 0.193738 1.036014
v 0.005883 0.196347 1.035986
v 0.005906 0.200073 1.035972
v 0.003284 0.202736 1.035954
v -0.000433 0.202753 1.035926
v -0.003088 0.200126 1.035934
v -0.003114 0.196402 1.035996
v -0.000493 0.193738 1.036014
v -0.003463 0.196271 1.035977
v -0.000644 0.193400 1.036017
v -0.003439 0.200271 1.035950
v -0.000567 0.203101 1.035920
v 0.003435 0.203079 1.035975
v 0.006258 0.200207 1.035966
v 0.006230 0.196209 1.036041
v 0.003377 0.193372 1.036024
v -0.000644 0.193400 1.036017
v -0.001431 0.171546 0.925437
v -0.001420 0.171448 0.920583
v 0.001313 0.170387 0.925432
v 0.001321 0.170289 0.920578
v -0.002536 0.174211 0.920568
v -0.002544 0.174305 0.925423
v -0.001388 0.176949 0.920558
v -0.001396 0.177047 0.925388
v 0.001372 0.178068 0.920501
v 0.001365 0.178166 0.925355
v 0.004117 0.176924 0.920565
v 0.004106 0.177017 0.925396
v 0.005242 0.174166 0.920579
v 0.005234 0.174260 0.925434
v 0.004081 0.171419 0.920591
v 0.004073 0.171517 0.925445
v 0.001321 0.170289 0.920578
v 0.001313 0.170387 0.925432
v -0.006501 0.176631 0.924777
v -0.006542 0.170381 0.923321
v -0.006575 0.165205 0.923346
v -0.006573 0.165301 0.927958
v -0.006540 0.170477 0.927933
v -0.006552 0.170574 0.933418
v -0.006512 0.176803 0.933375
v -0.006442 0.186819 0.927821
v -0.006440 0.186745 0.924708
v -0.005876 0.186811 0.927823
v -0.005936 0.176799 0.933376
v -0.005877 0.186746 0.924732
v -0.005974 0.170570 0.933419
v -0.005977 0.170469 0.927935
v -0.006007 0.165293 0.927960
v -0.006009 0.165196 0.923348
v 0.004432 0.189365 1.033991
v 0.004448 0.192171 1.033991
v 0.004430 0.189419 1.036696
v 0.004446 0.193581 1.035371
v 0.004447 0.192225 1.036695
v -0.001740 0.189469 1.036757
v -0.001720 0.192273 1.036708
v -0.001739 0.189409 1.034029
v -0.001718 0.193623 1.035336
v -0.001719 0.192214 1.033980
v 0.008587 0.170481 0.933418
v 0.009153 0.170473 0.933419
v 0.008627 0.176710 0.933374
v 0.009190 0.176701 0.933376
v 0.008698 0.186718 0.927822
v 0.009264 0.186709 0.927824
v -0.003489 0.184591 0.934242
v 0.006286 0.184522 0.934235
v -0.005268 0.182790 0.934211
v 0.008046 0.182712 0.934279
v -0.005373 0.180164 0.934244
v 0.008117 0.180079 0.934266
v -0.004916 0.176795 1.021997
v -0.017952 0.176872 1.021953
v -0.004929 0.174846 1.025613
v -0.017969 0.174938 1.025615
v -0.004937 0.173810 1.023833
v -0.017973 0.173887 1.023813
v -0.005405 0.181077 0.979476
v -0.004843 0.181073 0.979502
v 0.007532 0.180986 0.979475
v 0.008098 0.180982 0.979476
v 0.012704 0.186477 0.917518
v 0.010245 0.186488 0.917127
v 0.012711 0.186267 0.907158
v 0.010258 0.186290 0.907201
v -0.005876 0.186811 0.927823
v -0.006442 0.186819 0.927821
v 0.010108 0.164049 0.907355
v 0.012556 0.164032 0.907360
v 0.010105 0.164257 0.917304
v 0.012552 0.164243 0.917744
v 0.009907 0.188900 1.031429
v -0.007229 0.189011 1.031425
v -0.007284 0.182129 1.031494
v 0.009862 0.182018 1.031498
v 0.009862 0.182018 1.031498
v 0.009894 0.181493 1.005464
v -0.004858 0.181452 0.998533
v 0.007520 0.181369 0.998529
v 0.004804 0.166205 1.007740
v -0.002374 0.166251 1.007753
v -0.017969 0.174938 1.025615
v -0.017955 0.176956 1.025597
v -0.017973 0.173887 1.023813
v -0.017952 0.176872 1.021953
v -0.017966 0.174859 1.021993
v 0.008668 0.181443 0.925371
v -0.005905 0.181541 0.925394
v -0.001718 0.193623 1.035336
v -0.001720 0.192273 1.036708
v 0.004446 0.193581 1.035371
v 0.004447 0.192225 1.036695
v -0.001740 0.189469 1.036757
v 0.004430 0.189419 1.036696
v 0.012322 0.186350 0.911166
v 0.010624 0.186363 0.911188
v 0.012331 0.186291 0.908123
v 0.010633 0.186308 0.908143
v 0.009790 0.186337 0.909665
v 0.010488 0.164786 0.908282
v 0.012192 0.164774 0.908309
v 0.009646 0.164828 0.909824
v 0.012184 0.164838 0.911351
v 0.010480 0.164849 0.911324
v 0.000622 0.188301 1.170520
v 0.000620 0.188250 1.167596
v 0.000694 0.201080 1.175115
v 0.001636 0.201074 1.175117
v 0.001580 0.188293 1.170473
v 0.001578 0.188242 1.167549
v -0.007760 0.186424 0.908138
v -0.009455 0.186435 0.908111
v -0.006916 0.186450 0.909661
v -0.009463 0.186498 0.911154
v -0.007768 0.186483 0.911182
v -0.009610 0.164977 0.911340
v -0.007915 0.164965 0.911319
v -0.009602 0.164918 0.908297
v -0.007907 0.164906 0.908276
v -0.007061 0.164931 0.909798
v -0.007407 0.186598 0.917099
v -0.009846 0.186621 0.917506
v -0.007391 0.186404 0.907172
v -0.009839 0.186417 0.907169
v -0.009976 0.164181 0.907322
v -0.007528 0.164159 0.907328
v -0.009983 0.164390 0.917683
v -0.007544 0.164367 0.917276
v 0.009264 0.186709 0.927824
v 0.009262 0.186649 0.924733
v 0.009201 0.176535 0.924801
v 0.009162 0.170372 0.927936
v 0.009132 0.165191 0.927962
v 0.009130 0.165099 0.923348
v 0.009160 0.170270 0.923300
v 0.008599 0.170380 0.927934
v 0.008698 0.186718 0.927822
v 0.008699 0.186653 0.924732
v 0.008564 0.165102 0.923324
v 0.008566 0.165199 0.927959
v 0.003778 0.187426 1.129889
v 0.001248 0.188495 1.129817
v 0.004818 0.184878 1.129880
v -0.001297 0.187461 1.129880
v -0.002369 0.184924 1.129893
v -0.002418 0.176640 1.129914
v -0.001382 0.174085 1.129980
v 0.001149 0.173019 1.129977
v 0.003694 0.174059 1.129986
v 0.004763 0.176595 1.129949
v -0.002429 0.177039 1.150056
v -0.001392 0.174493 1.150120
v 0.001141 0.173422 1.150119
v 0.003683 0.174462 1.150128
v 0.004768 0.176990 1.150093
v 0.003768 0.187829 1.150006
v 0.001240 0.188898 1.149959
v 0.004823 0.185276 1.149998
v -0.001308 0.187855 1.149999
v -0.002377 0.185318 1.150012
v 0.001257 0.179381 1.059382
v 0.001242 0.179764 1.078776
v -0.001614 0.180581 1.059378
v -0.001630 0.180970 1.078795
v 0.001232 0.181494 1.105702
v -0.000812 0.182360 1.105701
v 0.001175 0.182978 1.179699
v -0.000881 0.183849 1.179745
v -0.002791 0.183464 1.059360
v -0.002804 0.183858 1.078800
v -0.001653 0.184425 1.105673
v -0.001722 0.185918 1.179692
v -0.000855 0.187972 1.179715
v -0.000786 0.186484 1.105695
v -0.001589 0.186721 1.078689
v -0.001574 0.186337 1.059295
v 0.001213 0.188804 1.179674
v 0.001269 0.187314 1.105630
v 0.001296 0.187891 1.078693
v 0.001308 0.187507 1.059299
v 0.003266 0.187943 1.179698
v 0.003335 0.186455 1.105702
v 0.004151 0.186690 1.078721
v 0.004176 0.186307 1.059327
v 0.004094 0.185878 1.179726
v 0.004163 0.184395 1.105729
v 0.005325 0.183800 1.078766
v 0.005338 0.183411 1.059348
v 0.004139 0.180550 1.059361
v 0.004114 0.180934 1.078780
v 0.003309 0.182331 1.105709
v 0.003240 0.183824 1.179727
v 0.001257 0.179381 1.059382
v 0.001242 0.179764 1.078776
v 0.001232 0.181494 1.105702
v 0.001175 0.182978 1.179699
v 0.027876 0.167628 1.012737
v 0.018119 0.174295 1.012666
v 0.027858 0.167932 1.027976
v 0.018114 0.174599 1.027905
v 0.012228 0.183336 1.027829
v 0.012247 0.183026 1.012567
v 0.007189 0.183785 1.012565
v 0.007183 0.184094 1.027803
v -0.005919 0.179120 0.934260
v -0.004815 0.179112 0.934262
v -0.005907 0.181715 0.934258
v 0.007547 0.179040 0.934281
v 0.008651 0.179023 0.934285
v 0.008669 0.181612 0.934236
v 0.004117 0.176924 0.920565
v -0.001388 0.176949 0.920558
v 0.005242 0.174166 0.920579
v 0.004081 0.171419 0.920591
v 0.001321 0.170289 0.920578
v -0.001420 0.171448 0.920583
v -0.002536 0.174211 0.920568
v 0.001175 0.182978 1.179699
v 0.003240 0.183824 1.179727
v -0.000881 0.183849 1.179745
v 0.004094 0.185878 1.179726
v 0.003266 0.187943 1.179698
v -0.000855 0.187972 1.179715
v -0.001722 0.185918 1.179692
v 0.003747 0.177282 1.164146
v 0.003004 0.179123 1.164144
v 0.002985 0.175452 1.164145
v 0.001165 0.179900 1.164114
v -0.000675 0.179149 1.164137
v -0.001440 0.177323 1.164136
v -0.000697 0.175478 1.164138
v 0.001132 0.174706 1.164167
v -0.000485 0.187968 1.199269
v 0.002849 0.187954 1.199249
v -0.001171 0.186298 1.199257
v -0.000502 0.184632 1.199268
v 0.001166 0.183938 1.199279
v 0.002826 0.184618 1.199296
v 0.003528 0.186279 1.199286
v -0.005373 0.180164 0.934244
v -0.005268 0.182790 0.934211
v 0.008046 0.182712 0.934279
v 0.008117 0.180079 0.934266
v 0.003004 0.173404 1.059393
v 0.002959 0.174433 1.110664
v 0.001214 0.172676 1.059435
v 0.001169 0.173705 1.110682
v 0.003415 0.173983 1.111227
v 0.001160 0.173070 1.111262
v 0.003381 0.174805 1.152088
v 0.001138 0.173888 1.152100
v 0.002982 0.175225 1.152600
v 0.001141 0.174469 1.152600
v 0.002985 0.175452 1.164145
v 0.001132 0.174706 1.164167
v 0.003747 0.177282 1.164146
v 0.003756 0.177055 1.152601
v 0.004323 0.177037 1.152096
v 0.004342 0.176219 1.111233
v 0.003708 0.176218 1.110675
v 0.003753 0.175184 1.059405
v 0.003004 0.179123 1.164144
v 0.003001 0.178900 1.152598
v 0.003409 0.179286 1.152050
v 0.003443 0.178473 1.111211
v 0.002981 0.178008 1.110660
v 0.003026 0.176974 1.059390
v 0.001174 0.179663 1.152571
v 0.001179 0.180235 1.152054
v 0.001198 0.179418 1.111216
v 0.001201 0.178747 1.110615
v 0.001246 0.177729 1.059414
v -0.000675 0.179149 1.164137
v -0.000666 0.178922 1.152617
v -0.001079 0.179322 1.152065
v -0.001044 0.178495 1.111229
v -0.000589 0.178028 1.110655
v -0.000545 0.176990 1.059385
v -0.001440 0.177323 1.164136
v -0.001431 0.177092 1.152616
v -0.002005 0.177085 1.152060
v -0.001971 0.176254 1.111200
v -0.001330 0.176243 1.110644
v -0.001297 0.175215 1.059397
v -0.000697 0.175478 1.164138
v -0.000688 0.175251 1.152618
v -0.001104 0.174832 1.152082
v -0.001069 0.174010 1.111244
v -0.000611 0.174458 1.110658
v -0.000566 0.173416 1.059390
v 0.001132 0.174706 1.164167
v 0.001141 0.174469 1.152600
v 0.001138 0.173888 1.152100
v 0.001160 0.173070 1.111262
v 0.001169 0.173705 1.110682
v 0.001214 0.172676 1.059435
v 0.006069 0.183405 1.059326
v 0.004693 0.186816 1.059310
v 0.004209 0.178111 1.059401
v 0.001310 0.188240 1.059304
v -0.002090 0.186854 1.059300
v -0.003516 0.183473 1.059333
v -0.001715 0.178142 1.059345
v -0.002964 0.175180 1.059356
v -0.001753 0.172211 1.059394
v 0.001202 0.170969 1.059455
v 0.004174 0.172180 1.059451
v 0.005414 0.175131 1.059369
v -0.002090 0.186854 1.059300
v -0.002073 0.186299 1.031478
v -0.003516 0.183473 1.059333
v -0.003499 0.182913 1.031488
v -0.001708 0.177587 1.031523
v -0.001715 0.178142 1.059345
v -0.002964 0.175180 1.059356
v -0.002944 0.174630 1.031533
v -0.001753 0.172211 1.059394
v -0.001746 0.171656 1.031572
v 0.001202 0.170969 1.059455
v 0.001221 0.170404 1.031587
v 0.001327 0.187675 1.031460
v 0.004713 0.186261 1.031488
v 0.004693 0.186816 1.059310
v 0.006089 0.182845 1.031481
v 0.006069 0.183405 1.059326
v 0.004229 0.177556 1.031579
v 0.004209 0.178111 1.059401
v 0.005434 0.174571 1.031548
v 0.005414 0.175131 1.059369
v 0.004191 0.171625 1.031628
v 0.004174 0.172180 1.059451
v 0.001221 0.170404 1.031587
v 0.001202 0.170969 1.059455
v 0.003681 0.174379 1.146022
v 0.001139 0.173341 1.146037
v 0.004765 0.176917 1.146010
v -0.001395 0.174411 1.146039
v -0.002431 0.176957 1.145975
v -0.001359 0.179499 1.145961
v 0.003716 0.179467 1.145944
v -0.001340 0.182694 1.145970
v 0.003735 0.182658 1.145954
v -0.002380 0.185246 1.145953
v 0.004820 0.185199 1.145940
v 0.003765 0.187747 1.145925
v 0.001238 0.188821 1.145901
v -0.001311 0.187778 1.145917
v -0.001300 0.187374 1.125775
v 0.001258 0.188413 1.125760
v -0.002360 0.184832 1.125789
v 0.003788 0.187343 1.125783
v 0.004827 0.184791 1.125800
v 0.003755 0.182254 1.125812
v -0.001333 0.182285 1.125805
v 0.003736 0.179059 1.125804
v -0.001352 0.179095 1.125795
v 0.004772 0.176514 1.125892
v -0.002408 0.176548 1.125810
v -0.001387 0.174007 1.125897
v 0.001158 0.172937 1.125896
v 0.003700 0.173977 1.125905
v 0.007520 0.181369 0.998529
v 0.009894 0.181493 1.005464
v 0.009910 0.185353 1.011824
v 0.009897 0.185699 1.029311
v 0.009881 0.182957 1.029297
v 0.009862 0.182018 1.031498
v 0.009894 0.182611 1.011811
v 0.001141 0.173422 1.150119
v 0.001139 0.173341 1.146037
v 0.003683 0.174462 1.150128
v 0.003681 0.174379 1.146022
v 0.003719 0.179554 1.150049
v 0.003716 0.179467 1.145944
v 0.003735 0.182658 1.145954
v 0.003738 0.182740 1.150035
v 0.003768 0.187829 1.150006
v 0.003765 0.187747 1.145925
v 0.001240 0.188898 1.149959
v 0.001238 0.188821 1.145901
v -0.001308 0.187855 1.149999
v -0.001311 0.187778 1.145917
v -0.002377 0.185318 1.150012
v -0.002380 0.185246 1.145953
v -0.001337 0.182766 1.150029
v -0.001340 0.182694 1.145970
v -0.001359 0.179499 1.145961
v -0.001356 0.179581 1.150042
v -0.002429 0.177039 1.150056
v -0.002431 0.176957 1.145975
v -0.001392 0.174493 1.150120
v -0.001395 0.174411 1.146039
v 0.001141 0.173422 1.150119
v 0.001139 0.173341 1.146037
v 0.001158 0.172937 1.125896
v 0.001149 0.173019 1.129977
v -0.001387 0.174007 1.125897
v -0.001382 0.174085 1.129980
v -0.002408 0.176548 1.125810
v -0.002418 0.176640 1.129914
v -0.001352 0.179095 1.125795
v -0.001346 0.179173 1.129902
v -0.001330 0.182368 1.129910
v -0.001333 0.182285 1.125805
v -0.002360 0.184832 1.125789
v -0.002369 0.184924 1.129893
v -0.001300 0.187374 1.125775
v -0.001297 0.187461 1.129880
v 0.001258 0.188413 1.125760
v 0.001248 0.188495 1.129817
v 0.003788 0.187343 1.125783
v 0.003778 0.187426 1.129889
v 0.003755 0.182254 1.125812
v 0.003746 0.182337 1.129918
v 0.003730 0.179146 1.129908
v 0.003736 0.179059 1.125804
v 0.003700 0.173977 1.125905
v 0.003694 0.174059 1.129986
v 0.001158 0.172937 1.125896
v 0.001149 0.173019 1.129977
v -0.059801 -0.349641 1.198198
v -0.064523 -0.349824 1.187419
v -0.059818 -0.354264 1.187473
v -0.064497 -0.350542 1.151652
v -0.059753 -0.350787 1.140888
v -0.059788 -0.354982 1.151706
v -0.059788 -0.354982 1.151706
v -0.059753 -0.350787 1.140888
v -0.055027 -0.350604 1.151667
v -0.055053 -0.349880 1.187457
v -0.059801 -0.349641 1.198198
v -0.059818 -0.354264 1.187473
v -0.058867 -0.217608 1.120153
v -0.064996 -0.217359 1.130892
v -0.058941 -0.215798 1.210379
v -0.052812 -0.216057 1.199619
v -0.052786 -0.217439 1.130912
v -0.058867 -0.217608 1.120153
v -0.065034 -0.215977 1.199575
v -0.058941 -0.215798 1.210379
v -0.065034 -0.215977 1.199575
v -0.064996 -0.217359 1.130892
v 0.059952 -0.350627 1.187548
v 0.055220 -0.350377 1.198335
v 0.055191 -0.355015 1.187564
v 0.055256 -0.351537 1.140980
v 0.059978 -0.351349 1.151783
v 0.055217 -0.355733 1.151798
v 0.055256 -0.351537 1.140980
v 0.055217 -0.355733 1.151798
v 0.050508 -0.351288 1.151743
v 0.055220 -0.350377 1.198335
v 0.050482 -0.350571 1.187510
v 0.055191 -0.355015 1.187564
v 0.056138 -0.218359 1.120245
v 0.062231 -0.218185 1.131027
v 0.056065 -0.216539 1.210493
v 0.049971 -0.216722 1.199689
v 0.056138 -0.218359 1.120245
v 0.050009 -0.218105 1.130982
v 0.056065 -0.216539 1.210493
v 0.062193 -0.216802 1.199734
v 0.062193 -0.216802 1.199734
v 0.062231 -0.218185 1.131027
v 0.009713 0.122909 -0.253392
v 0.009915 0.148804 -0.286901
v 0.009705 0.123334 -0.232455
v 0.009897 0.149228 -0.266012
v -0.005546 0.123436 -0.232481
v -0.005366 0.149326 -0.266012
v -0.005538 0.123017 -0.253371
v -0.005345 0.148906 -0.286927
v -0.001023 0.120417 -0.259505
v -0.000828 0.146315 -0.292917
v -0.001023 0.120417 -0.259505
v -0.000828 0.146315 -0.292917
v 0.005175 0.120372 -0.259566
v 0.005377 0.146262 -0.293074
v 0.053931 0.097362 -0.231623
v 0.054010 0.109969 -0.231719
v 0.079769 0.097736 -0.204944
v 0.079848 0.110334 -0.205063
v 0.093754 0.098345 -0.170243
v 0.093839 0.110944 -0.170313
v 0.093734 0.099104 -0.132617
v 0.093819 0.111698 -0.132687
v 0.079696 0.099888 -0.097887
v 0.079778 0.112486 -0.098005
v 0.083734 0.112716 -0.207394
v 0.098318 0.113341 -0.171264
v 0.098202 0.114127 -0.132141
v 0.083762 0.117635 -0.207434
v 0.098349 0.118265 -0.171281
v 0.098237 0.119045 -0.132229
v 0.083493 0.119878 -0.096006
v 0.083465 0.114954 -0.095989
v -0.011899 0.097973 -0.222675
v -0.016414 0.097531 -0.246108
v 0.015614 0.097789 -0.222677
v 0.020161 0.097294 -0.246048
v -0.090126 0.099539 -0.170349
v -0.090047 0.112141 -0.170469
v -0.076101 0.098740 -0.205125
v -0.076010 0.111343 -0.205220
v -0.090080 0.112891 -0.132841
v -0.090159 0.100288 -0.132746
v -0.076082 0.113500 -0.098139
v -0.076173 0.100892 -0.098043
v -0.050335 0.101262 -0.071388
v -0.050247 0.113865 -0.071459
v -0.094511 0.115389 -0.131973
v -0.094393 0.114599 -0.171120
v -0.079937 0.116025 -0.095797
v -0.094364 0.119523 -0.171136
v -0.094477 0.120307 -0.132061
v -0.079893 0.120939 -0.095860
v -0.052853 0.121320 -0.068261
v -0.052888 0.116402 -0.068173
v 0.093905 0.120764 -0.170413
v 0.098349 0.118265 -0.171281
v 0.079910 0.120154 -0.205163
v 0.083762 0.117635 -0.207434
v 0.093885 0.121513 -0.132810
v 0.098237 0.119045 -0.132229
v 0.079841 0.122306 -0.098105
v 0.083493 0.119878 -0.096006
v 0.053948 0.123010 -0.071462
v 0.056315 0.120607 -0.068324
v 0.020167 0.123515 -0.057098
v 0.020865 0.121144 -0.053314
v -0.050181 0.123685 -0.071559
v -0.052853 0.121320 -0.068261
v -0.016415 0.123757 -0.057135
v -0.017471 0.121398 -0.053232
v -0.076022 0.123316 -0.098214
v -0.079893 0.120939 -0.095860
v -0.090014 0.122711 -0.132941
v -0.094477 0.120307 -0.132061
v -0.089982 0.121961 -0.170569
v -0.094364 0.119523 -0.171136
v -0.075950 0.121159 -0.205295
v -0.079649 0.118701 -0.207289
v -0.050058 0.120469 -0.231893
v -0.052458 0.117968 -0.234970
v -0.016276 0.119960 -0.246280
v -0.017006 0.117433 -0.250030
v 0.054072 0.119789 -0.231819
v 0.056713 0.117257 -0.235082
v 0.020318 0.119716 -0.246267
v 0.021327 0.117186 -0.250064
v 0.036440 0.166019 -0.071466
v 0.036404 0.158480 -0.073675
v 0.037838 0.165631 -0.069850
v 0.037794 0.158370 -0.071952
v 0.037853 0.167184 -0.072723
v 0.037806 0.158902 -0.075153
v 0.036169 0.121065 -0.076291
v 0.037552 0.120928 -0.074562
v 0.039191 0.158471 -0.073648
v 0.039243 0.166009 -0.071463
v 0.037875 0.170288 -0.067235
v 0.036473 0.170958 -0.068551
v 0.037888 0.173057 -0.068926
v 0.037565 0.121492 -0.077746
v 0.038968 0.121045 -0.076286
v 0.039287 0.170948 -0.068548
v 0.037883 0.172530 -0.062985
v 0.036478 0.173256 -0.064119
v 0.037899 0.175505 -0.063873
v 0.039293 0.173241 -0.064115
v -0.032160 0.158929 -0.073739
v -0.032124 0.166477 -0.071508
v -0.033561 0.158834 -0.072020
v -0.033514 0.166100 -0.069895
v -0.033548 0.159366 -0.075221
v -0.033501 0.167652 -0.072768
v -0.033802 0.121392 -0.074606
v -0.032399 0.121508 -0.076379
v -0.034923 0.166487 -0.071535
v -0.034963 0.158939 -0.073742
v -0.032092 0.171407 -0.068591
v -0.033495 0.170757 -0.067256
v -0.033476 0.173521 -0.068970
v -0.033792 0.121961 -0.077766
v -0.035197 0.121519 -0.076381
v -0.034894 0.171421 -0.068619
v -0.033483 0.173004 -0.063007
v -0.032087 0.173700 -0.064183
v -0.033455 0.175968 -0.063941
v -0.034885 0.173719 -0.064187
v 0.078744 0.140585 -0.130701
v 0.081131 0.140834 -0.130538
v 0.077582 0.144984 -0.126402
v 0.080012 0.145180 -0.126301
v 0.078699 0.119697 -0.133349
v 0.081128 0.119683 -0.133370
v 0.082382 0.119608 -0.135512
v 0.082431 0.141199 -0.132633
v 0.077508 0.119636 -0.135568
v 0.077598 0.140732 -0.132869
v 0.081125 0.146991 -0.127460
v 0.058194 0.168578 -0.074440
v 0.055802 0.168450 -0.074921
v 0.059415 0.170636 -0.074879
v 0.076305 0.146600 -0.127761
v 0.054635 0.170418 -0.075752
v 0.081279 0.141344 -0.134849
v 0.079854 0.148621 -0.128773
v 0.078839 0.141125 -0.134946
v 0.077468 0.148405 -0.128919
v 0.055323 0.170571 -0.067975
v 0.053204 0.170192 -0.069200
v 0.081129 0.119548 -0.137731
v 0.078700 0.119566 -0.137711
v 0.056379 0.172724 -0.067999
v 0.052153 0.172061 -0.070422
v 0.055841 0.172477 -0.076119
v 0.058224 0.172604 -0.075710
v 0.053222 0.174208 -0.070468
v 0.055337 0.174599 -0.069173
v 0.050302 0.172084 -0.063052
v 0.050924 0.174390 -0.062601
v 0.048512 0.173168 -0.066790
v 0.049085 0.171450 -0.065166
v 0.043532 0.175028 -0.060708
v 0.043537 0.176692 -0.062514
v 0.002214 0.175289 -0.060774
v 0.002231 0.176960 -0.062484
v 0.050329 0.176108 -0.064249
v 0.043530 0.175955 -0.064895
v 0.049112 0.175478 -0.066364
v 0.043524 0.173595 -0.065504
v 0.043507 0.172670 -0.061245
v 0.002204 0.172941 -0.061289
v 0.043509 0.171934 -0.063602
v -0.077031 0.141860 -0.130651
v -0.074641 0.141587 -0.130807
v -0.075863 0.146190 -0.126433
v -0.073426 0.145964 -0.126528
v -0.077307 0.120711 -0.133508
v -0.074872 0.120694 -0.133504
v -0.078538 0.120652 -0.135678
v -0.078309 0.142244 -0.132726
v -0.073668 0.120618 -0.135669
v -0.073485 0.141717 -0.132995
v -0.076937 0.148012 -0.127572
v -0.053826 0.169309 -0.074527
v -0.051456 0.169151 -0.075001
v -0.055014 0.171378 -0.074969
v -0.050222 0.171103 -0.075804
v -0.072116 0.147566 -0.127907
v -0.077156 0.142366 -0.135010
v -0.075655 0.149643 -0.128861
v -0.074726 0.142119 -0.135075
v -0.073255 0.149394 -0.128998
v -0.048820 0.170857 -0.069247
v -0.050928 0.171265 -0.068077
v -0.077307 0.120575 -0.137892
v -0.074871 0.120559 -0.137864
v -0.051971 0.173433 -0.068080
v -0.047745 0.172711 -0.070489
v -0.051417 0.173169 -0.076220
v -0.053793 0.173340 -0.075750
v -0.050901 0.175283 -0.069297
v -0.048796 0.174878 -0.070540
v -0.046495 0.175017 -0.062711
v -0.045913 0.172708 -0.063113
v -0.044695 0.172067 -0.065200
v -0.044099 0.173777 -0.066846
v -0.039087 0.177226 -0.062551
v -0.039108 0.175567 -0.060747
v -0.045895 0.176735 -0.064359
v -0.044668 0.176085 -0.066420
v -0.039094 0.176488 -0.064957
v -0.039094 0.174137 -0.065568
v -0.039114 0.173212 -0.061333
v -0.039125 0.172476 -0.063690
v -0.010527 0.123795 -0.215969
v -0.010684 0.101382 -0.215751
v 0.014657 0.123634 -0.215904
v 0.014519 0.101219 -0.215759
v 0.015507 0.100654 -0.080337
v 0.020010 0.101092 -0.056879
v -0.012019 0.100834 -0.080333
v -0.016553 0.101333 -0.056963
v 0.015768 0.120217 -0.222825
v -0.011755 0.120400 -0.222871
v -0.037171 0.120778 -0.212068
v -0.056656 0.121316 -0.192008
v -0.067197 0.121903 -0.165894
v -0.067223 0.122471 -0.137590
v -0.056710 0.122925 -0.111465
v -0.037274 0.123199 -0.091412
v -0.011877 0.123262 -0.080530
v 0.015658 0.123083 -0.080485
v 0.041074 0.122701 -0.091311
v 0.060543 0.122168 -0.111347
v 0.071100 0.121576 -0.137461
v 0.071114 0.121002 -0.165812
v 0.060614 0.120545 -0.191912
v 0.041177 0.120271 -0.211964
v 0.056713 0.117257 -0.235082
v 0.056685 0.112332 -0.235065
v -0.079649 0.118701 -0.207289
v -0.079681 0.113781 -0.207249
v 0.002227 0.176216 -0.064961
v 0.002221 0.173871 -0.065525
v 0.002191 0.172200 -0.063669
v -0.010512 0.120475 -0.259495
v -0.010498 0.123046 -0.253427
v 0.014660 0.120306 -0.259549
v 0.014677 0.122883 -0.253386
v -0.037419 0.100786 -0.091171
v -0.037274 0.123199 -0.091412
v -0.012019 0.100834 -0.080333
v -0.011877 0.123262 -0.080530
v 0.015507 0.100654 -0.080337
v 0.015658 0.123083 -0.080485
v -0.056710 0.122925 -0.111465
v -0.056867 0.100507 -0.111247
v -0.067223 0.122471 -0.137590
v -0.067365 0.100048 -0.137418
v -0.067197 0.121903 -0.165894
v -0.067335 0.099480 -0.165723
v -0.056656 0.121316 -0.192008
v -0.056809 0.098884 -0.191811
v -0.037171 0.120778 -0.212068
v -0.037315 0.098356 -0.211824
v -0.011755 0.120400 -0.222871
v -0.011899 0.097973 -0.222675
v 0.015768 0.120217 -0.222825
v 0.015614 0.097789 -0.222677
v 0.041177 0.120271 -0.211964
v 0.041027 0.097852 -0.211794
v 0.060614 0.120545 -0.191912
v 0.060475 0.098126 -0.191741
v 0.071114 0.121002 -0.165812
v 0.070960 0.098580 -0.165593
v 0.071100 0.121576 -0.137461
v 0.070946 0.099148 -0.137265
v 0.060543 0.122168 -0.111347
v 0.060405 0.099740 -0.111175
v 0.041074 0.122701 -0.091311
v 0.040923 0.100268 -0.091162
v 0.015658 0.123083 -0.080485
v 0.015507 0.100654 -0.080337
v 0.014629 0.115377 -0.259508
v 0.014660 0.120306 -0.259549
v 0.014574 0.106377 -0.253260
v 0.014677 0.122883 -0.253386
v 0.014546 0.103247 -0.246079
v 0.014657 0.123634 -0.215904
v 0.014519 0.101219 -0.215759
v -0.010512 0.120475 -0.259495
v -0.010540 0.115542 -0.259452
v -0.010604 0.106540 -0.253253
v -0.010626 0.103409 -0.246120
v -0.010684 0.101382 -0.215751
v -0.016553 0.101333 -0.056963
v -0.016477 0.113937 -0.057035
v -0.017502 0.116473 -0.053215
v -0.017471 0.121398 -0.053232
v 0.020010 0.101092 -0.056879
v 0.020092 0.113700 -0.056975
v 0.020837 0.116220 -0.053297
v 0.020865 0.121144 -0.053314
v 0.053804 0.100588 -0.071242
v 0.053883 0.113196 -0.071339
v 0.020010 0.101092 -0.056879
v 0.020092 0.113700 -0.056975
v 0.056287 0.115687 -0.068284
v 0.020837 0.116220 -0.053297
v 0.056315 0.120607 -0.068324
v 0.020865 0.121144 -0.053314
v -0.000828 0.146315 -0.292917
v 0.005377 0.146262 -0.293074
v 0.009915 0.148804 -0.286901
v 0.009897 0.149228 -0.266012
v -0.005546 0.123436 -0.232481
v 0.009705 0.123334 -0.232455
v 0.020161 0.097294 -0.246048
v 0.020240 0.109897 -0.246143
v 0.021299 0.112266 -0.250024
v 0.021327 0.117186 -0.250064
v -0.016414 0.097531 -0.246108
v -0.016342 0.110135 -0.246179
v -0.017053 0.112511 -0.249940
v -0.017006 0.117433 -0.250030
v -0.050196 0.098045 -0.231722
v -0.050120 0.110644 -0.231792
v -0.052490 0.113048 -0.234930
v -0.052458 0.117968 -0.234970
v -0.010626 0.103409 -0.246120
v -0.010604 0.106540 -0.253253
v 0.014546 0.103247 -0.246079
v 0.014574 0.106377 -0.253260
v -0.010540 0.115542 -0.259452
v 0.014629 0.115377 -0.259508
v -0.050196 0.098045 -0.231722
v -0.037315 0.098356 -0.211824
v -0.076101 0.098740 -0.205125
v -0.056809 0.098884 -0.191811
v -0.090126 0.099539 -0.170349
v -0.067335 0.099480 -0.165723
v -0.090159 0.100288 -0.132746
v -0.067365 0.100048 -0.137418
v -0.076173 0.100892 -0.098043
v -0.056867 0.100507 -0.111247
v -0.050335 0.101262 -0.071388
v -0.037419 0.100786 -0.091171
v 0.041027 0.097852 -0.211794
v 0.053931 0.097362 -0.231623
v 0.060475 0.098126 -0.191741
v 0.079769 0.097736 -0.204944
v 0.070960 0.098580 -0.165593
v 0.093754 0.098345 -0.170243
v 0.070946 0.099148 -0.137265
v 0.093734 0.099104 -0.132617
v 0.060405 0.099740 -0.111175
v 0.079696 0.099888 -0.097887
v 0.040923 0.100268 -0.091162
v 0.053804 0.100588 -0.071242
v 0.050242 0.317405 0.709334
v 0.049099 0.317516 0.709067
v 0.049582 0.317453 0.711798
v 0.041512 0.318233 0.707036
v 0.049582 0.317453 0.711798
v 0.049111 0.317515 0.709067
v 0.049582 0.317453 0.711798
v 0.046986 0.317710 0.710284
v 0.029673 0.318018 0.732239
v 0.031866 0.318131 0.725761
v 0.028165 0.318232 0.729571
v 0.029673 0.318018 0.732239
v 0.031866 0.318131 0.725761
v 0.024860 0.318073 0.733536
v 0.029673 0.318018 0.732239
v 0.021999 0.318886 0.722484
v 0.023426 0.318930 0.721262
v 0.026864 0.332216 0.727199
v 0.021982 0.318940 0.721623
v 0.023426 0.318930 0.721262
v 0.023465 0.330403 0.727146
v 0.023621 0.330489 0.727151
v 0.026864 0.332216 0.727199
v 0.023837 0.332254 0.727991
v 0.026899 0.337707 0.727152
v 0.023837 0.332254 0.727991
v 0.026864 0.332216 0.727199
v 0.023864 0.337059 0.727952
v 0.023864 0.337059 0.727952
v 0.026899 0.337707 0.727152
v 0.023869 0.337745 0.727943
v 0.023869 0.337745 0.727943
v 0.024128 0.347453 0.721852
v 0.022550 0.347472 0.722309
v 0.026899 0.337707 0.727152
v 0.044695 0.331712 0.708660
v 0.023426 0.318930 0.721262
v 0.038799 0.318491 0.705376
v 0.023426 0.318930 0.721262
v 0.044695 0.331712 0.708660
v 0.026864 0.332216 0.727199
v 0.044727 0.337203 0.708613
v 0.026864 0.332216 0.727199
v 0.044695 0.331712 0.708660
v 0.026864 0.332216 0.727199
v 0.044727 0.337203 0.708613
v 0.026899 0.337707 0.727152
v 0.030144 0.343022 0.719333
v 0.044727 0.337203 0.708613
v 0.042016 0.342689 0.706965
v 0.026899 0.337707 0.727152
v 0.025402 0.343046 0.724252
v 0.026899 0.337707 0.727152
v 0.030066 0.342912 0.719455
v 0.041570 0.324716 0.706935
v 0.044917 0.331696 0.707790
v 0.044695 0.331712 0.708660
v 0.044919 0.331893 0.707795
v 0.044695 0.331712 0.708660
v 0.044917 0.331696 0.707790
v 0.044695 0.331712 0.708660
v 0.044919 0.331893 0.707795
v 0.044727 0.337203 0.708613
v 0.044953 0.337187 0.707743
v 0.024860 0.318073 0.733536
v 0.024940 0.317136 0.733965
v 0.029673 0.318018 0.732239
v 0.030609 0.312552 0.734173
v 0.024878 0.317122 0.733944
v 0.025288 0.312630 0.735683
v 0.029673 0.318018 0.732239
v 0.029673 0.318018 0.732239
v 0.030609 0.312552 0.734173
v 0.049582 0.317453 0.711798
v 0.051299 0.311975 0.712983
v 0.049582 0.317453 0.711798
v 0.030609 0.312552 0.734173
v 0.050242 0.317405 0.709334
v 0.049582 0.317453 0.711798
v 0.051895 0.312487 0.709859
v 0.051299 0.311975 0.712983
v 0.051880 0.312484 0.709908
v 0.051299 0.311975 0.712983
v 0.052075 0.311911 0.709940
v 0.066713 0.303173 0.786265
v 0.016400 0.304487 0.752628
v 0.072206 0.302944 0.777463
v 0.039887 0.303531 0.714978
v 0.079497 0.301168 0.712873
v 0.070842 0.302976 0.774860
v 0.038766 0.303564 0.712836
v 0.079420 0.302471 0.774854
v 0.079420 0.302471 0.774854
v 0.086338 0.301342 0.748253
v 0.086301 0.301906 0.774861
v 0.084066 0.300788 0.712862
v 0.079497 0.301168 0.712873
v 0.079890 0.311740 0.775824
v 0.020693 0.314309 0.764634
v 0.078176 0.311889 0.781928
v 0.037473 0.312946 0.705120
v 0.045425 0.312607 0.707551
v 0.044932 0.312631 0.706575
v 0.088756 0.311081 0.745407
v 0.089321 0.310831 0.721592
v 0.079416 0.311759 0.774873
# num_vertices: 6635

vt 0.162964 0.364746
vt 0.180298 0.364746
vt 0.162964 0.353027
vt 0.180298 0.353027
vt 0.090149 0.352539
vt 0.090149 0.357422
vt 0.088745 0.352539
vt 0.088745 0.357422
vt 0.091675 0.357422
vt 0.091675 0.352539
vt 0.093201 0.357422
vt 0.093201 0.352539
vt 0.094604 0.357422
vt 0.094604 0.352539
vt 0.096008 0.357422
vt 0.096008 0.352539
vt 0.097534 0.357422
vt 0.097534 0.352539
vt 0.099060 0.357422
vt 0.099060 0.352539
vt 0.100464 0.357422
vt 0.100464 0.352539
vt 0.121277 0.339355
vt 0.134399 0.336914
vt 0.121277 0.327637
vt 0.135498 0.335449
vt 0.135498 0.331543
vt 0.134399 0.330078
vt 0.121277 0.327637
vt 0.134399 0.330078
vt 0.121277 0.339355
vt 0.135498 0.331543
vt 0.135498 0.335449
vt 0.134399 0.336914
vt 0.147095 0.341797
vt 0.147095 0.343262
vt 0.145508 0.341797
vt 0.145508 0.343262
vt 0.145508 0.347168
vt 0.147095 0.347168
vt 0.147095 0.348633
vt 0.145508 0.348633
vt 0.162964 0.351074
vt 0.161255 0.351074
vt 0.162964 0.339355
vt 0.161255 0.339355
vt 0.148193 0.348633
vt 0.147095 0.347168
vt 0.147095 0.343262
vt 0.148193 0.341797
vt 0.137085 0.330078
vt 0.137085 0.331543
vt 0.135498 0.330078
vt 0.135498 0.331543
vt 0.135498 0.335449
vt 0.137085 0.335449
vt 0.137085 0.336914
vt 0.135498 0.336914
vt 0.180298 0.351074
vt 0.180298 0.339355
vt 0.162964 0.351074
vt 0.162964 0.339355
vt 0.161255 0.339355
vt 0.161255 0.351074
vt 0.148193 0.341797
vt 0.147095 0.343262
vt 0.147095 0.347168
vt 0.148193 0.348633
vt 0.180298 0.366211
vt 0.180298 0.353027
vt 0.181885 0.366211
vt 0.181885 0.353027
vt 0.180298 0.351074
vt 0.162964 0.351074
vt 0.162964 0.353027
vt 0.161499 0.353027
vt 0.162964 0.366211
vt 0.161499 0.366211
vt 0.181885 0.366211
vt 0.181885 0.353027
vt 0.180298 0.366211
vt 0.161499 0.353027
vt 0.161499 0.366211
vt 0.162964 0.366211
vt 0.783691 0.432129
vt 0.799316 0.432129
vt 0.783691 0.404785
vt 0.783691 0.432129
vt 0.783691 0.404785
vt 0.799316 0.432129
vt 0.783691 0.404785
vt 0.799316 0.432129
vt 0.783691 0.432129
vt 0.783691 0.432129
vt 0.799316 0.432129
vt 0.783691 0.404785
vt 0.385742 0.937744
vt 0.385742 0.888306
vt 0.475830 0.937744
vt 0.475830 0.888306
vt 0.601563 0.723145
vt 0.583008 0.723145
vt 0.601563 0.723145
vt 0.583008 0.723145
vt 0.385742 0.725098
vt 0.485107 0.725098
vt 0.385742 0.839844
vt 0.485107 0.839844
vt 0.501953 0.977737
vt 0.618164 0.977737
vt 0.501953 0.993137
vt 0.618164 0.993137
vt 0.501953 0.977737
vt 0.618164 0.977737
vt 0.501953 0.993137
vt 0.618164 0.993137
vt 0.083557 0.852783
vt 0.024597 0.852783
vt 0.083557 0.991669
vt 0.024597 0.991669
vt 0.257324 0.839844
vt 0.257324 0.725098
vt 0.385742 0.839844
vt 0.385742 0.725098
vt 0.525391 0.725098
vt 0.578613 0.725098
vt 0.525391 0.839844
vt 0.578613 0.839844
vt 0.580566 0.496094
vt 0.580566 0.572021
vt 0.356445 0.496094
vt 0.356445 0.572021
vt 0.099487 0.572021
vt 0.085083 0.572021
vt 0.099487 0.710205
vt 0.085083 0.710205
vt 0.332031 0.572021
vt 0.332031 0.496094
vt 0.099487 0.710205
vt 0.085083 0.710205
vt 0.099487 0.572021
vt 0.085083 0.572021
vt 0.024597 0.852783
vt 0.009323 0.852783
vt 0.024597 0.991669
vt 0.009323 0.991669
vt 0.083557 0.991669
vt 0.098816 0.991669
vt 0.083557 0.852783
vt 0.098816 0.852783
vt 0.663574 0.972000
vt 0.663574 0.842285
vt 0.577148 0.972000
vt 0.577148 0.841309
vt 0.501953 0.977737
vt 0.618164 0.977737
vt 0.501953 0.993137
vt 0.618164 0.993137
vt 0.525391 0.725098
vt 0.525391 0.839844
vt 0.485107 0.725098
vt 0.485107 0.839844
vt 0.112549 0.725098
vt 0.257324 0.725098
vt 0.112549 0.839844
vt 0.257324 0.839844
vt 0.041473 0.847900
vt 0.041473 0.758545
vt 0.063354 0.847900
vt 0.063354 0.758545
vt 0.498535 0.977188
vt 0.498535 0.996620
vt 0.351807 0.977188
vt 0.351807 0.996620
vt 0.317383 0.680420
vt 0.124817 0.680420
vt 0.317383 0.607910
vt 0.124817 0.607910
vt 0.386719 0.347656
vt 0.418945 0.347656
vt 0.386719 0.390137
vt 0.418945 0.390137
vt 0.418945 0.229980
vt 0.418945 0.272461
vt 0.386719 0.229980
vt 0.386719 0.272461
vt 0.320313 0.391602
vt 0.336670 0.356934
vt 0.381836 0.391602
vt 0.365723 0.356934
vt 0.365723 0.356934
vt 0.336670 0.356934
vt 0.381836 0.391602
vt 0.320313 0.391602
vt 0.217651 0.765015
vt 0.217651 0.799805
vt 0.155151 0.765015
vt 0.155151 0.799805
vt 0.666504 0.730713
vt 0.607910 0.730713
vt 0.666504 0.745850
vt 0.607910 0.752930
vt 0.607910 0.730713
vt 0.666504 0.730713
vt 0.607910 0.752930
vt 0.666504 0.745850
vt 0.666504 0.745850
vt 0.666504 0.720459
vt 0.607910 0.752930
vt 0.607910 0.720459
vt 0.666504 0.800659
vt 0.666504 0.755005
vt 0.657715 0.800659
vt 0.657227 0.770264
vt 0.607910 0.720459
vt 0.666504 0.720459
vt 0.607910 0.752930
vt 0.666504 0.745850
vt 0.154785 0.757568
vt 0.217285 0.757690
vt 0.155151 0.765015
vt 0.217651 0.765015
vt 0.666504 0.755005
vt 0.666504 0.791138
vt 0.657227 0.770264
vt 0.657227 0.791138
vt 0.217285 0.807129
vt 0.154785 0.806885
vt 0.217651 0.799805
vt 0.155151 0.799805
vt 0.993652 0.432129
vt 0.993652 0.404785
vt 0.799316 0.404785
vt 0.783691 0.387207
vt 0.993652 0.387207
vt 0.783691 0.404785
vt 0.993652 0.404785
vt 0.996582 0.605957
vt 0.932129 0.605957
vt 0.996582 0.497559
vt 0.932129 0.497559
vt 0.993652 0.404785
vt 0.993652 0.432129
vt 0.799316 0.404785
vt 0.997070 0.608154
vt 0.933105 0.608154
vt 0.997070 0.798218
vt 0.933105 0.798218
vt 0.477051 0.442871
vt 0.829102 0.442871
vt 0.477051 0.482422
vt 0.829102 0.482422
vt 0.478027 0.395508
vt 0.830566 0.444824
vt 0.477051 0.482422
vt 0.829102 0.482422
vt 0.488037 0.482422
vt 0.488037 0.442871
vt 0.829102 0.442871
vt 0.477051 0.482422
vt 0.829102 0.482422
vt 0.478027 0.395508
vt 0.830566 0.444824
vt 0.829102 0.442871
vt 0.872070 0.482422
vt 0.872559 0.442871
vt 0.054657 0.253906
vt 0.308105 0.253906
vt 0.054657 0.283691
vt 0.308105 0.283691
vt 0.052856 0.253906
vt 0.311768 0.253906
vt 0.052856 0.284180
vt 0.311768 0.284180
vt 0.588379 0.718262
vt 0.663086 0.718262
vt 0.588379 0.574219
vt 0.663086 0.574219
vt 0.663086 0.496582
vt 0.663086 0.574219
vt 0.927734 0.496582
vt 0.927734 0.574219
vt 0.927734 0.718262
vt 0.663086 0.574219
vt 0.663086 0.718262
vt 0.927734 0.718262
vt 0.663086 0.718262
vt 0.927734 0.574219
vt 0.673828 0.796021
vt 0.673828 0.722900
vt 0.922363 0.796021
vt 0.922363 0.722900
vt 0.588379 0.574219
vt 0.588379 0.718262
vt 0.997070 0.798218
vt 0.933105 0.798218
vt 0.997070 0.608154
vt 0.933105 0.608154
vt 0.996582 0.497559
vt 0.932129 0.497559
vt 0.996582 0.605957
vt 0.932129 0.605957
vt 0.977539 0.312012
vt 0.912598 0.312012
vt 0.977539 0.293945
vt 0.912598 0.293945
vt 0.527344 0.107422
vt 0.548340 0.107422
vt 0.527344 0.282715
vt 0.548340 0.282715
vt 0.548340 0.282715
vt 0.548340 0.107422
vt 0.527344 0.282715
vt 0.527344 0.107422
vt 0.912598 0.293945
vt 0.912598 0.312012
vt 0.977539 0.293945
vt 0.977539 0.312012
vt 0.548340 0.283691
vt 0.548340 0.312012
vt 0.527344 0.283691
vt 0.527344 0.312012
vt 0.527344 0.107422
vt 0.527344 0.142090
vt 0.548340 0.107422
vt 0.548340 0.142090
vt 0.589355 0.372070
vt 0.594727 0.391602
vt 0.762695 0.372559
vt 0.772949 0.410645
vt 0.776855 0.398438
vt 0.776855 0.374512
vt 0.729980 0.398438
vt 0.729980 0.374512
vt 0.530273 0.374512
vt 0.530273 0.398438
vt 0.554688 0.398438
vt 0.554688 0.374512
vt 0.772949 0.410645
vt 0.594727 0.391602
vt 0.762695 0.372559
vt 0.589355 0.372070
vt 0.993652 0.404785
vt 0.783691 0.404785
vt 0.993652 0.387207
vt 0.783691 0.387207
vt 0.601563 0.778687
vt 0.601563 0.778687
vt 0.620117 0.778687
vt 0.620117 0.778687
vt 0.583008 0.803955
vt 0.583008 0.803955
vt 0.668457 0.835815
vt 0.582520 0.835815
vt 0.668457 0.808350
vt 0.582520 0.808350
vt 0.092529 0.832642
vt 0.080078 0.832642
vt 0.092529 0.773804
vt 0.080078 0.773804
vt 0.080078 0.847900
vt 0.080078 0.758545
vt 0.420654 0.439941
vt 0.433838 0.471191
vt 0.433838 0.408691
vt 0.465332 0.484375
vt 0.465332 0.395508
vt 0.420654 0.439941
vt 0.433838 0.408691
vt 0.433838 0.471191
vt 0.420654 0.439941
vt 0.433838 0.408691
vt 0.433838 0.471191
vt 0.465332 0.395508
vt 0.465332 0.484375
vt 0.420654 0.439941
vt 0.433838 0.471191
vt 0.433838 0.408691
vt 0.550781 0.368164
vt 0.550781 0.317871
vt 0.533203 0.360840
vt 0.533203 0.325195
vt 0.525879 0.343262
vt 0.550781 0.317871
vt 0.550781 0.368164
vt 0.533203 0.325195
vt 0.533203 0.360840
vt 0.525879 0.343262
vt 0.525879 0.343262
vt 0.533203 0.325195
vt 0.533203 0.360840
vt 0.525879 0.343262
vt 0.533203 0.360840
vt 0.533203 0.325195
vt 0.301025 0.297852
vt 0.268066 0.301758
vt 0.268066 0.361328
vt 0.007919 0.301758
vt 0.007919 0.361328
vt 0.346924 0.228516
vt 0.346924 0.259277
vt 0.382324 0.228027
vt 0.382324 0.270508
vt 0.329834 0.283203
vt 0.364746 0.318359
vt 0.326416 0.361328
vt 0.268066 0.383301
vt 0.301025 0.297852
vt 0.268066 0.301758
vt 0.268066 0.361328
vt 0.007919 0.301758
vt 0.007919 0.361328
vt 0.346924 0.228516
vt 0.346924 0.259277
vt 0.382324 0.228027
vt 0.382324 0.270508
vt 0.329834 0.283203
vt 0.364746 0.318359
vt 0.326416 0.361328
vt 0.268066 0.383301
vt 0.007919 0.361328
vt 0.007919 0.301758
vt 0.268066 0.361328
vt 0.268066 0.301758
vt 0.301025 0.297852
vt 0.346924 0.228516
vt 0.382324 0.228027
vt 0.346924 0.259277
vt 0.382324 0.270508
vt 0.364746 0.318359
vt 0.329834 0.283203
vt 0.326416 0.361328
vt 0.268066 0.383301
vt 0.007919 0.361328
vt 0.007919 0.301758
vt 0.268066 0.361328
vt 0.268066 0.301758
vt 0.301025 0.297852
vt 0.346924 0.228516
vt 0.382324 0.228027
vt 0.346924 0.259277
vt 0.382324 0.270508
vt 0.364746 0.318359
vt 0.329834 0.283203
vt 0.326416 0.361328
vt 0.268066 0.383301
vt 0.615723 0.803955
vt 0.615723 0.803955
vt 0.607910 0.755005
vt 0.666504 0.755005
vt 0.616699 0.770264
vt 0.657227 0.770264
vt 0.666504 0.800659
vt 0.657715 0.800659
vt 0.666504 0.791138
vt 0.666504 0.755005
vt 0.657227 0.791138
vt 0.657227 0.770264
vt 0.607910 0.755005
vt 0.616699 0.770264
vt 0.285156 0.283691
vt 0.285156 0.253906
vt 0.298584 0.283691
vt 0.298584 0.253906
vt 0.314941 0.253906
vt 0.314941 0.283691
vt 0.118164 0.253906
vt 0.137207 0.253906
vt 0.118164 0.283691
vt 0.137207 0.283691
vt 0.157837 0.253906
vt 0.157837 0.283691
vt 0.288330 0.284180
vt 0.288330 0.253906
vt 0.302246 0.284180
vt 0.302246 0.253906
vt 0.318848 0.253906
vt 0.318848 0.284180
vt 0.118164 0.253906
vt 0.137207 0.253906
vt 0.118164 0.283691
vt 0.137207 0.283691
vt 0.157837 0.253906
vt 0.157837 0.283691
vt 0.929688 0.878967
vt 0.909180 0.871948
vt 0.929688 0.805542
vt 0.909180 0.812500
vt 0.895508 0.853638
vt 0.895508 0.830933
vt 0.909180 0.812500
vt 0.909180 0.871948
vt 0.895508 0.830933
vt 0.895508 0.853638
vt 0.099487 0.572021
vt 0.099487 0.559082
vt 0.113037 0.572021
vt 0.113037 0.496094
vt 0.099487 0.496094
vt 0.099487 0.508789
vt 0.089478 0.559082
vt 0.089478 0.508789
vt 0.579102 0.721680
vt 0.525879 0.721680
vt 0.579102 0.591797
vt 0.525879 0.710205
vt 0.485107 0.701904
vt 0.485107 0.710205
vt 0.257813 0.721680
vt 0.113037 0.721680
vt 0.257813 0.710205
vt 0.113037 0.710205
vt 0.354736 0.591797
vt 0.385742 0.710205
vt 0.385742 0.701904
vt 0.099487 0.710205
vt 0.353271 0.972000
vt 0.330811 0.991669
vt 0.112305 0.852783
vt 0.112305 0.991669
vt 0.098816 0.991669
vt 0.098816 0.852783
vt 0.112305 0.841309
vt 0.256592 0.841309
vt 0.256592 0.852783
vt 0.384277 0.852783
vt 0.384277 0.861084
vt 0.483398 0.861084
vt 0.577148 0.972000
vt 0.483398 0.852783
vt 0.523926 0.852783
vt 0.523926 0.841309
vt 0.577148 0.841309
vt 0.854980 0.806030
vt 0.854980 0.879395
vt 0.873047 0.811035
vt 0.873047 0.874512
vt 0.885742 0.861084
vt 0.885742 0.824463
vt 0.890625 0.842773
vt 0.854980 0.879395
vt 0.854980 0.806030
vt 0.873047 0.874512
vt 0.873047 0.811035
vt 0.885742 0.824463
vt 0.885742 0.861084
vt 0.890625 0.842773
vt 0.890625 0.842773
vt 0.885742 0.861084
vt 0.885742 0.824463
vt 0.873047 0.874512
vt 0.873047 0.811035
vt 0.890625 0.842773
vt 0.885742 0.824463
vt 0.885742 0.861084
vt 0.873047 0.811035
vt 0.873047 0.874512
vt 0.525879 0.824585
vt 0.525879 0.737549
vt 0.485840 0.824585
vt 0.485840 0.737549
vt 0.387939 0.737549
vt 0.485840 0.722900
vt 0.400635 0.722900
vt 0.261719 0.824585
vt 0.387939 0.824585
vt 0.261719 0.737549
vt 0.400635 0.839355
vt 0.485107 0.839844
vt 0.976563 0.266113
vt 0.912109 0.266113
vt 0.976563 0.125977
vt 0.912109 0.125977
vt 0.753418 0.266113
vt 0.912109 0.290039
vt 0.773926 0.290039
vt 0.549805 0.125977
vt 0.753418 0.125977
vt 0.549805 0.266113
vt 0.773926 0.102051
vt 0.912109 0.102051
vt 0.522461 0.391113
vt 0.423096 0.391113
vt 0.522461 0.326172
vt 0.423096 0.326172
vt 0.423096 0.219727
vt 0.522461 0.220215
vt 0.423096 0.101074
vt 0.522461 0.101074
vt 0.018097 0.850220
vt 0.002661 0.817993
vt 0.033478 0.837891
vt 0.023178 0.816406
vt 0.003822 0.784546
vt 0.023941 0.794067
vt 0.021271 0.758789
vt 0.035614 0.776855
vt 0.023178 0.816406
vt 0.002661 0.817993
vt 0.023941 0.794067
vt 0.003822 0.784546
vt 0.035614 0.776855
vt 0.021271 0.758789
vt 0.033478 0.837891
vt 0.023178 0.816406
vt 0.018097 0.850220
vt 0.002661 0.817993
vt 0.023941 0.794067
vt 0.003822 0.784546
vt 0.002661 0.817993
vt 0.023178 0.816406
vt 0.003822 0.784546
vt 0.023941 0.794067
vt 0.548340 0.312012
vt 0.753418 0.312012
vt 0.548340 0.293945
vt 0.753418 0.293945
vt 0.773926 0.312012
vt 0.773926 0.293945
vt 0.912598 0.312012
vt 0.912598 0.293945
vt 0.548340 0.293945
vt 0.753418 0.293945
vt 0.548340 0.312012
vt 0.753418 0.312012
vt 0.773926 0.293945
vt 0.773926 0.312012
vt 0.912598 0.293945
vt 0.912598 0.312012
vt 0.004848 0.202637
vt 0.299805 0.202637
vt 0.004848 0.216797
vt 0.299805 0.216797
vt 0.005260 0.230957
vt 0.300293 0.230957
vt 0.004848 0.243652
vt 0.299805 0.243652
vt 0.300293 0.189941
vt 0.005260 0.189941
vt 0.300293 0.175293
vt 0.004848 0.175781
vt 0.300293 0.162598
vt 0.005260 0.162598
vt 0.300293 0.147461
vt 0.005260 0.147461
vt 0.300293 0.133789
vt 0.005260 0.133789
vt 0.300293 0.121582
vt 0.005260 0.121582
vt 0.300293 0.106445
vt 0.005260 0.106445
vt 0.299805 0.148926
vt 0.004848 0.148926
vt 0.299805 0.135254
vt 0.004848 0.135254
vt 0.299805 0.120117
vt 0.004848 0.120117
vt 0.299805 0.107910
vt 0.004848 0.107910
vt 0.004848 0.161133
vt 0.299805 0.161133
vt 0.004848 0.175781
vt 0.299805 0.175781
vt 0.004848 0.188477
vt 0.299805 0.188477
vt 0.004848 0.202637
vt 0.299805 0.202637
vt 0.004848 0.216797
vt 0.299805 0.216797
vt 0.004848 0.229004
vt 0.299805 0.229004
vt 0.004848 0.243652
vt 0.299805 0.243652
vt 0.554688 0.367676
vt 0.777344 0.367676
vt 0.554688 0.355469
vt 0.777344 0.355469
vt 0.554688 0.342773
vt 0.777344 0.342773
vt 0.554688 0.330078
vt 0.777344 0.330078
vt 0.554688 0.317383
vt 0.777344 0.317383
vt 0.281250 0.283691
vt 0.292480 0.283691
vt 0.281250 0.253906
vt 0.292480 0.253906
vt 0.300781 0.283691
vt 0.300781 0.253906
vt 0.306396 0.283691
vt 0.306396 0.253906
vt 0.420654 0.486328
vt 0.092468 0.486328
vt 0.420654 0.462891
vt 0.092468 0.462891
vt 0.420654 0.439941
vt 0.092468 0.439941
vt 0.420654 0.416992
vt 0.092468 0.416992
vt 0.420654 0.393555
vt 0.092468 0.393555
vt 0.092468 0.462891
vt 0.420654 0.462891
vt 0.092468 0.439941
vt 0.420654 0.439941
vt 0.092468 0.416992
vt 0.420654 0.416992
vt 0.285156 0.283691
vt 0.295898 0.284180
vt 0.285156 0.253906
vt 0.295898 0.253906
vt 0.304443 0.284180
vt 0.304443 0.253906
vt 0.310059 0.284180
vt 0.310059 0.253906
vt 0.777344 0.355469
vt 0.554688 0.355469
vt 0.777344 0.342773
vt 0.554688 0.342773
vt 0.777344 0.330078
vt 0.554688 0.330078
vt 0.076233 0.253906
vt 0.076233 0.284180
vt 0.062439 0.253906
vt 0.062439 0.284180
vt 0.045776 0.284180
vt 0.045776 0.253906
vt 0.026382 0.284180
vt 0.026382 0.253906
vt 0.005238 0.284180
vt 0.005238 0.253906
vt 0.056213 0.283691
vt 0.056213 0.253906
vt 0.062439 0.284180
vt 0.062439 0.253906
vt 0.070251 0.283691
vt 0.070251 0.253906
vt 0.081421 0.283691
vt 0.081421 0.253906
vt 0.054657 0.283691
vt 0.054657 0.253906
vt 0.060242 0.284180
vt 0.060242 0.253906
vt 0.068787 0.284180
vt 0.068787 0.253906
vt 0.080200 0.284180
vt 0.080200 0.253906
vt 0.346924 0.228516
vt 0.382324 0.228027
vt 0.318115 0.205566
vt 0.408447 0.210449
vt 0.420898 0.175293
vt 0.309082 0.175293
vt 0.321533 0.140137
vt 0.411865 0.144531
vt 0.382080 0.122070
vt 0.346680 0.122070
vt 0.382324 0.228027
vt 0.346924 0.228516
vt 0.408447 0.210449
vt 0.318115 0.205566
vt 0.309082 0.175293
vt 0.420898 0.175293
vt 0.411865 0.144531
vt 0.321533 0.140137
vt 0.346680 0.122070
vt 0.382080 0.122070
vt 0.346924 0.228516
vt 0.382324 0.228027
vt 0.318115 0.205566
vt 0.408447 0.210449
vt 0.420898 0.175293
vt 0.309082 0.175293
vt 0.321533 0.140137
vt 0.411865 0.144531
vt 0.382080 0.122070
vt 0.346680 0.122070
vt 0.382324 0.228027
vt 0.346924 0.228516
vt 0.408447 0.210449
vt 0.318115 0.205566
vt 0.309082 0.175293
vt 0.420898 0.175293
vt 0.411865 0.144531
vt 0.321533 0.140137
vt 0.346680 0.122070
vt 0.382080 0.122070
vt 0.077515 0.253906
vt 0.077515 0.283691
vt 0.064026 0.253906
vt 0.064026 0.283691
vt 0.047699 0.283691
vt 0.047699 0.253906
vt 0.028732 0.283691
vt 0.028732 0.253906
vt 0.008041 0.283691
vt 0.008041 0.253906
vt 0.382324 0.228027
vt 0.346924 0.228516
vt 0.382324 0.270508
vt 0.346924 0.259277
vt 0.329834 0.283203
vt 0.364746 0.318359
vt 0.301025 0.297852
vt 0.326416 0.361328
vt 0.268066 0.301758
vt 0.268066 0.361328
vt 0.268066 0.383301
vt 0.268066 0.383301
vt 0.268066 0.361328
vt 0.326416 0.361328
vt 0.268066 0.301758
vt 0.301025 0.297852
vt 0.329834 0.283203
vt 0.364746 0.318359
vt 0.346924 0.259277
vt 0.382324 0.270508
vt 0.346924 0.228516
vt 0.382324 0.228027
vt 0.382324 0.228027
vt 0.346924 0.228516
vt 0.382324 0.270508
vt 0.346924 0.259277
vt 0.329834 0.283203
vt 0.364746 0.318359
vt 0.301025 0.297852
vt 0.326416 0.361328
vt 0.268066 0.301758
vt 0.268066 0.361328
vt 0.268066 0.383301
vt 0.668457 0.800415
vt 0.673828 0.796021
vt 0.927734 0.800415
vt 0.922363 0.796021
vt 0.922363 0.722900
vt 0.668457 0.718262
vt 0.673828 0.722900
vt 0.115417 0.598877
vt 0.326660 0.598877
vt 0.326660 0.689453
vt 0.115417 0.689453
vt 0.268066 0.383301
vt 0.268066 0.361328
vt 0.326416 0.361328
vt 0.268066 0.301758
vt 0.301025 0.297852
vt 0.329834 0.283203
vt 0.364746 0.318359
vt 0.346924 0.259277
vt 0.382324 0.270508
vt 0.346924 0.228516
vt 0.382324 0.228027
vt 0.995117 0.879028
vt 0.934570 0.879028
vt 0.995117 0.864380
vt 0.934570 0.864380
vt 0.995117 0.849731
vt 0.934570 0.849731
vt 0.995117 0.835205
vt 0.934570 0.835205
vt 0.995117 0.820557
vt 0.934570 0.820557
vt 0.995117 0.805908
vt 0.934570 0.805908
vt 0.934570 0.864380
vt 0.995117 0.864380
vt 0.934570 0.849731
vt 0.995117 0.849731
vt 0.934570 0.835205
vt 0.995117 0.835205
vt 0.934570 0.820557
vt 0.995117 0.820557
vt 0.930664 0.887695
vt 0.670410 0.887695
vt 0.930664 0.905334
vt 0.670410 0.905334
vt 0.930664 0.922974
vt 0.670410 0.922974
vt 0.930664 0.940704
vt 0.670410 0.940704
vt 0.930664 0.958405
vt 0.670410 0.958405
vt 0.930664 0.976074
vt 0.670410 0.976074
vt 0.930664 0.993755
vt 0.670410 0.993755
vt 0.998047 0.009766
vt 0.002623 0.009766
vt 0.998047 0.023926
vt 0.002623 0.023926
vt 0.998047 0.038086
vt 0.002623 0.038086
vt 0.998047 0.052246
vt 0.002623 0.052246
vt 0.998047 0.066895
vt 0.002623 0.066895
vt 0.998047 0.081055
vt 0.002623 0.081055
vt 0.998047 0.095215
vt 0.002623 0.095215
vt 0.670410 0.887695
vt 0.670410 0.905334
vt 0.670410 0.922974
vt 0.670410 0.940704
vt 0.670410 0.958405
vt 0.670410 0.976074
vt 0.670410 0.993755
vt 0.848633 0.805908
vt 0.671875 0.805908
vt 0.848633 0.818115
vt 0.671875 0.818115
vt 0.848633 0.830444
vt 0.671875 0.830444
vt 0.848633 0.842773
vt 0.671875 0.842773
vt 0.848633 0.854980
vt 0.671875 0.854980
vt 0.848633 0.867310
vt 0.671875 0.867310
vt 0.848633 0.879578
vt 0.671875 0.879578
vt 0.670410 0.905334
vt 0.930664 0.905334
vt 0.670410 0.922974
vt 0.930664 0.922974
vt 0.670410 0.940704
vt 0.930664 0.940704
vt 0.670410 0.958405
vt 0.930664 0.958405
vt 0.670410 0.976074
vt 0.930664 0.976074
vt 0.006889 0.753174
vt 0.006889 0.723633
vt 0.019058 0.753174
vt 0.019058 0.723633
vt 0.031235 0.753174
vt 0.031235 0.723633
vt 0.043427 0.753174
vt 0.043427 0.723633
vt 0.055603 0.753174
vt 0.055603 0.723633
vt 0.067749 0.753174
vt 0.067749 0.723633
vt 0.079956 0.753174
vt 0.079956 0.723633
vt 0.079956 0.677246
vt 0.067749 0.677246
vt 0.055603 0.677246
vt 0.043427 0.677246
vt 0.031235 0.677246
vt 0.019058 0.677246
vt 0.006889 0.677246
vt 0.079956 0.391602
vt 0.067749 0.677246
vt 0.067749 0.391602
vt 0.055603 0.677246
vt 0.055603 0.391602
vt 0.043427 0.677246
vt 0.043427 0.391602
vt 0.031235 0.677246
vt 0.031235 0.391602
vt 0.019058 0.677246
vt 0.019058 0.391602
vt 0.006889 0.391602
vt 0.067749 0.723633
vt 0.055603 0.723633
vt 0.043427 0.723633
vt 0.031235 0.723633
vt 0.019058 0.723633
vt 0.670410 0.905334
vt 0.670410 0.922974
vt 0.670410 0.940704
vt 0.670410 0.958405
vt 0.670410 0.976074
vt 0.671875 0.818115
vt 0.848633 0.818115
vt 0.671875 0.830444
vt 0.848633 0.830444
vt 0.671875 0.842773
vt 0.848633 0.842773
vt 0.671875 0.854980
vt 0.848633 0.854980
vt 0.671875 0.867310
vt 0.848633 0.867310
vt 0.019058 0.753174
vt 0.031235 0.753174
vt 0.043427 0.753174
vt 0.055603 0.753174
vt 0.067749 0.753174
vt 0.019058 0.391602
vt 0.031235 0.391602
vt 0.043427 0.391602
vt 0.055603 0.391602
vt 0.067749 0.391602
vt 0.002623 0.023926
vt 0.998047 0.023926
vt 0.002623 0.038086
vt 0.998047 0.038086
vt 0.002623 0.052246
vt 0.998047 0.052246
vt 0.002623 0.066895
vt 0.998047 0.066895
vt 0.002623 0.081055
vt 0.998047 0.081055
vt 0.213135 0.339844
vt 0.211060 0.339844
vt 0.213135 0.349121
vt 0.211060 0.349121
vt 0.234863 0.361328
vt 0.232788 0.361328
vt 0.234863 0.355957
vt 0.232788 0.355957
vt 0.214600 0.350586
vt 0.214600 0.352539
vt 0.187134 0.350586
vt 0.187134 0.352539
vt 0.187134 0.366699
vt 0.187134 0.364746
vt 0.214600 0.366699
vt 0.214600 0.364746
vt 0.188599 0.361328
vt 0.188599 0.363281
vt 0.213135 0.361328
vt 0.213135 0.363281
vt 0.222412 0.364746
vt 0.223145 0.366699
vt 0.233398 0.363281
vt 0.222412 0.350586
vt 0.233398 0.354004
vt 0.222412 0.352539
vt 0.213135 0.349121
vt 0.211060 0.349121
vt 0.213135 0.339844
vt 0.211060 0.339844
vt 0.213135 0.355957
vt 0.213135 0.354004
vt 0.188599 0.355957
vt 0.188599 0.354004
vt 0.185547 0.349121
vt 0.187134 0.338379
vt 0.185547 0.339844
vt 0.232788 0.347168
vt 0.232788 0.341797
vt 0.222412 0.338379
vt 0.214600 0.338379
vt 0.213135 0.349121
vt 0.213135 0.339844
vt 0.188599 0.339844
vt 0.188599 0.349121
vt 0.185547 0.363281
vt 0.185547 0.354004
vt 0.213135 0.363281
vt 0.213135 0.354004
vt 0.188599 0.354004
vt 0.188599 0.363281
vt 0.102234 0.341309
vt 0.104309 0.339355
vt 0.104309 0.341309
vt 0.111145 0.339355
vt 0.111145 0.341309
vt 0.102234 0.330078
vt 0.104309 0.330078
vt 0.104309 0.331543
vt 0.111145 0.330078
vt 0.111145 0.331543
vt 0.104309 0.322266
vt 0.111145 0.322266
vt 0.112488 0.323242
vt 0.112488 0.328613
vt 0.104309 0.330078
vt 0.111145 0.330078
vt 0.104309 0.322266
vt 0.112488 0.328613
vt 0.112488 0.323242
vt 0.111145 0.322266
vt 0.183594 0.364746
vt 0.183594 0.363281
vt 0.185547 0.364746
vt 0.183594 0.354004
vt 0.183594 0.352539
vt 0.185547 0.352539
vt 0.102234 0.339355
vt 0.102234 0.331543
vt 0.104309 0.339355
vt 0.112488 0.333008
vt 0.112488 0.338379
vt 0.111145 0.339355
vt 0.102234 0.331543
vt 0.102234 0.339355
vt 0.104309 0.331543
vt 0.104309 0.339355
vt 0.111145 0.339355
vt 0.112488 0.338379
vt 0.112488 0.333008
vt 0.111145 0.331543
vt 0.102234 0.341309
vt 0.104309 0.341309
vt 0.111145 0.341309
vt 0.112488 0.341309
vt 0.112488 0.339355
vt 0.117676 0.339355
vt 0.117676 0.341309
vt 0.119019 0.341309
vt 0.119019 0.339355
vt 0.102234 0.330078
vt 0.104309 0.331543
vt 0.104309 0.330078
vt 0.111145 0.331543
vt 0.111145 0.330078
vt 0.112488 0.331543
vt 0.112488 0.330078
vt 0.117676 0.330078
vt 0.117676 0.331543
vt 0.119019 0.331543
vt 0.119019 0.330078
vt 0.016245 0.000000
vt 0.000000 0.240515
vt 0.049234 0.000000
vt 0.000000 0.066099
vt 0.741256 0.000000
vt 0.045384 1.000000
vt 0.670569 0.000000
vt 0.000000 1.000000
vt 0.000000 0.819466
vt 0.331295 0.000000
vt 1.000000 0.641820
vt 0.555325 0.000000
vt 1.000000 0.817820
vt 0.000000 1.000000
vt 0.000000 0.975907
vt 0.002784 1.000000
vt 0.071144 1.000000
vt 0.000000 0.590124
vt 0.000000 1.000000
vt 0.213135 0.339844
vt 0.211060 0.339844
vt 0.213135 0.349121
vt 0.211060 0.349121
vt 0.234863 0.361328
vt 0.232788 0.361328
vt 0.234863 0.355957
vt 0.232788 0.355957
vt 0.214600 0.350586
vt 0.214600 0.352539
vt 0.187134 0.350586
vt 0.187134 0.352539
vt 0.187134 0.366699
vt 0.187134 0.364746
vt 0.214600 0.366699
vt 0.214600 0.364746
vt 0.188599 0.361328
vt 0.188599 0.363281
vt 0.213135 0.361328
vt 0.213135 0.363281
vt 0.222412 0.364746
vt 0.223145 0.366699
vt 0.233398 0.363281
vt 0.222412 0.350586
vt 0.233398 0.354004
vt 0.222412 0.352539
vt 0.213135 0.349121
vt 0.211060 0.349121
vt 0.213135 0.339844
vt 0.211060 0.339844
vt 0.213135 0.355957
vt 0.213135 0.354004
vt 0.188599 0.355957
vt 0.188599 0.354004
vt 0.185547 0.349121
vt 0.187134 0.338379
vt 0.185547 0.339844
vt 0.232788 0.347168
vt 0.232788 0.341797
vt 0.222412 0.338379
vt 0.214600 0.338379
vt 0.213135 0.349121
vt 0.213135 0.339844
vt 0.188599 0.339844
vt 0.188599 0.349121
vt 0.185547 0.363281
vt 0.185547 0.354004
vt 0.213135 0.363281
vt 0.213135 0.354004
vt 0.188599 0.354004
vt 0.188599 0.363281
vt 0.102234 0.341309
vt 0.104309 0.339355
vt 0.104309 0.341309
vt 0.111145 0.339355
vt 0.111145 0.341309
vt 0.102234 0.330078
vt 0.104309 0.330078
vt 0.104309 0.331543
vt 0.111145 0.330078
vt 0.111145 0.331543
vt 0.104309 0.322266
vt 0.111145 0.322266
vt 0.112488 0.323242
vt 0.112488 0.328613
vt 0.104309 0.330078
vt 0.111145 0.330078
vt 0.104309 0.322266
vt 0.112488 0.328613
vt 0.112488 0.323242
vt 0.111145 0.322266
vt 0.183594 0.364746
vt 0.183594 0.363281
vt 0.185547 0.364746
vt 0.183594 0.354004
vt 0.183594 0.352539
vt 0.185547 0.352539
vt 0.102234 0.339355
vt 0.102234 0.331543
vt 0.104309 0.339355
vt 0.112488 0.333008
vt 0.112488 0.338379
vt 0.111145 0.339355
vt 0.102234 0.331543
vt 0.102234 0.339355
vt 0.104309 0.331543
vt 0.104309 0.339355
vt 0.111145 0.339355
vt 0.112488 0.338379
vt 0.112488 0.333008
vt 0.111145 0.331543
vt 0.102234 0.341309
vt 0.104309 0.341309
vt 0.111145 0.341309
vt 0.112488 0.341309
vt 0.112488 0.339355
vt 0.117676 0.339355
vt 0.117676 0.341309
vt 0.119019 0.341309
vt 0.119019 0.339355
vt 0.102234 0.330078
vt 0.104309 0.331543
vt 0.104309 0.330078
vt 0.111145 0.331543
vt 0.111145 0.330078
vt 0.112488 0.331543
vt 0.112488 0.330078
vt 0.117676 0.330078
vt 0.117676 0.331543
vt 0.119019 0.331543
vt 0.119019 0.330078
vt 0.041779 0.348633
vt 0.046387 0.351074
vt 0.041748 0.354004
vt 0.037109 0.356445
vt 0.037109 0.351074
vt 0.046387 0.356445
vt 0.041779 0.359375
vt 0.197388 0.397949
vt 0.197388 0.394043
vt 0.215454 0.397949
vt 0.215454 0.394043
vt 0.197388 0.397949
vt 0.197388 0.394043
vt 0.179321 0.397949
vt 0.179321 0.394043
vt 0.215454 0.401855
vt 0.233521 0.401855
vt 0.215454 0.397949
vt 0.233521 0.397949
vt 0.197388 0.401855
vt 0.197388 0.401855
vt 0.179321 0.401855
vt 0.197388 0.397949
vt 0.215454 0.401855
vt 0.215454 0.397949
vt 0.197388 0.397949
vt 0.179321 0.397949
vt 0.179321 0.397949
vt 0.179321 0.394043
vt 0.161377 0.397949
vt 0.161255 0.394043
vt 0.179321 0.401855
vt 0.161255 0.401855
vt 0.179321 0.397949
vt 0.161377 0.397949
vt 0.161377 0.397949
vt 0.161255 0.394043
vt 0.143433 0.397949
vt 0.143433 0.394043
vt 0.161255 0.401855
vt 0.143433 0.401855
vt 0.161377 0.397949
vt 0.143433 0.397949
vt 0.143433 0.397949
vt 0.143433 0.394043
vt 0.125610 0.397949
vt 0.125610 0.394043
vt 0.143433 0.401855
vt 0.125610 0.401855
vt 0.143433 0.397949
vt 0.125610 0.397949
vt 0.125610 0.397949
vt 0.125610 0.394043
vt 0.107910 0.397949
vt 0.107910 0.394043
vt 0.125610 0.401855
vt 0.107910 0.401855
vt 0.125610 0.397949
vt 0.107910 0.397949
vt 0.107910 0.397949
vt 0.107910 0.394043
vt 0.090637 0.397949
vt 0.090637 0.394043
vt 0.107910 0.401855
vt 0.090637 0.401855
vt 0.107910 0.397949
vt 0.090637 0.397949
vt 0.051056 0.334473
vt 0.041779 0.348633
vt 0.050476 0.333496
vt 0.041199 0.347656
vt 0.037109 0.351074
vt 0.036530 0.350098
vt 0.046387 0.351074
vt 0.053864 0.335938
vt 0.001828 0.300293
vt 0.012039 0.307129
vt 0.003004 0.298340
vt 0.013969 0.303711
vt 0.020264 0.352051
vt 0.019699 0.351074
vt 0.047638 0.351074
vt 0.055145 0.335938
vt 0.053925 0.371582
vt 0.046387 0.356445
vt 0.055176 0.371582
vt 0.047638 0.356445
vt 0.041779 0.359375
vt 0.051117 0.373047
vt 0.020264 0.355469
vt 0.037109 0.356445
vt 0.028824 0.298340
vt 0.017883 0.303711
vt 0.030014 0.300293
vt 0.019821 0.307129
vt 0.041321 0.360352
vt 0.050659 0.374512
vt 0.019821 0.356445
vt 0.036652 0.357422
vt 0.068848 0.310059
vt 0.040039 0.310059
vt 0.068848 0.307617
vt 0.040039 0.307617
vt 0.068848 0.304688
vt 0.040039 0.304688
vt 0.068848 0.307617
vt 0.040039 0.307617
vt 0.068848 0.302246
vt 0.040039 0.302246
vt 0.233521 0.394043
vt 0.233521 0.397949
vt 0.215454 0.394043
vt 0.215454 0.397949
vt 0.040039 0.304688
vt 0.068848 0.304688
vt 0.017868 0.310547
vt 0.014000 0.310547
vt 0.014771 0.322754
vt 0.017120 0.322754
vt 0.068848 0.306152
vt 0.101074 0.297852
vt 0.104004 0.296387
vt 0.098083 0.296387
vt 0.101074 0.291016
vt 0.098083 0.292969
vt 0.104004 0.292969
vt 0.101074 0.294434
vt 0.385010 0.570068
vt 0.385010 0.551270
vt 0.365967 0.570068
vt 0.365967 0.551270
vt 0.095947 0.297852
vt 0.069336 0.297852
vt 0.095947 0.295898
vt 0.069336 0.295898
vt 0.095947 0.292969
vt 0.069336 0.292969
vt 0.095947 0.291016
vt 0.069336 0.291016
vt 0.095947 0.292969
vt 0.069336 0.292969
vt 0.095947 0.295898
vt 0.069336 0.295898
vt 0.085999 0.312988
vt 0.091614 0.312988
vt 0.085999 0.325195
vt 0.091614 0.325195
vt 0.085999 0.302246
vt 0.091614 0.302246
vt 0.079285 0.312988
vt 0.079285 0.325195
vt 0.084473 0.312988
vt 0.084473 0.325195
vt 0.079285 0.302246
vt 0.084473 0.302246
vt 0.079285 0.312988
vt 0.084473 0.312988
vt 0.079285 0.325195
vt 0.084473 0.325195
vt 0.079285 0.302246
vt 0.084473 0.302246
vt 0.085999 0.312988
vt 0.085999 0.325195
vt 0.091614 0.312988
vt 0.091614 0.325195
vt 0.085999 0.302246
vt 0.091614 0.302246
vt 0.091614 0.312988
vt 0.085999 0.312988
vt 0.091614 0.325195
vt 0.085999 0.325195
vt 0.091614 0.302246
vt 0.085999 0.302246
vt 0.079285 0.325195
vt 0.079285 0.312988
vt 0.084473 0.325195
vt 0.084473 0.312988
vt 0.084473 0.302246
vt 0.079285 0.302246
vt 0.084473 0.312988
vt 0.079285 0.312988
vt 0.084473 0.325195
vt 0.079285 0.325195
vt 0.084473 0.302246
vt 0.079285 0.302246
vt 0.085999 0.325195
vt 0.085999 0.312988
vt 0.091614 0.325195
vt 0.091614 0.312988
vt 0.091614 0.302246
vt 0.085999 0.302246
vt 0.069336 0.297852
vt 0.095947 0.297852
vt 0.069336 0.295898
vt 0.095947 0.295898
vt 0.069336 0.292969
vt 0.095947 0.292969
vt 0.069336 0.291016
vt 0.095947 0.291016
vt 0.069336 0.292969
vt 0.095947 0.292969
vt 0.069336 0.295898
vt 0.095947 0.295898
vt 0.354492 0.367188
vt 0.354492 0.364746
vt 0.350342 0.367188
vt 0.350342 0.364746
vt 0.350342 0.367188
vt 0.350342 0.364746
vt 0.354492 0.367188
vt 0.354492 0.364746
vt 0.354492 0.364746
vt 0.354492 0.367188
vt 0.350342 0.364746
vt 0.350342 0.367188
vt 0.350342 0.364746
vt 0.350342 0.367188
vt 0.354492 0.364746
vt 0.354492 0.367188
vt 0.386963 0.525635
vt 0.386963 0.543945
vt 0.384277 0.525879
vt 0.384277 0.543945
vt 0.362305 0.543945
vt 0.362305 0.525635
vt 0.364990 0.543945
vt 0.364990 0.525879
vt 0.296875 0.516602
vt 0.383545 0.516357
vt 0.296875 0.519043
vt 0.383545 0.519043
vt 0.296875 0.521484
vt 0.383545 0.521484
vt 0.383545 0.519043
vt 0.296875 0.519043
vt 0.093262 0.302246
vt 0.091614 0.302246
vt 0.093262 0.312988
vt 0.091614 0.312988
vt 0.093262 0.325195
vt 0.091614 0.325195
vt 0.084473 0.325195
vt 0.085999 0.325195
vt 0.084473 0.312988
vt 0.085999 0.312988
vt 0.084473 0.302246
vt 0.085999 0.302246
vt 0.091614 0.302246
vt 0.093262 0.302246
vt 0.091614 0.312988
vt 0.093262 0.312988
vt 0.091614 0.325195
vt 0.093262 0.325195
vt 0.085999 0.325195
vt 0.084473 0.325195
vt 0.085999 0.312988
vt 0.084473 0.312988
vt 0.085999 0.302246
vt 0.084473 0.302246
vt 0.091614 0.302246
vt 0.093262 0.302246
vt 0.091614 0.312988
vt 0.093262 0.312988
vt 0.091614 0.325195
vt 0.093262 0.325195
vt 0.085999 0.325195
vt 0.084473 0.325195
vt 0.085999 0.312988
vt 0.084473 0.312988
vt 0.085999 0.302246
vt 0.084473 0.302246
vt 0.383545 0.516357
vt 0.296875 0.516602
vt 0.383545 0.519043
vt 0.296875 0.519043
vt 0.383545 0.521484
vt 0.296875 0.521484
vt 0.296875 0.519043
vt 0.383545 0.519043
vt 0.093262 0.302246
vt 0.091614 0.302246
vt 0.093262 0.312988
vt 0.091614 0.312988
vt 0.093262 0.325195
vt 0.091614 0.325195
vt 0.084473 0.325195
vt 0.085999 0.325195
vt 0.084473 0.312988
vt 0.085999 0.312988
vt 0.084473 0.302246
vt 0.085999 0.302246
vt 0.360840 0.528809
vt 0.292969 0.528809
vt 0.360840 0.531982
vt 0.292969 0.531982
vt 0.360840 0.538330
vt 0.292969 0.538330
vt 0.292969 0.541504
vt 0.360840 0.541504
vt 0.292969 0.531982
vt 0.360840 0.531982
vt 0.360840 0.538330
vt 0.292969 0.538330
vt 0.384277 0.546387
vt 0.365234 0.546387
vt 0.384277 0.523438
vt 0.365234 0.523438
vt 0.101074 0.291016
vt 0.098083 0.292969
vt 0.104004 0.292969
vt 0.101074 0.294434
vt 0.104004 0.296387
vt 0.101074 0.297852
vt 0.098083 0.296387
vt 0.098083 0.296387
vt 0.098083 0.292969
vt 0.101074 0.294434
vt 0.101074 0.291016
vt 0.104004 0.292969
vt 0.104004 0.296387
vt 0.101074 0.297852
vt 0.104004 0.296387
vt 0.101074 0.297852
vt 0.104004 0.292969
vt 0.101074 0.294434
vt 0.101074 0.291016
vt 0.098083 0.292969
vt 0.098083 0.296387
vt 0.973145 0.073242
vt 0.965332 0.067871
vt 0.999023 0.178223
vt 0.994141 0.184570
vt 0.836914 0.178223
vt 0.841797 0.184570
vt 0.862793 0.073242
vt 0.870605 0.067871
vt 0.965332 0.067871
vt 0.973145 0.073242
vt 0.994141 0.184570
vt 0.999023 0.178223
vt 0.841797 0.184570
vt 0.836914 0.178223
vt 0.870605 0.067871
vt 0.862793 0.073242
vt 0.917969 0.066406
vt 0.917969 0.185547
vt 0.917969 0.185547
vt 0.917969 0.066406
vt 0.590332 0.589600
vt 0.589355 0.592773
vt 0.586426 0.590088
vt 0.969727 0.320801
vt 0.969238 0.317871
vt 0.973633 0.320801
vt 0.971680 0.314453
vt 0.978027 0.320801
vt 0.087708 0.254883
vt 0.076233 0.256348
vt 0.076233 0.243164
vt 0.302246 0.244629
vt 0.202148 0.246094
vt 0.302246 0.239258
vt 0.202148 0.241211
vt 0.132080 0.251465
vt 0.131958 0.242188
vt 0.076233 0.237793
vt 0.202271 0.236328
vt 0.375977 0.244141
vt 0.375977 0.239746
vt 0.485352 0.240234
vt 0.485352 0.247070
vt 0.376221 0.234863
vt 0.302246 0.234863
vt 0.302734 0.222168
vt 0.202393 0.223633
vt 0.302979 0.209961
vt 0.202637 0.211426
vt 0.376465 0.222168
vt 0.376953 0.210449
vt 0.303223 0.198730
vt 0.377197 0.199219
vt 0.377197 0.186035
vt 0.303223 0.185059
vt 0.376953 0.174316
vt 0.302979 0.172852
vt 0.302979 0.156250
vt 0.377197 0.157715
vt 0.485352 0.236816
vt 0.485840 0.223633
vt 0.486572 0.211426
vt 0.486572 0.201172
vt 0.486328 0.189453
vt 0.486328 0.178711
vt 0.486816 0.163086
vt 0.601074 0.172363
vt 0.597656 0.187012
vt 0.596680 0.196777
vt 0.595703 0.206543
vt 0.595703 0.215332
vt 0.595215 0.228027
vt 0.594727 0.241699
vt 0.660645 0.247559
vt 0.662598 0.233887
vt 0.664063 0.220215
vt 0.723145 0.243652
vt 0.725098 0.230957
vt 0.780762 0.254883
vt 0.782715 0.242676
vt 0.840820 0.269043
vt 0.843262 0.257813
vt 0.903809 0.275879
vt 0.902344 0.285156
vt 0.843262 0.252930
vt 0.903320 0.271973
vt 0.936035 0.289551
vt 0.937500 0.286621
vt 0.302002 0.809204
vt 0.415283 0.813599
vt 0.415039 0.817993
vt 0.449951 0.825195
vt 0.480713 0.821899
vt 0.479736 0.836548
vt 0.480713 0.937958
vt 0.479736 0.923279
vt 0.541992 0.925720
vt 0.494141 0.911194
vt 0.540039 0.906616
vt 0.503906 0.893738
vt 0.539551 0.879883
vt 0.506836 0.879883
vt 0.503906 0.866089
vt 0.540039 0.853149
vt 0.494141 0.848633
vt 0.541992 0.834106
vt 0.595703 0.910156
vt 0.595215 0.900452
vt 0.595215 0.879883
vt 0.595215 0.859253
vt 0.595703 0.849609
vt 0.600586 0.859497
vt 0.600586 0.879883
vt 0.600586 0.900330
vt 0.601074 0.906555
vt 0.601074 0.853271
vt 0.604004 0.859253
vt 0.604492 0.879883
vt 0.604004 0.900513
vt 0.608887 0.858521
vt 0.608887 0.879883
vt 0.608887 0.901245
vt 0.613281 0.857056
vt 0.613770 0.879883
vt 0.613281 0.902710
vt 0.615723 0.856323
vt 0.615723 0.879883
vt 0.615723 0.903442
vt 0.606934 0.844482
vt 0.605469 0.846069
vt 0.601074 0.839722
vt 0.600098 0.841675
vt 0.605469 0.913757
vt 0.606934 0.915283
vt 0.600098 0.918152
vt 0.601074 0.920044
vt 0.188599 0.809570
vt 0.302490 0.806641
vt 0.416016 0.802979
vt 0.415039 0.770630
vt 0.301758 0.768433
vt 0.301758 0.820679
vt 0.188599 0.819702
vt 0.302002 0.767090
vt 0.188599 0.767822
vt 0.188599 0.769287
vt 0.460938 0.550781
vt 0.475342 0.550781
vt 0.475098 0.599854
vt 0.603516 0.741211
vt 0.599121 0.747314
vt 0.599609 0.739258
vt 0.521484 0.601318
vt 0.519043 0.602051
vt 0.520996 0.599854
vt 0.744629 0.615723
vt 0.740234 0.612793
vt 0.745605 0.611084
vt 0.827637 0.612305
vt 0.813477 0.614990
vt 0.816406 0.611572
vt 0.722168 0.586182
vt 0.722168 0.595215
vt 0.669434 0.600098
vt 0.722168 0.724854
vt 0.649902 0.720459
vt 0.669434 0.711182
vt 0.650391 0.710449
vt 0.650879 0.692383
vt 0.592285 0.708496
vt 0.590820 0.692139
vt 0.650879 0.655518
vt 0.589844 0.655518
vt 0.650879 0.618896
vt 0.590820 0.619141
vt 0.650391 0.600586
vt 0.649902 0.590576
vt 0.592285 0.602783
vt 0.593750 0.594238
vt 0.722168 0.716064
vt 0.588379 0.708252
vt 0.585938 0.692139
vt 0.585938 0.655518
vt 0.585938 0.619141
vt 0.588379 0.603027
vt 0.589844 0.595215
vt 0.584961 0.603027
vt 0.581055 0.602539
vt 0.580566 0.618652
vt 0.580566 0.655518
vt 0.580566 0.692627
vt 0.584961 0.708252
vt 0.581055 0.708740
vt 0.558105 0.600586
vt 0.557617 0.617920
vt 0.557617 0.655518
vt 0.557617 0.693359
vt 0.558105 0.710693
vt 0.581055 0.716553
vt 0.557617 0.722900
vt 0.581055 0.594727
vt 0.557617 0.588379
vt 0.570313 0.582275
vt 0.570313 0.579346
vt 0.843750 0.621338
vt 0.850586 0.621582
vt 0.847656 0.626221
vt 0.850098 0.617432
vt 0.904785 0.605713
vt 0.770508 0.493164
vt 0.773926 0.495117
vt 0.770508 0.496094
vt 0.775879 0.501953
vt 0.773438 0.505371
vt 0.772461 0.503906
vt 0.682129 0.984795
vt 0.686523 0.984795
vt 0.686523 0.978394
vt 0.594238 0.722412
vt 0.602539 0.729492
vt 0.598633 0.733398
vt 0.845215 0.628662
vt 0.843750 0.628906
vt 0.843750 0.626953
vt 0.840332 0.626953
vt 0.842285 0.628906
vt 0.840820 0.627930
vt 0.829590 0.624268
vt 0.813477 0.618652
vt 0.829590 0.621338
vt 0.602539 0.582275
vt 0.594238 0.589355
vt 0.598145 0.578369
vt 0.773438 0.505371
vt 0.775879 0.501953
vt 0.772461 0.503906
vt 0.773926 0.495117
vt 0.770508 0.493164
vt 0.770508 0.496094
vt 0.598633 0.564209
vt 0.603027 0.570557
vt 0.599609 0.572266
vt 0.589355 0.718994
vt 0.590332 0.722168
vt 0.586426 0.721680
vt 0.969238 0.341797
vt 0.969238 0.338867
vt 0.973633 0.338867
vt 0.076233 0.403320
vt 0.087708 0.404785
vt 0.076233 0.416504
vt 0.132080 0.408203
vt 0.131958 0.417480
vt 0.202148 0.413574
vt 0.202148 0.418457
vt 0.302246 0.415039
vt 0.302246 0.420410
vt 0.076233 0.421875
vt 0.202271 0.423340
vt 0.375977 0.419922
vt 0.375977 0.415527
vt 0.485352 0.412598
vt 0.485352 0.419434
vt 0.302246 0.424805
vt 0.376221 0.424805
vt 0.376465 0.437500
vt 0.485352 0.422852
vt 0.485840 0.436035
vt 0.486572 0.448242
vt 0.595215 0.431641
vt 0.594727 0.417969
vt 0.377197 0.473633
vt 0.377197 0.460449
vt 0.486328 0.470215
vt 0.486572 0.458496
vt 0.376953 0.449219
vt 0.302734 0.437500
vt 0.202393 0.436035
vt 0.302979 0.449707
vt 0.202637 0.448242
vt 0.303223 0.460938
vt 0.303223 0.474609
vt 0.302979 0.486816
vt 0.376953 0.485352
vt 0.377197 0.501953
vt 0.302979 0.503174
vt 0.486328 0.480957
vt 0.486816 0.496582
vt 0.415283 0.946198
vt 0.302002 0.950653
vt 0.415039 0.941742
vt 0.449951 0.934631
vt 0.188599 0.950165
vt 0.302490 0.953186
vt 0.416016 0.956879
vt 0.301758 0.991325
vt 0.415039 0.989220
vt 0.301758 0.939148
vt 0.188599 0.940155
vt 0.302002 0.992729
vt 0.188599 0.990501
vt 0.188599 0.991905
vt 0.813477 0.692627
vt 0.829590 0.686768
vt 0.829590 0.689941
vt 0.475342 0.760376
vt 0.460938 0.760376
vt 0.475098 0.711426
vt 0.904785 0.705566
vt 0.850098 0.693848
vt 0.850586 0.689453
vt 0.843750 0.689941
vt 0.847656 0.684814
vt 0.519043 0.709229
vt 0.521484 0.709717
vt 0.520996 0.711426
vt 0.740723 0.698730
vt 0.744629 0.695557
vt 0.745605 0.700439
vt 0.813477 0.696045
vt 0.827637 0.698730
vt 0.816406 0.699707
vt 0.570313 0.729004
vt 0.570313 0.731689
vt 0.842285 0.682373
vt 0.840332 0.684326
vt 0.840820 0.683350
vt 0.843750 0.682373
vt 0.845215 0.682617
vt 0.843750 0.684326
vt 0.754883 0.713379
vt 0.759766 0.708740
vt 0.703125 0.984795
vt 0.707520 0.984795
vt 0.703125 0.978394
vt 0.018646 0.235352
vt 0.024002 0.231445
vt 0.012947 0.223633
vt 0.024307 0.218262
vt 0.021271 0.214355
vt 0.016022 0.212402
vt 0.012566 0.237305
vt 0.007042 0.234375
vt 0.008247 0.212402
vt 0.002890 0.218750
vt 0.013000 0.434570
vt 0.024002 0.442383
vt 0.018646 0.446289
vt 0.021271 0.425293
vt 0.016022 0.422852
vt 0.024307 0.428711
vt 0.007042 0.444824
vt 0.012573 0.447754
vt 0.008247 0.422852
vt 0.002890 0.429199
vt 0.801758 0.034180
vt 0.747070 0.043457
vt 0.747070 0.044922
vt 0.743164 0.041504
vt 0.743652 0.040527
vt 0.792480 0.005371
vt 0.744629 0.005371
vt 0.690918 0.005371
vt 0.689941 0.046387
vt 0.823730 0.005371
vt 0.831543 0.027344
vt 0.864746 0.019531
vt 0.858887 0.005371
vt 0.901855 0.009766
vt 0.902832 0.008789
vt 0.905273 0.005371
vt 0.633301 0.051270
vt 0.633789 0.005371
vt 0.570313 0.055664
vt 0.571289 0.005371
vt 0.485596 0.005371
vt 0.487061 0.057617
vt 0.371338 0.005371
vt 0.371826 0.059082
vt 0.996582 0.005371
vt 0.993652 0.012695
vt 0.987305 0.017578
vt 0.298828 0.060059
vt 0.299072 0.005371
vt 0.194458 0.005371
vt 0.194214 0.038086
vt 0.194092 0.059570
vt 0.171631 0.059570
vt 0.299316 0.061523
vt 0.194580 0.061035
vt 0.171753 0.005371
vt 0.171753 0.042969
vt 0.061676 0.005371
vt 0.064270 0.041504
vt 0.743164 0.041504
vt 0.743652 0.040527
vt 0.801758 0.034180
vt 0.747070 0.043457
vt 0.747070 0.044922
vt 0.969727 0.329590
vt 0.973145 0.329590
vt 0.978027 0.329590
vt 0.978027 0.338867
vt 0.981934 0.320801
vt 0.982422 0.329590
vt 0.981934 0.338867
vt 0.971680 0.345215
vt 0.901855 0.009766
vt 0.864746 0.019531
vt 0.831543 0.027344
vt 0.902832 0.008789
vt 0.689941 0.046387
vt 0.633301 0.051270
vt 0.570313 0.055664
vt 0.487061 0.057617
vt 0.371826 0.059082
vt 0.298828 0.060059
vt 0.194214 0.038086
vt 0.194092 0.059570
vt 0.171631 0.059570
vt 0.299316 0.061523
vt 0.194580 0.061035
vt 0.171753 0.042969
vt 0.064270 0.041504
vt 0.002890 0.437988
vt 0.002890 0.227051
vt 0.966797 0.505615
vt 0.964844 0.512451
vt 0.993652 0.523193
vt 0.964844 0.491211
vt 0.966797 0.498047
vt 0.993652 0.480469
vt 0.660645 0.410156
vt 0.721191 0.401855
vt 0.660645 0.412109
vt 0.660645 0.249512
vt 0.721191 0.257813
vt 0.673828 0.810791
vt 0.598633 0.812134
vt 0.599121 0.800659
vt 0.673828 0.815552
vt 0.605469 0.815674
vt 0.708496 0.814941
vt 0.708984 0.810059
vt 0.710938 0.801270
vt 0.711914 0.797485
vt 0.801758 0.852173
vt 0.778809 0.850586
vt 0.778320 0.838135
vt 0.803223 0.867188
vt 0.778809 0.866211
vt 0.744629 0.848633
vt 0.744629 0.865112
vt 0.778809 0.880188
vt 0.803223 0.880188
vt 0.778809 0.894165
vt 0.803223 0.893188
vt 0.708984 0.930176
vt 0.674316 0.933105
vt 0.709961 0.913025
vt 0.675293 0.915039
vt 0.688965 0.910461
vt 0.700195 0.903381
vt 0.704102 0.896667
vt 0.710938 0.896667
vt 0.707031 0.891602
vt 0.708984 0.880188
vt 0.744629 0.880188
vt 0.743652 0.923218
vt 0.744629 0.911743
vt 0.744629 0.895203
vt 0.778809 0.909790
vt 0.801758 0.908142
vt 0.778320 0.922241
vt 0.708496 0.937256
vt 0.673828 0.940002
vt 0.605469 0.944702
vt 0.615723 0.936768
vt 0.744629 0.933716
vt 0.811035 0.867798
vt 0.814453 0.880188
vt 0.811035 0.892639
vt 0.598633 0.948212
vt 0.673828 0.949615
vt 0.599121 0.959717
vt 0.673828 0.944824
vt 0.708496 0.945404
vt 0.708984 0.950256
vt 0.710938 0.959076
vt 0.711914 0.962830
vt 0.599609 0.821289
vt 0.598633 0.814575
vt 0.598633 0.945831
vt 0.599609 0.939056
vt 0.054993 0.570313
vt 0.164795 0.567627
vt 0.051941 0.564453
vt 0.249634 0.676514
vt 0.249634 0.669922
vt 0.164795 0.685303
vt 0.164795 0.680664
vt 0.054993 0.682617
vt 0.054993 0.626465
vt 0.163818 0.626465
vt 0.164795 0.572266
vt 0.249634 0.583252
vt 0.249634 0.576416
vt 0.276123 0.593506
vt 0.276123 0.626465
vt 0.249634 0.626465
vt 0.276123 0.659424
vt 0.051941 0.688477
vt 0.403320 0.923279
vt 0.465088 0.916748
vt 0.411865 0.919312
vt 0.484375 0.904236
vt 0.468506 0.902283
vt 0.458740 0.905701
vt 0.449463 0.903687
vt 0.476807 0.897156
vt 0.481934 0.888489
vt 0.484375 0.880127
vt 0.484375 0.855957
vt 0.481934 0.871704
vt 0.484375 0.880127
vt 0.476807 0.863037
vt 0.468506 0.857910
vt 0.465088 0.843506
vt 0.449463 0.856567
vt 0.458740 0.854614
vt 0.411865 0.840942
vt 0.403320 0.836914
vt 0.898438 0.815674
vt 0.893555 0.803589
vt 0.869141 0.824951
vt 0.396973 0.613525
vt 0.402100 0.613770
vt 0.394043 0.610840
vt 0.291504 0.613770
vt 0.296875 0.613525
vt 0.299805 0.610840
vt 0.390137 0.924194
vt 0.387695 0.924438
vt 0.387695 0.924438
vt 0.393066 0.903809
vt 0.389893 0.903809
vt 0.349121 0.924500
vt 0.349121 0.924500
vt 0.385254 0.890564
vt 0.385254 0.903564
vt 0.351807 0.890564
vt 0.351807 0.903564
vt 0.351807 0.923035
vt 0.385254 0.923035
vt 0.346680 0.924194
vt 0.387939 0.903809
vt 0.387939 0.888062
vt 0.389893 0.888062
vt 0.389893 0.868164
vt 0.349121 0.888062
vt 0.347168 0.868164
vt 0.347168 0.888062
vt 0.348877 0.903809
vt 0.347168 0.903809
vt 0.343750 0.903809
vt 0.325439 0.894409
vt 0.307861 0.903687
vt 0.323975 0.896484
vt 0.307861 0.894409
vt 0.323975 0.896484
vt 0.307861 0.903687
vt 0.325439 0.894409
vt 0.307861 0.851440
vt 0.325439 0.858276
vt 0.303711 0.923767
vt 0.302734 0.903687
vt 0.301514 0.923767
vt 0.302734 0.894287
vt 0.302734 0.851440
vt 0.390137 0.924194
vt 0.387695 0.924438
vt 0.387695 0.924438
vt 0.393066 0.903809
vt 0.389893 0.903809
vt 0.349121 0.924500
vt 0.349121 0.924500
vt 0.385254 0.890564
vt 0.385254 0.903564
vt 0.351807 0.890564
vt 0.351807 0.903564
vt 0.351807 0.923035
vt 0.385254 0.923035
vt 0.346680 0.924194
vt 0.387939 0.903809
vt 0.387939 0.888062
vt 0.389893 0.888062
vt 0.389893 0.868164
vt 0.349121 0.888062
vt 0.347168 0.868164
vt 0.347168 0.888062
vt 0.348877 0.903809
vt 0.347168 0.903809
vt 0.343750 0.903809
vt 0.325439 0.894409
vt 0.307861 0.903687
vt 0.323975 0.896484
vt 0.307861 0.894409
vt 0.323975 0.896484
vt 0.307861 0.903687
vt 0.325439 0.894409
vt 0.307861 0.851440
vt 0.325439 0.858276
vt 0.303711 0.923767
vt 0.302734 0.903687
vt 0.301514 0.923767
vt 0.302734 0.894287
vt 0.302734 0.851440
vt 0.933594 0.296875
vt 0.931152 0.304688
vt 0.931152 0.317383
vt 0.931152 0.329590
vt 0.931152 0.342285
vt 0.931152 0.354980
vt 0.899414 0.344727
vt 0.899414 0.329590
vt 0.899414 0.314941
vt 0.899414 0.294922
vt 0.840332 0.329590
vt 0.840332 0.310059
vt 0.838379 0.280273
vt 0.840332 0.349609
vt 0.788086 0.352539
vt 0.788574 0.329590
vt 0.788086 0.307129
vt 0.779785 0.295898
vt 0.778320 0.267090
vt 0.773926 0.291016
vt 0.719727 0.272949
vt 0.660645 0.258789
vt 0.594727 0.250977
vt 0.594727 0.244629
vt 0.272949 0.535156
vt 0.264160 0.526367
vt 0.270508 0.528809
vt 0.255371 0.535156
vt 0.258057 0.528809
vt 0.258057 0.541260
vt 0.264160 0.535156
vt 0.264160 0.543945
vt 0.270508 0.541260
vt 0.709961 0.155273
vt 0.709961 0.157227
vt 0.705566 0.155273
vt 0.705566 0.156738
vt 0.709961 0.158691
vt 0.705566 0.158691
vt 0.709961 0.153320
vt 0.705566 0.153320
vt 0.689941 0.158691
vt 0.689941 0.156738
vt 0.689941 0.155273
vt 0.689941 0.153320
vt 0.775879 0.505371
vt 0.836426 0.503662
vt 0.835938 0.500000
vt 0.771973 0.491699
vt 0.835938 0.486816
vt 0.836426 0.482910
vt 0.881836 0.480957
vt 0.885254 0.466797
vt 0.837402 0.469238
vt 0.026672 0.025879
vt 0.026672 0.077148
vt 0.024994 0.025879
vt 0.024994 0.077148
vt 0.878418 0.485840
vt 0.026672 0.025879
vt 0.026672 0.077148
vt 0.028580 0.025879
vt 0.028580 0.077148
vt 0.971680 0.145020
vt 0.971680 0.143555
vt 0.966797 0.145020
vt 0.966797 0.143555
vt 0.977539 0.143555
vt 0.977539 0.145020
vt 0.971680 0.146973
vt 0.977539 0.146973
vt 0.981934 0.143555
vt 0.981934 0.145020
vt 0.981934 0.146973
vt 0.990234 0.146973
vt 0.990234 0.145020
vt 0.977539 0.141602
vt 0.981934 0.141602
vt 0.990234 0.143555
vt 0.990234 0.141602
vt 0.008224 0.800781
vt 0.017487 0.800903
vt 0.008224 0.810059
vt 0.017471 0.810059
vt 0.843750 0.545166
vt 0.834961 0.542236
vt 0.849609 0.530029
vt 0.840820 0.528076
vt 0.745605 0.522217
vt 0.754883 0.522217
vt 0.754883 0.597900
vt 0.350342 0.367188
vt 0.350342 0.364746
vt 0.350342 0.367188
vt 0.350342 0.364746
vt 0.354492 0.367188
vt 0.354492 0.364746
vt 0.321777 0.383301
vt 0.323975 0.366211
vt 0.329102 0.385742
vt 0.330811 0.366211
vt 0.716309 0.153320
vt 0.716309 0.155273
vt 0.437256 0.385742
vt 0.435547 0.366211
vt 0.444580 0.383301
vt 0.442383 0.366211
vt 0.767090 0.483398
vt 0.525391 0.594238
vt 0.525391 0.550293
vt 0.541504 0.549072
vt 0.527832 0.548828
vt 0.709961 0.157227
vt 0.705566 0.156738
vt 0.709961 0.155273
vt 0.705566 0.155273
vt 0.689941 0.156738
vt 0.689941 0.155273
vt 0.868164 0.552246
vt 0.812988 0.598877
vt 0.716309 0.156738
vt 0.716309 0.155273
vt 0.712402 0.143066
vt 0.712402 0.141602
vt 0.716797 0.143555
vt 0.716797 0.141602
vt 0.811035 0.145020
vt 0.811035 0.146973
vt 0.861816 0.145020
vt 0.861816 0.146973
vt 0.712891 0.984795
vt 0.712891 0.978394
vt 0.990234 0.141602
vt 0.981934 0.141602
vt 0.990234 0.143555
vt 0.981934 0.143555
vt 0.977539 0.141602
vt 0.977539 0.143555
vt 0.977539 0.145020
vt 0.981934 0.145020
vt 0.977539 0.146973
vt 0.981934 0.146973
vt 0.971680 0.141602
vt 0.971680 0.143555
vt 0.971680 0.145020
vt 0.966797 0.145020
vt 0.966797 0.143555
vt 0.966797 0.141602
vt 0.712402 0.145020
vt 0.712402 0.146973
vt 0.716797 0.145020
vt 0.716797 0.146973
vt 0.712402 0.143066
vt 0.706055 0.145020
vt 0.706055 0.143555
vt 0.921387 0.145020
vt 0.966797 0.145020
vt 0.921387 0.146973
vt 0.966797 0.146973
vt 0.921387 0.143066
vt 0.966797 0.143555
vt 0.712402 0.145020
vt 0.716797 0.145020
vt 0.676758 0.984795
vt 0.676758 0.978394
vt 0.666992 0.984795
vt 0.666992 0.978394
vt 0.657227 0.984795
vt 0.657227 0.978394
vt 0.648438 0.984795
vt 0.648438 0.978394
vt 0.694824 0.984795
vt 0.694824 0.978394
vt 0.639160 0.984795
vt 0.639160 0.978394
vt 0.632324 0.984795
vt 0.632324 0.978394
vt 0.620605 0.984795
vt 0.620605 0.978394
vt 0.706055 0.143555
vt 0.706055 0.145020
vt 0.921387 0.145020
vt 0.706055 0.146973
vt 0.720703 0.153320
vt 0.720703 0.155273
vt 0.921387 0.143066
vt 0.861816 0.143555
vt 0.921387 0.141602
vt 0.861816 0.141602
vt 0.811035 0.143555
vt 0.811035 0.141602
vt 0.868652 0.514893
vt 0.836914 0.516113
vt 0.868164 0.502686
vt 0.897949 0.487305
vt 0.901367 0.483887
vt 0.894531 0.500244
vt 0.895996 0.503418
vt 0.774902 0.510742
vt 0.764160 0.498047
vt 0.762695 0.491211
vt 0.030273 0.077148
vt 0.030273 0.025879
vt 0.026672 0.077148
vt 0.026672 0.025879
vt 0.028580 0.077148
vt 0.028580 0.025879
vt 0.024994 0.077148
vt 0.024994 0.025879
vt 0.716309 0.158691
vt 0.720703 0.157227
vt 0.720703 0.158691
vt 0.786621 0.153320
vt 0.786621 0.155273
vt 0.720703 0.155273
vt 0.786621 0.157227
vt 0.720703 0.157227
vt 0.030273 0.025879
vt 0.030273 0.077148
vt 0.716309 0.156738
vt 0.786621 0.155273
vt 0.934570 0.157227
vt 0.859863 0.157227
vt 0.934570 0.158691
vt 0.859863 0.158691
vt 0.859863 0.155273
vt 0.934570 0.155273
vt 0.859863 0.153320
vt 0.934570 0.153320
vt 0.934570 0.157227
vt 0.859863 0.157227
vt 0.934570 0.155273
vt 0.859863 0.155273
vt 0.904297 0.599121
vt 0.844238 0.615723
vt 0.925293 0.598389
vt 0.924805 0.593506
vt 0.844238 0.655518
vt 0.846680 0.655518
vt 0.843262 0.655518
vt 0.648438 0.580078
vt 0.648926 0.583740
vt 0.720703 0.576660
vt 0.682617 0.578125
vt 0.715820 0.544922
vt 0.681641 0.576660
vt 0.667969 0.559570
vt 0.667480 0.558838
vt 0.836914 0.516113
vt 0.836426 0.503662
vt 0.774902 0.510742
vt 0.775879 0.505371
vt 0.901367 0.483887
vt 0.897949 0.487305
vt 0.895996 0.503418
vt 0.894531 0.500244
vt 0.868652 0.514893
vt 0.868164 0.502686
vt 0.835938 0.500000
vt 0.835938 0.486816
vt 0.771973 0.491699
vt 0.836426 0.482910
vt 0.767090 0.483398
vt 0.837402 0.469238
vt 0.871582 0.499512
vt 0.645020 0.562012
vt 0.644043 0.556641
vt 0.598633 0.562988
vt 0.644043 0.555420
vt 0.881836 0.480957
vt 0.885254 0.466797
vt 0.767578 0.508301
vt 0.766602 0.506592
vt 0.764160 0.498047
vt 0.907227 0.508545
vt 0.915039 0.482910
vt 0.893066 0.482910
vt 0.894531 0.484375
vt 0.898438 0.478027
vt 0.898926 0.479980
vt 0.888672 0.500488
vt 0.890137 0.500732
vt 0.891113 0.505859
vt 0.892090 0.504883
vt 0.905762 0.512939
vt 0.906250 0.511475
vt 0.916992 0.476074
vt 0.916016 0.478516
vt 0.673340 0.575684
vt 0.663086 0.562256
vt 0.944824 0.158691
vt 0.945313 0.157227
vt 0.949707 0.158691
vt 0.949707 0.156738
vt 0.938965 0.155273
vt 0.938965 0.156738
vt 0.934570 0.155273
vt 0.934570 0.157227
vt 0.594727 0.408691
vt 0.594727 0.415039
vt 0.719727 0.386719
vt 0.660645 0.400879
vt 0.662598 0.425781
vt 0.723145 0.416016
vt 0.780762 0.404785
vt 0.778320 0.392578
vt 0.840820 0.390625
vt 0.838379 0.379395
vt 0.902344 0.374512
vt 0.899414 0.364746
vt 0.933594 0.362793
vt 0.779785 0.363770
vt 0.773926 0.368652
vt 0.720703 0.158691
vt 0.786621 0.158691
vt 0.720703 0.157227
vt 0.786621 0.157227
vt 0.991699 0.158691
vt 0.991699 0.156738
vt 0.583984 0.715820
vt 0.574707 0.743408
vt 0.587402 0.745605
vt 0.938965 0.153320
vt 0.934570 0.153320
vt 0.945313 0.155273
vt 0.945313 0.153320
vt 0.859863 0.158691
vt 0.859863 0.157227
vt 0.720703 0.157227
vt 0.786621 0.157227
vt 0.786621 0.155273
vt 0.720703 0.155273
vt 0.602051 0.909546
vt 0.596680 0.913391
vt 0.938965 0.156738
vt 0.938965 0.155273
vt 0.934570 0.157227
vt 0.934570 0.155273
vt 0.945313 0.155273
vt 0.938965 0.158691
vt 0.934570 0.158691
vt 0.949707 0.155273
vt 0.949707 0.153320
vt 0.945313 0.157227
vt 0.949707 0.155273
vt 0.991699 0.153320
vt 0.991699 0.155273
vt 0.949707 0.156738
vt 0.709961 0.153320
vt 0.709961 0.155273
vt 0.705566 0.153320
vt 0.705566 0.155273
vt 0.709961 0.157227
vt 0.705566 0.156738
vt 0.709961 0.158691
vt 0.705566 0.158691
vt 0.689941 0.158691
vt 0.689941 0.156738
vt 0.689941 0.155273
vt 0.689941 0.153320
vt 0.709961 0.155273
vt 0.705566 0.155273
vt 0.709961 0.157227
vt 0.705566 0.156738
vt 0.689941 0.156738
vt 0.689941 0.155273
vt 0.720703 0.155273
vt 0.786621 0.155273
vt 0.786621 0.153320
vt 0.720703 0.153320
vt 0.716309 0.155273
vt 0.716309 0.153320
vt 0.716309 0.156738
vt 0.716309 0.158691
vt 0.716309 0.155273
vt 0.716309 0.156738
vt 0.593262 0.717285
vt 0.026672 0.077148
vt 0.026672 0.025879
vt 0.030273 0.077148
vt 0.030273 0.025879
vt 0.026672 0.077148
vt 0.026672 0.025879
vt 0.859863 0.157227
vt 0.859863 0.155273
vt 0.859863 0.153320
vt 0.859863 0.155273
vt 0.942383 0.136230
vt 0.943359 0.133789
vt 0.950195 0.136230
vt 0.950684 0.133789
vt 0.942871 0.132813
vt 0.935547 0.132813
vt 0.936035 0.133789
vt 0.950684 0.133789
vt 0.942383 0.136230
vt 0.943359 0.133789
vt 0.936035 0.136719
vt 0.936035 0.133789
vt 0.941895 0.137695
vt 0.936035 0.136719
vt 0.935547 0.138184
vt 0.836426 0.136719
vt 0.835938 0.137695
vt 0.836426 0.133789
vt 0.836426 0.133789
vt 0.835938 0.132813
vt 0.836426 0.136719
vt 0.825684 0.136719
vt 0.825195 0.138184
vt 0.825684 0.133789
vt 0.824707 0.132813
vt 0.824219 0.136719
vt 0.825195 0.138184
vt 0.836426 0.136719
vt 0.835938 0.137695
vt 0.824219 0.134277
vt 0.836426 0.133789
vt 0.807129 0.138184
vt 0.808105 0.136230
vt 0.825684 0.136719
vt 0.808105 0.133789
vt 0.825684 0.133789
vt 0.806641 0.132813
vt 0.824707 0.132813
vt 0.806152 0.136719
vt 0.805664 0.134277
vt 0.835938 0.132813
vt 0.028580 0.077148
vt 0.028580 0.025879
vt 0.991699 0.133789
vt 0.991699 0.134766
vt 0.958496 0.133789
vt 0.958496 0.134766
vt 0.991699 0.133789
vt 0.958496 0.133789
vt 0.950684 0.133789
vt 0.950684 0.133789
vt 0.958496 0.138184
vt 0.949707 0.137695
vt 0.958496 0.138184
vt 0.950195 0.136230
vt 0.950684 0.133789
vt 0.595703 0.970825
vt 0.596680 0.972946
vt 0.541992 0.964569
vt 0.543457 0.966553
vt 0.943359 0.133789
vt 0.942871 0.132813
vt 0.015793 0.067871
vt 0.015793 0.073242
vt 0.013130 0.067871
vt 0.013130 0.073242
vt 0.958496 0.136230
vt 0.950195 0.136230
vt 0.941895 0.137695
vt 0.942383 0.136230
vt 0.943359 0.133789
vt 0.935547 0.132813
vt 0.936035 0.133789
vt 0.480713 0.958862
vt 0.481689 0.961578
vt 0.942383 0.136230
vt 0.936035 0.136719
vt 0.935547 0.138184
vt 0.936035 0.133789
vt 0.836426 0.133789
vt 0.415283 0.954041
vt 0.648926 0.727295
vt 0.720703 0.733887
vt 0.667480 0.752197
vt 0.668457 0.751343
vt 0.716309 0.765869
vt 0.681641 0.734131
vt 0.682617 0.732666
vt 0.648926 0.730957
vt 0.644531 0.754517
vt 0.645508 0.749268
vt 0.543945 0.983063
vt 0.483154 0.986572
vt 0.600098 0.979904
vt 0.601074 0.980820
vt 0.544434 0.984253
vt 0.024994 0.077148
vt 0.024994 0.025879
vt 0.466309 0.697754
vt 0.465820 0.709961
vt 0.416992 0.698486
vt 0.416992 0.718994
vt 0.026672 0.077148
vt 0.026672 0.025879
vt 0.760254 0.145020
vt 0.760254 0.146973
vt 0.706055 0.141602
vt 0.972656 0.676514
vt 0.971680 0.677246
vt 0.970215 0.675537
vt 0.970215 0.675537
vt 0.925293 0.679199
vt 0.924316 0.678711
vt 0.925293 0.679199
vt 0.924316 0.678711
vt 0.013130 0.085938
vt 0.015793 0.084961
vt 0.013130 0.073242
vt 0.990234 0.146973
vt 0.990234 0.145020
vt 0.981934 0.145020
vt 0.981934 0.143555
vt 0.990234 0.143555
vt 0.977539 0.145020
vt 0.977539 0.143555
vt 0.971680 0.146973
vt 0.971680 0.145020
vt 0.971680 0.143555
vt 0.970215 0.635986
vt 0.970215 0.635986
vt 0.827637 0.695557
vt 0.760254 0.145020
vt 0.811035 0.145020
vt 0.760254 0.146973
vt 0.811035 0.146973
vt 0.923828 0.632324
vt 0.925293 0.632080
vt 0.926270 0.634766
vt 0.927734 0.634033
vt 0.929199 0.635986
vt 0.929199 0.635986
vt 0.745117 0.690918
vt 0.813477 0.655518
vt 0.745117 0.620117
vt 0.745605 0.655518
vt 0.830078 0.655518
vt 0.841797 0.655518
vt 0.760254 0.143555
vt 0.760254 0.141602
vt 0.691895 0.141602
vt 0.691895 0.143555
vt 0.691895 0.145020
vt 0.691895 0.146973
vt 0.974609 0.632568
vt 0.975098 0.678711
vt 0.974609 0.632568
vt 0.975098 0.678711
vt 0.925293 0.632080
vt 0.974609 0.631348
vt 0.974609 0.632568
vt 0.691895 0.145020
vt 0.468750 0.697754
vt 0.468262 0.709229
vt 0.974609 0.679688
vt 0.974609 0.679688
vt 0.521484 0.693359
vt 0.519043 0.693359
vt 0.535156 0.693359
vt 0.553711 0.710693
vt 0.553711 0.600586
vt 0.521484 0.617920
vt 0.535156 0.617920
vt 0.550781 0.617920
vt 0.535156 0.655518
vt 0.550781 0.655518
vt 0.550781 0.693359
vt 0.519043 0.617920
vt 0.706055 0.146973
vt 0.691895 0.146973
vt 0.706055 0.145020
vt 0.691895 0.145020
vt 0.745605 0.788940
vt 0.737305 0.786377
vt 0.706055 0.145020
vt 0.691895 0.145020
vt 0.843750 0.765991
vt 0.868164 0.759033
vt 0.849609 0.781128
vt 0.881836 0.779419
vt 0.706055 0.143555
vt 0.691895 0.143555
vt 0.740723 0.687500
vt 0.740234 0.691650
vt 0.706055 0.141602
vt 0.691895 0.141602
vt 0.923828 0.632324
vt 0.716797 0.143555
vt 0.760254 0.143555
vt 0.716797 0.141602
vt 0.760254 0.141602
vt 0.589844 0.715820
vt 0.112061 0.991501
vt 0.112061 0.992893
vt 0.415283 0.990601
vt 0.483643 0.987900
vt 0.805664 0.134277
vt 0.806641 0.132813
vt 0.824219 0.134277
vt 0.806152 0.136719
vt 0.824219 0.136719
vt 0.807129 0.138184
vt 0.644043 0.755859
vt 0.715820 0.767212
vt 0.013130 0.083984
vt 0.010468 0.084961
vt 0.010468 0.073242
vt 0.586914 0.746826
vt 0.598633 0.748535
vt 0.015793 0.067871
vt 0.015793 0.073242
vt 0.013130 0.067871
vt 0.013130 0.073242
vt 0.971680 0.141602
vt 0.750488 0.978394
vt 0.750488 0.984795
vt 0.757324 0.978394
vt 0.757324 0.984795
vt 0.927734 0.677246
vt 0.929199 0.675293
vt 0.929199 0.675293
vt 0.971680 0.634033
vt 0.972656 0.634766
vt 0.732422 0.978394
vt 0.732422 0.984795
vt 0.741211 0.978394
vt 0.741211 0.984795
vt 0.926270 0.676514
vt 0.519043 0.711182
vt 0.518555 0.760376
vt 0.966797 0.145020
vt 0.921387 0.145020
vt 0.966797 0.143555
vt 0.921387 0.143066
vt 0.966797 0.141602
vt 0.921387 0.141602
vt 0.921387 0.143066
vt 0.354492 0.367188
vt 0.354492 0.364746
vt 0.871582 0.499512
vt 0.977539 0.145020
vt 0.981934 0.145020
vt 0.977539 0.143555
vt 0.981934 0.143555
vt 0.990234 0.143555
vt 0.990234 0.145020
vt 0.971680 0.145020
vt 0.971680 0.143555
vt 0.861816 0.143555
vt 0.861816 0.141602
vt 0.712402 0.146973
vt 0.712402 0.145020
vt 0.861816 0.143555
vt 0.861816 0.145020
vt 0.811035 0.141602
vt 0.811035 0.143555
vt 0.712402 0.145020
vt 0.966797 0.146973
vt 0.921387 0.146973
vt 0.712402 0.143066
vt 0.716797 0.145020
vt 0.716797 0.146973
vt 0.921387 0.145020
vt 0.712402 0.143066
vt 0.706055 0.143555
vt 0.716797 0.145020
vt 0.712402 0.141602
vt 0.017487 0.958862
vt 0.008224 0.959015
vt 0.017471 0.949738
vt 0.008224 0.949738
vt 0.217773 0.312500
vt 0.219238 0.312012
vt 0.228882 0.331543
vt 0.229858 0.330566
vt 0.834961 0.769043
vt 0.840820 0.783203
vt 0.754883 0.788940
vt 0.217773 0.290039
vt 0.219238 0.290527
vt 0.716797 0.143555
vt 0.691895 0.143555
vt 0.861816 0.146973
vt 0.861816 0.145020
vt 0.811035 0.145020
vt 0.811035 0.143555
vt 0.525391 0.550293
vt 0.525391 0.594238
vt 0.527832 0.548828
vt 0.541504 0.549072
vt 0.812988 0.712402
vt 0.543945 0.776733
vt 0.543457 0.793213
vt 0.483154 0.773193
vt 0.481689 0.798218
vt 0.811035 0.143555
vt 0.722656 0.978394
vt 0.722656 0.984795
vt 0.026154 0.224609
vt 0.076233 0.224609
vt 0.052277 0.212891
vt 0.076233 0.210938
vt 0.052216 0.224609
vt 0.052185 0.235840
vt 0.026184 0.217285
vt 0.026138 0.230957
vt 0.013130 0.073242
vt 0.013130 0.067871
vt 0.010468 0.073242
vt 0.010468 0.067871
vt 0.950195 0.136230
vt 0.949707 0.137695
vt 0.907227 0.508545
vt 0.906250 0.511475
vt 0.892090 0.504883
vt 0.958496 0.136230
vt 0.958496 0.138184
vt 0.950684 0.133789
vt 0.974121 0.312988
vt 0.026260 0.212891
vt 0.052307 0.205566
vt 0.076233 0.202637
vt 0.782715 0.237305
vt 0.844238 0.247559
vt 0.784180 0.230957
vt 0.958496 0.138184
vt 0.958496 0.134766
vt 0.583984 0.595215
vt 0.976074 0.312012
vt 0.984863 0.320313
vt 0.985840 0.329590
vt 0.987305 0.339844
vt 0.984863 0.339844
vt 0.988281 0.329590
vt 0.976074 0.347656
vt 0.974121 0.346680
vt 0.936035 0.370117
vt 0.937500 0.373047
vt 0.903809 0.383789
vt 0.903320 0.387695
vt 0.843262 0.401855
vt 0.843262 0.406738
vt 0.782715 0.416992
vt 0.725098 0.428711
vt 0.664063 0.439453
vt 0.595703 0.444336
vt 0.782715 0.422363
vt 0.725098 0.435059
vt 0.784180 0.428711
vt 0.726074 0.442383
vt 0.728027 0.449707
vt 0.786133 0.435547
vt 0.076538 0.187988
vt 0.052216 0.187012
vt 0.052429 0.199707
vt 0.202759 0.185547
vt 0.202759 0.199707
vt 0.904785 0.267090
vt 0.939453 0.283203
vt 0.978027 0.310547
vt 0.987305 0.319824
vt 0.978027 0.349121
vt 0.939453 0.376465
vt 0.904785 0.392578
vt 0.844238 0.412109
vt 0.076538 0.471680
vt 0.076233 0.457031
vt 0.202759 0.474121
vt 0.202759 0.459961
vt 0.076233 0.448730
vt 0.052216 0.472656
vt 0.052429 0.459961
vt 0.025299 0.472656
vt 0.024414 0.466309
vt 0.025284 0.187012
vt 0.051910 0.175781
vt 0.025269 0.180664
vt 0.076416 0.174805
vt 0.024399 0.193359
vt 0.415283 0.805786
vt 0.666992 0.196777
vt 0.665039 0.205566
vt 0.664063 0.213379
vt 0.786133 0.224121
vt 0.846191 0.240723
vt 0.851074 0.230957
vt 0.791504 0.213379
vt 0.906738 0.261230
vt 0.942383 0.277832
vt 0.945313 0.270508
vt 0.911621 0.253418
vt 0.981445 0.308105
vt 0.991699 0.319824
vt 0.992188 0.329590
vt 0.991699 0.339844
vt 0.981445 0.351563
vt 0.942383 0.381836
vt 0.906738 0.398438
vt 0.945313 0.389160
vt 0.911621 0.406250
vt 0.846191 0.418945
vt 0.851074 0.428711
vt 0.791504 0.446289
vt 0.666992 0.462891
vt 0.597656 0.472656
vt 0.665039 0.454102
vt 0.596680 0.462891
vt 0.664063 0.446289
vt 0.595703 0.453125
vt 0.051910 0.483887
vt 0.076416 0.484863
vt 0.025284 0.479004
vt 0.671387 0.183105
vt 0.728027 0.209961
vt 0.732910 0.197754
vt 0.725098 0.224609
vt 0.726074 0.217285
vt 0.985352 0.305176
vt 0.997070 0.320313
vt 0.996582 0.329590
vt 0.997070 0.339355
vt 0.985352 0.354492
vt 0.052307 0.454102
vt 0.026260 0.446777
vt 0.052277 0.446777
vt 0.026184 0.442383
vt 0.732910 0.461914
vt 0.671387 0.476563
vt 0.061676 0.063965
vt 0.193970 0.064453
vt 0.061676 0.121582
vt 0.192383 0.123047
vt 0.298828 0.064941
vt 0.296143 0.124023
vt 0.194458 0.063477
vt 0.299316 0.063965
vt 0.372803 0.124023
vt 0.371826 0.064453
vt 0.485840 0.121582
vt 0.487061 0.062988
vt 0.572266 0.060059
vt 0.598633 0.116699
vt 0.635254 0.056152
vt 0.668457 0.108887
vt 0.692871 0.050781
vt 0.731445 0.099121
vt 0.791016 0.087891
vt 0.853516 0.071289
vt 0.465820 0.601318
vt 0.466309 0.613525
vt 0.416992 0.592285
vt 0.416992 0.612549
vt 0.905762 0.512939
vt 0.891113 0.505859
vt 0.015793 0.084961
vt 0.013130 0.083984
vt 0.015793 0.073242
vt 0.013130 0.073242
vt 0.013130 0.020508
vt 0.010468 0.020508
vt 0.013130 0.067871
vt 0.010468 0.067871
vt 0.936035 0.136719
vt 0.193970 0.064453
vt 0.061676 0.063965
vt 0.192383 0.123047
vt 0.061676 0.121582
vt 0.298828 0.064941
vt 0.296143 0.124023
vt 0.371826 0.064453
vt 0.372803 0.124023
vt 0.487061 0.062988
vt 0.485840 0.121582
vt 0.598633 0.116699
vt 0.572266 0.060059
vt 0.635254 0.056152
vt 0.668457 0.108887
vt 0.692871 0.050781
vt 0.731445 0.099121
vt 0.791016 0.087891
vt 0.853516 0.071289
vt 0.692871 0.049316
vt 0.635254 0.054688
vt 0.572266 0.059082
vt 0.487549 0.061523
vt 0.372314 0.062988
vt 0.299316 0.063965
vt 0.194458 0.063477
vt 0.064148 0.062988
vt 0.689941 0.047852
vt 0.633301 0.052734
vt 0.570801 0.056641
vt 0.487549 0.059082
vt 0.372314 0.060547
vt 0.689941 0.047852
vt 0.633301 0.052734
vt 0.570801 0.056641
vt 0.487549 0.059082
vt 0.372314 0.060547
vt 0.890137 0.500732
vt 0.888672 0.500488
vt 0.692871 0.049316
vt 0.635254 0.054688
vt 0.572266 0.059082
vt 0.487549 0.061523
vt 0.372314 0.062988
vt 0.064148 0.062988
vt 0.202637 0.486328
vt 0.202271 0.503174
vt 0.076233 0.435059
vt 0.026154 0.435059
vt 0.052216 0.435059
vt 0.026138 0.428711
vt 0.052185 0.423828
vt 0.861816 0.143555
vt 0.010468 0.020508
vt 0.013130 0.020508
vt 0.010468 0.067871
vt 0.916016 0.052246
vt 0.951172 0.038086
vt 0.987305 0.017578
vt 0.951172 0.038086
vt 0.916016 0.052246
vt 0.596680 0.786865
vt 0.595703 0.788940
vt 0.541992 0.795288
vt 0.586914 0.566162
vt 0.602051 0.850220
vt 0.596680 0.846436
vt 0.013130 0.073242
vt 0.010468 0.073242
vt 0.808105 0.136230
vt 0.808105 0.133789
vt 0.991699 0.133789
vt 0.991699 0.133789
vt 0.958496 0.133789
vt 0.958496 0.133789
vt 0.015793 0.067871
vt 0.013130 0.020508
vt 0.015793 0.020508
vt 0.013130 0.067871
vt 0.024185 0.486816
vt 0.050171 0.495117
vt 0.022751 0.495117
vt 0.046936 0.505615
vt 0.074646 0.501465
vt 0.065430 0.517822
vt 0.018021 0.501953
vt 0.038635 0.517090
vt 0.056946 0.530518
vt 0.012093 0.507080
vt 0.027176 0.529297
vt 0.043976 0.544922
vt 0.026138 0.422852
vt 0.052185 0.412109
vt 0.026123 0.425293
vt 0.052155 0.419434
vt 0.076233 0.409180
vt 0.052155 0.240234
vt 0.026123 0.234375
vt 0.076233 0.250488
vt 0.052185 0.247559
vt 0.026138 0.236328
vt 0.038635 0.142578
vt 0.018021 0.157715
vt 0.027176 0.130371
vt 0.012093 0.152832
vt 0.056946 0.129395
vt 0.043976 0.114746
vt 0.046936 0.153809
vt 0.022751 0.164551
vt 0.065430 0.142090
vt 0.074646 0.158203
vt 0.050171 0.164551
vt 0.024185 0.172852
vt 0.013130 0.083984
vt 0.015793 0.084961
vt 0.013130 0.073242
vt 0.894531 0.484375
vt 0.898926 0.479980
vt 0.064148 0.060547
vt 0.061676 0.059082
vt 0.061676 0.059082
vt 0.064148 0.060547
vt 0.480713 0.800903
vt 0.893066 0.482910
vt 0.013130 0.067871
vt 0.010468 0.067871
vt 0.350342 0.364746
vt 0.350342 0.367188
vt 0.354492 0.364746
vt 0.354492 0.367188
vt 0.898438 0.478027
vt 0.615723 0.823608
vt 0.674316 0.827271
vt 0.673828 0.820435
vt 0.708496 0.823120
vt 0.708984 0.830200
vt 0.743652 0.837158
vt 0.709961 0.847290
vt 0.710938 0.863647
vt 0.707031 0.868774
vt 0.704102 0.863647
vt 0.700195 0.856934
vt 0.688965 0.849976
vt 0.675293 0.845337
vt 0.621582 0.842896
vt 0.662598 0.848022
vt 0.651367 0.855957
vt 0.646484 0.863647
vt 0.624512 0.863647
vt 0.624512 0.880188
vt 0.642578 0.880188
vt 0.624512 0.896667
vt 0.646484 0.896667
vt 0.651367 0.904419
vt 0.621582 0.917419
vt 0.662598 0.912354
vt 0.611816 0.826660
vt 0.618652 0.843384
vt 0.621094 0.863647
vt 0.621094 0.880188
vt 0.621094 0.896667
vt 0.618652 0.916992
vt 0.611816 0.933655
vt 0.744629 0.826660
vt 0.745117 0.808716
vt 0.744629 0.813477
vt 0.746582 0.799438
vt 0.747070 0.795410
vt 0.791016 0.792603
vt 0.794434 0.796021
vt 0.776855 0.793579
vt 0.777344 0.797363
vt 0.777832 0.806274
vt 0.801758 0.804321
vt 0.801758 0.809082
vt 0.778320 0.811035
vt 0.350342 0.364746
vt 0.350342 0.367188
vt 0.813965 0.867798
vt 0.812988 0.852173
vt 0.818848 0.867432
vt 0.817871 0.851563
vt 0.826172 0.849731
vt 0.827148 0.866699
vt 0.830566 0.866333
vt 0.829590 0.848877
vt 0.829590 0.911499
vt 0.826172 0.910645
vt 0.830566 0.894043
vt 0.827148 0.893677
vt 0.818848 0.892883
vt 0.817871 0.908752
vt 0.812988 0.908142
vt 0.813965 0.892639
vt 0.778320 0.949371
vt 0.801758 0.951324
vt 0.777832 0.954132
vt 0.801758 0.956055
vt 0.794434 0.964294
vt 0.777344 0.963013
vt 0.776855 0.966858
vt 0.791016 0.967834
vt 0.744629 0.946838
vt 0.745117 0.951599
vt 0.747070 0.964996
vt 0.746582 0.960968
vt 0.024994 0.025879
vt 0.024994 0.077148
vt 0.026672 0.025879
vt 0.026672 0.077148
vt 0.028580 0.025879
vt 0.028580 0.077148
vt 0.030273 0.025879
vt 0.030273 0.077148
vt 0.861816 0.145020
vt 0.811035 0.145020
vt 0.769043 0.978394
vt 0.769043 0.984795
vt 0.246582 0.845947
vt 0.247314 0.915894
vt 0.161865 0.845947
vt 0.163086 0.917114
vt 0.048920 0.845947
vt 0.048920 0.915649
vt 0.004871 0.915649
vt 0.250244 0.758301
vt 0.249634 0.688477
vt 0.166138 0.759521
vt 0.164795 0.688477
vt 0.276123 0.688477
vt 0.276855 0.758301
vt 0.051941 0.758057
vt 0.007904 0.758057
vt 0.250244 0.758301
vt 0.249634 0.688477
vt 0.276855 0.758301
vt 0.276123 0.688477
vt 0.737305 0.524658
vt 0.938965 0.153320
vt 0.938965 0.155273
vt 0.827637 0.992271
vt 0.827637 0.930664
vt 0.880371 0.988304
vt 0.858398 0.930664
vt 0.827637 0.930664
vt 0.827637 0.992271
vt 0.858398 0.930664
vt 0.880371 0.988304
vt 0.987305 0.930664
vt 0.991699 0.988304
vt 0.971191 0.930664
vt 0.972656 0.987831
vt 0.936035 0.928162
vt 0.936035 0.987831
vt 0.899414 0.987831
vt 0.900879 0.930664
vt 0.884766 0.930664
vt 0.680664 0.687500
vt 0.680664 0.691650
vt 0.661621 0.692627
vt 0.661621 0.688232
vt 0.680664 0.655518
vt 0.661621 0.655518
vt 0.680664 0.623535
vt 0.661621 0.623047
vt 0.661621 0.618652
vt 0.680664 0.619629
vt 0.740723 0.623535
vt 0.740234 0.619629
vt 0.740234 0.655518
vt 0.376221 0.669922
vt 0.379395 0.674316
vt 0.380859 0.667725
vt 0.383789 0.673584
vt 0.346924 0.675049
vt 0.346924 0.670410
vt 0.317627 0.669922
vt 0.314209 0.674316
vt 0.910156 0.884827
vt 0.921387 0.874390
vt 0.309814 0.673584
vt 0.312988 0.667725
vt 0.928223 0.878540
vt 0.929199 0.886841
vt 0.921387 0.874390
vt 0.910156 0.884827
vt 0.974609 0.878113
vt 0.988770 0.886841
vt 0.894043 0.769775
vt 0.894043 0.737061
vt 0.898926 0.765015
vt 0.974121 0.765137
vt 0.988770 0.736328
vt 0.979004 0.769897
vt 0.979492 0.797852
vt 0.988770 0.797852
vt 0.979492 0.873413
vt 0.408447 0.592285
vt 0.394287 0.586914
vt 0.299316 0.586914
vt 0.285156 0.592285
vt 0.905762 0.700439
vt 0.851563 0.684326
vt 0.905762 0.610840
vt 0.851074 0.626709
vt 0.312988 0.662354
vt 0.317627 0.664063
vt 0.346924 0.663818
vt 0.376221 0.664063
vt 0.380859 0.662354
vt 0.425781 0.137695
vt 0.425781 0.130859
vt 0.432861 0.138184
vt 0.432861 0.130859
vt 0.379883 0.136719
vt 0.379883 0.129883
vt 0.374756 0.137207
vt 0.374756 0.129883
vt 0.299316 0.139160
vt 0.299316 0.129883
vt 0.425781 0.130859
vt 0.425781 0.137695
vt 0.432861 0.130859
vt 0.432861 0.138184
vt 0.379883 0.129883
vt 0.379883 0.136719
vt 0.374756 0.129883
vt 0.374756 0.137207
vt 0.299316 0.129883
vt 0.299316 0.139160
vt 0.238037 0.322266
vt 0.240601 0.319824
vt 0.251465 0.330078
vt 0.252441 0.326660
vt 0.266846 0.330078
vt 0.265869 0.326660
vt 0.280273 0.322266
vt 0.277588 0.319824
vt 0.287842 0.309082
vt 0.284424 0.308105
vt 0.287842 0.293457
vt 0.284424 0.294434
vt 0.280273 0.280273
vt 0.277588 0.282715
vt 0.266846 0.272461
vt 0.265869 0.275879
vt 0.251465 0.272461
vt 0.252441 0.275879
vt 0.238037 0.280273
vt 0.240601 0.282715
vt 0.230347 0.293457
vt 0.233765 0.294434
vt 0.230347 0.309082
vt 0.233765 0.308105
vt 0.248047 0.342773
vt 0.248535 0.341309
vt 0.270264 0.342773
vt 0.270020 0.341309
vt 0.289551 0.331543
vt 0.288574 0.330566
vt 0.300781 0.312500
vt 0.299316 0.312012
vt 0.300781 0.290039
vt 0.299316 0.290527
vt 0.289551 0.270996
vt 0.288574 0.271973
vt 0.270264 0.259766
vt 0.270020 0.261230
vt 0.248047 0.259766
vt 0.248535 0.261230
vt 0.228882 0.270996
vt 0.229858 0.271973
vt 0.415283 0.769165
vt 0.343994 0.832397
vt 0.344971 0.839233
vt 0.329834 0.829468
vt 0.331787 0.844971
vt 0.310791 0.830444
vt 0.311768 0.823608
vt 0.323975 0.836182
vt 0.325928 0.820679
vt 0.296631 0.927917
vt 0.257080 0.927917
vt 0.296387 0.924500
vt 0.257568 0.924500
vt 0.297119 0.894043
vt 0.297119 0.903320
vt 0.301514 0.903503
vt 0.297363 0.851318
vt 0.347656 0.834473
vt 0.347656 0.836670
vt 0.308105 0.827759
vt 0.308105 0.825684
vt 0.329102 0.858276
vt 0.329102 0.840576
vt 0.325439 0.858276
vt 0.323486 0.840576
vt 0.298584 0.927979
vt 0.298584 0.925903
vt 0.255127 0.927979
vt 0.255127 0.925903
vt 0.298584 0.923462
vt 0.949707 0.156738
vt 0.949707 0.158691
vt 0.991699 0.156738
vt 0.991699 0.158691
vt 0.329102 0.840576
vt 0.329102 0.858276
vt 0.323486 0.840576
vt 0.302734 0.851440
vt 0.302734 0.894287
vt 0.307861 0.851440
vt 0.307861 0.894409
vt 0.302734 0.903687
vt 0.256104 0.851318
vt 0.256104 0.894104
vt 0.256592 0.903320
vt 0.938965 0.155273
vt 0.301514 0.923767
vt 0.303711 0.923767
vt 0.786621 0.158691
vt 0.945313 0.153320
vt 0.945313 0.155273
vt 0.938965 0.156738
vt 0.343994 0.832397
vt 0.344971 0.839233
vt 0.329834 0.829468
vt 0.331787 0.844971
vt 0.310791 0.830444
vt 0.311768 0.823608
vt 0.323975 0.836182
vt 0.325928 0.820679
vt 0.296631 0.927917
vt 0.257080 0.927917
vt 0.296387 0.924500
vt 0.257568 0.924500
vt 0.297119 0.894043
vt 0.297119 0.903320
vt 0.301514 0.903503
vt 0.297363 0.851318
vt 0.347656 0.834473
vt 0.347656 0.836670
vt 0.308105 0.827759
vt 0.308105 0.825684
vt 0.329102 0.858276
vt 0.329102 0.840576
vt 0.325439 0.858276
vt 0.323486 0.840576
vt 0.298584 0.927979
vt 0.298584 0.925903
vt 0.255127 0.927979
vt 0.255127 0.925903
vt 0.298584 0.923462
vt 0.945313 0.157227
vt 0.945313 0.155273
vt 0.329102 0.840576
vt 0.329102 0.858276
vt 0.323486 0.840576
vt 0.302734 0.851440
vt 0.302734 0.894287
vt 0.307861 0.851440
vt 0.307861 0.894409
vt 0.302734 0.903687
vt 0.256104 0.851318
vt 0.256104 0.894104
vt 0.256592 0.903320
vt 0.949707 0.155273
vt 0.949707 0.153320
vt 0.301514 0.923767
vt 0.303711 0.923767
vt 0.945313 0.157227
vt 0.949707 0.155273
vt 0.938965 0.156738
vt 0.938965 0.158691
vt 0.944824 0.158691
vt 0.013130 0.067871
vt 0.013130 0.073242
vt 0.010468 0.067871
vt 0.010468 0.073242
vt 0.915039 0.482910
vt 0.916016 0.478516
vt 0.601074 0.487305
vt 0.762695 0.491211
vt 0.013130 0.067871
vt 0.013130 0.073242
vt 0.010468 0.073242
vt 0.716797 0.143555
vt 0.574707 0.568359
vt 0.836426 0.136719
vt 0.691895 0.143555
vt 0.013130 0.020508
vt 0.015793 0.020508
vt 0.015793 0.067871
vt 0.673828 0.735352
vt 0.663574 0.749023
vt 0.586914 0.564697
vt 0.991699 0.155273
vt 0.991699 0.153320
vt 0.013130 0.020508
vt 0.010468 0.020508
vt 0.013130 0.067871
vt 0.013130 0.073242
vt 0.010468 0.084961
vt 0.013130 0.085938
vt 0.013130 0.073242
vt 0.013130 0.083984
vt 0.015793 0.084961
vt 0.013130 0.073242
vt 0.015793 0.073242
vt 0.786621 0.157227
vt 0.354492 0.364746
vt 0.354492 0.367188
vt 0.715332 0.543457
vt 0.519043 0.599854
vt 0.518555 0.550781
vt 0.766602 0.506592
vt 0.767578 0.508301
vt 0.949707 0.156738
vt 0.013130 0.067871
vt 0.015793 0.073242
vt 0.015793 0.067871
vt 0.013130 0.067871
vt 0.015793 0.067871
vt 0.015793 0.073242
vt 0.015793 0.020508
vt 0.015793 0.084961
vt 0.013130 0.085938
vt 0.010468 0.084961
vt 0.013130 0.083984
vt 0.991699 0.134766
vt 0.015793 0.084961
vt 0.013130 0.020508
vt 0.013130 0.083984
vt 0.013130 0.085938
vt 0.010468 0.084961
vt 0.013130 0.085938
vt 0.010468 0.084961
vt 0.010468 0.073242
vt 0.844238 0.695557
vt 0.924805 0.717773
vt 0.904297 0.712158
vt 0.925293 0.712646
vt 0.013130 0.067871
vt 0.010468 0.067871
vt 0.013130 0.085938
vt 0.010468 0.084961
vt 0.600098 0.779907
vt 0.916992 0.476074
vt 0.026672 0.025879
vt 0.026672 0.077148
vt 0.827637 0.615723
vt 0.468750 0.613525
vt 0.468262 0.602051
vt 0.323975 0.366211
vt 0.321777 0.383301
vt 0.330811 0.366211
vt 0.329102 0.385742
vt 0.435547 0.366211
vt 0.437256 0.385742
vt 0.442383 0.366211
vt 0.444580 0.383301
vt 0.881836 0.531738
vt 0.112061 0.766846
vt 0.112061 0.768311
vt 0.483643 0.771851
vt 0.544434 0.775513
vt 0.601074 0.778931
vt 0.302734 0.929993
vt 0.301758 0.936768
vt 0.188599 0.933044
vt 0.112549 0.951080
vt 0.112549 0.941833
vt 0.144653 0.933350
vt 0.259033 0.301270
vt 0.251465 0.525391
vt 0.081177 0.525391
vt 0.251465 0.522217
vt 0.081177 0.522217
vt 0.081177 0.528320
vt 0.251465 0.528320
vt 0.081177 0.531250
vt 0.251465 0.531250
vt 0.081177 0.534424
vt 0.251465 0.534424
vt 0.081177 0.537354
vt 0.251465 0.537354
vt 0.081177 0.540283
vt 0.251465 0.540283
vt 0.081177 0.543457
vt 0.251465 0.543457
vt 0.081177 0.546387
vt 0.251465 0.546387
vt 0.081177 0.525391
vt 0.251465 0.525391
vt 0.081177 0.522217
vt 0.251465 0.522217
vt 0.251465 0.528320
vt 0.081177 0.528320
vt 0.251465 0.531250
vt 0.081177 0.531250
vt 0.251465 0.534424
vt 0.081177 0.534424
vt 0.251465 0.537354
vt 0.081177 0.537354
vt 0.251465 0.540283
vt 0.081177 0.540283
vt 0.251465 0.543457
vt 0.081177 0.543457
vt 0.251465 0.546387
vt 0.081177 0.546387
vt 0.022598 0.991318
vt 0.008461 0.991287
vt 0.017609 0.985886
vt 0.805664 0.708252
vt 0.503418 0.389648
vt 0.491455 0.395020
vt 0.498291 0.377930
vt 0.488281 0.387695
vt 0.457275 0.377930
vt 0.893555 0.803589
vt 0.898438 0.815674
vt 0.869141 0.824951
vt 0.491455 0.395020
vt 0.503418 0.389648
vt 0.488281 0.387695
vt 0.498291 0.377930
vt 0.457275 0.377930
vt 0.939453 0.457031
vt 0.953613 0.470703
vt 0.991211 0.475586
vt 0.939453 0.417969
vt 0.939453 0.439453
vt 0.928223 0.452148
vt 0.895996 0.458008
vt 0.906250 0.452148
vt 0.895508 0.443848
vt 0.939453 0.546387
vt 0.991211 0.528076
vt 0.953613 0.532715
vt 0.939453 0.585693
vt 0.939453 0.564209
vt 0.928223 0.551514
vt 0.906250 0.551514
vt 0.895996 0.545654
vt 0.895508 0.559570
vt 0.489502 0.617920
vt 0.489502 0.655518
vt 0.489502 0.693359
vt 0.991699 0.155273
vt 0.760254 0.145020
vt 0.991699 0.156738
vt 0.991699 0.138184
vt 0.991699 0.138184
vt 0.991699 0.136230
vt 0.991699 0.155273
vt 0.819336 0.880188
vt 0.827637 0.880188
vt 0.831055 0.880188
vt 0.760254 0.143555
vt 0.988770 0.886841
vt 0.974609 0.878113
vt 0.929199 0.886841
vt 0.928223 0.878540
vt 0.894043 0.769775
vt 0.898926 0.765015
vt 0.894043 0.737061
vt 0.988770 0.736328
vt 0.974121 0.765137
vt 0.979004 0.769897
vt 0.988770 0.797852
vt 0.979492 0.797852
vt 0.979492 0.873413
vt 0.760254 0.145020
vt 0.991699 0.138184
vt 0.991699 0.138184
vt 0.202637 0.173340
vt 0.202271 0.156738
vt 0.991699 0.156738
vt 0.760254 0.143555
vt 0.991699 0.136230
vt 0.330811 0.366211
vt 0.374023 0.366211
vt 0.374023 0.366211
vt 0.380859 0.366211
vt 0.993652 0.012695
vt 0.759766 0.602539
vt 0.805664 0.603027
vt 0.152100 0.140625
vt 0.149170 0.131348
vt 0.137207 0.140625
vt 0.136719 0.131836
vt 0.075562 0.133301
vt 0.077820 0.140625
vt 0.498291 0.283203
vt 0.512207 0.283203
vt 0.499023 0.330566
vt 0.511719 0.330566
vt 0.512207 0.377930
vt 0.342529 0.688477
vt 0.342529 0.758301
vt 0.309814 0.688477
vt 0.309814 0.758179
vt 0.457275 0.283203
vt 0.457764 0.330566
vt 0.459717 0.380371
vt 0.454346 0.380371
vt 0.451904 0.377930
vt 0.452393 0.330566
vt 0.451904 0.283203
vt 0.459717 0.280762
vt 0.454346 0.280762
vt 0.990234 0.145020
vt 0.149170 0.131348
vt 0.152100 0.140625
vt 0.136719 0.131836
vt 0.137207 0.140625
vt 0.077820 0.140625
vt 0.075562 0.133301
vt 0.383301 0.406250
vt 0.385498 0.366211
vt 0.390625 0.403809
vt 0.392334 0.366211
vt 0.385498 0.366211
vt 0.383301 0.406250
vt 0.392334 0.366211
vt 0.390625 0.403809
vt 0.741211 0.655518
vt 0.878418 0.485840
vt 0.375732 0.403809
vt 0.330811 0.366211
vt 0.374023 0.366211
vt 0.374023 0.366211
vt 0.380859 0.366211
vt 0.375732 0.403809
vt 0.526367 0.377930
vt 0.526367 0.330566
vt 0.526367 0.283203
vt 0.475098 0.602051
vt 0.475098 0.617920
vt 0.468262 0.617676
vt 0.468262 0.655518
vt 0.475098 0.655518
vt 0.468262 0.693604
vt 0.475098 0.693359
vt 0.475098 0.709229
vt 0.389893 0.851563
vt 0.407715 0.858276
vt 0.407715 0.894409
vt 0.406494 0.896423
vt 0.389893 0.851563
vt 0.407715 0.858276
vt 0.407715 0.894409
vt 0.406494 0.896423
vt 0.097839 0.768311
vt 0.102966 0.772705
vt 0.112549 0.808716
vt 0.103271 0.808716
vt 0.103271 0.815796
vt 0.112549 0.817993
vt 0.674805 0.386719
vt 0.579590 0.387695
vt 0.674805 0.330566
vt 0.580566 0.330566
vt 0.674805 0.274414
vt 0.579590 0.273438
vt 0.705566 0.279297
vt 0.721680 0.295410
vt 0.721680 0.330566
vt 0.721680 0.365723
vt 0.705566 0.381836
vt 0.330566 0.896423
vt 0.329102 0.894409
vt 0.347168 0.851563
vt 0.330566 0.896423
vt 0.329102 0.894409
vt 0.347168 0.851563
vt 0.087463 0.258301
vt 0.087463 0.272461
vt 0.072266 0.258301
vt 0.072266 0.272461
vt 0.087463 0.277344
vt 0.072266 0.277344
vt 0.087463 0.288086
vt 0.072266 0.288086
vt 0.102722 0.258301
vt 0.102722 0.272461
vt 0.102722 0.277344
vt 0.102722 0.288086
vt 0.117920 0.258301
vt 0.117920 0.272461
vt 0.117920 0.277344
vt 0.117920 0.288086
vt 0.133179 0.258301
vt 0.133179 0.272461
vt 0.133179 0.277344
vt 0.133179 0.288086
vt 0.148438 0.258301
vt 0.148438 0.272461
vt 0.148438 0.277344
vt 0.148438 0.288086
vt 0.329102 0.894409
vt 0.329346 0.895874
vt 0.326416 0.895874
vt 0.327637 0.911255
vt 0.330811 0.911255
vt 0.907715 0.702637
vt 0.908691 0.655518
vt 0.925293 0.655518
vt 0.907715 0.608398
vt 0.994629 0.593750
vt 0.994629 0.599365
vt 0.994629 0.655518
vt 0.994629 0.711914
vt 0.994629 0.717529
vt 0.178833 0.258301
vt 0.178833 0.272461
vt 0.163696 0.258301
vt 0.163696 0.272461
vt 0.178833 0.277344
vt 0.163696 0.277344
vt 0.178833 0.288086
vt 0.163696 0.288086
vt 0.194092 0.258301
vt 0.194092 0.272461
vt 0.194092 0.277344
vt 0.194092 0.288086
vt 0.330811 0.911255
vt 0.327637 0.911255
vt 0.329346 0.895874
vt 0.326416 0.895874
vt 0.250977 0.851440
vt 0.250977 0.894287
vt 0.252197 0.903503
vt 0.255127 0.923462
vt 0.330811 0.911255
vt 0.327637 0.911255
vt 0.329346 0.895874
vt 0.326416 0.895874
vt 0.250977 0.851440
vt 0.250977 0.894287
vt 0.252197 0.903503
vt 0.255127 0.923462
vt 0.041779 0.258301
vt 0.041779 0.272461
vt 0.026550 0.258301
vt 0.026550 0.272461
vt 0.041779 0.277344
vt 0.026550 0.277344
vt 0.041779 0.288086
vt 0.026550 0.288086
vt 0.209351 0.258301
vt 0.209351 0.272461
vt 0.209351 0.277344
vt 0.209351 0.288086
vt 0.329102 0.894409
vt 0.329346 0.895874
vt 0.326416 0.895874
vt 0.327637 0.911255
vt 0.330811 0.911255
vt 0.057007 0.258301
vt 0.057007 0.272461
vt 0.057007 0.277344
vt 0.057007 0.288086
vt 0.022598 0.768433
vt 0.008430 0.767212
vt 0.008461 0.768555
vt 0.017609 0.772827
vt 0.144653 0.826416
vt 0.188599 0.826782
vt 0.302734 0.829834
vt 0.301758 0.822998
vt 0.346924 0.840332
vt 0.389893 0.840332
vt 0.389160 0.836670
vt 0.389160 0.834473
vt 0.346924 0.830566
vt 0.389893 0.830566
vt 0.346924 0.840332
vt 0.389893 0.840332
vt 0.389160 0.836670
vt 0.389160 0.834473
vt 0.346924 0.830566
vt 0.389893 0.830566
vt 0.414307 0.619385
vt 0.466309 0.617676
vt 0.416992 0.655518
vt 0.466309 0.655518
vt 0.414307 0.691650
vt 0.466309 0.693604
vt 0.258057 0.541260
vt 0.264160 0.543945
vt 0.255371 0.535156
vt 0.264160 0.535156
vt 0.258057 0.528809
vt 0.264160 0.526367
vt 0.270508 0.528809
vt 0.272949 0.535156
vt 0.270508 0.541260
vt 0.008430 0.992626
vt 0.097839 0.991470
vt 0.102966 0.986015
vt 0.103271 0.951111
vt 0.103271 0.944000
vt 0.518066 0.283203
vt 0.512695 0.269043
vt 0.546387 0.271973
vt 0.546387 0.389160
vt 0.512695 0.392090
vt 0.518066 0.377930
vt 0.290039 0.292969
vt 0.281738 0.278809
vt 0.267578 0.270508
vt 0.250977 0.270508
vt 0.236694 0.278809
vt 0.228394 0.292969
vt 0.290039 0.309570
vt 0.281738 0.323730
vt 0.267578 0.332031
vt 0.250977 0.332031
vt 0.236694 0.323730
vt 0.228394 0.309570
vt 0.152100 0.130859
vt 0.159302 0.144531
vt 0.186035 0.151855
vt 0.186035 0.127930
vt 0.191040 0.152832
vt 0.191040 0.127930
vt 0.266357 0.151855
vt 0.266357 0.127930
vt 0.271240 0.149902
vt 0.271240 0.127930
vt 0.290039 0.143555
vt 0.159302 0.144531
vt 0.152100 0.130859
vt 0.186035 0.127930
vt 0.186035 0.151855
vt 0.191040 0.127930
vt 0.191040 0.152832
vt 0.266357 0.127930
vt 0.266357 0.151855
vt 0.271240 0.127930
vt 0.271240 0.149902
vt 0.290039 0.143555
vt 0.441162 0.862305
vt 0.416992 0.853149
vt 0.437256 0.868042
vt 0.418701 0.868042
vt 0.434570 0.880127
vt 0.418701 0.880127
vt 0.437256 0.892212
vt 0.418701 0.892212
vt 0.441162 0.897888
vt 0.416992 0.907104
vt 0.765625 0.318848
vt 0.764160 0.322266
vt 0.765625 0.322754
vt 0.762695 0.320801
vt 0.767578 0.322266
vt 0.768555 0.320801
vt 0.764160 0.315918
vt 0.762695 0.317383
vt 0.765625 0.315430
vt 0.767578 0.315918
vt 0.768555 0.317383
vt 0.755371 0.325195
vt 0.756836 0.323242
vt 0.756836 0.327148
vt 0.755371 0.309082
vt 0.756836 0.307129
vt 0.756836 0.311035
vt 0.748535 0.307129
vt 0.748535 0.308105
vt 0.755371 0.341309
vt 0.756836 0.339355
vt 0.756836 0.343262
vt 0.740723 0.363281
vt 0.738281 0.361816
vt 0.742188 0.361816
vt 0.742676 0.363770
vt 0.744629 0.363281
vt 0.745605 0.361328
vt 0.741699 0.355469
vt 0.747559 0.354980
vt 0.750488 0.363281
vt 0.749512 0.361328
vt 0.753418 0.362305
vt 0.756836 0.361816
vt 0.752441 0.363770
vt 0.753418 0.355469
vt 0.759277 0.355469
vt 0.753418 0.347656
vt 0.757324 0.347168
vt 0.754395 0.363281
vt 0.740723 0.363281
vt 0.738281 0.361816
vt 0.742188 0.361816
vt 0.742676 0.363770
vt 0.744629 0.363281
vt 0.745605 0.361328
vt 0.736328 0.355469
vt 0.741699 0.355469
vt 0.747559 0.354980
vt 0.752441 0.363770
vt 0.753418 0.362305
vt 0.756836 0.361816
vt 0.750488 0.363281
vt 0.749512 0.361328
vt 0.753418 0.355469
vt 0.759277 0.355469
vt 0.753418 0.347656
vt 0.757324 0.347168
vt 0.754395 0.363281
vt 0.740723 0.363281
vt 0.738281 0.361816
vt 0.742188 0.361816
vt 0.742676 0.363770
vt 0.744629 0.363281
vt 0.745605 0.361328
vt 0.741699 0.355469
vt 0.747559 0.354980
vt 0.750488 0.363281
vt 0.749512 0.361328
vt 0.753418 0.362305
vt 0.753418 0.355469
vt 0.759277 0.355469
vt 0.756836 0.361816
vt 0.753418 0.347656
vt 0.757324 0.347168
vt 0.754395 0.363281
vt 0.752441 0.363770
vt 0.748535 0.309570
vt 0.748535 0.311035
vt 0.741699 0.309082
vt 0.739746 0.294922
vt 0.748535 0.294922
vt 0.739746 0.298828
vt 0.748535 0.298828
vt 0.739746 0.302734
vt 0.748535 0.302734
vt 0.739746 0.307129
vt 0.739746 0.311035
vt 0.739746 0.314941
vt 0.748535 0.314941
vt 0.739746 0.318848
vt 0.748535 0.318848
vt 0.739746 0.323242
vt 0.748535 0.323242
vt 0.748535 0.326172
vt 0.748535 0.327148
vt 0.741699 0.325195
vt 0.739746 0.327148
vt 0.748535 0.324219
vt 0.739746 0.331055
vt 0.748535 0.331055
vt 0.739746 0.335449
vt 0.748535 0.335449
vt 0.739746 0.339355
vt 0.748535 0.339355
vt 0.748535 0.340332
vt 0.741699 0.341309
vt 0.739746 0.343262
vt 0.748535 0.343262
vt 0.748535 0.342285
vt 0.756836 0.294922
vt 0.762207 0.294922
vt 0.756836 0.298828
vt 0.762207 0.298828
vt 0.756836 0.318848
vt 0.762207 0.339355
vt 0.762207 0.343262
vt 0.756836 0.314941
vt 0.756836 0.302734
vt 0.737793 0.314941
vt 0.737793 0.318848
vt 0.736328 0.355469
vt 0.737793 0.311035
vt 0.741699 0.348145
vt 0.745605 0.347168
vt 0.737793 0.347656
vt 0.741211 0.345703
vt 0.745605 0.345215
vt 0.749512 0.347168
vt 0.757324 0.345215
vt 0.753418 0.345703
vt 0.737793 0.345703
vt 0.749512 0.345215
vt 0.756836 0.335449
vt 0.762207 0.335449
vt 0.741699 0.348145
vt 0.745605 0.347168
vt 0.737793 0.347656
vt 0.736328 0.355469
vt 0.741211 0.345703
vt 0.745605 0.345215
vt 0.749512 0.347168
vt 0.737793 0.345703
vt 0.753418 0.345703
vt 0.749512 0.345215
vt 0.757324 0.345215
vt 0.741699 0.348145
vt 0.745605 0.347168
vt 0.737793 0.347656
vt 0.745605 0.345215
vt 0.741211 0.345703
vt 0.749512 0.347168
vt 0.757324 0.345215
vt 0.753418 0.345703
vt 0.737793 0.345703
vt 0.749512 0.345215
vt 0.762207 0.318848
vt 0.762207 0.323242
vt 0.769043 0.318848
vt 0.737793 0.307129
vt 0.737793 0.302734
vt 0.737793 0.298828
vt 0.737793 0.294922
vt 0.737793 0.339355
vt 0.737793 0.343262
vt 0.737793 0.335449
vt 0.737793 0.331055
vt 0.737793 0.327148
vt 0.737793 0.323242
vt 0.762207 0.314941
vt 0.756836 0.331055
vt 0.762207 0.307129
vt 0.762207 0.311035
vt 0.762207 0.302734
vt 0.762207 0.331055
vt 0.762207 0.327148
vt 0.732422 0.323242
vt 0.732422 0.327148
vt 0.732422 0.331055
vt 0.732422 0.335449
vt 0.732422 0.339355
vt 0.732422 0.343262
vt 0.732422 0.318848
vt 0.732422 0.314941
vt 0.732422 0.311035
vt 0.732422 0.307129
vt 0.732422 0.302734
vt 0.732422 0.298828
vt 0.732422 0.294922
vt 0.469628 0.813455
vt 0.620237 1.000000
vt 0.422998 0.865203
vt 0.539591 1.000000
vt 1.000000 0.256714
vt 1.000000 0.311897
vt 0.966027 0.286004
vt 0.000000 0.313542
vt 0.033575 0.285935
vt 0.000000 0.311557
vt 0.982017 0.299432
vt 1.000000 0.315884
vt 1.000000 0.282497
vt 0.366247 1.000000
vt 0.524498 0.800729
vt 0.378399 1.000000
vt 0.414865 0.853316
vt 0.618971 1.000000
vt 0.473960 0.801345
vt 0.530868 1.000000
vt 0.578889 0.000000
vt 0.000000 0.435354
vt 0.242255 0.000000
vt 0.000000 0.247140
vt 0.765778 0.000000
vt 1.000000 0.255237
vt 1.000000 0.000000
vt 0.156196 1.000000
vt 0.000000 0.000000
vt 0.000000 1.000000
vt 0.150263 0.000000
vt 1.000000 0.000000
vt 1.000000 0.315822
vt 0.620590 0.000000
vt 0.613710 1.000000
vt 0.372562 1.000000
vt 0.000000 1.000000
vt 0.000000 0.571784
vt 0.306728 1.000000
vt 0.445306 0.000000
vt 0.684750 0.000000
vt 0.611328 0.135254
vt 0.597656 0.144531
vt 0.584473 0.135254
vt 0.578125 0.127441
vt 0.582031 0.127441
vt 0.575684 0.131836
vt 0.584473 0.131836
vt 0.611328 0.131836
vt 0.613770 0.127441
vt 0.620117 0.131836
vt 0.617676 0.127441
vt 0.656738 0.492188
vt 0.650879 0.492188
vt 0.656738 0.535645
vt 0.650879 0.535645
vt 0.644531 0.535645
vt 0.644531 0.492188
vt 0.643066 0.485840
vt 0.652344 0.485840
vt 0.652344 0.541504
vt 0.643066 0.541504
vt 0.638184 0.535645
vt 0.638184 0.492188
vt 0.656738 0.492188
vt 0.650879 0.492188
vt 0.656738 0.535645
vt 0.650879 0.535645
vt 0.638184 0.535645
vt 0.644531 0.535645
vt 0.638184 0.492188
vt 0.644531 0.492188
vt 0.652344 0.541504
vt 0.650879 0.535645
vt 0.643066 0.541504
vt 0.656738 0.492188
vt 0.650879 0.492188
vt 0.656738 0.535645
vt 0.643066 0.485840
vt 0.652344 0.485840
vt 0.567383 0.158691
vt 0.567383 0.161621
vt 0.596191 0.158691
vt 0.596191 0.161621
vt 0.567383 0.164063
vt 0.596191 0.164063
vt 0.567383 0.147461
vt 0.567383 0.150391
vt 0.596191 0.147461
vt 0.596191 0.150391
vt 0.567383 0.152832
vt 0.596191 0.152832
vt 0.567383 0.147461
vt 0.567383 0.150391
vt 0.596191 0.147461
vt 0.596191 0.150391
vt 0.567383 0.152832
vt 0.596191 0.152832
vt 0.567383 0.155762
vt 0.596191 0.155762
vt 0.649414 0.147461
vt 0.649414 0.148926
vt 0.677734 0.147461
vt 0.677734 0.148926
vt 0.649414 0.140137
vt 0.649414 0.142090
vt 0.677734 0.140137
vt 0.677734 0.142090
vt 0.649414 0.144043
vt 0.649414 0.145508
vt 0.677734 0.144043
vt 0.677734 0.145508
vt 0.645996 0.147461
vt 0.646484 0.148926
vt 0.646484 0.140137
vt 0.646973 0.142090
vt 0.646973 0.144043
vt 0.646484 0.145508
vt 0.642090 0.147461
vt 0.642578 0.148926
vt 0.642578 0.140137
vt 0.644043 0.142090
vt 0.645508 0.142090
vt 0.644043 0.144043
vt 0.645508 0.144043
vt 0.642578 0.145508
vt 0.636719 0.147461
vt 0.636719 0.148926
vt 0.636719 0.140137
vt 0.636719 0.142090
vt 0.642090 0.142090
vt 0.636719 0.144043
vt 0.642090 0.144043
vt 0.636719 0.145508
vt 0.567383 0.147461
vt 0.567383 0.150391
vt 0.596191 0.147461
vt 0.596191 0.150391
vt 0.567383 0.152832
vt 0.596191 0.152832
vt 0.567383 0.155762
vt 0.596191 0.155762
vt 0.649414 0.147461
vt 0.649414 0.148926
vt 0.677734 0.147461
vt 0.677734 0.148926
vt 0.649414 0.140137
vt 0.649414 0.142090
vt 0.677734 0.140137
vt 0.677734 0.142090
vt 0.649414 0.144043
vt 0.649414 0.145508
vt 0.677734 0.144043
vt 0.677734 0.145508
vt 0.645996 0.147461
vt 0.646484 0.148926
vt 0.646484 0.140137
vt 0.646973 0.142090
vt 0.646973 0.144043
vt 0.646484 0.145508
vt 0.642090 0.147461
vt 0.642578 0.148926
vt 0.642578 0.140137
vt 0.644043 0.142090
vt 0.645508 0.142090
vt 0.644043 0.144043
vt 0.645508 0.144043
vt 0.642578 0.145508
vt 0.636719 0.147461
vt 0.636719 0.148926
vt 0.636719 0.140137
vt 0.636719 0.142090
vt 0.642090 0.142090
vt 0.636719 0.144043
vt 0.642090 0.144043
vt 0.636719 0.145508
vt 0.567383 0.158691
vt 0.567383 0.161621
vt 0.596191 0.158691
vt 0.596191 0.161621
vt 0.567383 0.164063
vt 0.596191 0.164063
vt 0.567383 0.147461
vt 0.567383 0.150391
vt 0.596191 0.147461
vt 0.596191 0.150391
vt 0.567383 0.152832
vt 0.596191 0.152832
vt 0.989258 0.126953
vt 0.989258 0.130371
vt 0.865234 0.126953
vt 0.865234 0.130371
vt 0.865234 0.103027
vt 0.865234 0.101563
vt 0.989258 0.103027
vt 0.989258 0.101563
vt 0.865234 0.107910
vt 0.989258 0.107910
vt 0.856934 0.109375
vt 0.856934 0.107910
vt 0.859863 0.109375
vt 0.861816 0.107910
vt 0.989258 0.098633
vt 0.865234 0.098633
vt 0.865234 0.116699
vt 0.861816 0.116699
vt 0.861816 0.126953
vt 0.622070 0.125000
vt 0.648438 0.125000
vt 0.622070 0.127441
vt 0.648438 0.127441
vt 0.644531 0.535645
vt 0.644531 0.492188
vt 0.643066 0.485840
vt 0.652344 0.485840
vt 0.652344 0.541504
vt 0.643066 0.541504
vt 0.638184 0.535645
vt 0.638184 0.492188
vt 0.636719 0.147461
vt 0.636719 0.145508
vt 0.642090 0.147461
vt 0.642578 0.145508
vt 0.636719 0.144043
vt 0.642090 0.144043
vt 0.636719 0.142090
vt 0.642090 0.142090
vt 0.636719 0.140137
vt 0.642578 0.140137
vt 0.638184 0.535645
vt 0.644531 0.535645
vt 0.638184 0.492188
vt 0.644531 0.492188
vt 0.652344 0.541504
vt 0.650879 0.535645
vt 0.643066 0.541504
vt 0.643066 0.485840
vt 0.652344 0.485840
vt 0.650879 0.492188
vt 0.656738 0.492188
vt 0.656738 0.535645
vt 0.649414 0.148926
vt 0.649414 0.147461
vt 0.677734 0.148926
vt 0.677734 0.147461
vt 0.649414 0.142090
vt 0.649414 0.140137
vt 0.677734 0.142090
vt 0.677734 0.140137
vt 0.649414 0.145508
vt 0.649414 0.144043
vt 0.677734 0.145508
vt 0.677734 0.144043
vt 0.646484 0.148926
vt 0.645996 0.147461
vt 0.646973 0.142090
vt 0.646484 0.140137
vt 0.646484 0.145508
vt 0.646973 0.144043
vt 0.642578 0.148926
vt 0.642090 0.147461
vt 0.644043 0.142090
vt 0.642578 0.140137
vt 0.645508 0.142090
vt 0.644043 0.144043
vt 0.645508 0.144043
vt 0.642578 0.145508
vt 0.636719 0.148926
vt 0.636719 0.147461
vt 0.636719 0.142090
vt 0.636719 0.140137
vt 0.642090 0.142090
vt 0.636719 0.144043
vt 0.642090 0.144043
vt 0.636719 0.145508
vt 0.649414 0.148926
vt 0.649414 0.147461
vt 0.677734 0.148926
vt 0.677734 0.147461
vt 0.649414 0.142090
vt 0.649414 0.140137
vt 0.677734 0.142090
vt 0.677734 0.140137
vt 0.649414 0.145508
vt 0.649414 0.144043
vt 0.677734 0.145508
vt 0.677734 0.144043
vt 0.646484 0.148926
vt 0.645996 0.147461
vt 0.646973 0.142090
vt 0.646484 0.140137
vt 0.646484 0.145508
vt 0.646973 0.144043
vt 0.642578 0.148926
vt 0.644043 0.142090
vt 0.645508 0.142090
vt 0.644043 0.144043
vt 0.645508 0.144043
vt 0.636719 0.148926
vt 0.989258 0.130371
vt 0.989258 0.126953
vt 0.865234 0.130371
vt 0.865234 0.126953
vt 0.865234 0.101563
vt 0.865234 0.103027
vt 0.989258 0.101563
vt 0.989258 0.103027
vt 0.865234 0.107910
vt 0.989258 0.107910
vt 0.856934 0.107910
vt 0.856934 0.109375
vt 0.861816 0.107910
vt 0.859863 0.109375
vt 0.989258 0.098633
vt 0.865234 0.098633
vt 0.865234 0.116699
vt 0.861816 0.116699
vt 0.861816 0.126953
vt 0.604980 0.125000
vt 0.609375 0.125000
vt 0.604980 0.127441
vt 0.609375 0.127441
vt 0.544434 0.127441
vt 0.544434 0.125000
vt 0.549316 0.127441
vt 0.549316 0.125000
vt 0.554199 0.127441
vt 0.554199 0.125000
vt 0.563477 0.127441
vt 0.563477 0.125000
vt 0.577148 0.127441
vt 0.577148 0.125000
vt 0.590332 0.125000
vt 0.590332 0.127441
vt 0.599609 0.125000
vt 0.599609 0.127441
vt 0.630859 0.523926
vt 0.630859 0.521729
vt 0.423828 0.523926
vt 0.423828 0.521729
vt 0.630859 0.539551
vt 0.630859 0.537354
vt 0.423828 0.539551
vt 0.423828 0.537354
vt 0.630859 0.535156
vt 0.423828 0.535156
vt 0.630859 0.532959
vt 0.423828 0.532959
vt 0.630859 0.530762
vt 0.423828 0.530762
vt 0.630859 0.528564
vt 0.423828 0.528564
vt 0.630859 0.526367
vt 0.423828 0.526367
vt 0.423828 0.520508
vt 0.423828 0.517090
vt 0.395996 0.520508
vt 0.395996 0.517090
vt 0.423828 0.544922
vt 0.423828 0.541260
vt 0.395996 0.544922
vt 0.395996 0.541260
vt 0.423828 0.537354
vt 0.395996 0.537842
vt 0.423828 0.535156
vt 0.395996 0.534424
vt 0.423828 0.530762
vt 0.395996 0.531006
vt 0.423828 0.528564
vt 0.395996 0.527588
vt 0.423828 0.523926
vt 0.395996 0.524170
vt 0.630859 0.523926
vt 0.630859 0.521729
vt 0.423828 0.523926
vt 0.423828 0.521729
vt 0.630859 0.539551
vt 0.630859 0.537354
vt 0.423828 0.539551
vt 0.423828 0.537354
vt 0.630859 0.535156
vt 0.423828 0.535156
vt 0.630859 0.532959
vt 0.423828 0.532959
vt 0.630859 0.530762
vt 0.423828 0.530762
vt 0.630859 0.528564
vt 0.423828 0.528564
vt 0.630859 0.526367
vt 0.423828 0.526367
vt 0.423828 0.520508
vt 0.423828 0.517090
vt 0.395996 0.520508
vt 0.395996 0.517090
vt 0.423828 0.544922
vt 0.423828 0.541260
vt 0.395996 0.544922
vt 0.395996 0.541260
vt 0.423828 0.537354
vt 0.395996 0.537842
vt 0.423828 0.535156
vt 0.395996 0.534424
vt 0.423828 0.530762
vt 0.395996 0.531006
vt 0.423828 0.528564
vt 0.395996 0.527588
vt 0.423828 0.523926
vt 0.395996 0.524170
vt 0.677246 0.485352
vt 0.677246 0.481934
vt 0.670898 0.485352
vt 0.670898 0.481934
vt 0.677246 0.497559
vt 0.670898 0.497559
vt 0.670898 0.509766
vt 0.677246 0.509766
vt 0.677246 0.513428
vt 0.670898 0.513428
vt 0.677246 0.517090
vt 0.670898 0.517090
vt 0.670898 0.529053
vt 0.677246 0.529053
vt 0.677246 0.541260
vt 0.670898 0.541260
vt 0.670898 0.544922
vt 0.677246 0.544922
vt 0.389404 0.688965
vt 0.389404 0.682617
vt 0.368408 0.688965
vt 0.368408 0.682617
vt 0.389404 0.704346
vt 0.368408 0.704346
vt 0.368408 0.710693
vt 0.389404 0.710693
vt 0.389404 0.721680
vt 0.368408 0.721680
vt 0.368408 0.728027
vt 0.389404 0.728027
vt 0.389404 0.743652
vt 0.368408 0.743652
vt 0.368408 0.750000
vt 0.389404 0.750000
vt 0.389404 0.760986
vt 0.368408 0.760986
vt 0.389404 0.688965
vt 0.389404 0.682617
vt 0.368408 0.688965
vt 0.368408 0.682617
vt 0.389404 0.704346
vt 0.368408 0.704346
vt 0.368408 0.710693
vt 0.389404 0.710693
vt 0.389404 0.721680
vt 0.368408 0.721680
vt 0.368408 0.728027
vt 0.389404 0.728027
vt 0.389404 0.743652
vt 0.368408 0.743652
vt 0.368408 0.750000
vt 0.389404 0.750000
vt 0.389404 0.760986
vt 0.368408 0.760986
vt 0.389404 0.688965
vt 0.389404 0.682617
vt 0.368408 0.688965
vt 0.368408 0.682617
vt 0.389404 0.704346
vt 0.368408 0.704346
vt 0.368408 0.710693
vt 0.389404 0.710693
vt 0.389404 0.721680
vt 0.368408 0.721680
vt 0.368408 0.728027
vt 0.389404 0.728027
vt 0.389404 0.743652
vt 0.368408 0.743652
vt 0.368408 0.750000
vt 0.389404 0.750000
vt 0.389404 0.760986
vt 0.368408 0.760986
vt 0.389404 0.688965
vt 0.389404 0.682617
vt 0.368408 0.688965
vt 0.368408 0.682617
vt 0.389404 0.704346
vt 0.368408 0.704346
vt 0.368408 0.710693
vt 0.389404 0.710693
vt 0.389404 0.721680
vt 0.368408 0.721680
vt 0.368408 0.728027
vt 0.389404 0.728027
vt 0.389404 0.743652
vt 0.368408 0.743652
vt 0.368408 0.750000
vt 0.389404 0.750000
vt 0.389404 0.760986
vt 0.368408 0.760986
vt 0.677246 0.485352
vt 0.677246 0.481934
vt 0.670898 0.485352
vt 0.670898 0.481934
vt 0.677246 0.497559
vt 0.670898 0.497559
vt 0.670898 0.509766
vt 0.677246 0.509766
vt 0.677246 0.513428
vt 0.670898 0.513428
vt 0.677246 0.517090
vt 0.670898 0.517090
vt 0.670898 0.529053
vt 0.677246 0.529053
vt 0.677246 0.541260
vt 0.670898 0.541260
vt 0.670898 0.544922
vt 0.677246 0.544922
vt 0.611328 0.142090
vt 0.618652 0.136719
vt 0.584473 0.142090
vt 0.577148 0.136719
vt 0.567383 0.155762
vt 0.596191 0.155762
vt 0.567383 0.155762
vt 0.596191 0.155762
vt 0.989258 0.080566
vt 0.865234 0.080566
vt 0.989258 0.091309
vt 0.865234 0.091309
vt 0.989258 0.116699
vt 0.865234 0.080566
vt 0.989258 0.080566
vt 0.865234 0.091309
vt 0.989258 0.091309
vt 0.989258 0.116699
vt 0.596191 0.164063
vt 0.596191 0.161621
vt 0.567383 0.164063
vt 0.567383 0.161621
vt 0.596191 0.158691
vt 0.567383 0.158691
vt 0.865234 0.217773
vt 0.874023 0.217773
vt 0.862305 0.213867
vt 0.876953 0.213867
vt 0.862305 0.202148
vt 0.876953 0.202148
vt 0.874023 0.197754
vt 0.865234 0.197754
vt 0.996582 0.197754
vt 0.988281 0.197754
vt 0.999512 0.202148
vt 0.985352 0.202148
vt 0.999512 0.213867
vt 0.985352 0.213867
vt 0.988281 0.217773
vt 0.996582 0.217773
vt 0.404053 0.722900
vt 0.393066 0.722900
vt 0.407959 0.728027
vt 0.407959 0.743652
vt 0.393066 0.748779
vt 0.404053 0.748779
vt 0.353760 0.748779
vt 0.364746 0.748779
vt 0.349854 0.743652
vt 0.349854 0.728027
vt 0.364746 0.722900
vt 0.353760 0.722900
vt 0.793945 0.126953
vt 0.793945 0.124512
vt 0.691406 0.126953
vt 0.691406 0.124512
vt 0.793945 0.120605
vt 0.691406 0.120605
vt 0.793945 0.118164
vt 0.691406 0.118164
vt 0.691406 0.129395
vt 0.793945 0.129395
vt 0.691406 0.134766
vt 0.793945 0.134766
vt 0.691406 0.137207
vt 0.793945 0.137207
vt 0.682129 0.515625
vt 0.678711 0.517090
vt 0.685059 0.517090
vt 0.686523 0.529053
vt 0.685059 0.541016
vt 0.678711 0.541016
vt 0.682129 0.542480
vt 0.666504 0.542480
vt 0.669434 0.541016
vt 0.663086 0.541016
vt 0.661621 0.529053
vt 0.663086 0.517090
vt 0.669434 0.517090
vt 0.666504 0.515625
vt 0.682129 0.515625
vt 0.678711 0.517090
vt 0.685059 0.517090
vt 0.686523 0.529053
vt 0.685059 0.541016
vt 0.678711 0.541016
vt 0.682129 0.542480
vt 0.584473 0.512207
vt 0.588867 0.510498
vt 0.580566 0.510498
vt 0.590332 0.506592
vt 0.579102 0.506592
vt 0.580566 0.502441
vt 0.588867 0.502441
vt 0.584473 0.500732
vt 0.404053 0.722900
vt 0.393066 0.722900
vt 0.407959 0.728027
vt 0.407959 0.743652
vt 0.393066 0.748779
vt 0.404053 0.748779
vt 0.353760 0.748779
vt 0.364746 0.748779
vt 0.349854 0.743652
vt 0.349854 0.728027
vt 0.364746 0.722900
vt 0.353760 0.722900
vt 0.749023 0.176758
vt 0.749023 0.181641
vt 0.857422 0.176758
vt 0.857422 0.181641
vt 0.857422 0.193848
vt 0.749023 0.193848
vt 0.749023 0.198730
vt 0.857422 0.198730
vt 0.749023 0.176758
vt 0.749023 0.181641
vt 0.857422 0.176758
vt 0.857422 0.181641
vt 0.857422 0.193848
vt 0.749023 0.193848
vt 0.749023 0.198730
vt 0.857422 0.198730
vt 0.992188 0.126953
vt 0.992188 0.116699
vt 0.994629 0.109375
vt 0.992676 0.107910
vt 0.997559 0.107910
vt 0.997559 0.109375
vt 0.992188 0.126953
vt 0.992188 0.116699
vt 0.992676 0.107910
vt 0.994629 0.109375
vt 0.997559 0.109375
vt 0.997559 0.107910
vt 0.865234 0.217773
vt 0.874023 0.217773
vt 0.862305 0.213867
vt 0.876953 0.213867
vt 0.862305 0.202148
vt 0.876953 0.202148
vt 0.874023 0.197754
vt 0.865234 0.197754
vt 0.996582 0.197754
vt 0.988281 0.197754
vt 0.999512 0.202148
vt 0.985352 0.202148
vt 0.999512 0.213867
vt 0.985352 0.213867
vt 0.988281 0.217773
vt 0.996582 0.217773
vt 0.404053 0.722900
vt 0.393066 0.722900
vt 0.407959 0.728027
vt 0.407959 0.743652
vt 0.393066 0.748779
vt 0.404053 0.748779
vt 0.353760 0.748779
vt 0.364746 0.748779
vt 0.349854 0.743652
vt 0.349854 0.728027
vt 0.364746 0.722900
vt 0.353760 0.722900
vt 0.404053 0.722900
vt 0.393066 0.722900
vt 0.407959 0.728027
vt 0.407959 0.743652
vt 0.393066 0.748779
vt 0.404053 0.748779
vt 0.353760 0.748779
vt 0.364746 0.748779
vt 0.349854 0.743652
vt 0.349854 0.728027
vt 0.364746 0.722900
vt 0.353760 0.722900
vt 0.584473 0.512207
vt 0.588867 0.510498
vt 0.580566 0.510498
vt 0.579102 0.506592
vt 0.590332 0.506592
vt 0.580566 0.502441
vt 0.588867 0.502441
vt 0.584473 0.500732
vt 0.584473 0.512207
vt 0.588867 0.510498
vt 0.580566 0.510498
vt 0.590332 0.506592
vt 0.579102 0.506592
vt 0.580566 0.502441
vt 0.588867 0.502441
vt 0.584473 0.500732
vt 0.666504 0.542480
vt 0.669434 0.541016
vt 0.663086 0.541016
vt 0.661621 0.529053
vt 0.663086 0.517090
vt 0.669434 0.517090
vt 0.666504 0.515625
vt 0.532227 0.127441
vt 0.532227 0.125000
vt 0.535645 0.127441
vt 0.535645 0.125000
vt 0.540527 0.127441
vt 0.540527 0.125000
vt 0.584473 0.512207
vt 0.588867 0.510498
vt 0.580566 0.510498
vt 0.579102 0.506592
vt 0.590332 0.506592
vt 0.580566 0.502441
vt 0.588867 0.502441
vt 0.584473 0.500732
vt 0.617676 0.127441
vt 0.618164 0.125000
vt 0.613770 0.127441
vt 0.613770 0.125000
vt 0.596191 0.164063
vt 0.596191 0.161621
vt 0.567383 0.164063
vt 0.567383 0.161621
vt 0.596191 0.158691
vt 0.567383 0.158691
vt 0.876953 0.227539
vt 0.985352 0.227539
vt 0.876953 0.218750
vt 0.985352 0.218750
vt 0.985352 0.197266
vt 0.876953 0.197266
vt 0.876953 0.190430
vt 0.985352 0.190430
vt 0.876953 0.227539
vt 0.985352 0.227539
vt 0.876953 0.218750
vt 0.985352 0.218750
vt 0.985352 0.197266
vt 0.876953 0.197266
vt 0.876953 0.190430
vt 0.985352 0.190430
vt 0.613770 0.127441
vt 0.617676 0.127441
vt 0.611328 0.131836
vt 0.620117 0.131836
vt 0.611328 0.135254
vt 0.618652 0.136719
vt 0.611328 0.142090
vt 0.597656 0.144531
vt 0.584473 0.135254
vt 0.584473 0.142090
vt 0.577148 0.136719
vt 0.575684 0.131836
vt 0.584473 0.131836
vt 0.578125 0.127441
vt 0.582031 0.127441
vt 0.162964 0.364746
vt 0.180298 0.364746
vt 0.162964 0.353027
vt 0.180298 0.353027
vt 0.090149 0.352539
vt 0.090149 0.357422
vt 0.088745 0.352539
vt 0.088745 0.357422
vt 0.091675 0.357422
vt 0.091675 0.352539
vt 0.093201 0.357422
vt 0.093201 0.352539
vt 0.094604 0.357422
vt 0.094604 0.352539
vt 0.096008 0.357422
vt 0.096008 0.352539
vt 0.097534 0.357422
vt 0.097534 0.352539
vt 0.099060 0.357422
vt 0.099060 0.352539
vt 0.100464 0.357422
vt 0.100464 0.352539
vt 0.121277 0.339355
vt 0.134399 0.336914
vt 0.121277 0.327637
vt 0.135498 0.335449
vt 0.135498 0.331543
vt 0.134399 0.330078
vt 0.121277 0.327637
vt 0.134399 0.330078
vt 0.121277 0.339355
vt 0.135498 0.331543
vt 0.135498 0.335449
vt 0.134399 0.336914
vt 0.147095 0.341797
vt 0.147095 0.343262
vt 0.145508 0.341797
vt 0.145508 0.343262
vt 0.145508 0.347168
vt 0.147095 0.347168
vt 0.147095 0.348633
vt 0.145508 0.348633
vt 0.162964 0.351074
vt 0.161255 0.351074
vt 0.162964 0.339355
vt 0.161255 0.339355
vt 0.148193 0.348633
vt 0.147095 0.347168
vt 0.147095 0.343262
vt 0.148193 0.341797
vt 0.137085 0.330078
vt 0.137085 0.331543
vt 0.135498 0.330078
vt 0.135498 0.331543
vt 0.135498 0.335449
vt 0.137085 0.335449
vt 0.137085 0.336914
vt 0.135498 0.336914
vt 0.180298 0.351074
vt 0.180298 0.339355
vt 0.162964 0.351074
vt 0.162964 0.339355
vt 0.161255 0.339355
vt 0.161255 0.351074
vt 0.148193 0.341797
vt 0.147095 0.343262
vt 0.147095 0.347168
vt 0.148193 0.348633
vt 0.180298 0.366211
vt 0.180298 0.353027
vt 0.181885 0.366211
vt 0.181885 0.353027
vt 0.180298 0.351074
vt 0.162964 0.351074
vt 0.162964 0.353027
vt 0.161499 0.353027
vt 0.162964 0.366211
vt 0.161499 0.366211
vt 0.181885 0.366211
vt 0.181885 0.353027
vt 0.180298 0.366211
vt 0.161499 0.353027
vt 0.161499 0.366211
vt 0.162964 0.366211
vt 0.764160 0.322266
vt 0.765625 0.318848
vt 0.765625 0.322754
vt 0.762695 0.320801
vt 0.767578 0.322266
vt 0.768555 0.320801
vt 0.764160 0.315918
vt 0.762695 0.317383
vt 0.765625 0.315430
vt 0.767578 0.315918
vt 0.768555 0.317383
vt 0.756836 0.323242
vt 0.755371 0.325195
vt 0.756836 0.327148
vt 0.756836 0.307129
vt 0.755371 0.309082
vt 0.756836 0.311035
vt 0.756836 0.339355
vt 0.755371 0.341309
vt 0.756836 0.343262
vt 0.748535 0.342285
vt 0.748535 0.343262
vt 0.738281 0.361816
vt 0.740723 0.363281
vt 0.742188 0.361816
vt 0.742676 0.363770
vt 0.747559 0.354980
vt 0.741699 0.355469
vt 0.745605 0.361328
vt 0.744629 0.363281
vt 0.749512 0.361328
vt 0.750488 0.363281
vt 0.753418 0.362305
vt 0.753418 0.355469
vt 0.756836 0.361816
vt 0.752441 0.363770
vt 0.759277 0.355469
vt 0.753418 0.347656
vt 0.757324 0.347168
vt 0.754395 0.363281
vt 0.738281 0.361816
vt 0.740723 0.363281
vt 0.742188 0.361816
vt 0.742676 0.363770
vt 0.744629 0.363281
vt 0.745605 0.361328
vt 0.741699 0.355469
vt 0.736328 0.355469
vt 0.747559 0.354980
vt 0.753418 0.362305
vt 0.752441 0.363770
vt 0.756836 0.361816
vt 0.749512 0.361328
vt 0.750488 0.363281
vt 0.759277 0.355469
vt 0.753418 0.355469
vt 0.753418 0.347656
vt 0.757324 0.347168
vt 0.754395 0.363281
vt 0.738281 0.361816
vt 0.740723 0.363281
vt 0.742188 0.361816
vt 0.742676 0.363770
vt 0.744629 0.363281
vt 0.745605 0.361328
vt 0.747559 0.354980
vt 0.741699 0.355469
vt 0.749512 0.361328
vt 0.750488 0.363281
vt 0.753418 0.362305
vt 0.759277 0.355469
vt 0.753418 0.355469
vt 0.756836 0.361816
vt 0.753418 0.347656
vt 0.757324 0.347168
vt 0.754395 0.363281
vt 0.752441 0.363770
vt 0.748535 0.307129
vt 0.741699 0.309082
vt 0.748535 0.308105
vt 0.748535 0.294922
vt 0.739746 0.294922
vt 0.748535 0.298828
vt 0.739746 0.298828
vt 0.748535 0.302734
vt 0.739746 0.302734
vt 0.739746 0.307129
vt 0.739746 0.311035
vt 0.748535 0.309570
vt 0.748535 0.311035
vt 0.748535 0.314941
vt 0.739746 0.314941
vt 0.748535 0.318848
vt 0.739746 0.318848
vt 0.748535 0.323242
vt 0.739746 0.323242
vt 0.748535 0.324219
vt 0.748535 0.327148
vt 0.748535 0.326172
vt 0.739746 0.327148
vt 0.741699 0.325195
vt 0.748535 0.331055
vt 0.739746 0.331055
vt 0.748535 0.335449
vt 0.739746 0.335449
vt 0.748535 0.339355
vt 0.739746 0.339355
vt 0.741699 0.341309
vt 0.739746 0.343262
vt 0.748535 0.340332
vt 0.737793 0.323242
vt 0.737793 0.327148
vt 0.737793 0.318848
vt 0.737793 0.314941
vt 0.737793 0.311035
vt 0.737793 0.335449
vt 0.737793 0.339355
vt 0.737793 0.294922
vt 0.737793 0.298828
vt 0.756836 0.302734
vt 0.756836 0.298828
vt 0.756836 0.294922
vt 0.756836 0.335449
vt 0.756836 0.331055
vt 0.756836 0.318848
vt 0.756836 0.314941
vt 0.762207 0.307129
vt 0.762207 0.311035
vt 0.762207 0.302734
vt 0.762207 0.298828
vt 0.762207 0.294922
vt 0.762207 0.339355
vt 0.762207 0.343262
vt 0.762207 0.335449
vt 0.762207 0.331055
vt 0.762207 0.327148
vt 0.762207 0.323242
vt 0.762207 0.318848
vt 0.762207 0.314941
vt 0.737793 0.331055
vt 0.749512 0.347168
vt 0.753418 0.345703
vt 0.757324 0.345215
vt 0.737793 0.302734
vt 0.737793 0.307129
vt 0.737793 0.343262
vt 0.769043 0.318848
vt 0.745605 0.347168
vt 0.741699 0.348145
vt 0.736328 0.355469
vt 0.749512 0.347168
vt 0.749512 0.345215
vt 0.753418 0.345703
vt 0.753418 0.345703
vt 0.757324 0.345215
vt 0.736328 0.355469
vt 0.737793 0.347656
vt 0.741211 0.345703
vt 0.745605 0.345215
vt 0.749512 0.347168
vt 0.741211 0.345703
vt 0.741699 0.348145
vt 0.745605 0.345215
vt 0.745605 0.347168
vt 0.737793 0.347656
vt 0.745605 0.347168
vt 0.741699 0.348145
vt 0.737793 0.347656
vt 0.741211 0.345703
vt 0.745605 0.345215
vt 0.749512 0.345215
vt 0.737793 0.345703
vt 0.749512 0.345215
vt 0.757324 0.345215
vt 0.737793 0.345703
vt 0.737793 0.345703
vt 0.732422 0.323242
vt 0.732422 0.327148
vt 0.732422 0.331055
vt 0.732422 0.335449
vt 0.732422 0.339355
vt 0.732422 0.343262
vt 0.732422 0.318848
vt 0.732422 0.314941
vt 0.732422 0.311035
vt 0.732422 0.307129
vt 0.732422 0.302734
vt 0.732422 0.298828
vt 0.732422 0.294922
vt 0.110168 0.594238
vt 0.110168 0.639160
vt 0.065430 0.594238
vt 0.065430 0.639160
vt 0.058228 0.594238
vt 0.058228 0.639160
vt 0.221313 0.547852
vt 0.229126 0.547852
vt 0.208862 0.582764
vt 0.216675 0.582764
vt 0.221313 0.416504
vt 0.229126 0.416504
vt 0.160278 0.678955
vt 0.160278 0.582764
vt 0.208862 0.678955
vt 0.147949 0.547852
vt 0.147949 0.416504
vt 0.140137 0.547852
vt 0.140137 0.416504
vt 0.152588 0.582764
vt 0.123840 0.515869
vt 0.123718 0.427734
vt 0.104431 0.416504
vt 0.109558 0.427734
vt 0.152466 0.678955
vt 0.139771 0.678955
vt 0.122864 0.582764
vt 0.104431 0.547852
vt 0.109558 0.515869
vt 0.013519 0.594238
vt 0.013519 0.639160
vt 0.006336 0.594238
vt 0.006336 0.639160
vt 0.229370 0.678955
vt 0.232910 0.681641
vt 0.216797 0.678955
vt 0.219360 0.681641
vt 0.149902 0.681641
vt 0.136353 0.681641
vt 0.209961 0.681641
vt 0.159302 0.681641
vt 0.420166 0.723877
vt 0.420166 0.623535
vt 0.587402 0.723877
vt 0.587402 0.623535
vt 0.587402 0.400391
vt 0.688965 0.623535
vt 0.688965 0.400391
vt 0.587402 0.298828
vt 0.420166 0.298828
vt 0.587402 0.076660
vt 0.420166 0.076660
vt 0.420166 0.400391
vt 0.277588 0.400391
vt 0.371582 0.400391
vt 0.277588 0.623535
vt 0.371582 0.623535
vt 0.416260 0.298828
vt 0.416260 0.076660
vt 0.416260 0.400391
vt 0.416260 0.623535
vt 0.416260 0.723877
vt 0.371582 0.298828
vt 0.371826 0.076660
vt 0.371582 0.723877
vt 0.343262 0.100098
vt 0.253174 0.100098
vt 0.343262 0.049316
vt 0.253174 0.049316
vt 0.343262 0.031738
vt 0.253174 0.031738
vt 0.235718 0.049316
vt 0.235718 0.100098
vt 0.253174 0.117188
vt 0.343262 0.117188
vt 0.360840 0.100098
vt 0.360840 0.049316
vt 0.717773 0.279297
vt 0.995605 0.279297
vt 0.717773 0.282227
vt 0.995605 0.282227
vt 0.717773 0.269531
vt 0.995605 0.269531
vt 0.717773 0.291504
vt 0.995605 0.291504
vt 0.717773 0.294922
vt 0.995605 0.294922
vt 0.057709 0.222168
vt 0.057709 0.231445
vt 0.016830 0.222168
vt 0.038086 0.231445
vt 0.066895 0.266602
vt 0.057709 0.266602
vt 0.066895 0.231445
vt 0.016830 0.275879
vt 0.038086 0.266602
vt 0.057709 0.275879
vt 0.011139 0.824951
vt 0.027435 0.824951
vt 0.011139 0.969025
vt 0.027435 0.969025
vt 0.081787 0.808594
vt 0.081787 0.824951
vt 0.027435 0.808594
vt 0.098083 0.969025
vt 0.081787 0.969025
vt 0.098083 0.824951
vt 0.027435 0.985313
vt 0.081787 0.985313
vt 0.044159 0.402832
vt 0.044159 0.307129
vt 0.055084 0.402832
vt 0.055084 0.307129
vt 0.011383 0.402832
vt 0.011383 0.307129
vt 0.022308 0.402832
vt 0.022308 0.307129
vt 0.047699 0.210449
vt 0.047699 0.210449
vt 0.047699 0.157715
vt 0.047699 0.157715
vt 0.047699 0.210449
vt 0.047699 0.157715
vt 0.021103 0.184082
vt 0.021103 0.184082
vt 0.073608 0.184082
vt 0.073608 0.184082
vt 0.021103 0.184082
vt 0.073608 0.184082
vt 0.239990 0.937195
vt 0.239990 0.876709
vt 0.702637 0.937195
vt 0.702637 0.876709
vt 0.702637 0.817871
vt 0.239990 0.817871
vt 0.761719 0.937195
vt 0.761719 0.876709
vt 0.239990 0.996098
vt 0.702637 0.996098
vt 0.169312 0.288086
vt 0.169312 0.226074
vt 0.211426 0.288086
vt 0.211426 0.226074
vt 0.287842 0.221680
vt 0.329834 0.163574
vt 0.360596 0.221680
vt 0.360596 0.163574
vt 0.365967 0.217285
vt 0.365967 0.163574
vt 0.360596 0.292969
vt 0.287842 0.292969
vt 0.365967 0.296875
vt 0.329834 0.350586
vt 0.287842 0.363281
vt 0.329834 0.363281
vt 0.360596 0.132813
vt 0.365967 0.132813
vt 0.365967 0.350586
vt 0.365967 0.381348
vt 0.360596 0.350586
vt 0.360596 0.381348
vt 0.329834 0.369141
vt 0.287842 0.369141
vt 0.287842 0.150879
vt 0.287842 0.145020
vt 0.329834 0.150879
vt 0.329834 0.145020
vt 0.351563 0.658203
vt 0.354492 0.658203
vt 0.351563 0.688721
vt 0.354492 0.688721
vt 0.243408 0.691406
vt 0.243408 0.688721
vt 0.255127 0.691406
vt 0.255127 0.688721
vt 0.351563 0.688721
vt 0.354492 0.688721
vt 0.351563 0.738037
vt 0.354492 0.738037
vt 0.351563 0.658203
vt 0.351563 0.632813
vt 0.354492 0.658203
vt 0.354492 0.632813
vt 0.247681 0.655518
vt 0.247681 0.658203
vt 0.243408 0.655518
vt 0.243408 0.658203
vt 0.296143 0.658203
vt 0.296143 0.632813
vt 0.298828 0.658203
vt 0.298828 0.632813
vt 0.325195 0.658203
vt 0.298828 0.658203
vt 0.325195 0.655518
vt 0.298828 0.655518
vt 0.630859 0.278809
vt 0.703613 0.278809
vt 0.639160 0.290039
vt 0.695313 0.290039
vt 0.640625 0.293945
vt 0.626465 0.326660
vt 0.629883 0.327637
vt 0.693848 0.293945
vt 0.626465 0.371582
vt 0.629883 0.371582
vt 0.708008 0.326660
vt 0.704590 0.327637
vt 0.626465 0.375000
vt 0.615234 0.371582
vt 0.615234 0.375000
vt 0.708008 0.371582
vt 0.704590 0.371582
vt 0.611816 0.371582
vt 0.615234 0.325195
vt 0.611816 0.324219
vt 0.719238 0.371582
vt 0.719238 0.375000
vt 0.708008 0.375000
vt 0.628418 0.276367
vt 0.719238 0.325195
vt 0.722656 0.324219
vt 0.722656 0.371582
vt 0.706055 0.276367
vt 0.697754 0.265137
vt 0.636719 0.265137
vt 0.697754 0.265137
vt 0.706055 0.276367
vt 0.636719 0.265137
vt 0.628418 0.276367
vt 0.703613 0.278809
vt 0.719238 0.325195
vt 0.722656 0.324219
vt 0.630859 0.278809
vt 0.719238 0.371582
vt 0.722656 0.371582
vt 0.615234 0.325195
vt 0.611816 0.324219
vt 0.719238 0.375000
vt 0.708008 0.371582
vt 0.708008 0.375000
vt 0.615234 0.371582
vt 0.611816 0.371582
vt 0.704590 0.371582
vt 0.708008 0.326660
vt 0.704590 0.327637
vt 0.626465 0.371582
vt 0.626465 0.375000
vt 0.615234 0.375000
vt 0.695313 0.290039
vt 0.693848 0.293945
vt 0.626465 0.326660
vt 0.629883 0.327637
vt 0.629883 0.371582
vt 0.639160 0.290039
vt 0.640625 0.293945
vt 0.437256 0.061035
vt 0.457764 0.061035
vt 0.437256 0.071777
vt 0.457764 0.071777
vt 0.437256 0.008301
vt 0.457764 0.008301
vt 0.437256 0.019043
vt 0.457764 0.019043
vt 0.437256 0.050781
vt 0.457764 0.050781
vt 0.437256 0.029297
vt 0.457764 0.029297
vt 0.437256 0.040039
vt 0.457764 0.040039
vt 0.560547 0.071777
vt 0.540039 0.071777
vt 0.560547 0.061035
vt 0.540039 0.061035
vt 0.560547 0.019043
vt 0.540039 0.019043
vt 0.560547 0.008301
vt 0.540039 0.008301
vt 0.560547 0.050781
vt 0.540039 0.050781
vt 0.560547 0.029297
vt 0.540039 0.029297
vt 0.560547 0.040039
vt 0.540039 0.040039
vt 0.624512 0.064453
vt 0.624512 0.048828
vt 0.649414 0.064453
vt 0.649414 0.048828
vt 0.085449 0.758667
vt 0.085449 0.693359
vt 0.122803 0.758667
vt 0.122803 0.693359
vt 0.122803 0.657471
vt 0.085449 0.657471
vt 0.049469 0.693359
vt 0.049469 0.758667
vt 0.085449 0.794678
vt 0.122803 0.794678
vt 0.773438 0.746826
vt 0.751465 0.746826
vt 0.773438 0.734863
vt 0.751465 0.734863
vt 0.773438 0.723145
vt 0.751465 0.723145
vt 0.773438 0.711426
vt 0.751465 0.711426
vt 0.773438 0.805664
vt 0.751465 0.805664
vt 0.773438 0.793945
vt 0.751465 0.793945
vt 0.773438 0.782104
vt 0.751465 0.782104
vt 0.773438 0.770264
vt 0.751465 0.770264
vt 0.773438 0.758545
vt 0.751465 0.758545
vt 0.632324 0.734863
vt 0.667969 0.734863
vt 0.632324 0.746826
vt 0.667969 0.746826
vt 0.632324 0.723145
vt 0.667969 0.723145
vt 0.632324 0.711426
vt 0.667969 0.711426
vt 0.632324 0.793945
vt 0.667969 0.793945
vt 0.632324 0.805664
vt 0.667969 0.805664
vt 0.632324 0.782104
vt 0.667969 0.782104
vt 0.632324 0.770264
vt 0.667969 0.770264
vt 0.632324 0.758545
vt 0.667969 0.758545
vt 0.624512 0.064453
vt 0.624512 0.048828
vt 0.649414 0.064453
vt 0.649414 0.048828
vt 0.298828 0.658203
vt 0.325195 0.658203
vt 0.298828 0.655518
vt 0.325195 0.655518
vt 0.296143 0.632813
vt 0.296143 0.658203
vt 0.298828 0.632813
vt 0.298828 0.658203
vt 0.247681 0.658203
vt 0.247681 0.655518
vt 0.243408 0.658203
vt 0.243408 0.655518
vt 0.351563 0.632813
vt 0.351563 0.658203
vt 0.354492 0.632813
vt 0.354492 0.658203
vt 0.354492 0.688721
vt 0.351563 0.688721
vt 0.354492 0.738037
vt 0.351563 0.738037
vt 0.243408 0.688721
vt 0.243408 0.691406
vt 0.255127 0.688721
vt 0.255127 0.691406
vt 0.354492 0.658203
vt 0.351563 0.658203
vt 0.354492 0.688721
vt 0.351563 0.688721
vt 0.198730 0.180176
vt 0.168091 0.180176
vt 0.188110 0.174805
vt 0.168091 0.175293
vt 0.239502 0.180176
vt 0.239502 0.182617
vt 0.206909 0.180176
vt 0.206909 0.182617
vt 0.168091 0.182617
vt 0.198730 0.182617
vt 0.168091 0.187012
vt 0.188110 0.187988
vt 0.185669 0.174805
vt 0.188110 0.170898
vt 0.185669 0.170898
vt 0.188110 0.189453
vt 0.188110 0.191895
vt 0.168091 0.189453
vt 0.168091 0.191895
vt 0.168091 0.172363
vt 0.188110 0.172363
vt 0.012093 0.758667
vt 0.012093 0.693359
vt 0.457764 0.061035
vt 0.437256 0.061035
vt 0.457764 0.071777
vt 0.437256 0.071777
vt 0.457764 0.008301
vt 0.437256 0.008301
vt 0.457764 0.019043
vt 0.437256 0.019043
vt 0.457764 0.050781
vt 0.437256 0.050781
vt 0.457764 0.029297
vt 0.437256 0.029297
vt 0.457764 0.040039
vt 0.437256 0.040039
vt 0.540039 0.071777
vt 0.560547 0.071777
vt 0.540039 0.061035
vt 0.560547 0.061035
vt 0.540039 0.019043
vt 0.560547 0.019043
vt 0.540039 0.008301
vt 0.560547 0.008301
vt 0.540039 0.050781
vt 0.560547 0.050781
vt 0.540039 0.029297
vt 0.560547 0.029297
vt 0.540039 0.040039
vt 0.560547 0.040039
vt 0.977539 0.123535
vt 0.745117 0.123535
vt 0.977539 0.011719
vt 0.745117 0.011719
vt 0.745117 0.245117
vt 0.735352 0.245117
vt 0.745117 0.133301
vt 0.735352 0.133301
vt 0.977539 0.133301
vt 0.987305 0.133301
vt 0.977539 0.245117
vt 0.987305 0.245117
vt 0.977539 0.254395
vt 0.745117 0.254395
vt 0.750488 0.138672
vt 0.750488 0.239746
vt 0.972656 0.239746
vt 0.972656 0.138672
vt 0.125122 0.341797
vt 0.125122 0.341797
vt 0.104919 0.341797
vt 0.104919 0.341797
vt 0.145386 0.341797
vt 0.145386 0.341797
vt 0.165527 0.341797
vt 0.165527 0.341797
vt 0.185791 0.341797
vt 0.185791 0.341797
vt 0.205933 0.341797
vt 0.205933 0.341797
vt 0.226196 0.341797
vt 0.226196 0.341797
vt 0.246338 0.341797
vt 0.246338 0.341797
vt 0.266602 0.341797
vt 0.266602 0.341797
vt 0.125122 0.351563
vt 0.104919 0.351563
vt 0.145386 0.351563
vt 0.165527 0.351563
vt 0.185791 0.351563
vt 0.205933 0.351563
vt 0.226196 0.351563
vt 0.246338 0.351563
vt 0.266602 0.351563
vt 0.246338 0.351563
vt 0.266602 0.351563
vt 0.226196 0.351563
vt 0.205933 0.351563
vt 0.185791 0.351563
vt 0.165527 0.351563
vt 0.145386 0.351563
vt 0.125122 0.351563
vt 0.104919 0.351563
vt 0.505859 0.807617
vt 0.505859 0.769531
vt 0.523438 0.807617
vt 0.523438 0.769531
vt 0.488525 0.769531
vt 0.488525 0.807617
vt 0.471191 0.769531
vt 0.471191 0.807617
vt 0.454102 0.769531
vt 0.454102 0.807617
vt 0.436768 0.769531
vt 0.436768 0.807617
vt 0.419434 0.769531
vt 0.419434 0.807617
vt 0.402100 0.769531
vt 0.402100 0.807617
vt 0.384766 0.769531
vt 0.384766 0.807617
vt 0.340088 0.688721
vt 0.347412 0.658203
vt 0.347412 0.632813
vt 0.325195 0.632813
vt 0.325195 0.658203
vt 0.298828 0.658203
vt 0.298828 0.688721
vt 0.325195 0.738037
vt 0.340088 0.738037
vt 0.269775 0.738037
vt 0.296143 0.688721
vt 0.255127 0.738037
vt 0.296143 0.658203
vt 0.269775 0.658203
vt 0.269775 0.632813
vt 0.247681 0.632813
vt 0.092896 0.273438
vt 0.092896 0.287109
vt 0.080139 0.273438
vt 0.086548 0.293945
vt 0.080139 0.287109
vt 0.135986 0.273438
vt 0.135986 0.287109
vt 0.123169 0.273438
vt 0.129639 0.293945
vt 0.123169 0.287109
vt 0.296143 0.658203
vt 0.298828 0.658203
vt 0.296143 0.688721
vt 0.298828 0.688721
vt 0.296143 0.738037
vt 0.298828 0.738037
vt 0.159302 0.909729
vt 0.209961 0.909729
vt 0.150024 0.919067
vt 0.219238 0.919067
vt 0.149536 0.932678
vt 0.219604 0.932678
vt 0.033234 0.402832
vt 0.033234 0.307129
vt 0.066040 0.402832
vt 0.066040 0.307129
vt 0.076965 0.402832
vt 0.076965 0.307129
vt 0.149536 0.984024
vt 0.152588 0.984024
vt 0.216675 0.984024
vt 0.219604 0.984024
vt 0.721680 0.230469
vt 0.710449 0.228516
vt 0.721680 0.183594
vt 0.710449 0.183594
vt 0.296143 0.738037
vt 0.298828 0.738037
vt 0.710449 0.183594
vt 0.721680 0.183594
vt 0.710449 0.228516
vt 0.721680 0.230469
vt 0.229126 0.408691
vt 0.140137 0.408691
vt 0.140137 0.373047
vt 0.229126 0.373047
vt 0.015419 0.416504
vt 0.015419 0.547852
vt 0.092041 0.582764
vt 0.027847 0.582764
vt 0.016830 0.266602
vt 0.016830 0.231445
vt 0.052704 0.292480
vt 0.052704 0.302246
vt 0.044159 0.287598
vt 0.035645 0.302246
vt 0.035645 0.292480
vt 0.217285 0.221680
vt 0.217285 0.292969
vt 0.123169 0.293945
vt 0.123169 0.300781
vt 0.092896 0.293945
vt 0.092896 0.300781
vt 0.123169 0.314453
vt 0.092896 0.314453
vt 0.565918 0.049316
vt 0.576172 0.049316
vt 0.565918 0.031250
vt 0.576172 0.031250
vt 0.581543 0.040039
vt 0.421631 0.031250
vt 0.432129 0.031250
vt 0.416504 0.040039
vt 0.432129 0.049316
vt 0.421631 0.049316
vt 0.168091 0.202637
vt 0.168091 0.209961
vt 0.200806 0.190918
vt 0.200806 0.171875
vt 0.168091 0.160156
vt 0.168091 0.152832
vt 0.576172 0.031250
vt 0.565918 0.031250
vt 0.581543 0.040039
vt 0.565918 0.049316
vt 0.576172 0.049316
vt 0.432129 0.049316
vt 0.421631 0.049316
vt 0.432129 0.031250
vt 0.421631 0.031250
vt 0.416504 0.040039
vt 0.624023 0.228516
vt 0.612793 0.230469
vt 0.624023 0.183594
vt 0.612793 0.183594
vt 0.612793 0.183594
vt 0.624023 0.183594
vt 0.612793 0.230469
vt 0.624023 0.228516
vt 0.325195 0.738037
vt 0.340088 0.738037
vt 0.340088 0.688721
vt 0.325195 0.658203
vt 0.325195 0.632813
vt 0.347412 0.632813
vt 0.347412 0.658203
vt 0.269775 0.658203
vt 0.269775 0.738037
vt 0.255127 0.738037
vt 0.247681 0.632813
vt 0.269775 0.632813
vt 0.649414 0.089355
vt 0.636719 0.094727
vt 0.654297 0.077148
vt 0.624512 0.089355
vt 0.619141 0.077148
vt 0.619141 0.036621
vt 0.624512 0.023926
vt 0.636719 0.019043
vt 0.649414 0.023926
vt 0.654297 0.036621
vt 0.619141 0.036621
vt 0.624512 0.023926
vt 0.636719 0.019043
vt 0.649414 0.023926
vt 0.654297 0.036621
vt 0.649414 0.089355
vt 0.636719 0.094727
vt 0.654297 0.077148
vt 0.624512 0.089355
vt 0.619141 0.077148
vt 0.881348 0.318848
vt 0.881348 0.422852
vt 0.869141 0.318848
vt 0.869141 0.422852
vt 0.881348 0.566895
vt 0.868652 0.566895
vt 0.881348 0.962769
vt 0.868652 0.962769
vt 0.856445 0.318848
vt 0.856445 0.422852
vt 0.856445 0.566895
vt 0.856445 0.962769
vt 0.843750 0.962769
vt 0.843750 0.566895
vt 0.844238 0.422852
vt 0.844238 0.318848
vt 0.831543 0.962769
vt 0.831543 0.566895
vt 0.831543 0.422852
vt 0.831543 0.318848
vt 0.819336 0.962769
vt 0.819336 0.566895
vt 0.819336 0.422852
vt 0.819336 0.318848
vt 0.807129 0.962769
vt 0.807129 0.566895
vt 0.806641 0.422852
vt 0.806641 0.318848
vt 0.794434 0.318848
vt 0.794434 0.422852
vt 0.794434 0.566895
vt 0.794434 0.962769
vt 0.781738 0.318848
vt 0.781738 0.422852
vt 0.781738 0.566895
vt 0.781738 0.962769
vt 0.777832 0.398926
vt 0.777832 0.465332
vt 0.694336 0.398926
vt 0.694336 0.465332
vt 0.694336 0.524414
vt 0.777832 0.524414
vt 0.777832 0.553223
vt 0.694336 0.553223
vt 0.150757 0.292969
vt 0.150757 0.287598
vt 0.163452 0.292969
vt 0.150757 0.227051
vt 0.150757 0.221680
vt 0.163452 0.221680
vt 0.440430 0.763916
vt 0.467529 0.763916
vt 0.435059 0.750488
vt 0.440430 0.737061
vt 0.454102 0.731445
vt 0.467529 0.737061
vt 0.472900 0.750488
vt 0.831543 0.991280
vt 0.821777 0.987106
vt 0.841797 0.987106
vt 0.817383 0.977036
vt 0.821777 0.966949
vt 0.841797 0.966949
vt 0.845703 0.977036
vt 0.933105 0.975922
vt 0.937012 0.966400
vt 0.937012 0.985451
vt 0.946777 0.962433
vt 0.956055 0.966400
vt 0.959961 0.975922
vt 0.956055 0.985451
vt 0.946777 0.989395
vt 0.628418 0.767944
vt 0.628418 0.749023
vt 0.619141 0.771851
vt 0.609863 0.767944
vt 0.605957 0.758545
vt 0.609863 0.749023
vt 0.619141 0.745117
vt 0.136353 0.909729
vt 0.149902 0.909729
vt 0.219360 0.909729
vt 0.232910 0.909729
vt 0.913086 0.318848
vt 0.913086 0.633545
vt 0.902344 0.318848
vt 0.902344 0.633545
vt 0.913086 0.636963
vt 0.902344 0.636963
vt 0.913086 0.888123
vt 0.902344 0.888123
vt 0.913086 0.891418
vt 0.902344 0.891418
vt 0.913086 0.962433
vt 0.902344 0.962433
vt 0.924316 0.962433
vt 0.924316 0.891418
vt 0.924316 0.888123
vt 0.924316 0.636963
vt 0.924316 0.633545
vt 0.924316 0.318848
vt 0.935547 0.962433
vt 0.935547 0.891418
vt 0.935547 0.888123
vt 0.935547 0.636963
vt 0.935547 0.633545
vt 0.935547 0.318848
vt 0.946777 0.891418
vt 0.946777 0.888123
vt 0.946777 0.636963
vt 0.946777 0.633545
vt 0.946777 0.318848
vt 0.958008 0.962433
vt 0.958008 0.891418
vt 0.958008 0.888123
vt 0.958008 0.636963
vt 0.958008 0.633545
vt 0.958008 0.318848
vt 0.968750 0.962433
vt 0.968750 0.891418
vt 0.968750 0.888123
vt 0.968750 0.636963
vt 0.968750 0.633545
vt 0.968750 0.318848
vt 0.979980 0.962433
vt 0.979980 0.891418
vt 0.979980 0.888123
vt 0.979980 0.636963
vt 0.979980 0.633545
vt 0.979980 0.318848
vt 0.991211 0.962433
vt 0.991211 0.891418
vt 0.991211 0.888123
vt 0.991211 0.636963
vt 0.991211 0.633545
vt 0.991211 0.318848
vt 0.095276 0.164063
vt 0.102173 0.147461
vt 0.104248 0.189941
vt 0.118774 0.140625
vt 0.135376 0.147461
vt 0.142212 0.164063
vt 0.133301 0.189941
vt 0.139282 0.204590
vt 0.133301 0.219238
vt 0.118774 0.225098
vt 0.104248 0.219238
vt 0.098267 0.204590
vt 0.135376 0.140625
vt 0.135376 0.008301
vt 0.151978 0.140625
vt 0.151978 0.008301
vt 0.177979 0.008301
vt 0.177979 0.140625
vt 0.192383 0.140625
vt 0.192383 0.008301
vt 0.206909 0.140625
vt 0.206909 0.008301
vt 0.221436 0.140625
vt 0.221436 0.008301
vt 0.118774 0.008301
vt 0.102173 0.008301
vt 0.102173 0.140625
vt 0.085571 0.008301
vt 0.085571 0.140625
vt 0.059601 0.008301
vt 0.059601 0.140625
vt 0.045105 0.008301
vt 0.045105 0.140625
vt 0.030594 0.008301
vt 0.030594 0.140625
vt 0.016083 0.008301
vt 0.016083 0.140625
vt 0.679199 0.023926
vt 0.691406 0.019043
vt 0.673828 0.036621
vt 0.704102 0.023926
vt 0.708984 0.036621
vt 0.704102 0.048828
vt 0.679199 0.048828
vt 0.704102 0.064453
vt 0.679199 0.064453
vt 0.708984 0.077148
vt 0.673828 0.077148
vt 0.679199 0.089355
vt 0.691406 0.094727
vt 0.704102 0.089355
vt 0.704102 0.089355
vt 0.691406 0.094727
vt 0.708984 0.077148
vt 0.679199 0.089355
vt 0.673828 0.077148
vt 0.679199 0.064453
vt 0.704102 0.064453
vt 0.679199 0.048828
vt 0.704102 0.048828
vt 0.673828 0.036621
vt 0.708984 0.036621
vt 0.704102 0.023926
vt 0.691406 0.019043
vt 0.679199 0.023926
vt 0.246338 0.582764
vt 0.264893 0.547852
vt 0.245361 0.515869
vt 0.245483 0.427734
vt 0.259766 0.427734
vt 0.264893 0.416504
vt 0.259766 0.515869
vt 0.654297 0.011719
vt 0.673828 0.011719
vt 0.654297 0.023926
vt 0.673828 0.023926
vt 0.654297 0.048828
vt 0.673828 0.048828
vt 0.673828 0.064453
vt 0.654297 0.064453
vt 0.654297 0.089355
vt 0.673828 0.089355
vt 0.654297 0.102051
vt 0.673828 0.102051
vt 0.654297 0.114258
vt 0.673828 0.114258
vt 0.654297 0.126953
vt 0.673828 0.126953
vt 0.654297 0.139160
vt 0.673828 0.139160
vt 0.673828 0.154785
vt 0.654297 0.154785
vt 0.654297 0.166992
vt 0.673828 0.166992
vt 0.654297 0.179688
vt 0.673828 0.179688
vt 0.654297 0.191895
vt 0.673828 0.191895
vt 0.673828 0.191895
vt 0.654297 0.191895
vt 0.673828 0.179688
vt 0.654297 0.179688
vt 0.673828 0.166992
vt 0.654297 0.166992
vt 0.673828 0.154785
vt 0.654297 0.154785
vt 0.654297 0.139160
vt 0.673828 0.139160
vt 0.673828 0.126953
vt 0.654297 0.126953
vt 0.673828 0.114258
vt 0.654297 0.114258
vt 0.673828 0.102051
vt 0.654297 0.102051
vt 0.673828 0.089355
vt 0.654297 0.089355
vt 0.673828 0.064453
vt 0.654297 0.064453
vt 0.654297 0.048828
vt 0.673828 0.048828
vt 0.673828 0.023926
vt 0.654297 0.023926
vt 0.673828 0.011719
vt 0.654297 0.011719
vt 0.393799 0.277832
vt 0.400635 0.277832
vt 0.400635 0.274902
vt 0.423096 0.277832
vt 0.429932 0.277832
vt 0.423096 0.274902
vt 0.343262 0.274902
vt 0.336426 0.277832
vt 0.343262 0.277832
vt 0.365723 0.277832
vt 0.372559 0.277832
vt 0.365723 0.274902
vt 0.442383 0.364746
vt 0.435547 0.364746
vt 0.380859 0.364746
vt 0.374023 0.364746
vt 0.330811 0.364746
vt 0.323975 0.364746
vt 0.392334 0.364746
vt 0.385498 0.364746
vt 0.374023 0.364746
vt 0.330811 0.364746
vt 0.400635 0.277832
vt 0.393799 0.277832
vt 0.400635 0.274902
vt 0.429932 0.277832
vt 0.423096 0.277832
vt 0.423096 0.274902
vt 0.336426 0.277832
vt 0.343262 0.274902
vt 0.343262 0.277832
vt 0.372559 0.277832
vt 0.365723 0.277832
vt 0.365723 0.274902
vt 0.442383 0.364746
vt 0.435547 0.364746
vt 0.380859 0.364746
vt 0.374023 0.364746
vt 0.323975 0.364746
vt 0.330811 0.364746
vt 0.385498 0.364746
vt 0.392334 0.364746
vt 0.374023 0.364746
vt 0.330811 0.364746
vt 0.164917 0.312012
vt 0.146118 0.327637
vt 0.176636 0.312012
vt 0.157959 0.327637
vt 0.176636 0.312012
vt 0.157959 0.327637
vt 0.164917 0.312012
vt 0.146118 0.327637
vt 0.161499 0.310547
vt 0.142700 0.326172
vt 0.159058 0.308105
vt 0.140381 0.323242
vt 0.161499 0.310547
vt 0.142700 0.326172
vt 0.142944 0.383301
vt 0.142944 0.387695
vt 0.133057 0.383301
vt 0.133057 0.387695
vt 0.123108 0.383301
vt 0.123108 0.387695
vt 0.113220 0.383301
vt 0.113220 0.387695
vt 0.103333 0.383301
vt 0.103333 0.387695
vt 0.133057 0.387695
vt 0.123108 0.387695
vt 0.113220 0.387695
vt 0.132935 0.390625
vt 0.123108 0.390625
vt 0.113281 0.390625
vt 0.103455 0.390625
vt 0.103333 0.387695
vt 0.096130 0.346191
vt 0.096741 0.343262
vt 0.092590 0.346191
vt 0.092041 0.343262
vt 0.192505 0.383301
vt 0.192505 0.387695
vt 0.182617 0.383301
vt 0.182617 0.387695
vt 0.202393 0.387695
vt 0.202393 0.383301
vt 0.212280 0.387695
vt 0.212280 0.383301
vt 0.222168 0.383301
vt 0.222168 0.387695
vt 0.202393 0.387695
vt 0.192505 0.387695
vt 0.212280 0.387695
vt 0.192505 0.390625
vt 0.202393 0.390625
vt 0.212158 0.390625
vt 0.222046 0.390625
vt 0.222168 0.387695
vt 0.007267 0.347168
vt 0.005581 0.346680
vt 0.012535 0.334473
vt 0.011078 0.333496
vt 0.007267 0.360840
vt 0.005604 0.360840
vt 0.012535 0.373535
vt 0.011147 0.374512
vt 0.022263 0.383301
vt 0.021362 0.384277
vt 0.034973 0.388672
vt 0.034698 0.390137
vt 0.061462 0.383301
vt 0.062469 0.384277
vt 0.048737 0.388672
vt 0.049133 0.390137
vt 0.071167 0.373535
vt 0.072632 0.374512
vt 0.076477 0.360840
vt 0.078125 0.361328
vt 0.076477 0.347168
vt 0.078125 0.346680
vt 0.071167 0.334473
vt 0.072571 0.333496
vt 0.061462 0.324707
vt 0.062347 0.323242
vt 0.048737 0.319336
vt 0.049011 0.317871
vt 0.022263 0.324707
vt 0.021271 0.323242
vt 0.034973 0.319336
vt 0.034576 0.317871
vt 0.888672 0.183105
vt 0.896973 0.182617
vt 0.888184 0.184570
vt 0.896484 0.184570
vt 0.888184 0.181152
vt 0.896484 0.181152
vt 0.990723 0.182617
vt 0.990723 0.184570
vt 0.896973 0.182617
vt 0.888672 0.183105
vt 0.882324 0.184570
vt 0.882813 0.183594
vt 0.881836 0.181152
vt 0.990723 0.181152
vt 0.990723 0.182617
vt 0.882813 0.183594
vt 0.876953 0.184570
vt 0.877441 0.183594
vt 0.876465 0.181152
vt 0.877441 0.183594
vt 0.896973 0.182617
vt 0.888672 0.183105
vt 0.896484 0.184570
vt 0.888184 0.184570
vt 0.896484 0.181152
vt 0.888184 0.181152
vt 0.990723 0.184570
vt 0.990723 0.182617
vt 0.888672 0.183105
vt 0.896973 0.182617
vt 0.882813 0.183594
vt 0.882324 0.184570
vt 0.881836 0.181152
vt 0.990723 0.181152
vt 0.990723 0.182617
vt 0.882813 0.183594
vt 0.876953 0.184570
vt 0.877441 0.183594
vt 0.876465 0.181152
vt 0.877441 0.183594
vt 0.719238 0.168457
vt 0.719238 0.165527
vt 0.729004 0.168457
vt 0.729004 0.165527
vt 0.700195 0.167969
vt 0.699707 0.165527
vt 0.698730 0.164551
vt 0.718262 0.164551
vt 0.699219 0.169922
vt 0.718750 0.169922
vt 0.729492 0.164551
vt 0.813477 0.166016
vt 0.813477 0.168457
vt 0.813965 0.164551
vt 0.729492 0.169434
vt 0.813477 0.169922
vt 0.717773 0.166016
vt 0.729004 0.165527
vt 0.717773 0.168457
vt 0.729004 0.168457
vt 0.820313 0.166016
vt 0.819824 0.168457
vt 0.697754 0.166016
vt 0.697754 0.168457
vt 0.821289 0.164551
vt 0.819824 0.169434
vt 0.813477 0.168457
vt 0.813477 0.166016
vt 0.819824 0.168457
vt 0.820313 0.166016
vt 0.828125 0.166016
vt 0.828613 0.164551
vt 0.827637 0.169434
vt 0.827637 0.169434
vt 0.836426 0.165527
vt 0.836426 0.165527
vt 0.990723 0.165527
vt 0.990723 0.165527
vt 0.828613 0.164551
vt 0.836426 0.167969
vt 0.828125 0.167969
vt 0.836426 0.169922
vt 0.836426 0.166504
vt 0.990723 0.166504
vt 0.836426 0.169922
vt 0.719238 0.165527
vt 0.719238 0.168457
vt 0.729004 0.165527
vt 0.729004 0.168457
vt 0.699707 0.165527
vt 0.700195 0.167969
vt 0.698730 0.164551
vt 0.718262 0.164551
vt 0.699219 0.169922
vt 0.718750 0.169922
vt 0.729492 0.164551
vt 0.813477 0.166016
vt 0.813477 0.168457
vt 0.813965 0.164551
vt 0.813477 0.169922
vt 0.729492 0.169434
vt 0.717773 0.166016
vt 0.729004 0.165527
vt 0.717773 0.168457
vt 0.729004 0.168457
vt 0.819824 0.168457
vt 0.820313 0.166016
vt 0.697754 0.166016
vt 0.697754 0.168457
vt 0.821289 0.164551
vt 0.819824 0.169434
vt 0.813477 0.168457
vt 0.813477 0.166016
vt 0.820313 0.166016
vt 0.819824 0.168457
vt 0.828613 0.164551
vt 0.828125 0.166016
vt 0.827637 0.169434
vt 0.827637 0.169434
vt 0.836426 0.165527
vt 0.836426 0.165527
vt 0.828613 0.164551
vt 0.828125 0.167969
vt 0.836426 0.167969
vt 0.836426 0.169922
vt 0.836426 0.166504
vt 0.836426 0.169922
vt 0.142944 0.351563
vt 0.155884 0.351563
vt 0.142944 0.366211
vt 0.155884 0.366211
vt 0.092590 0.363770
vt 0.092041 0.366699
vt 0.096130 0.363770
vt 0.096741 0.366699
vt 0.036682 0.328125
vt 0.047028 0.328125
vt 0.056610 0.332031
vt 0.063904 0.339355
vt 0.067871 0.348633
vt 0.067871 0.359375
vt 0.063904 0.368652
vt 0.056610 0.375977
vt 0.047028 0.379883
vt 0.036682 0.379883
vt 0.027115 0.375977
vt 0.019791 0.368652
vt 0.015839 0.359375
vt 0.015839 0.348633
vt 0.019791 0.339355
vt 0.027115 0.332031
vt 0.142822 0.390625
vt 0.142944 0.387695
vt 0.182617 0.390625
vt 0.182617 0.387695
vt 0.990723 0.167969
vt 0.990723 0.169922
vt 0.990723 0.169922
vt 0.118347 0.351563
vt 0.121826 0.351563
vt 0.118347 0.366211
vt 0.121826 0.366211
vt 0.222168 0.369141
vt 0.222168 0.380859
vt 0.232056 0.369141
vt 0.232056 0.380859
vt 0.241943 0.369141
vt 0.241943 0.380859
vt 0.212280 0.380859
vt 0.212280 0.369141
vt 0.202393 0.380859
vt 0.202393 0.369141
vt 0.192505 0.380859
vt 0.192505 0.369141
vt 0.182617 0.380859
vt 0.182617 0.369141
vt 0.172607 0.380859
vt 0.172607 0.369141
vt 0.162720 0.380859
vt 0.162720 0.369141
vt 0.152832 0.380859
vt 0.152832 0.369141
vt 0.142944 0.380859
vt 0.142944 0.369141
vt 0.133057 0.380859
vt 0.133057 0.369141
vt 0.123108 0.380859
vt 0.123108 0.369141
vt 0.113220 0.380859
vt 0.113220 0.369141
vt 0.103333 0.380859
vt 0.103333 0.369141
vt 0.093445 0.380859
vt 0.093445 0.369141
vt 0.083496 0.380859
vt 0.083496 0.369141
vt 0.118347 0.347168
vt 0.118347 0.350098
vt 0.121826 0.341797
vt 0.121826 0.351563
vt 0.125854 0.339844
vt 0.142944 0.351563
vt 0.142944 0.338379
vt 0.118347 0.350098
vt 0.118347 0.347168
vt 0.121826 0.341797
vt 0.125854 0.339844
vt 0.142944 0.338379
vt 0.232056 0.383301
vt 0.232056 0.387695
vt 0.232056 0.387695
vt 0.232056 0.390625
vt 0.241943 0.383301
vt 0.241943 0.387695
vt 0.241943 0.387695
vt 0.241943 0.390625
vt 0.093445 0.383301
vt 0.093445 0.387695
vt 0.083496 0.383301
vt 0.083496 0.387695
vt 0.093445 0.387695
vt 0.083496 0.387695
vt 0.093506 0.390625
vt 0.083496 0.390625
vt 0.142700 0.330078
vt 0.142700 0.333496
vt 0.146118 0.336426
vt 0.157959 0.336426
vt 0.176636 0.327637
vt 0.176636 0.336426
vt 0.152832 0.383301
vt 0.152832 0.387695
vt 0.152832 0.387695
vt 0.152832 0.390625
vt 0.162720 0.383301
vt 0.162720 0.387695
vt 0.162720 0.387695
vt 0.162720 0.390625
vt 0.172607 0.383301
vt 0.172607 0.387695
vt 0.172607 0.387695
vt 0.172729 0.390625
vt 0.108337 0.351563
vt 0.110229 0.351563
vt 0.108337 0.366211
vt 0.110229 0.366211
vt 0.115479 0.351563
vt 0.115479 0.366211
vt 0.101013 0.344727
vt 0.099365 0.347168
vt 0.104370 0.348145
vt 0.101868 0.350098
vt 0.106140 0.352539
vt 0.103210 0.353027
vt 0.106140 0.357422
vt 0.103210 0.356445
vt 0.104370 0.361328
vt 0.101868 0.359863
vt 0.101013 0.364746
vt 0.099365 0.362305
vt 0.089355 0.347168
vt 0.087708 0.344727
vt 0.086853 0.350098
vt 0.084351 0.348145
vt 0.085510 0.353027
vt 0.082581 0.352539
vt 0.085510 0.356445
vt 0.082581 0.357422
vt 0.086853 0.359863
vt 0.084351 0.361328
vt 0.089355 0.362305
vt 0.087708 0.364746
vt 1.000000 0.758475
vt 1.000000 0.778171
vt 0.959139 0.758475
vt 0.000000 0.908762
vt 0.040452 0.757740
vt 0.000000 0.777166
vt 0.756716 0.951410
vt 0.743451 1.000000
vt 0.288714 0.951410
vt 0.388265 1.000000
vt 0.696880 1.000000
vt 0.709210 0.952139
vt 0.610051 1.000000
vt 0.000000 0.785090
vt 0.083088 0.785090
vt 0.000000 0.970425
vt 0.028258 0.983946
vt 0.945710 0.369059
vt 1.000000 0.123950
vt 0.975062 0.123950
vt 1.000000 0.335036
vt 0.000000 0.340626
vt 0.052124 0.373114
vt 0.000000 0.373114
vt 0.947876 0.638396
vt 1.000000 0.546843
vt 0.947876 0.546843
vt 1.000000 0.627005
vt 0.000000 0.627005
vt 0.052124 0.638396
vt 0.000000 0.638396
vt 1.000000 0.811552
vt 0.972901 1.000000
vt 1.000000 1.000000
vt 0.947876 0.811552
vt 0.265724 0.294827
vt 0.657751 0.050271
vt 0.295355 0.050271
vt 0.344146 0.047939
vt 0.735868 0.292984
vt 0.314262 0.292984
vt 0.264133 0.638396
vt 0.685738 0.546843
vt 0.264133 0.546843
vt 0.314262 0.546843
vt 0.735868 0.638396
vt 0.314262 0.638396
vt 0.558602 1.000000
vt 0.264133 0.895059
vt 0.277647 1.000000
vt 0.685738 0.895059
vt 0.674614 1.000000
vt 0.688660 0.896895
vt 0.564393 1.000000
vt 1.000000 0.249639
vt 1.000000 0.379216
vt 0.985073 0.379216
vt 0.000000 0.550073
vt 0.014927 0.546843
vt 0.000000 0.546843
vt 0.985073 0.546843
vt 1.000000 0.550073
vt 0.985073 0.638396
vt 1.000000 0.638396
vt 0.000000 0.431192
vt 0.000000 0.414200
vt 0.083088 0.431192
vt 0.908079 0.328675
vt 1.000000 0.409156
vt 1.000000 0.328675
vt 0.915889 0.426253
vt 0.288714 0.480822
vt 0.278867 0.383429
vt 0.756716 0.480822
vt 0.235776 0.384357
vt 0.243477 0.481817
vt 0.721312 0.384357
vt 1.000000 0.413182
vt 0.959139 0.413182
vt 1.000000 0.326217
vt 0.948917 0.315955
vt 0.000000 0.322573
vt 0.050572 0.312450
vt 0.000000 0.312450
vt 1.000000 0.000000
vt 1.000000 1.000000
vt 0.830879 0.000000
vt 0.276658 1.000000
vt 1.000000 0.125289
vt 0.000000 0.268618
vt 1.000000 0.805925
vt 0.000000 0.125289
vt 0.000000 0.115158
vt 0.428953 0.000000
vt 0.000000 0.000000
vt 1.000000 0.038615
vt 1.000000 0.115158
vt 0.896719 0.000000
vt 1.000000 1.000000
vt 1.000000 0.000000
vt 0.000000 1.000000
vt 0.000000 0.861536
vt 0.000000 0.890759
vt 0.367246 0.000000
vt 0.000000 0.110701
vt 0.868578 0.000000
# num_vertices: 6635


g Object_texture_0001.jpg

usemtl mat_0-texture_0001.jpg

f 1/1 2/2 3/3
f 2/2 4/4 3/3
f 5/5 6/6 7/7
f 6/6 8/8 7/7
f 6/6 5/5 9/9
f 5/5 10/10 9/9
f 9/9 10/10 11/11
f 10/10 12/12 11/11
f 11/11 12/12 13/13
f 12/12 14/14 13/13
f 13/13 14/14 15/15
f 14/14 16/16 15/15
f 15/15 16/16 17/17
f 16/16 18/18 17/17
f 17/17 18/18 19/19
f 18/18 20/20 19/19
f 19/19 20/20 21/21
f 20/20 22/22 21/21
f 23/23 24/24 25/25
f 24/24 26/26 25/25
f 26/26 27/27 25/25
f 25/25 27/27 28/28
f 29/29 30/30 31/31
f 30/30 32/32 31/31
f 32/32 33/33 31/31
f 31/31 33/33 34/34
f 35/35 36/36 37/37
f 37/37 36/36 38/38
f 38/38 36/36 39/39
f 36/36 40/40 39/39
f 40/40 41/41 39/39
f 39/39 41/41 42/42
f 43/43 44/44 45/45
f 45/45 44/44 46/46
f 44/44 47/47 46/46
f 47/47 48/48 46/46
f 48/48 49/49 46/46
f 46/46 49/49 50/50
f 51/51 52/52 53/53
f 53/53 52/52 54/54
f 54/54 52/52 55/55
f 52/52 56/56 55/55
f 56/56 57/57 55/55
f 55/55 57/57 58/58
f 59/59 60/60 61/61
f 60/60 62/62 61/61
f 62/62 63/63 61/61
f 61/61 63/63 64/64
f 63/63 65/65 64/64
f 65/65 66/66 64/64
f 66/66 67/67 64/64
f 64/64 67/67 68/68
f 69/69 70/70 71/71
f 71/71 70/70 72/72
f 72/72 70/70 73/73
f 73/73 70/70 74/74
f 70/70 75/75 74/74
f 74/74 75/75 76/76
f 75/75 77/77 76/76
f 76/76 77/77 78/78
f 79/79 80/80 81/81
f 81/81 80/80 4/4
f 80/80 59/59 4/4
f 4/4 59/59 3/3
f 59/59 61/61 3/3
f 61/61 82/82 3/3
f 82/82 83/83 3/3
f 3/3 83/83 84/84
f 1005/1005 1006/1006 1007/1007
f 1006/1006 1008/1008 1007/1007
f 1009/1009 1010/1010 1011/1011
f 1010/1010 1012/1012 1011/1011
f 1013/1013 1014/1014 1015/1015
f 1014/1014 1016/1016 1015/1015
f 1017/1017 1018/1018 1019/1019
f 1018/1018 1020/1020 1019/1019
f 1021/1021 1022/1022 1023/1023
f 1022/1022 1024/1024 1023/1023
f 1025/1025 1010/1010 1026/1026
f 1010/1010 1027/1027 1026/1026
f 1028/1028 1029/1029 1030/1030
f 1029/1029 1012/1012 1030/1030
f 1031/1031 1032/1032 1033/1033
f 1032/1032 1034/1034 1033/1033
f 1035/1035 1036/1036 1037/1037
f 1036/1036 1038/1038 1037/1037
f 1015/1015 1039/1039 1040/1040
f 1039/1039 1041/1041 1040/1040
f 1042/1042 1028/1028 1043/1043
f 1043/1043 1028/1028 1044/1044
f 1028/1028 1013/1013 1044/1044
f 1044/1044 1013/1013 1045/1045
f 1013/1013 1046/1046 1045/1045
f 1046/1046 1047/1047 1045/1045
f 1045/1045 1047/1047 1040/1040
f 1047/1047 1048/1048 1040/1040
f 1040/1040 1048/1048 1015/1015
f 1048/1048 1049/1049 1015/1015
f 1015/1015 1049/1049 1013/1013
f 1049/1049 1046/1046 1013/1013
f 1018/1018 1050/1050 1016/1016
f 1050/1050 1051/1051 1016/1016
f 1010/1010 1025/1025 1012/1012
f 1012/1012 1025/1025 1030/1030
f 1025/1025 1020/1020 1030/1030
f 1030/1030 1020/1020 1014/1014
f 1020/1020 1052/1052 1014/1014
f 1052/1052 1053/1053 1014/1014
f 1014/1014 1053/1053 1016/1016
f 1053/1053 1054/1054 1016/1016
f 1016/1016 1054/1054 1018/1018
f 1054/1054 1055/1055 1018/1018
f 1018/1018 1055/1055 1020/1020
f 1055/1055 1052/1052 1020/1020
f 1056/1056 1057/1057 1058/1058
f 1057/1057 1059/1059 1058/1058
f 1058/1058 1059/1059 1060/1060
f 1061/1061 1062/1062 1063/1063
f 1062/1062 1064/1064 1063/1063
f 1063/1063 1064/1064 1065/1065
f 1066/1066 1067/1067 1062/1062
f 1067/1067 1068/1068 1062/1062
f 1068/1068 1069/1069 1062/1062
f 1062/1062 1069/1069 1064/1064
f 1070/1070 1071/1071 1072/1072
f 1071/1071 1073/1073 1072/1072
f 1073/1073 1074/1074 1072/1072
f 1072/1072 1074/1074 1075/1075
f 1076/1076 1077/1077 1078/1078
f 1078/1078 1077/1077 1050/1050
f 1050/1050 1077/1077 1051/1051
f 1077/1077 1079/1079 1051/1051
f 1079/1079 1080/1080 1051/1051
f 1051/1051 1080/1080 1081/1081
f 1082/1082 1083/1083 1084/1084
f 1083/1083 1063/1063 1084/1084
f 1063/1063 1065/1065 1084/1084
f 1065/1065 1085/1085 1084/1084
f 1085/1085 1086/1086 1084/1084
f 1084/1084 1086/1086 1087/1087
f 1088/1088 1089/1089 1090/1090
f 1089/1089 1091/1091 1090/1090
f 1091/1091 1092/1092 1090/1090
f 1092/1092 1093/1093 1090/1090
f 1093/1093 1094/1094 1090/1090
f 1090/1090 1094/1094 1095/1095
f 1096/1096 1097/1097 1091/1091
f 1097/1097 1098/1098 1091/1091
f 1091/1091 1098/1098 1092/1092
f 1098/1098 1099/1099 1092/1092
f 1092/1092 1099/1099 1100/1100
f 1100/1100 1099/1099 1101/1101
f 1099/1099 1102/1102 1101/1101
f 1102/1102 1103/1103 1101/1101
f 1101/1101 1103/1103 1104/1104
f 1105/1105 1106/1106 1107/1107
f 1106/1106 1108/1108 1107/1107
f 1107/1107 1108/1108 1109/1109
f 1108/1108 1110/1110 1109/1109
f 1109/1109 1110/1110 1111/1111
f 1111/1111 1110/1110 1112/1112
f 1110/1110 1113/1113 1112/1112
f 1113/1113 1114/1114 1112/1112
f 1112/1112 1114/1114 1115/1115
f 1135/1135 1136/1136 1137/1137
f 1136/1136 1138/1138 1137/1137
f 1139/1139 1140/1140 1141/1141
f 1140/1140 1142/1142 1141/1141
f 1143/1143 1144/1144 1145/1145
f 1144/1144 1146/1146 1145/1145
f 1147/1147 1148/1148 1149/1149
f 1148/1148 1150/1150 1149/1149
f 1151/1151 1152/1152 1153/1153
f 1152/1152 1154/1154 1153/1153
f 1155/1155 1140/1140 1156/1156
f 1140/1140 1157/1157 1156/1156
f 1158/1158 1159/1159 1160/1160
f 1159/1159 1142/1142 1160/1160
f 1161/1161 1162/1162 1163/1163
f 1162/1162 1164/1164 1163/1163
f 1165/1165 1166/1166 1167/1167
f 1166/1166 1168/1168 1167/1167
f 1145/1145 1169/1169 1170/1170
f 1169/1169 1171/1171 1170/1170
f 1172/1172 1158/1158 1173/1173
f 1173/1173 1158/1158 1174/1174
f 1158/1158 1143/1143 1174/1174
f 1174/1174 1143/1143 1175/1175
f 1143/1143 1176/1176 1175/1175
f 1176/1176 1177/1177 1175/1175
f 1175/1175 1177/1177 1170/1170
f 1177/1177 1178/1178 1170/1170
f 1170/1170 1178/1178 1145/1145
f 1178/1178 1179/1179 1145/1145
f 1145/1145 1179/1179 1143/1143
f 1179/1179 1176/1176 1143/1143
f 1148/1148 1180/1180 1146/1146
f 1180/1180 1181/1181 1146/1146
f 1140/1140 1155/1155 1142/1142
f 1142/1142 1155/1155 1160/1160
f 1155/1155 1150/1150 1160/1160
f 1160/1160 1150/1150 1144/1144
f 1150/1150 1182/1182 1144/1144
f 1182/1182 1183/1183 1144/1144
f 1144/1144 1183/1183 1146/1146
f 1183/1183 1184/1184 1146/1146
f 1146/1146 1184/1184 1148/1148
f 1184/1184 1185/1185 1148/1148
f 1148/1148 1185/1185 1150/1150
f 1185/1185 1182/1182 1150/1150
f 1186/1186 1187/1187 1188/1188
f 1187/1187 1189/1189 1188/1188
f 1188/1188 1189/1189 1190/1190
f 1191/1191 1192/1192 1193/1193
f 1192/1192 1194/1194 1193/1193
f 1193/1193 1194/1194 1195/1195
f 1196/1196 1197/1197 1192/1192
f 1197/1197 1198/1198 1192/1192
f 1198/1198 1199/1199 1192/1192
f 1192/1192 1199/1199 1194/1194
f 1200/1200 1201/1201 1202/1202
f 1201/1201 1203/1203 1202/1202
f 1203/1203 1204/1204 1202/1202
f 1202/1202 1204/1204 1205/1205
f 1206/1206 1207/1207 1208/1208
f 1208/1208 1207/1207 1180/1180
f 1180/1180 1207/1207 1181/1181
f 1207/1207 1209/1209 1181/1181
f 1209/1209 1210/1210 1181/1181
f 1181/1181 1210/1210 1211/1211
f 1212/1212 1213/1213 1214/1214
f 1213/1213 1193/1193 1214/1214
f 1193/1193 1195/1195 1214/1214
f 1195/1195 1215/1215 1214/1214
f 1215/1215 1216/1216 1214/1214
f 1214/1214 1216/1216 1217/1217
f 1218/1218 1219/1219 1220/1220
f 1219/1219 1221/1221 1220/1220
f 1221/1221 1222/1222 1220/1220
f 1222/1222 1223/1223 1220/1220
f 1223/1223 1224/1224 1220/1220
f 1220/1220 1224/1224 1225/1225
f 1226/1226 1227/1227 1221/1221
f 1227/1227 1228/1228 1221/1221
f 1221/1221 1228/1228 1222/1222
f 1228/1228 1229/1229 1222/1222
f 1222/1222 1229/1229 1230/1230
f 1230/1230 1229/1229 1231/1231
f 1229/1229 1232/1232 1231/1231
f 1232/1232 1233/1233 1231/1231
f 1231/1231 1233/1233 1234/1234
f 1235/1235 1236/1236 1237/1237
f 1236/1236 1238/1238 1237/1237
f 1237/1237 1238/1238 1239/1239
f 1238/1238 1240/1240 1239/1239
f 1239/1239 1240/1240 1241/1241
f 1241/1241 1240/1240 1242/1242
f 1240/1240 1243/1243 1242/1242
f 1243/1243 1244/1244 1242/1242
f 1242/1242 1244/1244 1245/1245
f 1246/1246 1247/1247 1248/1248
f 1249/1249 1250/1250 1248/1248
f 1251/1251 1252/1252 1248/1248
f 1252/1252 1249/1249 1248/1248
f 1247/1247 1251/1251 1248/1248
f 1250/1250 1246/1246 1248/1248
f 1253/1253 1254/1254 1255/1255
f 1254/1254 1256/1256 1255/1255
f 1257/1257 1258/1258 1259/1259
f 1258/1258 1260/1260 1259/1259
f 1261/1261 1262/1262 1263/1263
f 1262/1262 1264/1264 1263/1263
f 1265/1265 1253/1253 1261/1261
f 1253/1253 1255/1255 1261/1261
f 1266/1266 1257/1257 1267/1267
f 1257/1257 1259/1259 1267/1267
f 1266/1266 1268/1268 1269/1269
f 1268/1268 1270/1270 1269/1269
f 1254/1254 1271/1271 1256/1256
f 1271/1271 1263/1263 1256/1256
f 1258/1258 1268/1268 1260/1260
f 1268/1268 1272/1272 1260/1260
f 1273/1273 1274/1274 1253/1253
f 1274/1274 1254/1254 1253/1253
f 1259/1259 1260/1260 1275/1275
f 1260/1260 1276/1276 1275/1275
f 1271/1271 1265/1265 1263/1263
f 1265/1265 1261/1261 1263/1263
f 1277/1277 1273/1273 1265/1265
f 1273/1273 1253/1253 1265/1265
f 1267/1267 1259/1259 1278/1278
f 1259/1259 1275/1275 1278/1278
f 1268/1268 1266/1266 1272/1272
f 1266/1266 1267/1267 1272/1272
f 1274/1274 1279/1279 1254/1254
f 1279/1279 1271/1271 1254/1254
f 1260/1260 1272/1272 1276/1276
f 1272/1272 1280/1280 1276/1276
f 1281/1281 1282/1282 1273/1273
f 1282/1282 1274/1274 1273/1273
f 1275/1275 1276/1276 1283/1283
f 1276/1276 1284/1284 1283/1283
f 1279/1279 1277/1277 1271/1271
f 1277/1277 1265/1265 1271/1271
f 1285/1285 1281/1281 1277/1277
f 1281/1281 1273/1273 1277/1277
f 1278/1278 1275/1275 1286/1286
f 1275/1275 1283/1283 1286/1286
f 1272/1272 1267/1267 1280/1280
f 1267/1267 1278/1278 1280/1280
f 1282/1282 1287/1287 1274/1274
f 1287/1287 1279/1279 1274/1274
f 1276/1276 1280/1280 1284/1284
f 1280/1280 1288/1288 1284/1284
f 1289/1289 1290/1290 1281/1281
f 1290/1290 1282/1282 1281/1281
f 1283/1283 1284/1284 1291/1291
f 1284/1284 1292/1292 1291/1291
f 1287/1287 1285/1285 1279/1279
f 1285/1285 1277/1277 1279/1279
f 1293/1293 1289/1289 1285/1285
f 1289/1289 1281/1281 1285/1285
f 1286/1286 1283/1283 1294/1294
f 1283/1283 1291/1291 1294/1294
f 1280/1280 1278/1278 1288/1288
f 1278/1278 1286/1286 1288/1288
f 1290/1290 1295/1295 1282/1282
f 1295/1295 1287/1287 1282/1282
f 1284/1284 1288/1288 1292/1292
f 1288/1288 1296/1296 1292/1292
f 1297/1297 1298/1298 1289/1289
f 1298/1298 1290/1290 1289/1289
f 1291/1291 1292/1292 1299/1299
f 1292/1292 1300/1300 1299/1299
f 1295/1295 1293/1293 1287/1287
f 1293/1293 1285/1285 1287/1287
f 1301/1301 1297/1297 1293/1293
f 1297/1297 1289/1289 1293/1293
f 1294/1294 1291/1291 1302/1302
f 1291/1291 1299/1299 1302/1302
f 1288/1288 1286/1286 1296/1296
f 1286/1286 1294/1294 1296/1296
f 1298/1298 1303/1303 1290/1290
f 1303/1303 1295/1295 1290/1290
f 1292/1292 1296/1296 1300/1300
f 1296/1296 1304/1304 1300/1300
f 1305/1305 1306/1306 1297/1297
f 1306/1306 1298/1298 1297/1297
f 1299/1299 1300/1300 1307/1307
f 1300/1300 1308/1308 1307/1307
f 1303/1303 1301/1301 1295/1295
f 1301/1301 1293/1293 1295/1295
f 1309/1309 1305/1305 1301/1301
f 1305/1305 1297/1297 1301/1301
f 1302/1302 1299/1299 1310/1310
f 1299/1299 1307/1307 1310/1310
f 1296/1296 1294/1294 1304/1304
f 1294/1294 1302/1302 1304/1304
f 1306/1306 1311/1311 1298/1298
f 1311/1311 1303/1303 1298/1298
f 1300/1300 1304/1304 1308/1308
f 1304/1304 1312/1312 1308/1308
f 1307/1307 1308/1308 1305/1305
f 1308/1308 1306/1306 1305/1305
f 1311/1311 1309/1309 1303/1303
f 1309/1309 1301/1301 1303/1303
f 1310/1310 1307/1307 1309/1309
f 1307/1307 1305/1305 1309/1309
f 1304/1304 1302/1302 1312/1312
f 1302/1302 1310/1310 1312/1312
f 1308/1308 1312/1312 1306/1306
f 1312/1312 1311/1311 1306/1306
f 1312/1312 1310/1310 1311/1311
f 1310/1310 1309/1309 1311/1311
f 1313/1313 1314/1314 1315/1315
f 1314/1314 1316/1316 1315/1315
f 1317/1317 1318/1318 1314/1314
f 1318/1318 1316/1316 1314/1314
f 1314/1314 1313/1313 1319/1319
f 1313/1313 1320/1320 1319/1319
f 1321/1321 1322/1322 1323/1323
f 1322/1322 1324/1324 1323/1323
f 1317/1317 1325/1325 1318/1318
f 1325/1325 1326/1326 1318/1318
f 1319/1319 1320/1320 1327/1327
f 1320/1320 1328/1328 1327/1327
f 1329/1329 1330/1330 1331/1331
f 1330/1330 1332/1332 1331/1331
f 1330/1330 1329/1329 1333/1333
f 1329/1329 1334/1334 1333/1333
f 1325/1325 1317/1317 1335/1335
f 1317/1317 1336/1336 1335/1335
f 1332/1332 1330/1330 1327/1327
f 1330/1330 1319/1319 1327/1327
f 1337/1337 1338/1338 1339/1339
f 1338/1338 1340/1340 1339/1339
f 1333/1333 1334/1334 1341/1341
f 1334/1334 1342/1342 1341/1341
f 1335/1335 1336/1336 1343/1343
f 1336/1336 1344/1344 1343/1343
f 1333/1333 1341/1341 1336/1336
f 1341/1341 1344/1344 1336/1336
f 1345/1345 1346/1346 1347/1347
f 1346/1346 1348/1348 1347/1347
f 1347/1347 1348/1348 1349/1349
f 1348/1348 1350/1350 1349/1349
f 1351/1351 1352/1352 1345/1345
f 1352/1352 1346/1346 1345/1345
f 1349/1349 1350/1350 1353/1353
f 1350/1350 1354/1354 1353/1353
f 1256/1256 1355/1355 1255/1255
f 1355/1355 1356/1356 1255/1255
f 1258/1258 1257/1257 1357/1357
f 1257/1257 1358/1358 1357/1357
f 1262/1262 1261/1261 1356/1356
f 1261/1261 1255/1255 1356/1356
f 1257/1257 1266/1266 1358/1358
f 1266/1266 1269/1269 1358/1358
f 1263/1263 1264/1264 1256/1256
f 1264/1264 1355/1355 1256/1256
f 1268/1268 1258/1258 1270/1270
f 1258/1258 1357/1357 1270/1270
f 1352/1352 1351/1351 1359/1359
f 1351/1351 1360/1360 1359/1359
f 1360/1360 1353/1353 1359/1359
f 1359/1359 1353/1353 1354/1354
f 1340/1340 1338/1338 1361/1361
f 1338/1338 1324/1324 1361/1361
f 1324/1324 1322/1322 1361/1361
f 1322/1322 1362/1362 1361/1361
f 1362/1362 1363/1363 1361/1361
f 1361/1361 1363/1363 1364/1364
f 1351/1351 1345/1345 1365/1365
f 1345/1345 1347/1347 1365/1365
f 1347/1347 1349/1349 1365/1365
f 1349/1349 1353/1353 1365/1365
f 1353/1353 1360/1360 1365/1365
f 1365/1365 1360/1360 1351/1351
f 1314/1314 1246/1246 1317/1317
f 1246/1246 1250/1250 1317/1317
f 1317/1317 1250/1250 1336/1336
f 1250/1250 1249/1249 1336/1336
f 1336/1336 1249/1249 1333/1333
f 1249/1249 1252/1252 1333/1333
f 1333/1333 1252/1252 1330/1330
f 1252/1252 1251/1251 1330/1330
f 1330/1330 1251/1251 1319/1319
f 1251/1251 1247/1247 1319/1319
f 1319/1319 1247/1247 1314/1314
f 1247/1247 1246/1246 1314/1314
f 1366/1366 1367/1367 1368/1368
f 1369/1369 1370/1370 1371/1371
f 1370/1370 1372/1372 1371/1371
f 1371/1371 1372/1372 1367/1367
f 1367/1367 1372/1372 1368/1368
f 1372/1372 1370/1370 1368/1368
f 1373/1373 1374/1374 1375/1375
f 1374/1374 1376/1376 1375/1375
f 1377/1377 1378/1378 1379/1379
f 1378/1378 1380/1380 1379/1379
f 1379/1379 1380/1380 1381/1381
f 1380/1380 1382/1382 1381/1381
f 1381/1381 1382/1382 1383/1383
f 1382/1382 1384/1384 1383/1383
f 1383/1383 1384/1384 1385/1385
f 1384/1384 1386/1386 1385/1385
f 1385/1385 1386/1386 1387/1387
f 1386/1386 1388/1388 1387/1387
f 1387/1387 1388/1388 1377/1377
f 1388/1388 1378/1378 1377/1377
f 1389/1389 1390/1390 1391/1391
f 1390/1390 1392/1392 1391/1391
f 1393/1393 1394/1394 1389/1389
f 1394/1394 1390/1390 1389/1389
f 1395/1395 1396/1396 1397/1397
f 1396/1396 1398/1398 1397/1397
f 1395/1395 1397/1397 1399/1399
f 1397/1397 1400/1400 1399/1399
f 1401/1401 1402/1402 1403/1403
f 1402/1402 1404/1404 1403/1403
f 1405/1405 1406/1406 1401/1401
f 1406/1406 1402/1402 1401/1401
f 1407/1407 1408/1408 1409/1409
f 1408/1408 1410/1410 1409/1409
f 1407/1407 1409/1409 1411/1411
f 1409/1409 1412/1412 1411/1411
f 1413/1413 1414/1414 1415/1415
f 1414/1414 1416/1416 1415/1415
f 1417/1417 1418/1418 1413/1413
f 1418/1418 1414/1414 1413/1413
f 1419/1419 1420/1420 1421/1421
f 1420/1420 1422/1422 1421/1421
f 1422/1422 1420/1420 1423/1423
f 1420/1420 1424/1424 1423/1423
f 1425/1425 1426/1426 1427/1427
f 1426/1426 1428/1428 1427/1427
f 1429/1429 1430/1430 1425/1425
f 1430/1430 1426/1426 1425/1425
f 1431/1431 1432/1432 1433/1433
f 1432/1432 1434/1434 1433/1433
f 1434/1434 1432/1432 1435/1435
f 1432/1432 1436/1436 1435/1435
f 1437/1437 1438/1438 1439/1439
f 1438/1438 1440/1440 1439/1439
f 1439/1439 1440/1440 1441/1441
f 1440/1440 1442/1442 1441/1441
f 1441/1441 1442/1442 1443/1443
f 1442/1442 1444/1444 1443/1443
f 1443/1443 1444/1444 1445/1445
f 1444/1444 1446/1446 1445/1445
f 1445/1445 1446/1446 1447/1447
f 1446/1446 1448/1448 1447/1447
f 1447/1447 1448/1448 1437/1437
f 1448/1448 1438/1438 1437/1437
f 1449/1449 1450/1450 1451/1451
f 1450/1450 1452/1452 1451/1451
f 1451/1451 1452/1452 1453/1453
f 1452/1452 1454/1454 1453/1453
f 1453/1453 1454/1454 1455/1455
f 1454/1454 1456/1456 1455/1455
f 1455/1455 1456/1456 1449/1449
f 1456/1456 1450/1450 1449/1449
f 1457/1457 1458/1458 1459/1459
f 1458/1458 1460/1460 1459/1459
f 1459/1459 1460/1460 1461/1461
f 1460/1460 1462/1462 1461/1461
f 1461/1461 1462/1462 1463/1463
f 1462/1462 1464/1464 1463/1463
f 1463/1463 1464/1464 1457/1457
f 1464/1464 1458/1458 1457/1457
f 1465/1465 1466/1466 1467/1467
f 1466/1466 1468/1468 1467/1467
f 1469/1469 1470/1470 1471/1471
f 1470/1470 1472/1472 1471/1471
f 1473/1473 1474/1474 1475/1475
f 1474/1474 1476/1476 1475/1475
f 1475/1475 1476/1476 1477/1477
f 1476/1476 1478/1478 1477/1477
f 1474/1474 1473/1473 1479/1479
f 1473/1473 1480/1480 1479/1479
f 1479/1479 1480/1480 1478/1478
f 1480/1480 1477/1477 1478/1478
f 1481/1481 1482/1482 1483/1483
f 1482/1482 1484/1484 1483/1483
f 1483/1483 1484/1484 1485/1485
f 1484/1484 1486/1486 1485/1485
f 1487/1487 1488/1488 1489/1489
f 1488/1488 1490/1490 1489/1489
f 1489/1489 1490/1490 1491/1491
f 1490/1490 1492/1492 1491/1491
f 1493/1493 1494/1494 1495/1495
f 1494/1494 1496/1496 1495/1495
f 1495/1495 1496/1496 1497/1497
f 1496/1496 1498/1498 1497/1497
f 1499/1499 1500/1500 1501/1501
f 1500/1500 1502/1502 1501/1501
f 1501/1501 1502/1502 1503/1503
f 1502/1502 1504/1504 1503/1503
f 1505/1505 1506/1506 1507/1507
f 1506/1506 1508/1508 1507/1507
f 1507/1507 1508/1508 1509/1509
f 1508/1508 1510/1510 1509/1509
f 1511/1511 1512/1512 1513/1513
f 1512/1512 1514/1514 1513/1513
f 1513/1513 1514/1514 1515/1515
f 1514/1514 1516/1516 1515/1515
f 1517/1517 1518/1518 1519/1519
f 1518/1518 1520/1520 1519/1519
f 1519/1519 1520/1520 1521/1521
f 1520/1520 1522/1522 1521/1521
f 1518/1518 1517/1517 1523/1523
f 1517/1517 1524/1524 1523/1523
f 1523/1523 1524/1524 1522/1522
f 1524/1524 1521/1521 1522/1522
f 1525/1525 1526/1526 1527/1527
f 1526/1526 1528/1528 1527/1527
f 1527/1527 1528/1528 1529/1529
f 1528/1528 1530/1530 1529/1529
f 1531/1531 1532/1532 1533/1533
f 1532/1532 1534/1534 1533/1533
f 1533/1533 1534/1534 1535/1535
f 1534/1534 1536/1536 1535/1535
f 1537/1537 1538/1538 1539/1539
f 1538/1538 1540/1540 1539/1539
f 1539/1539 1540/1540 1541/1541
f 1540/1540 1542/1542 1541/1541
f 1542/1542 1543/1543 1541/1541
f 1541/1541 1543/1543 1544/1544
f 1538/1538 1537/1537 1545/1545
f 1537/1537 1546/1546 1545/1545
f 1546/1546 1547/1547 1545/1545
f 1545/1545 1547/1547 1548/1548
f 1548/1548 1547/1547 1543/1543
f 1547/1547 1544/1544 1543/1543
f 1549/1549 1550/1550 1468/1468
f 1550/1550 1471/1471 1468/1468
f 1471/1471 1472/1472 1468/1468
f 1468/1468 1472/1472 1467/1467
f 1467/1467 1472/1472 1551/1551
f 1472/1472 1552/1552 1551/1551
f 1553/1553 1554/1554 1555/1555
f 1554/1554 1556/1556 1555/1555
f 1555/1555 1556/1556 1557/1557
f 1557/1557 1556/1556 1558/1558
f 1558/1558 1556/1556 1559/1559
f 1556/1556 1554/1554 1559/1559
f 1560/1560 1561/1561 1562/1562
f 1561/1561 1563/1563 1562/1562
f 1563/1563 1564/1564 1562/1562
f 1564/1564 1565/1565 1562/1562
f 1565/1565 1566/1566 1562/1562
f 1562/1562 1566/1566 1560/1560
f 1567/1567 1568/1568 1569/1569
f 1568/1568 1570/1570 1569/1569
f 1569/1569 1570/1570 1571/1571
f 1571/1571 1570/1570 1572/1572
f 1570/1570 1568/1568 1572/1572
f 1572/1572 1568/1568 1573/1573
f 1594/1594 1595/1595 1596/1596
f 1597/1597 1598/1598 1599/1599
f 1598/1598 1600/1600 1601/1601
f 1602/1602 1603/1603 1604/1604
f 1605/1605 1606/1606 1607/1607
f 1607/1607 1606/1606 1608/1608
f 1606/1606 1609/1609 1608/1608
f 1608/1608 1609/1609 1610/1610
f 1609/1609 1602/1602 1610/1610
f 1610/1610 1602/1602 1604/1604
f 1604/1604 1611/1611 1610/1610
f 1611/1611 1612/1612 1610/1610
f 1610/1610 1612/1612 1608/1608
f 1605/1605 1607/1607 1613/1613
f 1607/1607 1614/1614 1613/1613
f 1614/1614 1615/1615 1613/1613
f 1613/1613 1615/1615 1616/1616
f 1614/1614 1607/1607 1617/1617
f 1607/1607 1618/1618 1617/1617
f 1617/1617 1618/1618 1619/1619
f 1619/1619 1618/1618 1620/1620
f 1618/1618 1612/1612 1620/1620
f 1621/1621 1619/1619 1622/1622
f 1619/1619 1620/1620 1622/1622
f 1617/1617 1619/1619 1623/1623
f 1619/1619 1621/1621 1623/1623
f 1623/1623 1621/1621 1624/1624
f 1621/1621 1625/1625 1624/1624
f 1624/1624 1625/1625 1626/1626
f 1626/1626 1625/1625 1627/1627
f 1625/1625 1628/1628 1627/1627
f 1627/1627 1628/1628 1629/1629
f 1628/1628 1630/1630 1629/1629
f 1630/1630 1631/1631 1629/1629
f 1629/1629 1631/1631 1632/1632
f 1633/1633 1617/1617 1634/1634
f 1617/1617 1623/1623 1634/1634
f 1623/1623 1624/1624 1634/1634
f 1634/1634 1624/1624 1635/1635
f 1624/1624 1626/1626 1635/1635
f 1635/1635 1626/1626 1636/1636
f 1626/1626 1627/1627 1636/1636
f 1627/1627 1637/1637 1636/1636
f 1637/1637 1627/1627 1638/1638
f 1627/1627 1629/1629 1638/1638
f 1638/1638 1629/1629 1639/1639
f 1629/1629 1632/1632 1639/1639
f 1639/1639 1640/1640 1638/1638
f 1640/1640 1641/1641 1638/1638
f 1641/1641 1642/1642 1638/1638
f 1638/1638 1642/1642 1637/1637
f 1642/1642 1643/1643 1637/1637
f 1637/1637 1643/1643 1636/1636
f 1643/1643 1644/1644 1636/1636
f 1636/1636 1644/1644 1635/1635
f 1635/1635 1644/1644 1634/1634
f 1644/1644 1645/1645 1634/1634
f 1645/1645 1646/1646 1634/1634
f 1634/1634 1646/1646 1633/1633
f 1646/1646 1645/1645 1647/1647
f 1645/1645 1648/1648 1647/1647
f 1645/1645 1644/1644 1648/1648
f 1644/1644 1649/1649 1648/1648
f 1650/1650 1648/1648 1651/1651
f 1648/1648 1649/1649 1651/1651
f 1650/1650 1651/1651 1652/1652
f 1651/1651 1653/1653 1652/1652
f 1652/1652 1653/1653 1654/1654
f 1653/1653 1655/1655 1654/1654
f 1656/1656 1657/1657 1655/1655
f 1657/1657 1654/1654 1655/1655
f 1655/1655 1658/1658 1656/1656
f 1658/1658 1659/1659 1656/1656
f 1656/1656 1659/1659 1660/1660
f 1659/1659 1661/1661 1660/1660
f 1662/1662 1663/1663 1664/1664
f 1664/1664 1663/1663 1665/1665
f 1663/1663 1666/1666 1665/1665
f 1665/1665 1666/1666 1667/1667
f 1668/1668 1669/1669 1670/1670
f 1669/1669 1671/1671 1670/1670
f 1670/1670 1671/1671 1672/1672
f 1671/1671 1673/1673 1672/1672
f 1672/1672 1673/1673 1674/1674
f 1673/1673 1675/1675 1674/1674
f 1675/1675 1676/1676 1674/1674
f 1674/1674 1676/1676 1677/1677
f 1676/1676 1678/1678 1677/1677
f 1677/1677 1678/1678 1679/1679
f 1678/1678 1667/1667 1679/1679
f 1679/1679 1667/1667 1666/1666
f 1670/1670 1672/1672 1680/1680
f 1680/1680 1672/1672 1681/1681
f 1681/1681 1672/1672 1682/1682
f 1672/1672 1674/1674 1682/1682
f 1682/1682 1674/1674 1683/1683
f 1674/1674 1677/1677 1683/1683
f 1677/1677 1679/1679 1683/1683
f 1683/1683 1679/1679 1684/1684
f 1683/1683 1685/1685 1682/1682
f 1685/1685 1686/1686 1682/1682
f 1682/1682 1686/1686 1681/1681
f 1686/1686 1687/1687 1681/1681
f 1687/1687 1688/1688 1681/1681
f 1681/1681 1688/1688 1680/1680
f 1689/1689 1685/1685 1684/1684
f 1685/1685 1683/1683 1684/1684
f 1689/1689 1690/1690 1685/1685
f 1690/1690 1691/1691 1685/1685
f 1685/1685 1691/1691 1686/1686
f 1691/1691 1692/1692 1686/1686
f 1686/1686 1692/1692 1687/1687
f 1692/1692 1688/1688 1687/1687
f 1690/1690 1693/1693 1691/1691
f 1693/1693 1694/1694 1691/1691
f 1691/1691 1694/1694 1692/1692
f 1694/1694 1695/1695 1692/1692
f 1693/1693 1696/1696 1694/1694
f 1696/1696 1697/1697 1694/1694
f 1694/1694 1697/1697 1695/1695
f 1697/1697 1698/1698 1695/1695
f 1696/1696 1699/1699 1697/1697
f 1699/1699 1700/1700 1697/1697
f 1697/1697 1700/1700 1698/1698
f 1700/1700 1701/1701 1698/1698
f 1699/1699 1696/1696 1702/1702
f 1696/1696 1703/1703 1702/1702
f 1702/1702 1703/1703 1704/1704
f 1703/1703 1705/1705 1704/1704
f 1698/1698 1701/1701 1706/1706
f 1701/1701 1707/1707 1706/1706
f 1706/1706 1707/1707 1708/1708
f 1707/1707 1709/1709 1708/1708
f 1662/1662 1710/1710 1711/1711
f 1712/1712 1711/1711 1713/1713
f 1711/1711 1714/1714 1713/1713
f 1662/1662 1715/1715 1710/1710
f 1715/1715 1716/1716 1710/1710
f 1717/1717 1714/1714 1718/1718
f 1714/1714 1719/1719 1718/1718
f 1711/1711 1710/1710 1714/1714
f 1710/1710 1719/1719 1714/1714
f 1720/1720 1721/1721 1722/1722
f 1723/1723 1724/1724 1725/1725
f 1726/1726 1727/1727 1728/1728
f 1729/1729 1730/1730 1731/1731
f 1732/1732 1733/1733 1734/1734
f 1735/1735 1736/1736 1737/1737
f 1738/1738 1739/1739 1740/1740
f 1739/1739 1741/1741 1740/1740
f 1740/1740 1741/1741 1742/1742
f 1741/1741 1743/1743 1742/1742
f 1743/1743 1744/1744 1742/1742
f 1742/1742 1744/1744 1745/1745
f 1744/1744 1746/1746 1745/1745
f 1745/1745 1746/1746 1747/1747
f 1746/1746 1748/1748 1747/1747
f 1748/1748 1749/1749 1747/1747
f 1747/1747 1749/1749 1737/1737
f 1737/1737 1749/1749 1735/1735
f 1735/1735 1749/1749 1750/1750
f 1749/1749 1751/1751 1750/1750
f 1749/1749 1748/1748 1751/1751
f 1750/1750 1751/1751 1752/1752
f 1753/1753 1738/1738 1740/1740
f 1743/1743 1754/1754 1744/1744
f 1754/1754 1755/1755 1744/1744
f 1744/1744 1755/1755 1746/1746
f 1755/1755 1756/1756 1746/1746
f 1746/1746 1756/1756 1748/1748
f 1756/1756 1757/1757 1748/1748
f 1748/1748 1757/1757 1751/1751
f 1757/1757 1758/1758 1751/1751
f 1759/1759 1752/1752 1758/1758
f 1752/1752 1751/1751 1758/1758
f 1760/1760 1757/1757 1761/1761
f 1761/1761 1757/1757 1762/1762
f 1762/1762 1757/1757 1763/1763
f 1757/1757 1756/1756 1763/1763
f 1763/1763 1756/1756 1764/1764
f 1756/1756 1755/1755 1764/1764
f 1755/1755 1765/1765 1764/1764
f 1764/1764 1765/1765 1766/1766
f 1761/1761 1762/1762 1767/1767
f 1767/1767 1762/1762 1768/1768
f 1762/1762 1763/1763 1768/1768
f 1768/1768 1763/1763 1769/1769
f 1763/1763 1764/1764 1769/1769
f 1769/1769 1764/1764 1770/1770
f 1764/1764 1766/1766 1770/1770
f 1770/1770 1766/1766 1771/1771
f 1766/1766 1772/1772 1771/1771
f 1771/1771 1772/1772 1773/1773
f 1774/1774 1761/1761 1775/1775
f 1761/1761 1767/1767 1775/1775
f 1776/1776 1775/1775 1777/1777
f 1726/1726 1728/1728 1775/1775
f 1728/1728 1777/1777 1775/1775
f 1778/1778 1779/1779 1780/1780
f 1781/1781 1782/1782 1779/1779
f 1783/1783 1784/1784 1785/1785
f 1786/1786 1787/1787 1788/1788
f 1789/1789 1790/1790 1791/1791
f 1792/1792 1793/1793 1794/1794
f 1795/1795 1796/1796 1797/1797
f 1798/1798 1799/1799 1800/1800
f 1801/1801 1802/1802 1803/1803
f 1804/1804 1805/1805 1806/1806
f 1807/1807 1808/1808 1809/1809
f 1810/1810 1811/1811 1812/1812
f 1813/1813 1814/1814 1815/1815
f 1816/1816 1817/1817 1818/1818
f 1819/1819 1820/1820 1821/1821
f 1822/1822 1823/1823 1824/1824
f 1823/1823 1825/1825 1824/1824
f 1824/1824 1825/1825 1826/1826
f 1825/1825 1827/1827 1826/1826
f 1826/1826 1827/1827 1828/1828
f 1827/1827 1829/1829 1828/1828
f 1828/1828 1829/1829 1830/1830
f 1824/1824 1826/1826 1831/1831
f 1826/1826 1828/1828 1831/1831
f 1831/1831 1828/1828 1832/1832
f 1830/1830 1829/1829 1833/1833
f 1829/1829 1834/1834 1833/1833
f 1834/1834 1835/1835 1833/1833
f 1833/1833 1835/1835 1836/1836
f 1830/1830 1833/1833 1837/1837
f 1833/1833 1838/1838 1837/1837
f 1837/1837 1838/1838 1839/1839
f 1838/1838 1840/1840 1839/1839
f 1840/1840 1841/1841 1839/1839
f 1839/1839 1841/1841 1842/1842
f 1842/1842 1841/1841 1843/1843
f 1841/1841 1840/1840 1843/1843
f 1843/1843 1840/1840 1844/1844
f 1845/1845 1846/1846 1847/1847
f 1847/1847 1846/1846 1848/1848
f 1846/1846 1849/1849 1848/1848
f 1848/1848 1849/1849 1842/1842
f 1842/1842 1849/1849 1839/1839
f 1849/1849 1850/1850 1839/1839
f 1839/1839 1850/1850 1837/1837
f 1837/1837 1850/1850 1832/1832
f 1832/1832 1850/1850 1851/1851
f 1850/1850 1852/1852 1851/1851
f 1851/1851 1852/1852 1853/1853
f 1850/1850 1849/1849 1852/1852
f 1849/1849 1846/1846 1852/1852
f 1852/1852 1846/1846 1854/1854
f 1854/1854 1846/1846 1855/1855
f 1846/1846 1845/1845 1855/1855
f 1855/1855 1845/1845 1856/1856
f 1845/1845 1857/1857 1856/1856
f 1857/1857 1858/1858 1856/1856
f 1856/1856 1858/1858 1859/1859
f 1845/1845 1847/1847 1857/1857
f 1847/1847 1860/1860 1857/1857
f 1857/1857 1860/1860 1858/1858
f 1860/1860 1861/1861 1858/1858
f 1862/1862 1863/1863 1864/1864
f 1669/1669 1668/1668 1865/1865
f 1668/1668 1862/1862 1865/1865
f 1865/1865 1862/1862 1864/1864
f 1866/1866 1863/1863 1867/1867
f 1867/1867 1868/1868 1869/1869
f 1868/1868 1870/1870 1869/1869
f 1871/1871 1863/1863 1872/1872
f 1863/1863 1866/1866 1872/1872
f 1869/1869 1873/1873 1874/1874
f 1873/1873 1875/1875 1874/1874
f 1866/1866 1867/1867 1874/1874
f 1867/1867 1869/1869 1874/1874
f 1876/1876 1877/1877 1878/1878
f 1879/1879 1880/1880 1881/1881
f 1882/1882 1883/1883 1884/1884
f 1884/1884 1885/1885 1886/1886
f 1887/1887 1888/1888 1889/1889
f 1890/1890 1891/1891 1892/1892
f 1893/1893 1894/1894 1895/1895
f 1773/1773 1896/1896 1897/1897
f 1889/1889 1888/1888 1897/1897
f 1888/1888 1773/1773 1897/1897
f 1898/1898 1899/1899 1900/1900
f 1901/1901 1902/1902 1903/1903
f 1904/1904 1892/1892 1905/1905
f 1906/1906 1907/1907 1908/1908
f 1909/1909 1910/1910 1911/1911
f 1911/1911 1912/1912 1913/1913
f 1911/1911 1913/1913 1914/1914
f 1915/1915 1909/1909 1916/1916
f 1909/1909 1911/1911 1916/1916
f 1914/1914 1917/1917 1911/1911
f 1917/1917 1918/1918 1911/1911
f 1919/1919 1920/1920 1921/1921
f 1922/1922 1919/1919 1923/1923
f 1924/1924 1919/1919 1922/1922
f 1925/1925 1919/1919 1926/1926
f 1919/1919 1921/1921 1926/1926
f 1927/1927 1923/1923 1928/1928
f 1923/1923 1919/1919 1928/1928
f 1929/1929 1930/1930 1931/1931
f 1932/1932 1930/1930 1929/1929
f 1933/1933 1932/1932 1929/1929
f 1929/1929 1934/1934 1933/1933
f 1934/1934 1935/1935 1933/1933
f 1935/1935 1936/1936 1933/1933
f 1933/1933 1936/1936 1937/1937
f 1934/1934 1929/1929 1938/1938
f 1929/1929 1939/1939 1938/1938
f 1940/1940 1941/1941 1939/1939
f 1941/1941 1938/1938 1939/1939
f 1942/1942 1941/1941 1940/1940
f 1942/1942 1943/1943 1941/1941
f 1943/1943 1944/1944 1941/1941
f 1937/1937 1936/1936 1945/1945
f 1936/1936 1946/1946 1945/1945
f 1945/1945 1946/1946 1947/1947
f 1946/1946 1948/1948 1947/1947
f 1949/1949 1950/1950 1948/1948
f 1950/1950 1947/1947 1948/1948
f 1949/1949 1951/1951 1950/1950
f 1951/1951 1952/1952 1950/1950
f 1944/1944 1943/1943 1953/1953
f 1953/1953 1943/1943 1954/1954
f 1943/1943 1942/1942 1954/1954
f 1954/1954 1942/1942 1955/1955
f 1952/1952 1951/1951 1956/1956
f 1951/1951 1957/1957 1956/1956
f 1957/1957 1958/1958 1956/1956
f 1958/1958 1959/1959 1956/1956
f 1956/1956 1959/1959 1960/1960
f 1959/1959 1961/1961 1960/1960
f 1962/1962 1956/1956 1963/1963
f 1956/1956 1960/1960 1963/1963
f 1958/1958 1964/1964 1959/1959
f 1964/1964 1965/1965 1959/1959
f 1961/1961 1959/1959 1965/1965
f 1964/1964 1966/1966 1965/1965
f 1966/1966 1967/1967 1965/1965
f 1968/1968 1969/1969 1970/1970
f 1971/1971 1968/1968 1970/1970
f 1971/1971 1970/1970 1972/1972
f 1598/1598 1601/1601 1599/1599
f 1597/1597 1599/1599 1973/1973
f 1973/1973 1599/1599 1974/1974
f 1599/1599 1601/1601 1974/1974
f 1974/1974 1601/1601 1975/1975
f 1821/1821 1976/1976 1819/1819
f 1973/1973 1974/1974 1820/1820
f 1974/1974 1821/1821 1820/1820
f 1976/1976 1821/1821 1975/1975
f 1821/1821 1974/1974 1975/1975
f 1977/1977 1978/1978 1601/1601
f 1601/1601 1978/1978 1975/1975
f 1978/1978 1979/1979 1975/1975
f 1975/1975 1979/1979 1976/1976
f 1976/1976 1980/1980 1819/1819
f 1941/1941 1981/1981 1982/1982
f 1941/1941 1982/1982 1938/1938
f 1982/1982 1983/1983 1938/1938
f 1970/1970 1934/1934 1983/1983
f 1934/1934 1938/1938 1983/1983
f 1944/1944 1984/1984 1941/1941
f 1984/1984 1981/1981 1941/1941
f 1934/1934 1970/1970 1935/1935
f 1970/1970 1969/1969 1935/1935
f 1969/1969 1985/1985 1935/1935
f 1935/1935 1985/1985 1936/1936
f 1936/1936 1985/1985 1946/1946
f 1985/1985 1986/1986 1946/1946
f 1946/1946 1986/1986 1948/1948
f 1986/1986 1987/1987 1948/1948
f 1988/1988 1949/1949 1987/1987
f 1949/1949 1948/1948 1987/1987
f 1951/1951 1949/1949 1989/1989
f 1949/1949 1988/1988 1989/1989
f 1951/1951 1989/1989 1957/1957
f 1989/1989 1990/1990 1957/1957
f 1990/1990 1991/1991 1957/1957
f 1957/1957 1991/1991 1958/1958
f 1990/1990 1992/1992 1991/1991
f 1992/1992 1993/1993 1991/1991
f 1990/1990 1994/1994 1992/1992
f 1994/1994 1995/1995 1992/1992
f 1964/1964 1958/1958 1996/1996
f 1958/1958 1991/1991 1996/1996
f 1991/1991 1993/1993 1996/1996
f 1964/1964 1996/1996 1966/1966
f 1996/1996 1997/1997 1966/1966
f 1998/1998 1919/1919 1925/1925
f 1928/1928 1919/1919 1998/1998
f 1911/1911 1999/1999 1916/1916
f 1911/1911 1918/1918 1999/1999
f 2000/2000 2001/2001 2002/2002
f 2003/2003 2004/2004 2005/2005
f 2006/2006 2007/2007 2008/2008
f 2009/2009 1647/1647 2010/2010
f 2011/2011 2012/2012 2013/2013
f 2014/2014 2015/2015 2011/2011
f 2015/2015 2012/2012 2011/2011
f 2016/2016 2014/2014 2017/2017
f 2014/2014 2011/2011 2017/2017
f 2017/2017 2011/2011 2018/2018
f 2011/2011 2013/2013 2018/2018
f 2013/2013 2019/2019 2018/2018
f 2020/2020 2021/2021 2022/2022
f 2023/2023 2024/2024 2020/2020
f 2024/2024 2021/2021 2020/2020
f 2025/2025 2021/2021 2026/2026
f 2021/2021 2024/2024 2026/2026
f 2026/2026 2024/2024 2027/2027
f 2024/2024 2023/2023 2027/2027
f 2023/2023 2028/2028 2027/2027
f 2027/2027 2028/2028 2029/2029
f 2028/2028 2030/2030 2029/2029
f 2031/2031 2032/2032 2033/2033
f 2032/2032 2034/2034 2033/2033
f 2034/2034 2035/2035 2033/2033
f 2035/2035 2036/2036 2033/2033
f 2036/2036 2037/2037 2033/2033
f 2033/2033 2037/2037 2038/2038
f 2037/2037 2039/2039 2038/2038
f 2039/2039 2040/2040 2038/2038
f 2038/2038 2040/2040 2041/2041
f 2040/2040 2026/2026 2041/2041
f 2026/2026 2027/2027 2041/2041
f 2041/2041 2027/2027 2029/2029
f 2042/2042 2031/2031 2043/2043
f 2031/2031 2033/2033 2043/2043
f 2033/2033 2038/2038 2043/2043
f 2043/2043 2038/2038 2044/2044
f 2038/2038 2041/2041 2044/2044
f 2041/2041 2029/2029 2044/2044
f 2044/2044 2029/2029 2043/2043
f 2029/2029 2045/2045 2043/2043
f 2029/2029 2030/2030 2045/2045
f 2030/2030 2046/2046 2045/2045
f 2045/2045 2046/2046 2047/2047
f 2031/2031 2048/2048 2032/2032
f 2048/2048 2049/2049 2032/2032
f 2050/2050 2051/2051 2049/2049
f 2051/2051 2032/2032 2049/2049
f 2043/2043 2045/2045 2042/2042
f 2045/2045 2047/2047 2042/2042
f 2042/2042 2047/2047 2052/2052
f 2020/2020 2053/2053 2023/2023
f 2053/2053 2054/2054 2023/2023
f 2023/2023 2054/2054 2028/2028
f 2054/2054 2055/2055 2028/2028
f 2028/2028 2055/2055 2030/2030
f 2055/2055 2046/2046 2030/2030
f 2056/2056 2057/2057 2058/2058
f 2050/2050 2059/2059 2056/2056
f 2059/2059 2057/2057 2056/2056
f 2059/2059 2060/2060 2057/2057
f 2060/2060 2061/2061 2057/2057
f 2057/2057 2061/2061 2062/2062
f 2063/2063 2058/2058 2062/2062
f 2058/2058 2057/2057 2062/2062
f 2064/2064 2065/2065 2015/2015
f 2066/2066 2067/2067 2050/2050
f 2068/2068 2069/2069 2070/2070
f 2071/2071 2072/2072 2073/2073
f 2072/2072 2074/2074 2073/2073
f 2073/2073 2074/2074 2075/2075
f 2075/2075 2074/2074 2076/2076
f 2074/2074 2077/2077 2076/2076
f 2076/2076 2077/2077 2068/2068
f 2077/2077 2078/2078 2068/2068
f 2068/2068 2078/2078 2069/2069
f 2078/2078 2079/2079 2069/2069
f 2069/2069 2079/2079 2080/2080
f 2080/2080 2079/2079 2081/2081
f 2081/2081 2079/2079 2082/2082
f 2079/2079 2083/2083 2082/2082
f 2082/2082 2083/2083 2072/2072
f 2078/2078 2077/2077 2079/2079
f 2079/2079 2077/2077 2083/2083
f 2077/2077 2074/2074 2083/2083
f 2083/2083 2074/2074 2072/2072
f 2071/2071 2084/2084 2072/2072
f 2084/2084 2082/2082 2072/2072
f 2073/2073 2075/2075 2085/2085
f 2086/2086 2087/2087 2088/2088
f 2089/2089 2090/2090 2087/2087
f 2090/2090 2091/2091 2087/2087
f 2092/2092 2087/2087 2091/2091
f 2089/2089 2093/2093 2090/2090
f 2093/2093 2089/2089 2094/2094
f 2094/2094 2089/2089 2095/2095
f 2096/2096 2097/2097 2095/2095
f 2094/2094 2095/2095 2098/2098
f 2095/2095 2097/2097 2098/2098
f 2096/2096 2099/2099 2097/2097
f 2099/2099 2096/2096 2100/2100
f 2101/2101 2102/2102 2103/2103
f 2101/2101 2104/2104 2102/2102
f 2101/2101 2105/2105 2104/2104
f 2106/2106 2107/2107 2108/2108
f 2109/2109 2110/2110 2111/2111
f 2112/2112 2113/2113 2114/2114
f 2115/2115 2116/2116 2117/2117
f 2115/2115 2117/2117 2118/2118
f 2117/2117 2119/2119 2118/2118
f 2120/2120 2117/2117 2121/2121
f 2117/2117 2116/2116 2121/2121
f 2122/2122 2123/2123 2124/2124
f 2124/2124 2123/2123 2125/2125
f 2125/2125 2123/2123 2126/2126
f 2123/2123 2127/2127 2126/2126
f 2127/2127 2117/2117 2126/2126
f 2126/2126 2117/2117 2120/2120
f 2120/2120 2121/2121 2128/2128
f 2117/2117 2129/2129 2119/2119
f 2129/2129 2130/2130 2119/2119
f 2119/2119 2130/2130 2131/2131
f 2131/2131 2130/2130 2132/2132
f 2130/2130 2133/2133 2132/2132
f 2132/2132 2133/2133 2134/2134
f 2134/2134 2133/2133 2135/2135
f 2133/2133 2136/2136 2135/2135
f 2135/2135 2136/2136 2137/2137
f 2136/2136 2120/2120 2137/2137
f 2120/2120 2128/2128 2137/2137
f 2137/2137 2128/2128 2138/2138
f 2139/2139 2140/2140 2141/2141
f 2142/2142 2143/2143 2144/2144
f 2145/2145 2143/2143 2142/2142
f 2142/2142 2146/2146 2145/2145
f 2146/2146 2147/2147 2145/2145
f 2144/2144 2148/2148 2149/2149
f 2148/2148 2150/2150 2149/2149
f 2151/2151 2152/2152 2142/2142
f 2152/2152 2146/2146 2142/2142
f 2144/2144 2149/2149 2142/2142
f 2149/2149 2151/2151 2142/2142
f 2153/2153 2154/2154 2155/2155
f 2153/2153 2155/2155 2156/2156
f 2155/2155 2157/2157 2156/2156
f 2158/2158 2155/2155 2159/2159
f 2155/2155 2154/2154 2159/2159
f 2160/2160 2161/2161 2162/2162
f 2162/2162 2161/2161 2163/2163
f 2163/2163 2161/2161 2164/2164
f 2161/2161 2165/2165 2164/2164
f 2165/2165 2155/2155 2164/2164
f 2164/2164 2155/2155 2158/2158
f 2158/2158 2159/2159 2166/2166
f 2155/2155 2167/2167 2157/2157
f 2167/2167 2168/2168 2157/2157
f 2157/2157 2168/2168 2169/2169
f 2169/2169 2168/2168 2170/2170
f 2168/2168 2171/2171 2170/2170
f 2170/2170 2171/2171 2172/2172
f 2172/2172 2171/2171 2173/2173
f 2171/2171 2174/2174 2173/2173
f 2173/2173 2174/2174 2175/2175
f 2174/2174 2158/2158 2175/2175
f 2158/2158 2166/2166 2175/2175
f 2175/2175 2166/2166 2176/2176
f 2177/2177 2178/2178 2179/2179
f 2180/2180 2181/2181 2182/2182
f 2183/2183 2181/2181 2180/2180
f 2180/2180 2184/2184 2183/2183
f 2184/2184 2185/2185 2183/2183
f 2182/2182 2186/2186 2187/2187
f 2186/2186 2188/2188 2187/2187
f 2189/2189 2190/2190 2180/2180
f 2190/2190 2184/2184 2180/2180
f 2182/2182 2187/2187 2180/2180
f 2187/2187 2189/2189 2180/2180
f 2191/2191 2192/2192 1657/1657
f 1597/1597 1973/1973 2193/2193
f 2193/2193 1973/1973 2194/2194
f 1973/1973 1820/1820 2194/2194
f 2194/2194 1820/1820 2195/2195
f 1820/1820 1819/1819 2195/2195
f 1819/1819 2196/2196 2195/2195
f 2196/2196 2197/2197 2195/2195
f 2197/2197 2198/2198 2195/2195
f 2195/2195 2198/2198 2194/2194
f 2198/2198 2199/2199 2194/2194
f 2194/2194 2199/2199 2193/2193
f 2199/2199 2200/2200 2193/2193
f 2193/2193 2200/2200 2192/2192
f 2200/2200 1657/1657 2192/2192
f 2201/2201 2202/2202 2198/2198
f 2198/2198 2202/2202 2199/2199
f 2199/2199 2202/2202 2200/2200
f 2202/2202 2203/2203 2200/2200
f 2203/2203 1654/1654 2200/2200
f 2200/2200 1654/1654 1657/1657
f 2198/2198 2197/2197 2201/2201
f 2197/2197 2204/2204 2201/2201
f 2204/2204 2205/2205 2201/2201
f 2205/2205 2206/2206 2201/2201
f 2201/2201 2206/2206 2202/2202
f 2206/2206 2207/2207 2202/2202
f 2207/2207 2208/2208 2202/2202
f 2202/2202 2208/2208 2203/2203
f 2203/2203 2208/2208 2209/2209
f 2208/2208 2210/2210 2209/2209
f 2210/2210 2211/2211 2209/2209
f 2211/2211 2010/2010 2209/2209
f 2010/2010 1650/1650 2209/2209
f 1650/1650 1652/1652 2209/2209
f 1647/1647 1648/1648 2010/2010
f 1648/1648 1650/1650 2010/2010
f 2209/2209 1652/1652 2203/2203
f 1652/1652 1654/1654 2203/2203
f 2010/2010 2211/2211 2009/2009
f 2211/2211 2212/2212 2009/2009
f 2212/2212 2213/2213 2009/2009
f 2213/2213 2214/2214 2009/2009
f 2213/2213 1616/1616 2214/2214
f 1616/1616 1615/1615 2214/2214
f 1617/1617 1633/1633 1614/1614
f 1633/1633 1615/1615 1614/1614
f 2215/2215 2216/2216 2217/2217
f 2218/2218 2219/2219 2220/2220
f 2219/2219 2221/2221 2220/2220
f 2220/2220 2221/2221 2222/2222
f 2222/2222 2221/2221 2223/2223
f 2223/2223 2221/2221 2215/2215
f 2215/2215 2221/2221 2216/2216
f 2221/2221 2219/2219 2216/2216
f 2224/2224 2225/2225 2226/2226
f 2225/2225 2227/2227 2226/2226
f 2225/2225 2228/2228 2227/2227
f 2228/2228 2229/2229 2227/2227
f 2230/2230 2224/2224 2231/2231
f 2224/2224 2226/2226 2231/2231
f 2229/2229 2232/2232 2227/2227
f 2232/2232 2233/2233 2227/2227
f 2227/2227 2233/2233 2226/2226
f 2233/2233 2234/2234 2226/2226
f 2226/2226 2234/2234 2231/2231
f 2234/2234 2235/2235 2231/2231
f 1788/1788 1785/1785 1786/1786
f 1785/1785 1784/1784 1786/1786
f 2236/2236 1786/1786 2237/2237
f 1786/1786 2238/2238 2237/2237
f 1784/1784 2239/2239 2240/2240
f 2239/2239 2241/2241 2240/2240
f 2242/2242 2241/2241 2243/2243
f 2241/2241 2244/2244 2243/2243
f 2245/2245 2246/2246 2247/2247
f 2246/2246 2248/2248 2247/2247
f 2249/2249 2240/2240 2242/2242
f 2240/2240 2241/2241 2242/2242
f 2250/2250 2251/2251 2252/2252
f 2251/2251 2253/2253 2252/2252
f 2254/2254 2255/2255 2256/2256
f 2255/2255 2257/2257 2256/2256
f 2255/2255 2254/2254 2258/2258
f 2258/2258 2254/2254 2259/2259
f 2254/2254 2260/2260 2259/2259
f 2259/2259 2260/2260 2261/2261
f 2258/2258 2259/2259 2262/2262
f 2262/2262 2259/2259 2263/2263
f 2259/2259 2261/2261 2263/2263
f 2263/2263 2261/2261 2264/2264
f 2264/2264 2265/2265 2263/2263
f 2265/2265 2266/2266 2263/2263
f 2267/2267 2258/2258 2268/2268
f 2258/2258 2262/2262 2268/2268
f 2263/2263 2266/2266 2262/2262
f 2266/2266 2269/2269 2262/2262
f 2262/2262 2269/2269 2268/2268
f 2269/2269 2270/2270 2268/2268
f 2271/2271 2272/2272 2273/2273
f 2272/2272 2274/2274 2273/2273
f 2275/2275 2276/2276 2277/2277
f 2276/2276 2278/2278 2277/2277
f 2279/2279 2280/2280 1731/1731
f 2280/2280 2281/2281 1731/1731
f 2282/2282 2283/2283 2284/2284
f 2283/2283 2285/2285 2284/2284
f 2286/2286 2287/2287 2282/2282
f 2287/2287 2283/2283 2282/2282
f 2288/2288 2289/2289 2290/2290
f 2289/2289 2291/2291 2290/2290
f 2292/2292 2293/2293 2230/2230
f 2293/2293 2224/2224 2230/2230
f 2294/2294 2295/2295 2296/2296
f 2295/2295 2297/2297 2296/2296
f 2241/2241 2239/2239 2244/2244
f 2239/2239 2298/2298 2244/2244
f 2299/2299 2300/2300 2301/2301
f 2300/2300 2302/2302 2301/2301
f 2228/2228 2303/2303 2229/2229
f 2303/2303 2304/2304 2229/2229
f 2303/2303 2305/2305 2304/2304
f 2305/2305 2306/2306 2304/2304
f 2305/2305 2230/2230 2306/2306
f 2230/2230 2231/2231 2306/2306
f 2232/2232 2229/2229 2307/2307
f 2229/2229 2304/2304 2307/2307
f 2307/2307 2304/2304 2308/2308
f 2304/2304 2306/2306 2308/2308
f 2308/2308 2306/2306 2235/2235
f 2306/2306 2231/2231 2235/2235
f 1734/1734 2275/2275 1732/1732
f 2275/2275 2309/2309 1732/1732
f 2310/2310 2276/2276 1734/1734
f 2276/2276 2275/2275 1734/1734
f 2311/2311 2312/2312 2303/2303
f 2312/2312 2305/2305 2303/2303
f 2313/2313 2314/2314 2315/2315
f 2314/2314 2316/2316 2315/2315
f 2317/2317 2318/2318 2319/2319
f 2318/2318 2320/2320 2319/2319
f 2321/2321 2322/2322 1907/1907
f 2322/2322 1908/1908 1907/1907
f 2323/2323 2324/2324 2325/2325
f 2324/2324 2326/2326 2325/2325
f 2327/2327 2328/2328 2324/2324
f 2324/2324 2328/2328 2326/2326
f 2328/2328 2329/2329 2326/2326
f 2326/2326 2329/2329 2330/2330
f 2329/2329 2331/2331 2330/2330
f 2331/2331 2332/2332 2330/2330
f 2333/2333 2334/2334 2327/2327
f 2327/2327 2334/2334 2328/2328
f 2334/2334 2335/2335 2328/2328
f 2328/2328 2335/2335 2329/2329
f 2335/2335 2334/2334 2336/2336
f 2334/2334 2337/2337 2336/2336
f 2334/2334 2333/2333 2337/2337
f 2333/2333 2338/2338 2337/2337
f 2339/2339 2340/2340 2341/2341
f 2340/2340 2342/2342 2341/2341
f 2339/2339 2343/2343 2344/2344
f 2343/2343 2345/2345 2344/2344
f 2346/2346 2347/2347 2348/2348
f 2347/2347 2349/2349 2348/2348
f 2350/2350 2351/2351 2346/2346
f 2351/2351 2347/2347 2346/2346
f 2340/2340 2352/2352 2342/2342
f 2352/2352 2353/2353 2342/2342
f 2354/2354 2355/2355 2356/2356
f 2355/2355 2357/2357 2356/2356
f 2356/2356 2357/2357 2358/2358
f 2357/2357 2359/2359 2358/2358
f 2358/2358 2359/2359 2360/2360
f 2359/2359 2361/2361 2360/2360
f 2362/2362 2363/2363 1790/1790
f 2363/2363 1791/1791 1790/1790
f 2360/2360 2361/2361 2364/2364
f 2361/2361 2365/2365 2364/2364
f 2366/2366 2367/2367 2368/2368
f 2367/2367 2369/2369 2368/2368
f 2364/2364 2365/2365 2366/2366
f 2365/2365 2367/2367 2366/2366
f 2313/2313 2352/2352 2370/2370
f 2352/2352 2371/2371 2370/2370
f 2348/2348 2349/2349 2372/2372
f 2349/2349 2336/2336 2372/2372
f 2340/2340 2339/2339 2373/2373
f 2339/2339 2344/2344 2373/2373
f 2292/2292 2312/2312 2374/2374
f 2312/2312 2375/2375 2374/2374
f 2376/2376 2377/2377 2372/2372
f 2377/2377 2319/2319 2372/2372
f 2378/2378 2379/2379 2376/2376
f 2379/2379 2377/2377 2376/2376
f 2319/2319 2377/2377 2317/2317
f 2317/2317 2377/2377 2380/2380
f 2377/2377 2379/2379 2380/2380
f 2380/2380 2379/2379 2381/2381
f 2382/2382 2383/2383 2384/2384
f 2383/2383 2237/2237 2384/2384
f 2385/2385 2386/2386 2387/2387
f 2386/2386 2388/2388 2387/2387
f 2237/2237 2383/2383 2236/2236
f 2383/2383 2389/2389 2236/2236
f 1785/1785 2390/2390 1783/1783
f 2390/2390 2391/2391 1783/1783
f 2392/2392 2393/2393 2394/2394
f 2393/2393 2395/2395 2394/2394
f 2396/2396 2397/2397 2392/2392
f 2397/2397 2393/2393 2392/2392
f 2394/2394 2395/2395 2398/2398
f 2395/2395 2399/2399 2398/2398
f 2311/2311 2400/2400 2401/2401
f 2400/2400 2402/2402 2401/2401
f 2403/2403 2404/2404 2374/2374
f 2404/2404 2405/2405 2374/2374
f 2406/2406 2407/2407 2404/2404
f 2407/2407 2405/2405 2404/2404
f 2252/2252 2253/2253 2408/2408
f 2253/2253 2409/2409 2408/2408
f 2293/2293 2410/2410 2224/2224
f 2410/2410 2225/2225 2224/2224
f 2293/2293 2292/2292 2405/2405
f 2292/2292 2374/2374 2405/2405
f 2400/2400 2311/2311 2228/2228
f 2311/2311 2303/2303 2228/2228
f 2312/2312 2311/2311 2375/2375
f 2311/2311 2401/2401 2375/2375
f 2375/2375 2411/2411 2374/2374
f 2411/2411 2403/2403 2374/2374
f 2410/2410 2400/2400 2225/2225
f 2400/2400 2228/2228 2225/2225
f 2412/2412 2413/2413 2414/2414
f 2413/2413 2415/2415 2414/2414
f 2413/2413 2412/2412 2416/2416
f 2412/2412 2417/2417 2416/2416
f 2416/2416 2417/2417 2418/2418
f 2417/2417 2419/2419 2418/2418
f 2414/2414 2415/2415 2420/2420
f 2415/2415 2421/2421 2420/2420
f 2420/2420 2421/2421 2422/2422
f 2421/2421 2423/2423 2422/2422
f 2422/2422 2423/2423 2419/2419
f 2423/2423 2418/2418 2419/2419
f 1782/1782 1781/1781 2424/2424
f 1781/1781 2425/2425 2424/2424
f 2426/2426 1782/1782 2427/2427
f 1782/1782 2424/2424 2427/2427
f 1780/1780 1795/1795 1778/1778
f 1795/1795 1797/1797 1778/1778
f 1795/1795 1780/1780 2428/2428
f 1780/1780 2429/2429 2428/2428
f 2428/2428 2429/2429 1902/1902
f 2429/2429 1886/1886 1902/1902
f 1902/1902 1886/1886 1903/1903
f 1886/1886 1885/1885 1903/1903
f 1796/1796 1795/1795 2430/2430
f 1795/1795 2428/2428 2430/2430
f 2430/2430 2428/2428 1901/1901
f 2428/2428 1902/1902 1901/1901
f 1804/1804 2431/2431 1805/1805
f 2431/2431 2432/2432 1805/1805
f 2433/2433 2432/2432 2434/2434
f 2432/2432 2431/2431 2434/2434
f 1735/1735 1750/1750 2433/2433
f 1750/1750 2432/2432 2433/2433
f 2433/2433 2434/2434 2435/2435
f 2434/2434 2436/2436 2435/2435
f 2436/2436 2437/2437 2435/2435
f 2435/2435 2437/2437 2438/2438
f 2439/2439 2440/2440 2441/2441
f 2440/2440 2442/2442 2441/2441
f 2443/2443 2444/2444 2445/2445
f 2444/2444 2446/2446 2445/2445
f 2439/2439 2447/2447 2440/2440
f 2447/2447 2448/2448 2440/2440
f 1805/1805 2432/2432 1752/1752
f 2432/2432 1750/1750 1752/1752
f 1808/1808 2449/2449 1810/1810
f 2449/2449 2450/2450 1810/1810
f 2451/2451 2452/2452 2453/2453
f 2452/2452 2454/2454 2453/2453
f 2440/2440 2448/2448 2449/2449
f 2448/2448 2455/2455 2449/2449
f 2438/2438 2456/2456 2435/2435
f 2456/2456 2457/2457 2435/2435
f 2457/2457 2456/2456 1813/1813
f 2456/2456 1814/1814 1813/1813
f 2458/2458 2459/2459 1813/1813
f 2459/2459 2457/2457 1813/1813
f 2452/2452 2460/2460 2454/2454
f 2460/2460 2461/2461 2454/2454
f 2451/2451 1810/1810 2452/2452
f 1810/1810 2450/2450 2452/2452
f 1808/1808 2442/2442 2449/2449
f 2442/2442 2440/2440 2449/2449
f 1812/1812 1809/1809 1810/1810
f 1809/1809 1808/1808 1810/1810
f 1807/1807 1809/1809 2462/2462
f 1809/1809 2463/2463 2462/2462
f 1809/1809 1812/1812 2463/2463
f 1812/1812 2464/2464 2463/2463
f 1815/1815 1806/1806 1813/1813
f 1806/1806 1805/1805 1813/1813
f 2465/2465 2466/2466 2445/2445
f 2466/2466 2443/2443 2445/2445
f 2467/2467 2468/2468 2469/2469
f 2468/2468 2470/2470 2469/2469
f 2471/2471 2472/2472 2467/2467
f 2472/2472 2468/2468 2467/2467
f 2473/2473 2474/2474 2471/2471
f 2474/2474 2472/2472 2471/2471
f 2475/2475 2476/2476 2473/2473
f 2476/2476 2474/2474 2473/2473
f 2469/2469 2470/2470 2477/2477
f 2470/2470 2478/2478 2477/2477
f 2468/2468 2444/2444 2470/2470
f 2444/2444 2443/2443 2470/2470
f 2472/2472 2446/2446 2468/2468
f 2446/2446 2444/2444 2468/2468
f 2474/2474 2445/2445 2472/2472
f 2445/2445 2446/2446 2472/2472
f 2476/2476 2465/2465 2474/2474
f 2465/2465 2445/2445 2474/2474
f 2436/2436 2479/2479 2437/2437
f 2479/2479 2480/2480 2437/2437
f 2470/2470 2443/2443 2478/2478
f 2443/2443 2466/2466 2478/2478
f 2352/2352 2340/2340 2371/2371
f 2340/2340 2373/2373 2371/2371
f 2481/2481 2482/2482 2483/2483
f 2482/2482 2484/2484 2483/2483
f 2485/2485 2486/2486 2487/2487
f 2486/2486 2488/2488 2487/2487
f 2238/2238 1786/1786 2240/2240
f 1786/1786 1784/1784 2240/2240
f 1835/1835 2489/2489 1836/1836
f 2489/2489 2490/2490 1836/1836
f 1840/1840 1838/1838 1836/1836
f 1838/1838 1833/1833 1836/1836
f 2491/2491 2007/2007 2492/2492
f 2007/2007 2006/2006 2492/2492
f 2006/2006 2490/2490 2492/2492
f 2492/2492 2490/2490 2489/2489
f 2493/2493 2008/2008 2494/2494
f 2008/2008 2007/2007 2494/2494
f 2494/2494 2007/2007 2495/2495
f 2007/2007 2496/2496 2495/2495
f 2497/2497 2498/2498 2499/2499
f 2498/2498 2500/2500 2499/2499
f 2499/2499 2500/2500 2501/2501
f 2501/2501 2500/2500 2196/2196
f 2196/2196 2500/2500 2197/2197
f 2500/2500 2498/2498 2197/2197
f 2197/2197 2498/2498 2204/2204
f 2204/2204 2498/2498 2205/2205
f 2498/2498 2496/2496 2205/2205
f 2205/2205 2496/2496 2502/2502
f 2502/2502 2496/2496 2503/2503
f 2496/2496 2007/2007 2503/2503
f 2503/2503 2007/2007 2491/2491
f 2495/2495 2496/2496 2497/2497
f 2496/2496 2498/2498 2497/2497
f 2504/2504 2505/2505 2506/2506
f 2505/2505 2507/2507 2506/2506
f 2483/2483 2484/2484 2508/2508
f 2484/2484 2509/2509 2508/2508
f 1766/1766 1765/1765 1772/1772
f 1765/1765 2510/2510 1772/1772
f 1818/1818 1817/1817 2511/2511
f 1817/1817 2512/2512 2511/2511
f 2513/2513 2485/2485 2514/2514
f 2485/2485 2487/2487 2514/2514
f 2485/2485 2513/2513 2515/2515
f 2513/2513 2516/2516 2515/2515
f 2517/2517 2518/2518 2505/2505
f 2518/2518 2507/2507 2505/2505
f 2519/2519 2520/2520 2504/2504
f 2520/2520 2505/2505 2504/2504
f 2520/2520 2519/2519 2521/2521
f 2519/2519 2522/2522 2521/2521
f 1688/1688 2523/2523 1680/1680
f 2523/2523 2524/2524 1680/1680
f 2525/2525 2526/2526 2527/2527
f 2526/2526 2528/2528 2527/2527
f 2513/2513 2526/2526 2516/2516
f 2526/2526 2529/2529 2516/2516
f 2486/2486 2530/2530 2488/2488
f 2530/2530 2531/2531 2488/2488
f 2486/2486 2485/2485 2482/2482
f 2485/2485 2515/2515 2482/2482
f 2515/2515 2516/2516 2532/2532
f 2516/2516 2533/2533 2532/2532
f 2482/2482 2515/2515 2484/2484
f 2515/2515 2532/2532 2484/2484
f 2526/2526 2525/2525 2529/2529
f 2525/2525 2534/2534 2529/2529
f 2516/2516 2529/2529 2533/2533
f 2529/2529 2535/2535 2533/2533
f 2530/2530 2486/2486 2481/2481
f 2486/2486 2482/2482 2481/2481
f 2530/2530 2525/2525 2531/2531
f 2525/2525 2527/2527 2531/2531
f 2525/2525 2530/2530 2534/2534
f 2530/2530 2481/2481 2534/2534
f 2533/2533 2535/2535 2536/2536
f 2535/2535 2537/2537 2536/2536
f 2529/2529 2534/2534 2535/2535
f 2534/2534 2538/2538 2535/2535
f 2534/2534 2481/2481 2538/2538
f 2481/2481 2483/2483 2538/2538
f 2539/2539 2540/2540 2541/2541
f 2540/2540 2542/2542 2541/2541
f 2540/2540 2543/2543 2542/2542
f 2543/2543 2544/2544 2542/2542
f 2543/2543 2545/2545 2544/2544
f 2545/2545 2546/2546 2544/2544
f 2546/2546 2547/2547 2544/2544
f 2547/2547 2548/2548 2544/2544
f 2544/2544 2548/2548 2542/2542
f 2548/2548 2549/2549 2542/2542
f 2542/2542 2549/2549 2541/2541
f 2549/2549 2550/2550 2541/2541
f 2551/2551 2539/2539 2552/2552
f 2539/2539 2541/2541 2552/2552
f 2553/2553 2551/2551 2554/2554
f 2551/2551 2552/2552 2554/2554
f 2545/2545 2553/2553 2546/2546
f 2553/2553 2554/2554 2546/2546
f 2547/2547 2546/2546 2555/2555
f 2546/2546 2554/2554 2555/2555
f 2555/2555 2554/2554 2556/2556
f 2554/2554 2552/2552 2556/2556
f 2556/2556 2552/2552 2550/2550
f 2552/2552 2541/2541 2550/2550
f 2506/2506 2507/2507 2557/2557
f 2507/2507 2558/2558 2557/2557
f 2558/2558 2559/2559 2557/2557
f 2559/2559 2560/2560 2557/2557
f 2561/2561 2562/2562 2551/2551
f 2562/2562 2539/2539 2551/2551
f 2563/2563 2564/2564 2506/2506
f 2564/2564 2504/2504 2506/2506
f 2565/2565 2566/2566 2540/2540
f 2566/2566 2543/2543 2540/2540
f 2565/2565 2562/2562 2522/2522
f 2562/2562 2560/2560 2522/2522
f 2564/2564 2566/2566 2504/2504
f 2566/2566 2519/2519 2504/2504
f 2562/2562 2565/2565 2539/2539
f 2565/2565 2540/2540 2539/2539
f 1792/1792 1817/1817 2567/2567
f 1817/1817 1816/1816 2567/2567
f 2561/2561 2563/2563 2557/2557
f 2563/2563 2506/2506 2557/2557
f 2398/2398 2399/2399 2568/2568
f 2399/2399 2569/2569 2568/2568
f 2563/2563 2561/2561 2553/2553
f 2561/2561 2551/2551 2553/2553
f 2562/2562 2561/2561 2560/2560
f 2561/2561 2557/2557 2560/2560
f 2566/2566 2564/2564 2543/2543
f 2564/2564 2545/2545 2543/2543
f 2566/2566 2565/2565 2519/2519
f 2565/2565 2522/2522 2519/2519
f 2521/2521 2522/2522 2559/2559
f 2522/2522 2560/2560 2559/2559
f 2564/2564 2563/2563 2545/2545
f 2563/2563 2553/2553 2545/2545
f 2570/2570 2571/2571 2572/2572
f 2571/2571 2573/2573 2572/2572
f 2574/2574 2488/2488 2517/2517
f 2488/2488 2531/2531 2517/2517
f 2488/2488 2574/2574 2487/2487
f 2574/2574 2575/2575 2487/2487
f 2487/2487 2575/2575 2514/2514
f 2575/2575 2576/2576 2514/2514
f 2517/2517 2531/2531 2518/2518
f 2531/2531 2527/2527 2518/2518
f 2518/2518 2527/2527 2577/2577
f 2527/2527 2528/2528 2577/2577
f 2577/2577 2528/2528 2576/2576
f 2528/2528 2514/2514 2576/2576
f 2578/2578 2579/2579 2580/2580
f 2579/2579 2581/2581 2580/2580
f 2582/2582 2579/2579 2583/2583
f 2579/2579 2584/2584 2583/2583
f 2579/2579 2582/2582 2581/2581
f 2582/2582 2585/2585 2581/2581
f 2586/2586 2587/2587 2588/2588
f 2587/2587 2589/2589 2588/2588
f 2578/2578 2590/2590 2591/2591
f 2590/2590 2592/2592 2591/2591
f 2588/2588 2593/2593 2592/2592
f 2593/2593 2594/2594 2592/2592
f 2589/2589 2595/2595 2588/2588
f 2595/2595 2593/2593 2588/2588
f 2584/2584 2596/2596 2583/2583
f 2596/2596 2597/2597 2583/2583
f 2596/2596 2584/2584 2598/2598
f 2584/2584 2591/2591 2598/2598
f 2594/2594 2598/2598 2592/2592
f 2598/2598 2591/2591 2592/2592
f 2599/2599 2600/2600 2593/2593
f 2600/2600 2594/2594 2593/2593
f 2593/2593 2595/2595 2599/2599
f 2599/2599 2595/2595 2601/2601
f 2595/2595 2597/2597 2601/2601
f 2601/2601 2597/2597 2602/2602
f 2603/2603 2604/2604 2605/2605
f 2604/2604 2606/2606 2605/2605
f 2607/2607 2603/2603 2608/2608
f 2603/2603 2605/2605 2608/2608
f 2609/2609 2610/2610 2604/2604
f 2610/2610 2611/2611 2604/2604
f 2610/2610 2612/2612 2611/2611
f 2612/2612 2613/2613 2611/2611
f 2612/2612 2614/2614 2613/2613
f 2614/2614 2615/2615 2613/2613
f 2616/2616 2609/2609 2603/2603
f 2609/2609 2604/2604 2603/2603
f 2617/2617 2616/2616 2607/2607
f 2616/2616 2603/2603 2607/2607
f 2614/2614 2617/2617 2615/2615
f 2617/2617 2607/2607 2615/2615
f 2615/2615 2607/2607 2618/2618
f 2607/2607 2608/2608 2618/2618
f 2619/2619 2620/2620 2570/2570
f 2620/2620 2571/2571 2570/2570
f 2621/2621 2622/2622 2623/2623
f 2622/2622 2624/2624 2623/2623
f 2625/2625 2621/2621 2626/2626
f 2621/2621 2623/2623 2626/2626
f 2624/2624 2627/2627 2623/2623
f 2627/2627 2628/2628 2623/2623
f 2629/2629 2630/2630 2631/2631
f 2630/2630 2632/2632 2631/2631
f 2633/2633 2626/2626 2628/2628
f 2626/2626 2623/2623 2628/2628
f 2631/2631 2632/2632 2624/2624
f 2632/2632 2627/2627 2624/2624
f 2634/2634 2635/2635 2636/2636
f 2635/2635 2637/2637 2636/2636
f 2638/2638 2639/2639 2627/2627
f 2639/2639 2628/2628 2627/2627
f 2640/2640 2641/2641 2642/2642
f 2641/2641 2643/2643 2642/2642
f 2644/2644 2645/2645 2629/2629
f 2645/2645 2630/2630 2629/2629
f 2646/2646 2647/2647 2630/2630
f 2647/2647 2632/2632 2630/2630
f 2626/2626 2633/2633 2644/2644
f 2633/2633 2645/2645 2644/2644
f 2639/2639 2648/2648 2628/2628
f 2648/2648 2633/2633 2628/2628
f 2647/2647 2638/2638 2632/2632
f 2638/2638 2627/2627 2632/2632
f 2639/2639 2638/2638 2649/2649
f 2638/2638 2650/2650 2649/2649
f 2636/2636 2637/2637 2651/2651
f 2637/2637 2652/2652 2651/2651
f 2653/2653 2646/2646 2645/2645
f 2646/2646 2630/2630 2645/2645
f 2647/2647 2646/2646 2654/2654
f 2646/2646 2655/2655 2654/2654
f 2648/2648 2653/2653 2633/2633
f 2653/2653 2645/2645 2633/2633
f 2648/2648 2639/2639 2656/2656
f 2639/2639 2649/2649 2656/2656
f 2618/2618 2649/2649 2657/2657
f 2649/2649 2650/2650 2657/2657
f 1868/1868 2658/2658 2652/2652
f 2658/2658 2651/2651 2652/2652
f 2659/2659 1792/1792 1739/1739
f 1792/1792 2567/2567 1739/1739
f 1739/1739 1738/1738 2659/2659
f 1738/1738 2660/2660 2659/2659
f 2661/2661 2662/2662 2663/2663
f 2662/2662 2664/2664 2663/2663
f 2663/2663 2664/2664 2660/2660
f 2664/2664 2665/2665 2660/2660
f 2665/2665 2666/2666 2660/2660
f 2660/2660 2666/2666 2659/2659
f 2666/2666 1793/1793 2659/2659
f 2659/2659 1793/1793 1792/1792
f 1724/1724 1723/1723 2667/2667
f 1723/1723 2668/2668 2667/2667
f 2668/2668 2661/2661 2667/2667
f 2667/2667 2661/2661 2663/2663
f 2637/2637 2669/2669 2652/2652
f 2669/2669 2670/2670 2652/2652
f 2671/2671 2672/2672 2669/2669
f 2672/2672 2673/2673 2669/2669
f 1695/1695 1698/1698 2523/2523
f 1698/1698 1706/1706 2523/2523
f 2572/2572 2573/2573 2674/2674
f 2573/2573 2675/2675 2674/2674
f 1792/1792 1724/1724 1817/1817
f 1724/1724 2512/2512 1817/1817
f 2676/2676 2677/2677 2678/2678
f 2677/2677 2679/2679 2678/2678
f 2680/2680 2681/2681 2619/2619
f 2681/2681 2620/2620 2619/2619
f 2682/2682 2341/2341 2683/2683
f 2341/2341 2342/2342 2683/2683
f 2343/2343 2314/2314 2345/2345
f 2314/2314 2684/2684 2345/2345
f 2685/2685 2686/2686 2687/2687
f 2686/2686 2688/2688 2687/2687
f 2689/2689 2690/2690 2691/2691
f 2690/2690 2692/2692 2691/2691
f 2693/2693 2694/2694 2695/2695
f 2694/2694 2641/2641 2695/2695
f 2674/2674 2675/2675 2680/2680
f 2675/2675 2681/2681 2680/2680
f 2638/2638 2647/2647 2650/2650
f 2647/2647 2654/2654 2650/2650
f 2696/2696 2332/2332 2697/2697
f 2332/2332 2698/2698 2697/2697
f 2324/2324 2323/2323 2699/2699
f 2323/2323 2700/2700 2699/2699
f 2699/2699 2700/2700 2698/2698
f 2700/2700 2697/2697 2698/2698
f 2331/2331 2701/2701 2332/2332
f 2332/2332 2701/2701 2698/2698
f 2701/2701 2702/2702 2698/2698
f 2698/2698 2702/2702 2699/2699
f 2702/2702 2327/2327 2699/2699
f 2327/2327 2324/2324 2699/2699
f 2703/2703 2704/2704 2331/2331
f 2331/2331 2704/2704 2701/2701
f 2704/2704 2705/2705 2701/2701
f 2701/2701 2705/2705 2702/2702
f 2705/2705 2704/2704 2351/2351
f 2704/2704 2347/2347 2351/2351
f 2687/2687 2688/2688 2706/2706
f 2688/2688 2707/2707 2706/2706
f 2708/2708 1893/1893 1878/1878
f 1893/1893 1876/1876 1878/1878
f 2709/2709 2710/2710 2711/2711
f 2710/2710 2712/2712 2711/2711
f 2713/2713 2714/2714 2715/2715
f 2714/2714 2716/2716 2715/2715
f 2715/2715 2716/2716 2717/2717
f 2716/2716 2718/2718 2717/2717
f 1876/1876 1893/1893 2719/2719
f 1893/1893 1891/1891 2719/2719
f 1802/1802 2720/2720 2721/2721
f 2721/2721 2720/2720 2722/2722
f 2720/2720 1876/1876 2722/2722
f 2722/2722 1876/1876 2719/2719
f 1802/1802 1801/1801 2720/2720
f 1801/1801 2723/2723 2720/2720
f 2720/2720 2723/2723 1876/1876
f 2723/2723 1877/1877 1876/1876
f 1733/1733 1802/1802 1729/1729
f 1802/1802 2721/2721 1729/1729
f 1801/1801 1800/1800 2723/2723
f 1800/1800 2724/2724 2723/2723
f 2723/2723 2724/2724 1877/1877
f 2724/2724 1900/1900 1877/1877
f 1800/1800 1799/1799 2724/2724
f 1799/1799 2430/2430 2724/2724
f 2724/2724 2430/2430 1900/1900
f 2430/2430 1898/1898 1900/1900
f 2704/2704 2703/2703 2347/2347
f 2703/2703 2349/2349 2347/2347
f 2372/2372 2336/2336 2376/2376
f 2336/2336 2337/2337 2376/2376
f 2376/2376 2337/2337 2378/2378
f 2337/2337 2338/2338 2378/2378
f 2725/2725 2315/2315 2726/2726
f 2315/2315 2316/2316 2726/2726
f 2727/2727 2684/2684 2728/2728
f 2684/2684 2370/2370 2728/2728
f 2728/2728 2370/2370 2729/2729
f 2370/2370 2371/2371 2729/2729
f 2729/2729 2371/2371 2730/2730
f 2371/2371 2373/2373 2730/2730
f 2731/2731 2732/2732 2733/2733
f 2732/2732 2734/2734 2733/2733
f 2735/2735 2736/2736 2714/2714
f 2736/2736 2737/2737 2714/2714
f 2730/2730 2373/2373 2738/2738
f 2373/2373 2344/2344 2738/2738
f 2676/2676 2739/2739 2677/2677
f 2739/2739 2740/2740 2677/2677
f 2741/2741 2689/2689 2742/2742
f 2689/2689 2691/2691 2742/2742
f 1888/1888 1887/1887 2743/2743
f 1887/1887 2744/2744 2743/2743
f 2743/2743 2745/2745 1888/1888
f 2745/2745 2746/2746 1888/1888
f 1888/1888 2746/2746 1773/1773
f 1775/1775 2747/2747 1726/1726
f 1726/1726 2747/2747 2748/2748
f 2748/2748 2747/2747 2749/2749
f 2747/2747 2750/2750 2749/2749
f 2749/2749 2750/2750 2751/2751
f 2750/2750 2752/2752 2751/2751
f 2751/2751 2752/2752 2745/2745
f 2752/2752 2753/2753 2745/2745
f 2745/2745 2753/2753 2746/2746
f 1727/1727 1726/1726 2754/2754
f 1726/1726 2748/2748 2754/2754
f 2755/2755 2756/2756 2757/2757
f 2756/2756 2758/2758 2757/2757
f 1892/1892 2759/2759 1890/1890
f 2759/2759 2760/2760 1890/1890
f 2761/2761 2762/2762 2755/2755
f 2762/2762 2756/2756 2755/2755
f 1892/1892 1891/1891 1895/1895
f 1891/1891 1893/1893 1895/1895
f 2763/2763 2764/2764 2765/2765
f 2764/2764 2766/2766 2765/2765
f 2767/2767 2768/2768 2761/2761
f 2768/2768 2762/2762 2761/2761
f 2769/2769 2719/2719 2770/2770
f 2719/2719 1891/1891 2770/2770
f 2771/2771 2772/2772 2767/2767
f 2772/2772 2768/2768 2767/2767
f 2690/2690 2773/2773 2692/2692
f 2773/2773 2713/2713 2692/2692
f 2774/2774 2775/2775 2776/2776
f 2775/2775 2777/2777 2776/2776
f 2567/2567 2778/2778 1743/1743
f 2778/2778 1754/1754 1743/1743
f 1874/1874 1875/1875 2779/2779
f 1875/1875 2780/2780 2779/2779
f 2781/2781 1870/1870 2782/2782
f 1870/1870 2670/2670 2782/2782
f 2669/2669 2673/2673 2670/2670
f 2673/2673 2782/2782 2670/2670
f 2652/2652 2670/2670 1868/1868
f 2670/2670 1870/1870 1868/1868
f 2783/2783 2784/2784 2785/2785
f 2784/2784 2602/2602 2785/2785
f 2786/2786 2783/2783 2787/2787
f 2783/2783 2785/2785 2787/2787
f 2788/2788 2786/2786 2600/2600
f 2786/2786 2787/2787 2600/2600
f 1870/1870 2781/2781 1869/1869
f 2781/2781 1873/1873 1869/1869
f 2789/2789 2667/2667 2790/2790
f 2667/2667 2663/2663 2790/2790
f 2791/2791 2792/2792 2643/2643
f 2792/2792 2793/2793 2643/2643
f 2794/2794 2512/2512 2795/2795
f 2512/2512 1724/1724 2795/2795
f 2796/2796 2797/2797 2798/2798
f 2797/2797 2799/2799 2798/2798
f 2734/2734 2742/2742 2685/2685
f 2742/2742 2686/2686 2685/2685
f 2800/2800 2255/2255 2267/2267
f 2255/2255 2258/2258 2267/2267
f 2801/2801 2802/2802 2803/2803
f 2802/2802 2804/2804 2803/2803
f 2805/2805 2686/2686 2691/2691
f 2686/2686 2742/2742 2691/2691
f 2718/2718 2707/2707 2806/2806
f 2707/2707 2688/2688 2806/2806
f 2806/2806 2688/2688 2805/2805
f 2688/2688 2686/2686 2805/2805
f 2717/2717 2718/2718 2807/2807
f 2718/2718 2806/2806 2807/2807
f 2718/2718 2716/2716 2707/2707
f 2707/2707 2716/2716 2808/2808
f 2716/2716 2714/2714 2808/2808
f 2808/2808 2714/2714 2737/2737
f 2809/2809 2685/2685 2706/2706
f 2685/2685 2687/2687 2706/2706
f 2685/2685 2809/2809 2734/2734
f 2809/2809 2733/2733 2734/2734
f 2810/2810 2811/2811 2812/2812
f 2811/2811 2813/2813 2812/2812
f 2717/2717 2807/2807 2715/2715
f 2807/2807 2814/2814 2715/2715
f 1881/1881 2815/2815 1879/1879
f 2815/2815 2816/2816 1879/1879
f 2692/2692 2713/2713 2814/2814
f 2713/2713 2715/2715 2814/2814
f 2809/2809 2808/2808 2733/2733
f 2808/2808 2737/2737 2733/2733
f 2808/2808 2809/2809 2707/2707
f 2809/2809 2706/2706 2707/2707
f 2691/2691 2692/2692 2805/2805
f 2692/2692 2814/2814 2805/2805
f 2805/2805 2814/2814 2806/2806
f 2814/2814 2807/2807 2806/2806
f 2736/2736 2731/2731 2737/2737
f 2731/2731 2733/2733 2737/2737
f 2732/2732 2741/2741 2734/2734
f 2741/2741 2742/2742 2734/2734
f 2773/2773 2735/2735 2713/2713
f 2735/2735 2714/2714 2713/2713
f 2817/2817 2818/2818 2819/2819
f 2818/2818 2820/2820 2819/2819
f 2819/2819 2820/2820 2821/2821
f 2820/2820 2822/2822 2821/2821
f 2822/2822 2823/2823 2821/2821
f 2823/2823 2257/2257 2821/2821
f 2284/2284 2285/2285 2824/2824
f 2285/2285 2825/2825 2824/2824
f 2384/2384 2237/2237 2826/2826
f 2237/2237 2238/2238 2826/2826
f 2261/2261 2827/2827 2264/2264
f 2827/2827 2828/2828 2264/2264
f 2827/2827 2829/2829 2828/2828
f 2828/2828 2829/2829 2830/2830
f 2829/2829 2267/2267 2830/2830
f 2830/2830 2267/2267 2268/2268
f 2268/2268 2270/2270 2830/2830
f 2270/2270 2831/2831 2830/2830
f 2265/2265 2264/2264 2832/2832
f 2264/2264 2828/2828 2832/2832
f 2832/2832 2828/2828 2831/2831
f 2828/2828 2830/2830 2831/2831
f 2833/2833 2834/2834 2827/2827
f 2827/2827 2834/2834 2829/2829
f 2834/2834 2800/2800 2829/2829
f 2829/2829 2800/2800 2267/2267
f 2834/2834 2833/2833 2819/2819
f 2833/2833 2817/2817 2819/2819
f 2800/2800 2834/2834 2821/2821
f 2834/2834 2819/2819 2821/2821
f 2835/2835 2823/2823 2836/2836
f 2823/2823 2822/2822 2836/2836
f 2837/2837 2838/2838 2755/2755
f 2838/2838 2761/2761 2755/2755
f 2839/2839 2820/2820 2840/2840
f 2820/2820 2818/2818 2840/2840
f 2836/2836 2822/2822 2839/2839
f 2822/2822 2820/2820 2839/2839
f 2836/2836 2839/2839 2841/2841
f 2841/2841 2839/2839 2842/2842
f 2839/2839 2840/2840 2842/2842
f 2842/2842 2840/2840 2710/2710
f 2843/2843 2837/2837 2757/2757
f 2837/2837 2755/2755 2757/2757
f 2844/2844 2845/2845 2817/2817
f 2845/2845 2818/2818 2817/2817
f 2838/2838 2846/2846 2761/2761
f 2846/2846 2767/2767 2761/2761
f 2838/2838 2837/2837 2847/2847
f 2837/2837 2848/2848 2847/2847
f 2256/2256 2849/2849 2844/2844
f 2849/2849 2845/2845 2844/2844
f 2257/2257 2823/2823 2256/2256
f 2823/2823 2849/2849 2256/2256
f 2850/2850 2843/2843 2851/2851
f 2843/2843 2757/2757 2851/2851
f 2837/2837 2843/2843 2848/2848
f 2843/2843 2852/2852 2848/2848
f 2846/2846 2853/2853 2767/2767
f 2853/2853 2771/2771 2767/2767
f 2854/2854 2855/2855 2856/2856
f 2855/2855 2857/2857 2856/2856
f 2858/2858 2859/2859 2860/2860
f 2859/2859 2861/2861 2860/2860
f 2862/2862 2763/2763 2863/2863
f 2763/2763 2765/2765 2863/2863
f 2864/2864 2759/2759 1904/1904
f 2759/2759 1892/1892 1904/1904
f 2865/2865 2866/2866 2858/2858
f 2866/2866 2859/2859 2858/2858
f 2846/2846 2838/2838 2774/2774
f 2838/2838 2847/2847 2774/2774
f 2853/2853 2850/2850 2771/2771
f 2850/2850 2851/2851 2771/2771
f 2843/2843 2850/2850 2852/2852
f 2850/2850 2867/2867 2852/2852
f 2850/2850 2853/2853 2867/2867
f 2853/2853 2776/2776 2867/2867
f 2738/2738 2344/2344 2868/2868
f 2344/2344 2345/2345 2868/2868
f 2712/2712 2710/2710 2869/2869
f 2710/2710 2840/2840 2869/2869
f 2853/2853 2846/2846 2776/2776
f 2846/2846 2774/2774 2776/2776
f 2869/2869 2845/2845 2870/2870
f 2845/2845 2849/2849 2870/2870
f 2870/2870 2849/2849 2835/2835
f 2849/2849 2823/2823 2835/2835
f 2869/2869 2870/2870 2712/2712
f 2712/2712 2870/2870 2871/2871
f 2870/2870 2835/2835 2871/2871
f 2871/2871 2835/2835 2872/2872
f 2255/2255 2800/2800 2257/2257
f 2800/2800 2821/2821 2257/2257
f 2873/2873 2874/2874 2875/2875
f 2874/2874 2876/2876 2875/2875
f 2824/2824 2825/2825 2286/2286
f 2825/2825 2287/2287 2286/2286
f 2763/2763 1895/1895 2764/2764
f 1895/1895 1894/1894 2764/2764
f 2862/2862 2877/2877 2763/2763
f 2877/2877 1895/1895 2763/2763
f 2878/2878 2879/2879 2880/2880
f 2879/2879 2881/2881 2880/2880
f 2882/2882 2725/2725 2381/2381
f 2725/2725 2726/2726 2381/2381
f 2260/2260 2254/2254 2844/2844
f 2254/2254 2256/2256 2844/2844
f 2317/2317 2682/2682 2318/2318
f 2682/2682 2683/2683 2318/2318
f 2350/2350 2378/2378 2351/2351
f 2378/2378 2338/2338 2351/2351
f 2840/2840 2818/2818 2869/2869
f 2818/2818 2845/2845 2869/2869
f 2841/2841 2872/2872 2836/2836
f 2872/2872 2835/2835 2836/2836
f 2833/2833 2260/2260 2817/2817
f 2260/2260 2844/2844 2817/2817
f 2260/2260 2833/2833 2261/2261
f 2833/2833 2827/2827 2261/2261
f 2852/2852 2709/2709 2848/2848
f 2709/2709 2711/2711 2848/2848
f 2868/2868 2345/2345 2727/2727
f 2345/2345 2684/2684 2727/2727
f 2322/2322 2321/2321 2883/2883
f 2321/2321 2884/2884 2883/2883
f 2883/2883 2884/2884 2810/2810
f 2884/2884 2811/2811 2810/2810
f 1912/1912 1911/1911 2885/2885
f 1911/1911 1910/1910 2885/2885
f 1611/1611 2886/2886 1612/1612
f 2886/2886 1620/1620 1612/1612
f 2887/2887 2888/2888 2889/2889
f 2888/2888 2886/2886 2889/2889
f 2886/2886 1611/1611 2889/2889
f 2889/2889 1611/1611 2890/2890
f 2891/2891 2887/2887 2885/2885
f 2887/2887 2889/2889 2885/2885
f 2889/2889 2890/2890 2885/2885
f 2885/2885 2890/2890 2892/2892
f 2893/2893 2894/2894 2895/2895
f 2894/2894 2896/2896 2895/2895
f 1622/1622 1620/1620 2888/2888
f 1620/1620 2886/2886 2888/2888
f 2586/2586 2590/2590 2897/2897
f 2590/2590 2898/2898 2897/2897
f 2899/2899 2900/2900 2388/2388
f 2900/2900 2901/2901 2388/2388
f 2580/2580 2902/2902 2898/2898
f 2902/2902 2903/2903 2898/2898
f 2582/2582 2587/2587 2585/2585
f 2587/2587 2904/2904 2585/2585
f 1660/1660 2191/2191 1656/1656
f 2191/2191 1657/1657 1656/1656
f 2905/2905 1600/1600 1660/1660
f 1600/1600 2191/2191 1660/1660
f 1977/1977 1601/1601 2905/2905
f 1601/1601 1600/1600 2905/2905
f 2906/2906 2907/2907 2891/2891
f 2907/2907 2887/2887 2891/2891
f 2887/2887 2907/2907 2888/2888
f 2907/2907 2908/2908 2888/2888
f 1653/1653 2909/2909 1655/1655
f 2909/2909 1658/1658 1655/1655
f 2910/2910 1658/1658 2911/2911
f 1658/1658 2909/2909 2911/2911
f 2897/2897 2912/2912 2904/2904
f 2912/2912 2913/2913 2904/2904
f 1760/1760 1761/1761 2914/2914
f 1761/1761 1774/1774 2914/2914
f 1660/1660 1661/1661 2905/2905
f 1661/1661 2915/2915 2905/2905
f 2915/2915 2916/2916 2905/2905
f 2916/2916 1977/1977 2905/2905
f 2916/2916 2917/2917 1977/1977
f 2917/2917 1978/1978 1977/1977
f 2918/2918 2919/2919 2920/2920
f 2919/2919 2917/2917 2920/2920
f 2917/2917 2919/2919 1978/1978
f 2919/2919 1979/1979 1978/1978
f 2919/2919 2921/2921 1979/1979
f 2921/2921 2922/2922 1979/1979
f 2922/2922 2921/2921 2923/2923
f 2921/2921 2924/2924 2923/2923
f 2923/2923 2924/2924 2925/2925
f 2924/2924 2926/2926 2925/2925
f 2925/2925 2926/2926 2927/2927
f 2926/2926 2928/2928 2927/2927
f 2499/2499 2925/2925 2497/2497
f 2925/2925 2927/2927 2497/2497
f 2497/2497 2927/2927 2495/2495
f 2927/2927 2929/2929 2495/2495
f 2495/2495 2929/2929 2494/2494
f 2929/2929 2930/2930 2494/2494
f 2493/2493 2494/2494 2931/2931
f 2494/2494 2930/2930 2931/2931
f 2493/2493 2931/2931 1843/1843
f 2931/2931 2932/2932 1843/1843
f 1843/1843 1844/1844 2493/2493
f 1844/1844 2008/2008 2493/2493
f 2929/2929 2933/2933 2930/2930
f 2930/2930 2933/2933 2934/2934
f 2933/2933 2935/2935 2934/2934
f 2934/2934 2935/2935 2936/2936
f 2937/2937 2936/2936 2938/2938
f 2936/2936 2935/2935 2938/2938
f 2927/2927 2928/2928 2929/2929
f 2928/2928 2933/2933 2929/2929
f 2939/2939 2908/2908 2940/2940
f 2908/2908 2941/2941 2940/2940
f 2942/2942 2943/2943 2939/2939
f 2943/2943 2908/2908 2939/2939
f 2944/2944 1659/1659 2910/2910
f 1659/1659 1658/1658 2910/2910
f 2945/2945 1661/1661 2944/2944
f 1661/1661 1659/1659 2944/2944
f 2915/2915 1661/1661 2946/2946
f 1661/1661 2945/2945 2946/2946
f 2947/2947 2916/2916 2946/2946
f 2916/2916 2915/2915 2946/2946
f 2920/2920 2917/2917 2947/2947
f 2917/2917 2916/2916 2947/2947
f 2948/2948 2921/2921 2918/2918
f 2921/2921 2919/2919 2918/2918
f 2924/2924 2921/2921 2949/2949
f 2921/2921 2948/2948 2949/2949
f 2950/2950 2926/2926 2949/2949
f 2926/2926 2924/2924 2949/2949
f 2951/2951 2928/2928 2950/2950
f 2928/2928 2926/2926 2950/2950
f 2935/2935 2933/2933 2951/2951
f 2933/2933 2928/2928 2951/2951
f 2952/2952 2953/2953 2954/2954
f 2953/2953 2955/2955 2954/2954
f 1853/1853 2955/2955 2956/2956
f 2955/2955 2953/2953 2956/2956
f 2957/2957 2958/2958 2952/2952
f 2958/2958 2953/2953 2952/2952
f 2959/2959 2960/2960 2957/2957
f 2960/2960 2958/2958 2957/2957
f 2940/2940 2961/2961 2962/2962
f 2961/2961 2963/2963 2962/2962
f 2939/2939 2940/2940 2964/2964
f 2940/2940 2962/2962 2964/2964
f 2940/2940 2941/2941 2961/2961
f 2941/2941 2965/2965 2961/2961
f 2966/2966 1662/1662 1712/1712
f 1662/1662 1711/1711 1712/1712
f 1641/1641 2967/2967 1642/1642
f 2967/2967 2968/2968 1642/1642
f 1642/1642 2968/2968 1643/1643
f 2968/2968 2969/2969 1643/1643
f 2969/2969 1649/1649 1643/1643
f 1643/1643 1649/1649 1644/1644
f 2911/2911 2970/2970 2910/2910
f 2970/2970 2971/2971 2910/2910
f 2972/2972 2971/2971 2973/2973
f 2971/2971 2970/2970 2973/2973
f 2944/2944 2974/2974 2945/2945
f 2974/2974 2975/2975 2945/2945
f 2976/2976 2975/2975 2977/2977
f 2975/2975 2974/2974 2977/2977
f 2946/2946 2978/2978 2947/2947
f 2978/2978 2979/2979 2947/2947
f 2947/2947 2979/2979 2920/2920
f 2979/2979 2980/2980 2920/2920
f 2981/2981 2918/2918 2980/2980
f 2918/2918 2920/2920 2980/2980
f 2982/2982 2948/2948 2981/2981
f 2948/2948 2918/2918 2981/2981
f 2982/2982 2983/2983 2948/2948
f 2983/2983 2949/2949 2948/2948
f 2984/2984 2950/2950 2983/2983
f 2950/2950 2949/2949 2983/2983
f 2983/2983 2985/2985 2984/2984
f 2985/2985 2986/2986 2984/2984
f 2938/2938 2935/2935 2987/2987
f 2935/2935 2951/2951 2987/2987
f 2987/2987 2988/2988 2938/2938
f 2988/2988 2989/2989 2938/2938
f 2990/2990 2991/2991 2992/2992
f 2991/2991 2993/2993 2992/2992
f 2992/2992 2993/2993 2994/2994
f 2993/2993 2995/2995 2994/2994
f 2995/2995 2932/2932 2994/2994
f 2994/2994 2932/2932 2931/2931
f 2957/2957 2952/2952 2996/2996
f 2952/2952 2997/2997 2996/2996
f 2959/2959 2957/2957 2998/2998
f 2957/2957 2996/2996 2998/2998
f 2999/2999 2967/2967 1640/1640
f 2967/2967 1641/1641 1640/1640
f 3000/3000 2967/2967 3001/3001
f 2967/2967 2999/2999 3001/3001
f 1651/1651 1649/1649 3002/3002
f 1649/1649 2969/2969 3002/3002
f 2969/2969 2968/2968 3002/3002
f 3002/3002 2968/2968 3003/3003
f 2968/2968 2967/2967 3003/3003
f 3003/3003 2967/2967 3000/3000
f 1651/1651 3002/3002 1653/1653
f 1653/1653 3002/3002 2909/2909
f 3002/3002 3003/3003 2909/2909
f 2909/2909 3003/3003 2911/2911
f 3003/3003 3000/3000 2911/2911
f 3000/3000 2970/2970 2911/2911
f 2975/2975 2978/2978 2945/2945
f 2978/2978 2946/2946 2945/2945
f 3004/3004 2978/2978 2976/2976
f 2978/2978 2975/2975 2976/2976
f 3005/3005 2979/2979 3004/3004
f 2979/2979 2978/2978 3004/3004
f 3006/3006 2980/2980 3005/3005
f 2980/2980 2979/2979 3005/3005
f 2980/2980 3006/3006 2981/2981
f 3006/3006 3007/3007 2981/2981
f 2981/2981 3007/3007 2982/2982
f 3007/3007 3008/3008 2982/2982
f 2982/2982 3008/3008 2983/2983
f 3008/3008 2985/2985 2983/2983
f 2984/2984 2987/2987 2950/2950
f 2987/2987 2951/2951 2950/2950
f 2984/2984 2986/2986 2987/2987
f 2986/2986 2988/2988 2987/2987
f 3009/3009 3010/3010 3011/3011
f 3010/3010 3012/3012 3011/3011
f 2938/2938 2989/2989 2937/2937
f 2989/2989 3013/3013 2937/2937
f 2990/2990 2937/2937 3014/3014
f 2937/2937 3013/3013 3014/3014
f 2931/2931 2930/2930 2994/2994
f 2930/2930 2934/2934 2994/2994
f 2934/2934 2936/2936 2994/2994
f 2994/2994 2936/2936 2992/2992
f 2936/2936 2937/2937 2992/2992
f 2992/2992 2937/2937 2990/2990
f 3015/3015 3016/3016 3017/3017
f 3016/3016 3018/3018 3017/3017
f 3016/3016 3019/3019 3018/3018
f 3019/3019 3020/3020 3018/3018
f 3016/3016 3021/3021 3019/3019
f 3021/3021 3022/3022 3019/3019
f 3023/3023 3024/3024 3025/3025
f 3024/3024 3026/3026 3025/3025
f 3027/3027 3028/3028 3026/3026
f 3028/3028 3025/3025 3026/3026
f 3027/3027 3029/3029 3028/3028
f 3029/3029 3030/3030 3028/3028
f 3029/3029 3031/3031 3030/3030
f 3031/3031 3032/3032 3030/3030
f 3031/3031 1972/1972 3032/3032
f 1972/1972 3033/3033 3032/3032
f 1972/1972 1970/1970 3033/3033
f 1970/1970 3034/3034 3033/3033
f 3035/3035 3036/3036 3037/3037
f 3036/3036 3038/3038 3037/3037
f 2900/2900 3039/3039 2901/2901
f 3039/3039 3040/3040 2901/2901
f 2372/2372 2319/2319 2348/2348
f 2319/2319 2320/2320 2348/2348
f 3041/3041 3042/3042 3043/3043
f 3042/3042 3044/3044 3043/3043
f 3045/3045 3046/3046 3047/3047
f 3046/3046 3048/3048 3047/3047
f 2646/2646 2653/2653 2655/2655
f 2653/2653 3049/3049 2655/2655
f 3050/3050 3051/3051 3052/3052
f 3051/3051 3053/3053 3052/3052
f 3054/3054 3050/3050 3055/3055
f 3050/3050 3052/3052 3055/3055
f 3056/3056 3054/3054 3057/3057
f 3054/3054 3055/3055 3057/3057
f 3056/3056 3057/3057 3058/3058
f 3057/3057 3059/3059 3058/3058
f 3060/3060 3061/3061 3059/3059
f 3061/3061 3058/3058 3059/3059
f 3062/3062 3061/3061 3063/3063
f 3061/3061 3060/3060 3063/3063
f 3064/3064 3062/3062 3065/3065
f 3062/3062 3063/3063 3065/3065
f 1931/1931 3064/3064 3066/3066
f 3064/3064 3065/3065 3066/3066
f 1929/1929 1931/1931 3067/3067
f 1931/1931 3066/3066 3067/3067
f 3068/3068 3064/3064 1930/1930
f 3064/3064 1931/1931 1930/1930
f 3069/3069 3062/3062 3068/3068
f 3062/3062 3064/3064 3068/3068
f 3070/3070 3061/3061 3069/3069
f 3061/3061 3062/3062 3069/3069
f 3071/3071 3058/3058 3070/3070
f 3058/3058 3061/3061 3070/3070
f 3072/3072 3056/3056 3071/3071
f 3056/3056 3058/3058 3071/3071
f 3073/3073 3054/3054 3072/3072
f 3054/3054 3056/3056 3072/3072
f 3074/3074 3050/3050 3073/3073
f 3050/3050 3054/3054 3073/3073
f 3075/3075 3051/3051 3074/3074
f 3051/3051 3050/3050 3074/3074
f 1930/1930 1932/1932 3068/3068
f 1932/1932 3076/3076 3068/3068
f 3068/3068 3076/3076 3069/3069
f 3076/3076 3077/3077 3069/3069
f 3069/3069 3077/3077 3070/3070
f 3077/3077 3078/3078 3070/3070
f 3070/3070 3078/3078 3071/3071
f 3078/3078 3079/3079 3071/3071
f 3071/3071 3079/3079 3072/3072
f 3079/3079 3080/3080 3072/3072
f 1932/1932 1933/1933 3076/3076
f 1933/1933 1937/1937 3076/3076
f 3076/3076 1937/1937 3077/3077
f 1937/1937 1945/1945 3077/3077
f 3077/3077 1945/1945 3078/3078
f 1945/1945 1947/1947 3078/3078
f 3078/3078 1947/1947 3079/3079
f 1947/1947 1950/1950 3079/3079
f 3079/3079 1950/1950 3080/3080
f 1950/1950 1952/1952 3080/3080
f 3080/3080 1952/1952 1962/1962
f 1952/1952 1956/1956 1962/1962
f 2608/2608 2656/2656 2618/2618
f 2656/2656 2649/2649 2618/2618
f 2656/2656 2608/2608 3049/3049
f 2608/2608 2605/2605 3049/3049
f 2605/2605 2606/2606 3049/3049
f 2606/2606 2655/2655 3049/3049
f 1985/1985 3081/3081 1986/1986
f 3081/3081 3082/3082 1986/1986
f 1986/1986 3082/3082 1987/1987
f 3082/3082 3083/3083 1987/1987
f 1987/1987 3083/3083 1988/1988
f 3083/3083 3084/3084 1988/1988
f 1988/1988 3084/3084 1989/1989
f 3084/3084 3085/3085 1989/1989
f 1989/1989 3085/3085 1990/1990
f 3085/3085 1994/1994 1990/1990
f 2901/2901 3040/3040 3086/3086
f 3040/3040 3087/3087 3086/3086
f 1968/1968 1971/1971 3081/3081
f 1971/1971 3088/3088 3081/3081
f 3081/3081 3088/3088 3082/3082
f 3088/3088 3089/3089 3082/3082
f 3082/3082 3089/3089 3083/3083
f 3089/3089 3090/3090 3083/3083
f 3083/3083 3090/3090 3084/3084
f 3090/3090 3091/3091 3084/3084
f 3084/3084 3091/3091 3085/3085
f 3091/3091 3092/3092 3085/3085
f 3015/3015 3093/3093 3016/3016
f 3093/3093 3021/3021 3016/3016
f 3019/3019 3024/3024 3020/3020
f 3024/3024 3023/3023 3020/3020
f 3019/3019 3022/3022 3024/3024
f 3022/3022 3092/3092 3024/3024
f 3024/3024 3092/3092 3026/3026
f 3092/3092 3091/3091 3026/3026
f 3026/3026 3091/3091 3027/3027
f 3091/3091 3090/3090 3027/3027
f 3027/3027 3090/3090 3029/3029
f 3090/3090 3089/3089 3029/3029
f 3029/3029 3089/3089 3031/3031
f 3089/3089 3088/3088 3031/3031
f 3031/3031 3088/3088 1972/1972
f 3088/3088 1971/1971 1972/1972
f 2247/2247 2248/2248 2250/2250
f 2248/2248 2251/2251 2250/2250
f 1976/1976 1979/1979 1980/1980
f 1979/1979 2922/2922 1980/1980
f 1980/1980 2922/2922 2501/2501
f 2922/2922 2923/2923 2501/2501
f 2501/2501 2923/2923 2499/2499
f 2923/2923 2925/2925 2499/2499
f 1852/1852 1854/1854 1853/1853
f 1854/1854 2955/2955 1853/1853
f 2955/2955 1854/1854 2954/2954
f 1854/1854 1855/1855 2954/2954
f 2954/2954 1855/1855 3094/3094
f 1855/1855 1856/1856 3094/3094
f 1856/1856 1859/1859 3094/3094
f 3094/3094 1859/1859 3095/3095
f 1851/1851 1853/1853 3096/3096
f 1853/1853 2956/2956 3096/3096
f 1920/1920 1919/1919 3097/3097
f 1919/1919 1924/1924 3097/3097
f 3011/3011 3012/3012 3098/3098
f 3012/3012 3097/3097 3098/3098
f 3097/3097 3099/3099 3098/3098
f 3098/3098 3099/3099 3100/3100
f 2956/2956 3011/3011 3096/3096
f 3011/3011 3098/3098 3096/3096
f 3098/3098 3100/3100 3096/3096
f 3096/3096 3100/3100 1831/1831
f 3096/3096 1831/1831 1851/1851
f 1831/1831 1832/1832 1851/1851
f 2350/2350 3101/3101 2378/2378
f 3101/3101 2379/2379 2378/2378
f 3102/3102 3103/3103 3104/3104
f 3103/3103 2642/2642 3104/3104
f 2501/2501 2196/2196 1980/1980
f 2196/2196 1819/1819 1980/1980
f 2880/2880 2881/2881 1713/1713
f 2881/2881 1712/1712 1713/1713
f 1970/1970 1983/1983 3034/3034
f 1983/1983 3105/3105 3034/3034
f 1983/1983 1982/1982 3105/3105
f 1982/1982 3106/3106 3105/3105
f 1982/1982 1981/1981 3106/3106
f 1981/1981 3107/3107 3106/3106
f 1942/1942 1940/1940 1955/1955
f 1940/1940 3108/3108 1955/1955
f 1940/1940 1939/1939 3108/3108
f 1939/1939 3109/3109 3108/3108
f 1939/1939 1929/1929 3109/3109
f 1929/1929 3067/3067 3109/3109
f 3110/3110 3111/3111 2879/2879
f 3111/3111 3112/3112 2879/2879
f 1813/1813 1805/1805 3113/3113
f 1805/1805 1594/1594 3113/3113
f 3114/3114 1689/1689 3115/3115
f 1689/1689 1684/1684 3115/3115
f 3116/3116 3047/3047 3117/3117
f 3047/3047 3048/3048 3117/3117
f 3118/3118 2788/2788 2599/2599
f 2788/2788 2600/2600 2599/2599
f 3119/3119 3118/3118 2601/2601
f 3118/3118 2599/2599 2601/2601
f 2784/2784 3119/3119 2602/2602
f 3119/3119 2601/2601 2602/2602
f 3120/3120 3121/3121 3122/3122
f 3121/3121 3123/3123 3122/3122
f 3043/3043 3124/3124 3116/3116
f 3124/3124 3047/3047 3116/3116
f 3125/3125 3126/3126 3127/3127
f 3126/3126 3124/3124 3127/3127
f 2998/2998 2996/2996 3128/3128
f 2996/2996 3129/3129 3128/3128
f 3128/3128 3129/3129 3130/3130
f 3129/3129 3131/3131 3130/3130
f 3129/3129 3132/3132 3131/3131
f 3132/3132 3133/3133 3131/3131
f 2996/2996 2997/2997 3129/3129
f 2997/2997 3132/3132 3129/3129
f 3130/3130 3131/3131 3134/3134
f 3131/3131 3135/3135 3134/3134
f 3131/3131 3133/3133 3135/3135
f 3133/3133 3136/3136 3135/3135
f 3134/3134 3135/3135 3137/3137
f 3135/3135 3138/3138 3137/3137
f 3135/3135 3136/3136 3138/3138
f 3136/3136 3139/3139 3138/3138
f 3140/3140 3141/3141 3142/3142
f 3141/3141 3143/3143 3142/3142
f 3141/3141 3144/3144 3143/3143
f 3144/3144 1824/1824 3143/3143
f 3143/3143 1824/1824 3100/3100
f 1824/1824 1831/1831 3100/3100
f 3142/3142 3143/3143 3099/3099
f 3143/3143 3100/3100 3099/3099
f 3145/3145 3146/3146 2890/2890
f 3146/3146 2892/2892 2890/2890
f 1604/1604 3145/3145 1611/1611
f 3145/3145 2890/2890 1611/1611
f 3147/3147 3148/3148 1604/1604
f 3148/3148 3145/3145 1604/1604
f 3148/3148 3149/3149 3145/3145
f 3149/3149 3146/3146 3145/3145
f 3150/3150 3151/3151 3152/3152
f 3151/3151 3153/3153 3152/3152
f 3154/3154 3150/3150 3155/3155
f 3150/3150 3152/3152 3155/3155
f 3156/3156 3157/3157 3150/3150
f 3157/3157 3151/3151 3150/3150
f 3158/3158 3156/3156 3154/3154
f 3156/3156 3150/3150 3154/3154
f 3159/3159 3160/3160 3158/3158
f 3160/3160 3156/3156 3158/3158
f 3160/3160 3161/3161 3156/3156
f 3161/3161 3157/3157 3156/3156
f 2962/2962 2963/2963 3160/3160
f 2963/2963 3161/3161 3160/3160
f 2964/2964 2962/2962 3159/3159
f 2962/2962 3160/3160 3159/3159
f 3162/3162 3163/3163 3164/3164
f 3163/3163 2797/2797 3164/3164
f 2385/2385 3165/3165 2386/2386
f 3165/3165 3166/3166 2386/2386
f 3074/3074 1963/1963 3075/3075
f 1963/1963 3167/3167 3075/3075
f 1965/1965 1967/1967 1961/1961
f 1967/1967 3168/3168 1961/1961
f 3167/3167 3168/3168 3075/3075
f 3168/3168 3051/3051 3075/3075
f 3169/3169 3170/3170 3015/3015
f 3170/3170 3093/3093 3015/3015
f 1995/1995 3021/3021 3170/3170
f 3021/3021 3093/3093 3170/3170
f 2879/2879 3112/3112 2881/2881
f 3112/3112 3171/3171 2881/2881
f 2335/2335 2703/2703 2329/2329
f 2703/2703 2331/2331 2329/2329
f 1997/1997 1996/1996 3169/3169
f 1996/1996 1993/1993 3169/3169
f 3086/3086 3087/3087 3165/3165
f 3087/3087 3172/3172 3165/3165
f 1969/1969 1968/1968 1985/1985
f 1968/1968 3081/3081 1985/1985
f 2490/2490 2006/2006 1844/1844
f 2006/2006 2008/2008 1844/1844
f 1836/1836 2490/2490 1840/1840
f 2490/2490 1844/1844 1840/1840
f 2009/2009 2214/2214 1647/1647
f 2214/2214 1646/1646 1647/1647
f 2214/2214 1615/1615 1646/1646
f 1615/1615 1633/1633 1646/1646
f 2312/2312 2292/2292 2305/2305
f 2292/2292 2230/2230 2305/2305
f 2576/2576 2575/2575 2559/2559
f 2575/2575 2521/2521 2559/2559
f 2505/2505 2520/2520 2517/2517
f 2517/2517 2520/2520 2574/2574
f 2520/2520 2521/2521 2574/2574
f 2574/2574 2521/2521 2575/2575
f 1607/1607 1608/1608 1618/1618
f 1608/1608 1612/1612 1618/1618
f 1828/1828 1830/1830 1832/1832
f 1830/1830 1837/1837 1832/1832
f 3103/3103 3102/3102 3173/3173
f 3102/3102 3174/3174 3173/3173
f 3175/3175 3176/3176 3177/3177
f 3176/3176 3178/3178 3177/3177
f 3165/3165 3172/3172 3166/3166
f 3172/3172 3179/3179 3166/3166
f 3180/3180 2015/2015 3181/3181
f 2015/2015 3182/3182 3181/3181
f 3183/3183 3184/3184 3182/3182
f 3184/3184 3181/3181 3182/3182
f 3184/3184 3185/3185 3186/3186
f 3185/3185 2025/2025 3186/3186
f 2025/2025 2026/2026 3186/3186
f 3186/3186 2026/2026 3187/3187
f 2026/2026 2040/2040 3187/3187
f 2040/2040 3188/3188 3187/3187
f 3188/3188 3189/3189 3187/3187
f 3189/3189 3190/3190 3187/3187
f 3187/3187 3190/3190 3186/3186
f 3190/3190 3191/3191 3186/3186
f 3191/3191 3192/3192 3186/3186
f 3186/3186 3192/3192 3184/3184
f 3192/3192 3181/3181 3184/3184
f 3180/3180 3181/3181 3193/3193
f 3181/3181 3192/3192 3193/3193
f 3192/3192 3194/3194 3193/3193
f 3194/3194 3195/3195 3193/3193
f 3195/3195 3196/3196 3193/3193
f 3193/3193 3196/3196 3197/3197
f 3197/3197 3196/3196 3198/3198
f 3196/3196 3199/3199 3198/3198
f 3198/3198 3199/3199 3200/3200
f 3199/3199 3201/3201 3200/3200
f 3201/3201 3202/3202 3200/3200
f 3200/3200 3202/3202 3203/3203
f 3202/3202 3204/3204 3203/3203
f 3203/3203 3204/3204 2034/2034
f 3205/3205 3180/3180 3206/3206
f 3180/3180 3193/3193 3206/3206
f 3193/3193 3197/3197 3206/3206
f 3206/3206 3197/3197 3207/3207
f 3207/3207 3197/3197 3208/3208
f 3197/3197 3198/3198 3208/3208
f 3208/3208 3198/3198 3209/3209
f 3198/3198 3200/3200 3209/3209
f 3200/3200 3203/3203 3209/3209
f 3209/3209 3203/3203 3210/3210
f 3210/3210 3203/3203 3211/3211
f 3203/3203 2051/2051 3211/3211
f 3203/3203 2034/2034 2051/2051
f 2034/2034 2032/2032 2051/2051
f 3205/3205 2064/2064 3180/3180
f 2064/2064 2015/2015 3180/3180
f 2067/2067 3211/3211 2050/2050
f 3211/3211 2051/2051 2050/2050
f 3212/3212 3185/3185 3183/3183
f 3185/3185 3184/3184 3183/3183
f 3213/3213 3214/3214 2017/2017
f 3214/3214 2016/2016 2017/2017
f 2017/2017 2018/2018 3213/3213
f 2018/2018 3215/3215 3213/3213
f 3216/3216 3215/3215 2019/2019
f 3215/3215 2018/2018 2019/2019
f 3217/3217 3218/3218 3219/3219
f 3218/3218 3220/3220 3219/3219
f 3221/3221 3220/3220 3222/3222
f 3220/3220 3218/3218 3222/3222
f 3223/3223 3224/3224 3222/3222
f 3224/3224 3221/3221 3222/3222
f 3225/3225 3226/3226 3175/3175
f 3226/3226 3176/3176 3175/3175
f 3227/3227 3228/3228 3229/3229
f 3228/3228 3230/3230 3229/3229
f 3230/3230 3231/3231 3229/3229
f 3231/3231 3232/3232 3229/3229
f 3233/3233 3232/3232 3234/3234
f 3232/3232 3231/3231 3234/3234
f 3235/3235 3236/3236 3237/3237
f 3236/3236 3238/3238 3237/3237
f 3239/3239 3238/3238 3240/3240
f 3238/3238 3236/3236 3240/3240
f 3241/3241 3242/3242 3240/3240
f 3242/3242 3239/3239 3240/3240
f 3243/3243 3244/3244 3245/3245
f 3244/3244 3246/3246 3245/3245
f 3246/3246 3247/3247 3245/3245
f 3247/3247 3248/3248 3245/3245
f 3249/3249 3248/3248 3250/3250
f 3248/3248 3247/3247 3250/3250
f 3251/3251 3252/3252 2060/2060
f 3252/3252 2061/2061 2060/2060
f 2042/2042 2052/2052 2031/2031
f 2052/2052 2048/2048 2031/2031
f 2063/2063 2062/2062 3253/3253
f 2062/2062 3254/3254 3253/3253
f 3252/3252 3254/3254 2061/2061
f 3254/3254 2062/2062 2061/2061
f 3255/3255 3256/3256 3257/3257
f 3256/3256 3258/3258 3257/3257
f 3257/3257 3258/3258 3259/3259
f 3258/3258 3260/3260 3259/3259
f 3259/3259 3260/3260 3261/3261
f 3260/3260 3262/3262 3261/3261
f 1794/1794 1725/1725 1792/1792
f 1725/1725 1724/1724 1792/1792
f 2348/2348 2320/2320 2346/2346
f 2320/2320 3263/3263 2346/2346
f 2346/2346 3263/3263 2350/2350
f 3263/3263 3101/3101 2350/2350
f 3101/3101 3263/3263 2882/2882
f 2882/2882 3263/3263 3264/3264
f 3263/3263 2320/2320 3264/3264
f 3264/3264 2320/2320 2318/2318
f 2803/2803 2804/2804 3265/3265
f 2804/2804 3266/3266 3265/3265
f 3267/3267 3268/3268 3269/3269
f 3268/3268 3270/3270 3269/3269
f 3269/3269 3270/3270 3271/3271
f 3270/3270 3272/3272 3271/3271
f 3271/3271 3272/3272 3273/3273
f 3274/3274 3275/3275 3276/3276
f 3275/3275 3277/3277 3276/3276
f 3275/3275 3274/3274 3278/3278
f 3274/3274 3279/3279 3278/3278
f 3276/3276 3277/3277 3280/3280
f 3277/3277 2085/2085 3280/3280
f 3280/3280 2085/2085 3281/3281
f 3282/3282 3283/3283 3284/3284
f 3283/3283 3285/3285 3284/3284
f 2279/2279 1731/1731 3286/3286
f 1731/1731 1730/1730 3286/3286
f 3287/3287 3288/3288 2419/2419
f 3288/3288 2422/2422 2419/2419
f 2100/2100 2096/2096 2103/2103
f 2096/2096 2101/2101 2103/2103
f 3289/3289 3290/3290 3291/3291
f 3290/3290 3292/3292 3291/3291
f 3293/3293 3294/3294 3295/3295
f 3294/3294 3296/3296 3295/3295
f 3297/3297 3298/3298 3299/3299
f 3298/3298 3300/3300 3299/3299
f 3299/3299 3300/3300 3301/3301
f 3300/3300 3302/3302 3301/3301
f 3303/3303 3304/3304 3302/3302
f 3304/3304 3301/3301 3302/3302
f 3291/3291 3305/3305 3303/3303
f 3305/3305 3304/3304 3303/3303
f 3306/3306 2769/2769 3307/3307
f 2769/2769 2770/2770 3307/3307
f 3307/3307 3308/3308 3306/3306
f 3308/3308 3309/3309 3306/3306
f 3306/3306 3309/3309 3310/3310
f 3309/3309 3311/3311 3310/3310
f 3310/3310 3311/3311 3312/3312
f 3311/3311 3313/3313 3312/3312
f 3314/3314 3315/3315 3313/3313
f 3315/3315 3312/3312 3313/3313
f 3316/3316 3312/3312 3317/3317
f 3312/3312 3315/3315 3317/3317
f 3312/3312 3316/3316 3310/3310
f 3316/3316 3318/3318 3310/3310
f 3310/3310 3318/3318 3306/3306
f 3318/3318 2769/2769 3306/3306
f 3319/3319 3320/3320 3321/3321
f 3320/3320 3322/3322 3321/3321
f 3320/3320 3319/3319 3323/3323
f 3319/3319 3324/3324 3323/3323
f 3325/3325 3326/3326 3324/3324
f 3326/3326 3323/3323 3324/3324
f 2110/2110 2109/2109 3322/3322
f 2109/2109 3321/3321 3322/3322
f 2108/2108 3327/3327 2106/2106
f 3327/3327 3328/3328 2106/2106
f 3326/3326 3325/3325 3329/3329
f 3325/3325 3330/3330 3329/3329
f 2113/2113 2112/2112 3330/3330
f 2112/2112 3329/3329 3330/3330
f 3331/3331 3332/3332 3333/3333
f 3332/3332 3334/3334 3333/3333
f 3335/3335 3336/3336 3331/3331
f 3336/3336 3332/3332 3331/3331
f 3337/3337 3338/3338 3339/3339
f 3339/3339 3338/3338 3340/3340
f 3338/3338 3341/3341 3340/3340
f 3340/3340 3341/3341 3342/3342
f 3342/3342 3341/3341 3343/3343
f 3341/3341 3344/3344 3343/3343
f 3343/3343 3344/3344 3345/3345
f 3344/3344 3336/3336 3345/3345
f 3345/3345 3336/3336 3335/3335
f 3346/3346 3347/3347 2110/2110
f 3347/3347 2111/2111 2110/2110
f 3348/3348 3349/3349 2114/2114
f 3349/3349 2112/2112 2114/2114
f 3350/3350 1882/1882 3351/3351
f 1882/1882 1884/1884 3351/3351
f 1782/1782 3352/3352 1779/1779
f 3352/3352 3353/3353 1779/1779
f 3354/3354 3330/3330 3355/3355
f 3330/3330 3325/3325 3355/3355
f 3355/3355 3325/3325 3356/3356
f 3325/3325 3324/3324 3356/3356
f 3319/3319 3357/3357 3324/3324
f 3357/3357 3356/3356 3324/3324
f 3321/3321 3358/3358 3319/3319
f 3358/3358 3357/3357 3319/3319
f 3359/3359 3360/3360 3361/3361
f 3360/3360 3362/3362 3361/3361
f 3363/3363 3364/3364 3359/3359
f 3364/3364 3360/3360 3359/3359
f 3365/3365 3366/3366 3363/3363
f 3366/3366 3364/3364 3363/3363
f 3367/3367 3368/3368 3365/3365
f 3368/3368 3366/3366 3365/3365
f 3369/3369 3370/3370 3371/3371
f 3370/3370 3372/3372 3371/3371
f 3373/3373 3374/3374 3369/3369
f 3374/3374 3370/3370 3369/3369
f 3375/3375 3376/3376 3373/3373
f 3376/3376 3374/3374 3373/3373
f 3377/3377 3378/3378 3375/3375
f 3378/3378 3376/3376 3375/3375
f 3379/3379 3380/3380 3381/3381
f 3380/3380 3382/3382 3381/3381
f 3383/3383 3384/3384 3385/3385
f 3384/3384 3386/3386 3385/3385
f 3385/3385 3386/3386 3387/3387
f 3386/3386 3388/3388 3387/3387
f 3387/3387 3388/3388 3389/3389
f 3388/3388 3390/3390 3389/3389
f 3389/3389 3390/3390 3391/3391
f 3390/3390 3392/3392 3391/3391
f 3391/3391 3392/3392 3393/3393
f 3392/3392 3394/3394 3393/3393
f 3395/3395 3396/3396 3397/3397
f 3396/3396 3398/3398 3397/3397
f 3397/3397 3398/3398 3399/3399
f 3398/3398 3400/3400 3399/3399
f 3399/3399 3400/3400 3401/3401
f 3400/3400 3402/3402 3401/3401
f 3401/3401 3402/3402 3379/3379
f 3402/3402 3380/3380 3379/3379
f 2860/2860 2861/2861 3403/3403
f 2861/2861 3404/3404 3403/3403
f 3403/3403 3404/3404 3405/3405
f 3404/3404 3406/3406 3405/3405
f 3405/3405 3406/3406 3407/3407
f 3406/3406 3408/3408 3407/3407
f 3407/3407 3408/3408 3409/3409
f 3408/3408 3410/3410 3409/3409
f 3409/3409 3410/3410 3411/3411
f 3410/3410 3412/3412 3411/3411
f 3411/3411 3412/3412 3413/3413
f 3412/3412 3414/3414 3413/3413
f 3413/3413 3414/3414 3415/3415
f 3414/3414 3416/3416 3415/3415
f 3415/3415 3416/3416 3417/3417
f 3416/3416 3418/3418 3417/3417
f 3417/3417 3418/3418 3419/3419
f 3418/3418 3420/3420 3419/3419
f 3419/3419 3420/3420 2865/2865
f 3420/3420 2866/2866 2865/2865
f 2123/2123 2122/2122 2129/2129
f 2122/2122 2130/2130 2129/2129
f 2136/2136 2133/2133 2125/2125
f 2133/2133 2124/2124 2125/2125
f 3421/3421 1713/1713 1717/1717
f 1713/1713 1714/1714 1717/1717
f 3422/3422 3423/3423 3424/3424
f 3423/3423 3425/3425 3424/3424
f 3426/3426 3427/3427 3428/3428
f 3427/3427 3429/3429 3428/3428
f 3430/3430 3431/3431 3432/3432
f 3431/3431 3433/3433 3432/3432
f 3434/3434 2151/2151 3435/3435
f 2151/2151 3436/3436 3435/3435
f 3434/3434 3437/3437 2151/2151
f 3437/3437 2152/2152 2151/2151
f 3438/3438 3439/3439 3422/3422
f 3439/3439 3423/3423 3422/3422
f 3440/3440 3441/3441 3426/3426
f 3441/3441 3427/3427 3426/3426
f 3442/3442 3443/3443 3444/3444
f 3443/3443 3445/3445 3444/3444
f 3446/3446 3430/3430 3447/3447
f 3430/3430 3432/3432 3447/3447
f 3448/3448 3449/3449 3431/3431
f 3449/3449 3433/3433 3431/3431
f 3450/3450 3432/3432 3436/3436
f 3432/3432 3435/3435 3436/3436
f 3451/3451 3452/3452 3453/3453
f 3452/3452 3454/3454 3453/3453
f 3455/3455 3456/3456 3457/3457
f 3456/3456 2147/2147 3457/3457
f 3458/3458 3459/3459 3460/3460
f 3459/3459 3461/3461 3460/3460
f 3444/3444 3460/3460 2139/2139
f 3460/3460 3461/3461 2139/2139
f 2139/2139 3461/3461 2140/2140
f 3459/3459 3462/3462 3461/3461
f 3462/3462 2140/2140 3461/3461
f 3437/3437 3434/3434 3463/3463
f 3434/3434 3464/3464 3463/3463
f 3464/3464 3434/3434 3465/3465
f 3434/3434 3435/3435 3465/3465
f 3435/3435 3432/3432 3465/3465
f 3465/3465 3432/3432 3433/3433
f 2126/2126 2120/2120 2125/2125
f 2120/2120 2136/2136 2125/2125
f 2117/2117 2127/2127 2129/2129
f 2127/2127 2123/2123 2129/2129
f 2122/2122 2124/2124 2130/2130
f 2124/2124 2133/2133 2130/2130
f 3466/3466 3287/3287 2417/2417
f 3287/3287 2419/2419 2417/2417
f 3467/3467 3468/3468 3462/3462
f 3468/3468 2140/2140 3462/3462
f 2421/2421 2415/2415 2406/2406
f 2415/2415 3469/3469 2406/2406
f 3287/3287 3466/3466 3470/3470
f 3466/3466 3471/3471 3470/3470
f 2410/2410 2293/2293 2407/2407
f 2293/2293 2405/2405 2407/2407
f 2161/2161 2160/2160 2167/2167
f 2160/2160 2168/2168 2167/2167
f 2174/2174 2171/2171 2163/2163
f 2171/2171 2162/2162 2163/2163
f 3288/3288 3472/3472 2422/2422
f 3472/3472 2420/2420 2422/2422
f 3473/3473 3474/3474 3475/3475
f 3474/3474 3476/3476 3475/3475
f 3477/3477 3478/3478 3479/3479
f 3478/3478 3480/3480 3479/3479
f 3481/3481 3482/3482 3483/3483
f 3482/3482 3484/3484 3483/3483
f 3485/3485 2189/2189 3486/3486
f 2189/2189 3487/3487 3486/3486
f 3485/3485 3488/3488 2189/2189
f 3488/3488 2190/2190 2189/2189
f 3489/3489 3490/3490 3473/3473
f 3490/3490 3474/3474 3473/3473
f 3491/3491 3492/3492 3477/3477
f 3492/3492 3478/3478 3477/3477
f 3493/3493 3494/3494 3495/3495
f 3494/3494 3496/3496 3495/3495
f 3497/3497 3481/3481 3498/3498
f 3481/3481 3483/3483 3498/3498
f 3499/3499 3500/3500 3482/3482
f 3500/3500 3484/3484 3482/3482
f 3501/3501 3483/3483 3487/3487
f 3483/3483 3486/3486 3487/3487
f 3472/3472 3288/3288 3502/3502
f 3288/3288 3503/3503 3502/3502
f 3504/3504 3505/3505 3506/3506
f 3505/3505 2185/2185 3506/3506
f 3507/3507 3508/3508 3509/3509
f 3508/3508 3510/3510 3509/3509
f 3495/3495 3509/3509 2177/2177
f 3509/3509 3510/3510 2177/2177
f 2177/2177 3510/3510 2178/2178
f 3508/3508 3511/3511 3510/3510
f 3511/3511 2178/2178 3510/3510
f 3488/3488 3485/3485 3512/3512
f 3485/3485 3513/3513 3512/3512
f 3513/3513 3485/3485 3514/3514
f 3485/3485 3486/3486 3514/3514
f 3486/3486 3483/3483 3514/3514
f 3514/3514 3483/3483 3484/3484
f 2164/2164 2158/2158 2163/2163
f 2158/2158 2174/2174 2163/2163
f 2155/2155 2165/2165 2167/2167
f 2165/2165 2161/2161 2167/2167
f 2160/2160 2162/2162 2168/2168
f 2162/2162 2171/2171 2168/2168
f 3503/3503 3470/3470 3515/3515
f 3470/3470 3516/3516 3515/3515
f 3517/3517 3518/3518 3511/3511
f 3518/3518 2178/2178 3511/3511
f 3471/3471 3519/3519 3520/3520
f 3519/3519 3451/3451 3520/3520
f 3470/3470 3471/3471 3516/3516
f 3471/3471 3520/3520 3516/3516
f 3521/3521 3522/3522 3519/3519
f 3522/3522 3523/3523 3519/3519
f 3123/3123 2581/2581 3122/3122
f 2581/2581 2585/2585 3122/3122
f 3524/3524 3525/3525 3526/3526
f 3525/3525 3527/3527 3526/3526
f 2523/2523 1706/1706 2524/2524
f 1706/1706 1708/1708 2524/2524
f 1692/1692 1695/1695 1688/1688
f 1695/1695 2523/2523 1688/1688
f 2775/2775 2872/2872 2777/2777
f 2872/2872 2841/2841 2777/2777
f 2587/2587 2586/2586 2904/2904
f 2586/2586 2897/2897 2904/2904
f 2386/2386 3166/3166 3528/3528
f 3166/3166 3529/3529 3528/3528
f 2387/2387 3086/3086 2385/2385
f 3086/3086 3165/3165 2385/2385
f 2973/2973 2970/2970 3001/3001
f 2970/2970 3000/3000 3001/3001
f 2990/2990 3014/3014 2991/2991
f 3014/3014 3530/3530 2991/2991
f 2583/2583 2597/2597 2589/2589
f 2597/2597 2595/2595 2589/2589
f 2581/2581 3123/3123 2580/2580
f 3123/3123 2902/2902 2580/2580
f 2579/2579 2578/2578 2584/2584
f 2578/2578 2591/2591 2584/2584
f 2352/2352 2313/2313 2353/2353
f 2313/2313 2315/2315 2353/2353
f 1739/1739 2567/2567 1741/1741
f 2567/2567 1743/1743 1741/1741
f 2464/2464 1812/1812 3531/3531
f 1812/1812 1811/1811 3531/3531
f 2635/2635 2671/2671 2637/2637
f 2671/2671 2669/2669 2637/2637
f 1703/1703 3114/3114 1705/1705
f 3114/3114 3115/3115 1705/1705
f 3532/3532 3533/3533 3174/3174
f 3533/3533 3534/3534 3174/3174
f 2526/2526 2513/2513 2528/2528
f 2513/2513 2514/2514 2528/2528
f 2343/2343 2339/2339 3535/3535
f 2339/2339 2341/2341 3535/3535
f 2314/2314 2343/2343 2316/2316
f 2343/2343 3535/3535 2316/2316
f 2826/2826 2238/2238 2249/2249
f 2238/2238 2240/2240 2249/2249
f 2363/2363 2362/2362 1908/1908
f 2362/2362 1906/1906 1908/1908
f 1899/1899 1878/1878 1900/1900
f 1878/1878 1877/1877 1900/1900
f 2789/2789 2795/2795 2667/2667
f 2795/2795 1724/1724 2667/2667
f 2971/2971 2974/2974 2910/2910
f 2974/2974 2944/2944 2910/2910
f 2956/2956 2953/2953 3011/3011
f 2953/2953 3009/3009 3011/3011
f 2977/2977 2974/2974 2972/2972
f 2974/2974 2971/2971 2972/2972
f 2792/2792 2693/2693 2793/2793
f 2693/2693 2695/2695 2793/2793
f 1594/1594 1596/1596 3113/3113
f 1596/1596 3536/3536 3113/3113
f 2882/2882 2381/2381 3101/3101
f 2381/2381 2379/2379 3101/3101
f 3046/3046 3125/3125 3048/3048
f 3125/3125 3127/3127 3048/3048
f 2785/2785 2602/2602 2596/2596
f 2602/2602 2597/2597 2596/2596
f 3537/3537 2654/2654 2606/2606
f 2654/2654 2655/2655 2606/2606
f 2657/2657 2650/2650 3537/3537
f 2650/2650 2654/2654 3537/3537
f 2333/2333 2705/2705 2338/2338
f 2705/2705 2351/2351 2338/2338
f 2851/2851 3538/3538 2771/2771
f 3538/3538 2772/2772 2771/2771
f 3539/3539 3540/3540 3532/3532
f 3540/3540 3541/3541 3532/3532
f 3528/3528 2899/2899 2386/2386
f 2899/2899 2388/2388 2386/2386
f 1803/1803 1798/1798 1801/1801
f 1798/1798 1800/1800 1801/1801
f 3542/3542 2664/2664 3543/3543
f 2664/2664 2662/2662 3543/3543
f 2400/2400 2410/2410 2402/2402
f 2410/2410 2407/2407 2402/2402
f 3113/3113 3544/3544 1813/1813
f 3544/3544 2458/2458 1813/1813
f 3522/3522 3521/3521 2414/2414
f 3521/3521 2412/2412 2414/2414
f 2653/2653 2648/2648 3049/3049
f 2648/2648 2656/2656 3049/3049
f 1863/1863 2658/2658 1867/1867
f 2658/2658 1868/1868 1867/1867
f 2568/2568 2569/2569 2396/2396
f 2569/2569 2397/2397 2396/2396
f 3515/3515 3516/3516 3545/3545
f 3516/3516 3546/3546 3545/3545
f 3522/3522 3472/3472 3523/3523
f 3472/3472 3502/3502 3523/3523
f 3547/3547 3548/3548 2894/2894
f 3548/3548 2896/2896 2894/2894
f 3549/3549 3550/3550 2896/2896
f 3550/3550 2895/2895 2896/2896
f 3551/3551 3552/3552 3527/3527
f 3552/3552 3553/3553 3527/3527
f 2898/2898 2903/2903 2897/2897
f 2903/2903 2912/2912 2897/2897
f 2904/2904 2913/2913 2585/2585
f 2913/2913 3122/3122 2585/2585
f 3554/3554 3555/3555 3556/3556
f 3555/3555 3557/3557 3556/3556
f 3102/3102 3539/3539 3174/3174
f 3539/3539 3532/3532 3174/3174
f 2401/2401 3558/3558 2375/2375
f 3558/3558 2411/2411 2375/2375
f 3558/3558 2401/2401 3469/3469
f 2401/2401 2402/2402 3469/3469
f 3559/3559 3560/3560 3225/3225
f 3560/3560 3226/3226 3225/3225
f 2457/2457 2459/2459 2435/2435
f 2459/2459 3561/3561 2435/2435
f 3562/3562 1722/1722 3563/3563
f 1722/1722 1721/1721 3563/3563
f 1788/1788 1787/1787 3564/3564
f 1787/1787 3565/3565 3564/3564
f 3502/3502 3503/3503 3566/3566
f 3503/3503 3515/3515 3566/3566
f 3523/3523 3502/3502 3452/3452
f 3502/3502 3566/3566 3452/3452
f 2757/2757 2758/2758 2851/2851
f 2758/2758 3538/3538 2851/2851
f 2641/2641 2640/2640 2695/2695
f 2640/2640 3567/3567 2695/2695
f 2590/2590 2586/2586 2592/2592
f 2586/2586 2588/2588 2592/2592
f 2587/2587 2582/2582 2589/2589
f 2582/2582 2583/2583 2589/2589
f 3568/3568 3569/3569 3553/3553
f 3569/3569 3570/3570 3553/3553
f 2787/2787 2785/2785 2598/2598
f 2785/2785 2596/2596 2598/2598
f 2600/2600 2787/2787 2594/2594
f 2787/2787 2598/2598 2594/2594
f 3571/3571 3572/3572 3549/3549
f 3572/3572 3550/3550 3549/3549
f 3573/3573 3547/3547 3571/3571
f 3547/3547 2894/2894 3571/3571
f 3572/3572 3571/3571 2893/2893
f 3571/3571 2894/2894 2893/2893
f 3574/3574 3575/3575 3572/3572
f 3575/3575 3550/3550 3572/3572
f 3576/3576 3577/3577 2895/2895
f 3577/3577 2893/2893 2895/2895
f 3578/3578 3120/3120 2913/2913
f 3120/3120 3122/3122 2913/2913
f 3547/3547 3573/3573 3524/3524
f 3573/3573 3569/3569 3524/3524
f 3552/3552 3579/3579 3553/3553
f 3579/3579 3568/3568 3553/3553
f 3548/3548 3547/3547 3526/3526
f 3547/3547 3524/3524 3526/3526
f 3553/3553 3570/3570 3527/3527
f 3570/3570 3526/3526 3527/3527
f 3573/3573 3580/3580 3569/3569
f 3580/3580 3570/3570 3569/3569
f 3579/3579 3581/3581 3568/3568
f 3581/3581 3525/3525 3568/3568
f 1594/1594 1805/1805 1595/1595
f 1805/1805 1752/1752 1595/1595
f 3580/3580 3548/3548 3570/3570
f 3548/3548 3526/3526 3570/3570
f 3581/3581 3551/3551 3525/3525
f 3551/3551 3527/3527 3525/3525
f 3582/3582 3583/3583 3533/3533
f 3583/3583 3534/3534 3533/3533
f 3556/3556 3173/3173 3534/3534
f 3173/3173 3174/3174 3534/3534
f 3580/3580 3573/3573 3549/3549
f 3573/3573 3571/3571 3549/3549
f 3541/3541 3557/3557 3532/3532
f 3557/3557 3533/3533 3532/3532
f 3540/3540 3103/3103 3541/3541
f 3103/3103 3173/3173 3541/3541
f 3557/3557 3541/3541 3556/3556
f 3541/3541 3173/3173 3556/3556
f 3555/3555 3582/3582 3557/3557
f 3582/3582 3533/3533 3557/3557
f 3583/3583 3554/3554 3534/3534
f 3554/3554 3556/3556 3534/3534
f 2388/2388 2901/2901 2387/2387
f 2901/2901 3086/3086 2387/2387
f 2642/2642 2643/2643 3104/3104
f 2643/2643 2793/2793 3104/3104
f 3103/3103 3540/3540 2642/2642
f 3540/3540 2640/2640 2642/2642
f 2695/2695 3567/3567 2793/2793
f 3567/3567 3104/3104 2793/2793
f 3540/3540 3539/3539 2640/2640
f 3539/3539 3567/3567 2640/2640
f 2694/2694 2791/2791 2641/2641
f 2791/2791 2643/2643 2641/2641
f 3539/3539 3102/3102 3567/3567
f 3102/3102 3104/3104 3567/3567
f 3584/3584 3585/3585 2799/2799
f 3585/3585 3586/3586 2799/2799
f 1884/1884 1883/1883 1885/1885
f 1883/1883 3587/3587 1885/1885
f 3588/3588 3589/3589 3590/3590
f 3590/3590 3589/3589 1882/1882
f 3589/3589 3587/3587 1882/1882
f 1882/1882 3587/3587 1883/1883
f 3577/3577 3574/3574 2893/2893
f 3574/3574 3572/3572 2893/2893
f 3164/3164 3591/3591 3586/3586
f 3591/3591 3592/3592 3586/3586
f 3126/3126 3125/3125 2796/2796
f 3125/3125 3591/3591 2796/2796
f 2797/2797 2796/2796 3164/3164
f 2796/2796 3591/3591 3164/3164
f 1781/1781 1779/1779 2425/2425
f 1779/1779 1778/1778 2425/2425
f 3163/3163 3584/3584 2797/2797
f 3584/3584 2799/2799 2797/2797
f 3585/3585 3162/3162 3586/3586
f 3162/3162 3164/3164 3586/3586
f 3125/3125 3046/3046 3591/3591
f 3046/3046 3592/3592 3591/3591
f 3046/3046 3045/3045 3592/3592
f 3045/3045 2798/2798 3592/3592
f 3124/3124 3043/3043 3127/3127
f 3043/3043 3044/3044 3127/3127
f 3593/3593 3041/3041 3116/3116
f 3041/3041 3043/3043 3116/3116
f 3042/3042 3594/3594 3044/3044
f 3594/3594 3117/3117 3044/3044
f 2604/2604 2611/2611 2606/2606
f 2611/2611 3537/3537 2606/2606
f 2618/2618 2657/2657 2615/2615
f 2615/2615 2657/2657 2613/2613
f 2657/2657 3537/3537 2613/2613
f 2613/2613 3537/3537 2611/2611
f 2966/2966 1712/1712 3171/3171
f 1712/1712 2881/2881 3171/3171
f 2590/2590 2578/2578 2898/2898
f 2578/2578 2580/2580 2898/2898
f 1693/1693 1690/1690 3114/3114
f 1690/1690 1689/1689 3114/3114
f 3595/3595 3110/3110 2878/2878
f 3110/3110 2879/2879 2878/2878
f 1696/1696 1693/1693 1703/1703
f 1693/1693 3114/3114 1703/1703
f 3126/3126 3045/3045 3124/3124
f 3045/3045 3047/3047 3124/3124
f 3166/3166 3179/3179 3529/3529
f 3179/3179 3596/3596 3529/3529
f 3594/3594 3593/3593 3117/3117
f 3593/3593 3116/3116 3117/3117
f 3127/3127 3044/3044 3048/3048
f 3044/3044 3117/3117 3048/3048
f 3519/3519 3523/3523 3451/3451
f 3523/3523 3452/3452 3451/3451
f 2798/2798 2799/2799 3592/3592
f 2799/2799 3586/3586 3592/3592
f 3045/3045 3126/3126 2798/2798
f 3126/3126 2796/2796 2798/2798
f 3261/3261 3262/3262 3597/3597
f 3262/3262 3598/3598 3597/3597
f 2314/2314 2313/2313 2684/2684
f 2313/2313 2370/2370 2684/2684
f 2705/2705 2333/2333 2702/2702
f 2333/2333 2327/2327 2702/2702
f 2355/2355 2354/2354 1791/1791
f 2354/2354 1789/1789 1791/1791
f 2416/2416 2418/2418 2411/2411
f 2418/2418 2403/2403 2411/2411
f 2415/2415 2413/2413 3469/3469
f 3469/3469 2413/2413 3558/3558
f 2413/2413 2416/2416 3558/3558
f 3558/3558 2416/2416 2411/2411
f 1733/1733 3599/3599 1802/1802
f 3599/3599 1803/1803 1802/1802
f 3177/3177 3178/3178 3559/3559
f 3178/3178 3560/3560 3559/3559
f 3521/3521 3466/3466 2412/2412
f 3466/3466 2417/2417 2412/2412
f 2812/2812 2813/2813 2801/2801
f 2813/2813 2802/2802 2801/2801
f 2703/2703 2335/2335 2349/2349
f 2335/2335 2336/2336 2349/2349
f 3597/3597 3598/3598 3255/3255
f 3598/3598 3256/3256 3255/3255
f 2408/2408 2409/2409 2245/2245
f 2409/2409 2246/2246 2245/2245
f 3600/3600 3036/3036 3601/3601
f 3036/3036 3035/3035 3601/3601
f 3602/3602 3603/3603 3604/3604
f 3603/3603 3605/3605 3604/3604
f 3606/3606 3607/3607 3608/3608
f 3607/3607 3609/3609 3608/3608
f 1729/1729 1731/1731 1733/1733
f 1731/1731 1734/1734 1733/1733
f 2309/2309 2275/2275 3610/3610
f 2275/2275 2277/2277 3610/3610
f 2721/2721 3316/3316 1729/1729
f 3316/3316 3317/3317 1729/1729
f 1785/1785 1788/1788 2390/2390
f 1788/1788 3564/3564 2390/2390
f 3548/3548 3580/3580 2896/2896
f 3580/3580 3549/3549 2896/2896
f 1718/1718 1719/1719 3611/3611
f 1719/1719 3612/3612 3611/3611
f 1713/1713 3421/3421 2880/2880
f 3421/3421 3613/3613 2880/2880
f 3614/3614 2878/2878 3613/3613
f 2878/2878 2880/2880 3613/3613
f 3615/3615 3595/3595 3614/3614
f 3595/3595 2878/2878 3614/3614
f 3575/3575 3576/3576 3550/3550
f 3576/3576 2895/2895 3550/3550
f 3569/3569 3568/3568 3524/3524
f 3568/3568 3525/3525 3524/3524
f 3469/3469 2402/2402 2406/2406
f 2402/2402 2407/2407 2406/2406
f 3288/3288 3287/3287 3503/3503
f 3287/3287 3470/3470 3503/3503
f 3466/3466 3521/3521 3471/3471
f 3521/3521 3519/3519 3471/3471
f 3472/3472 3522/3522 2420/2420
f 3522/3522 2414/2414 2420/2420
f 3616/3616 3617/3617 3618/3618
f 3617/3617 1872/1872 3618/3618
f 1874/1874 2779/2779 1866/1866
f 2779/2779 3619/3619 1866/1866
f 1866/1866 3619/3619 1872/1872
f 3619/3619 3620/3620 1872/1872
f 1872/1872 3620/3620 3618/3618
f 3620/3620 3621/3621 3618/3618
f 3381/3381 3382/3382 3383/3383
f 3382/3382 3384/3384 3383/3383
f 3386/3386 3384/3384 3622/3622
f 3384/3384 3382/3382 3622/3622
f 3622/3622 3382/3382 3380/3380
f 3392/3392 3390/3390 3622/3622
f 3390/3390 3388/3388 3622/3622
f 3622/3622 3388/3388 3386/3386
f 3380/3380 3402/3402 3622/3622
f 3402/3402 3400/3400 3622/3622
f 3622/3622 3400/3400 3398/3398
f 3398/3398 3396/3396 3622/3622
f 3396/3396 3394/3394 3622/3622
f 3622/3622 3394/3394 3392/3392
f 3393/3393 3394/3394 3395/3395
f 3394/3394 3396/3396 3395/3395
f 3623/3623 3624/3624 3625/3625
f 3624/3624 3626/3626 3625/3625
f 3624/3624 3623/3623 3627/3627
f 3623/3623 3628/3628 3627/3627
f 3627/3627 3628/3628 3629/3629
f 3628/3628 3630/3630 3629/3629
f 3629/3629 3630/3630 3631/3631
f 3630/3630 3632/3632 3631/3631
f 3631/3631 3632/3632 3633/3633
f 3632/3632 3634/3634 3633/3633
f 3633/3633 3634/3634 3635/3635
f 3634/3634 3636/3636 3635/3635
f 3635/3635 3636/3636 3637/3637
f 3636/3636 3638/3638 3637/3637
f 3637/3637 3638/3638 3639/3639
f 3638/3638 3640/3640 3639/3639
f 3641/3641 3642/3642 3643/3643
f 3642/3642 3644/3644 3643/3643
f 3642/3642 3641/3641 3645/3645
f 3641/3641 3646/3646 3645/3645
f 3645/3645 3646/3646 3647/3647
f 3646/3646 3648/3648 3647/3647
f 3647/3647 3648/3648 3649/3649
f 3648/3648 3650/3650 3649/3649
f 3649/3649 3650/3650 3651/3651
f 3650/3650 3652/3652 3651/3651
f 3651/3651 3652/3652 3653/3653
f 3652/3652 3654/3654 3653/3653
f 3653/3653 3654/3654 3655/3655
f 3654/3654 3656/3656 3655/3655
f 3655/3655 3656/3656 3657/3657
f 3656/3656 3658/3658 3657/3657
f 2025/2025 3185/3185 2021/2021
f 3185/3185 3212/3212 2021/2021
f 2021/2021 3212/3212 2022/2022
f 3170/3170 3169/3169 1995/1995
f 3169/3169 1993/1993 1995/1995
f 1995/1995 1993/1993 1992/1992
f 3659/3659 3660/3660 3661/3661
f 3660/3660 2855/2855 3661/3661
f 3661/3661 2855/2855 2854/2854
f 1905/1905 1892/1892 3662/3662
f 1892/1892 1895/1895 3662/3662
f 3662/3662 1895/1895 2877/2877
f 3663/3663 3664/3664 3665/3665
f 3664/3664 3666/3666 3665/3665
f 3665/3665 3666/3666 3667/3667
f 3668/3668 3669/3669 3670/3670
f 3669/3669 3333/3333 3670/3670
f 3670/3670 3333/3333 3334/3334
f 3671/3671 3672/3672 3673/3673
f 3672/3672 3674/3674 3673/3673
f 3673/3673 3674/3674 3675/3675
f 3168/3168 3167/3167 1961/1961
f 3167/3167 1963/1963 1961/1961
f 1961/1961 1963/1963 1960/1960
f 3676/3676 3677/3677 3678/3678
f 3677/3677 2003/2003 3678/3678
f 3678/3678 2003/2003 2005/2005
f 3679/3679 3680/3680 3678/3678
f 3678/3678 3680/3680 3676/3676
f 3680/3680 3681/3681 3676/3676
f 3676/3676 3681/3681 3682/3682
f 3681/3681 3683/3683 3682/3682
f 3682/3682 3683/3683 3684/3684
f 3685/3685 3686/3686 3687/3687
f 3686/3686 2002/2002 3687/3687
f 3687/3687 2002/2002 2001/2001
f 3688/3688 3686/3686 3689/3689
f 3686/3686 3685/3685 3689/3689
f 3689/3689 3685/3685 3690/3690
f 3690/3690 3685/3685 3691/3691
f 3685/3685 3692/3692 3691/3691
f 3691/3691 3692/3692 3693/3693
f 3694/3694 2749/2749 3695/3695
f 2749/2749 2751/2751 3695/3695
f 3695/3695 2751/2751 3696/3696
f 2751/2751 2745/2745 3696/3696
f 2193/2193 2192/2192 1597/1597
f 1597/1597 2192/2192 1598/1598
f 2192/2192 2191/2191 1598/1598
f 1598/1598 2191/2191 1600/1600
f 2484/2484 2532/2532 2509/2509
f 2509/2509 2532/2532 3697/3697
f 2532/2532 2533/2533 3697/3697
f 3697/3697 2533/2533 2536/2536
f 2711/2711 2712/2712 3698/3698
f 2712/2712 2871/2871 3698/3698
f 3698/3698 2871/2871 2775/2775
f 2871/2871 2872/2872 2775/2775
f 2518/2518 2577/2577 2507/2507
f 2507/2507 2577/2577 2558/2558
f 2577/2577 2576/2576 2558/2558
f 2558/2558 2576/2576 2559/2559
f 2535/2535 2538/2538 2537/2537
f 2537/2537 2538/2538 3699/3699
f 2538/2538 2483/2483 3699/3699
f 3699/3699 2483/2483 2508/2508
f 2629/2629 2631/2631 3700/3700
f 3700/3700 2631/2631 3701/3701
f 2631/2631 2624/2624 3701/3701
f 3701/3701 2624/2624 2622/2622
f 3700/3700 3702/3702 2629/2629
f 2629/2629 3702/3702 2644/2644
f 3702/3702 2625/2625 2644/2644
f 2644/2644 2625/2625 2626/2626
f 3453/3453 3703/3703 3451/3451
f 3451/3451 3703/3703 3520/3520
f 3703/3703 3546/3546 3520/3520
f 3520/3520 3546/3546 3516/3516
f 3229/3229 3232/3232 3704/3704
f 3232/3232 3705/3705 3704/3704
f 3704/3704 3705/3705 3239/3239
f 3705/3705 3238/3238 3239/3239
f 3232/3232 3233/3233 3705/3705
f 3233/3233 3706/3706 3705/3705
f 3705/3705 3706/3706 3238/3238
f 3706/3706 3237/3237 3238/3238
f 3229/3229 3704/3704 3227/3227
f 3227/3227 3704/3704 2054/2054
f 3704/3704 3239/3239 2054/2054
f 2054/2054 3239/3239 3242/3242
f 2381/2381 2726/2726 2380/2380
f 2726/2726 3707/3707 2380/2380
f 2380/2380 3707/3707 2317/2317
f 3707/3707 2682/2682 2317/2317
f 2775/2775 2774/2774 3698/3698
f 2774/2774 2847/2847 3698/3698
f 3698/3698 2847/2847 2711/2711
f 2847/2847 2848/2848 2711/2711
f 3708/3708 3709/3709 3710/3710
f 3709/3709 3711/3711 3710/3710
f 3710/3710 3711/3711 3327/3327
f 3711/3711 3328/3328 3327/3327
f 3712/3712 3713/3713 3714/3714
f 3714/3714 3713/3713 3715/3715
f 3713/3713 3716/3716 3715/3715
f 3716/3716 3717/3717 3715/3715
f 3715/3715 3717/3717 3718/3718
f 3717/3717 3719/3719 3718/3718
f 3718/3718 3719/3719 3708/3708
f 3719/3719 3720/3720 3708/3708
f 3708/3708 3720/3720 3709/3709
f 2341/2341 2682/2682 3535/3535
f 2682/2682 3707/3707 3535/3535
f 3535/3535 3707/3707 2316/2316
f 3707/3707 2726/2726 2316/2316
f 2725/2725 2882/2882 3721/3721
f 2882/2882 3264/3264 3721/3721
f 3721/3721 3264/3264 2683/2683
f 3264/3264 2318/2318 2683/2683
f 2913/2913 2912/2912 3578/3578
f 3578/3578 2912/2912 3722/3722
f 2912/2912 2903/2903 3722/3722
f 3722/3722 2903/2903 3723/3723
f 2939/2939 2964/2964 2942/2942
f 2942/2942 2964/2964 3724/3724
f 2964/2964 3159/3159 3724/3724
f 3724/3724 3159/3159 3725/3725
f 1625/1625 2943/2943 1628/1628
f 2943/2943 2942/2942 1628/1628
f 1628/1628 2942/2942 1630/1630
f 2942/2942 3724/3724 1630/1630
f 3724/3724 3725/3725 1630/1630
f 1630/1630 3725/3725 1631/1631
f 2888/2888 2908/2908 1622/1622
f 2908/2908 2943/2943 1622/1622
f 1622/1622 2943/2943 1621/1621
f 2943/2943 1625/1625 1621/1621
f 2954/2954 3094/3094 2952/2952
f 2952/2952 3094/3094 2997/2997
f 3094/3094 3095/3095 2997/2997
f 2997/2997 3095/3095 3132/3132
f 3545/3545 3726/3726 3515/3515
f 3515/3515 3726/3726 3566/3566
f 3726/3726 3454/3454 3566/3566
f 3566/3566 3454/3454 3452/3452
f 2710/2710 2709/2709 2842/2842
f 2709/2709 3727/3727 2842/2842
f 2842/2842 3727/3727 2841/2841
f 3727/3727 2777/2777 2841/2841
f 2406/2406 2404/2404 2421/2421
f 2421/2421 2404/2404 2423/2423
f 2404/2404 2403/2403 2423/2423
f 2423/2423 2403/2403 2418/2418
f 3121/3121 3728/3728 3123/3123
f 3123/3123 3728/3728 2902/2902
f 3728/3728 3723/3723 2902/2902
f 2902/2902 3723/3723 2903/2903
f 3085/3085 3092/3092 1994/1994
f 3092/3092 3022/3022 1994/1994
f 1994/1994 3022/3022 1995/1995
f 3022/3022 3021/3021 1995/1995
f 2289/2289 3729/3729 2291/2291
f 2291/2291 3729/3729 3730/3730
f 3729/3729 3731/3731 3730/3730
f 3730/3730 3731/3731 3732/3732
f 1981/1981 1984/1984 3107/3107
f 3107/3107 1984/1984 3733/3733
f 1984/1984 1944/1944 3733/3733
f 3733/3733 1944/1944 1953/1953
f 2281/2281 3734/3734 1731/1731
f 1731/1731 3734/3734 1734/1734
f 3734/3734 3735/3735 1734/1734
f 1734/1734 3735/3735 2310/2310
f 3072/3072 3080/3080 3073/3073
f 3080/3080 1962/1962 3073/3073
f 3073/3073 1962/1962 3074/3074
f 1962/1962 1963/1963 3074/3074
f 3736/3736 3737/3737 3738/3738
f 3737/3737 3739/3739 3738/3738
f 3739/3739 3740/3740 3738/3738
f 3738/3738 3740/3740 3741/3741
f 3742/3742 3743/3743 3744/3744
f 3743/3743 3745/3745 3744/3744
f 3744/3744 3745/3745 3665/3665
f 3745/3745 3746/3746 3665/3665
f 3747/3747 3748/3748 3749/3749
f 3748/3748 3750/3750 3749/3749
f 3749/3749 3750/3750 3285/3285
f 3750/3750 3284/3284 3285/3285
f 3751/3751 3742/3742 3752/3752
f 3742/3742 3744/3744 3752/3752
f 3752/3752 3744/3744 3667/3667
f 3744/3744 3665/3665 3667/3667
f 3753/3753 3754/3754 3667/3667
f 3754/3754 3755/3755 3667/3667
f 3667/3667 3755/3755 3752/3752
f 3755/3755 3756/3756 3752/3752
f 3752/3752 3756/3756 3751/3751
f 3756/3756 3757/3757 3751/3751
f 3751/3751 3757/3757 3758/3758
f 3757/3757 3759/3759 3758/3758
f 2325/2325 2326/2326 3760/3760
f 2326/2326 2330/2330 3760/3760
f 3760/3760 2330/2330 2696/2696
f 2330/2330 2332/2332 2696/2696
f 3761/3761 3762/3762 3763/3763
f 3762/3762 3764/3764 3763/3763
f 3764/3764 3765/3765 3763/3763
f 3763/3763 3765/3765 3766/3766
f 3767/3767 3768/3768 3769/3769
f 3768/3768 3770/3770 3769/3769
f 3769/3769 3770/3770 2294/2294
f 3770/3770 2295/2295 2294/2294
f 3771/3771 3772/3772 3773/3773
f 3772/3772 3774/3774 3773/3773
f 3773/3773 3774/3774 3606/3606
f 3774/3774 3607/3607 3606/3606
f 3316/3316 2721/2721 3775/3775
f 2721/2721 2722/2722 3775/3775
f 3775/3775 2722/2722 2769/2769
f 2722/2722 2719/2719 2769/2769
f 2449/2449 2455/2455 2450/2450
f 2455/2455 3776/3776 2450/2450
f 2450/2450 3776/3776 2452/2452
f 3776/3776 2460/2460 2452/2452
f 2683/2683 2342/2342 3721/3721
f 2342/2342 2353/2353 3721/3721
f 3721/3721 2353/2353 2725/2725
f 2353/2353 2315/2315 2725/2725
f 2290/2290 2291/2291 3777/3777
f 2291/2291 3730/3730 3777/3777
f 3777/3777 3730/3730 3767/3767
f 3730/3730 3732/3732 3767/3767
f 2776/2776 2777/2777 2867/2867
f 2777/2777 3727/3727 2867/2867
f 2867/2867 3727/3727 2852/2852
f 3727/3727 2709/2709 2852/2852
f 3602/3602 3604/3604 3778/3778
f 3778/3778 3604/3604 3779/3779
f 3604/3604 3780/3780 3779/3779
f 3779/3779 3780/3780 3781/3781
f 3604/3604 3605/3605 3780/3780
f 3605/3605 3782/3782 3780/3780
f 3780/3780 3782/3782 3781/3781
f 3782/3782 3772/3772 3781/3781
f 3783/3783 3746/3746 3784/3784
f 3746/3746 3745/3745 3784/3784
f 3784/3784 3745/3745 3785/3785
f 3745/3745 3743/3743 3785/3785
f 3562/3562 1727/1727 1722/1722
f 1722/1722 1727/1727 3786/3786
f 3786/3786 1727/1727 3787/3787
f 1727/1727 2754/2754 3787/3787
f 3786/3786 3787/3787 3600/3600
f 3600/3600 3787/3787 3788/3788
f 3788/3788 3787/3787 3789/3789
f 3787/3787 3790/3790 3789/3789
f 3789/3789 3790/3790 3791/3791
f 3790/3790 3792/3792 3791/3791
f 3791/3791 3792/3792 2739/2739
f 2739/2739 3792/3792 3793/3793
f 3792/3792 2744/2744 3793/3793
f 2744/2744 1887/1887 3793/3793
f 1887/1887 2815/2815 3793/3793
f 3793/3793 2815/2815 1881/1881
f 3794/3794 3795/3795 2132/2132
f 2132/2132 3795/3795 2131/2131
f 3795/3795 3796/3796 2131/2131
f 3796/3796 3797/3797 2131/2131
f 2131/2131 3797/3797 2119/2119
f 3798/3798 3799/3799 2170/2170
f 2170/2170 3799/3799 2169/2169
f 3799/3799 3800/3800 2169/2169
f 3800/3800 3801/3801 2169/2169
f 2169/2169 3801/3801 2157/2157
f 3802/3802 3612/3612 3803/3803
f 3612/3612 3804/3804 3803/3803
f 3803/3803 3804/3804 3805/3805
f 3805/3805 3804/3804 3806/3806
f 3804/3804 3807/3807 3806/3806
f 3808/3808 3809/3809 3810/3810
f 3809/3809 3811/3811 3810/3810
f 3810/3810 3811/3811 3812/3812
f 3811/3811 3813/3813 3812/3812
f 3814/3814 3815/3815 3812/3812
f 3812/3812 3815/3815 3810/3810
f 3815/3815 3816/3816 3810/3810
f 3810/3810 3816/3816 3808/3808
f 3816/3816 3817/3817 3808/3808
f 3808/3808 3817/3817 3818/3818
f 2137/2137 3819/3819 2135/2135
f 3819/3819 3820/3820 2135/2135
f 3820/3820 3456/3456 2135/2135
f 2135/2135 3456/3456 2134/2134
f 3456/3456 3821/3821 2134/2134
f 2175/2175 3822/3822 2173/2173
f 3822/3822 3823/3823 2173/2173
f 3823/3823 3505/3505 2173/2173
f 2173/2173 3505/3505 2172/2172
f 3505/3505 3824/3824 2172/2172
f 3825/3825 3826/3826 3827/3827
f 3827/3827 3826/3826 3828/3828
f 3826/3826 3829/3829 3828/3828
f 3828/3828 3829/3829 3830/3830
f 3829/3829 3831/3831 3830/3830
f 3830/3830 3831/3831 3832/3832
f 3833/3833 3834/3834 3825/3825
f 3825/3825 3834/3834 3826/3826
f 3834/3834 3835/3835 3826/3826
f 3826/3826 3835/3835 3829/3829
f 3835/3835 3836/3836 3829/3829
f 3829/3829 3836/3836 3831/3831
f 3837/3837 3838/3838 3833/3833
f 3833/3833 3838/3838 3834/3834
f 3838/3838 3839/3839 3834/3834
f 3834/3834 3839/3839 3835/3835
f 3839/3839 3840/3840 3835/3835
f 3835/3835 3840/3840 3836/3836
f 3841/3841 3842/3842 3837/3837
f 3837/3837 3842/3842 3838/3838
f 3842/3842 3843/3843 3838/3838
f 3838/3838 3843/3843 3839/3839
f 3843/3843 3844/3844 3839/3839
f 3839/3839 3844/3844 3840/3840
f 3845/3845 3846/3846 3841/3841
f 3841/3841 3846/3846 3842/3842
f 3846/3846 3847/3847 3842/3842
f 3842/3842 3847/3847 3843/3843
f 3847/3847 3848/3848 3843/3843
f 3843/3843 3848/3848 3844/3844
f 3444/3444 2139/2139 3442/3442
f 3442/3442 2139/2139 3849/3849
f 3849/3849 2139/2139 3850/3850
f 2139/2139 3851/3851 3850/3850
f 3851/3851 3852/3852 3850/3850
f 3850/3850 3852/3852 3853/3853
f 1882/1882 3854/3854 3590/3590
f 3854/3854 3855/3855 3590/3590
f 3590/3590 3855/3855 3856/3856
f 3856/3856 3855/3855 2426/2426
f 3855/3855 3857/3857 2426/2426
f 2426/2426 3857/3857 1782/1782
f 2427/2427 3858/3858 2426/2426
f 3858/3858 3859/3859 2426/2426
f 3859/3859 3860/3860 2426/2426
f 2426/2426 3860/3860 3856/3856
f 3860/3860 3861/3861 3856/3856
f 3856/3856 3861/3861 3590/3590
f 3590/3590 3861/3861 3588/3588
f 3861/3861 3862/3862 3588/3588
f 3863/3863 3864/3864 3865/3865
f 3865/3865 3864/3864 3866/3866
f 3864/3864 3867/3867 3866/3866
f 3866/3866 3867/3867 3868/3868
f 3867/3867 3869/3869 3868/3868
f 3868/3868 3869/3869 3870/3870
f 3871/3871 3872/3872 3863/3863
f 3863/3863 3872/3872 3864/3864
f 3872/3872 3873/3873 3864/3864
f 3864/3864 3873/3873 3867/3867
f 3873/3873 3874/3874 3867/3867
f 3867/3867 3874/3874 3869/3869
f 3865/3865 3866/3866 3845/3845
f 3845/3845 3866/3866 3846/3846
f 3866/3866 3868/3868 3846/3846
f 3846/3846 3868/3868 3847/3847
f 3868/3868 3870/3870 3847/3847
f 3847/3847 3870/3870 3848/3848
f 3875/3875 3876/3876 3877/3877
f 3876/3876 3878/3878 3877/3877
f 3877/3877 3878/3878 3820/3820
f 3878/3878 2145/2145 3820/3820
f 2145/2145 2147/2147 3820/3820
f 3820/3820 2147/2147 3456/3456
f 3879/3879 3463/3463 3880/3880
f 3463/3463 3464/3464 3880/3880
f 3880/3880 3464/3464 3881/3881
f 3464/3464 3465/3465 3881/3881
f 3465/3465 3433/3433 3881/3881
f 3881/3881 3433/3433 3882/3882
f 3883/3883 3884/3884 3885/3885
f 3884/3884 3886/3886 3885/3885
f 3885/3885 3886/3886 3823/3823
f 3886/3886 2183/2183 3823/3823
f 2183/2183 2185/2185 3823/3823
f 3823/3823 2185/2185 3505/3505
f 3887/3887 3512/3512 3888/3888
f 3512/3512 3513/3513 3888/3888
f 3888/3888 3513/3513 3889/3889
f 3513/3513 3514/3514 3889/3889
f 3514/3514 3484/3484 3889/3889
f 3889/3889 3484/3484 3890/3890
f 3891/3891 3892/3892 3893/3893
f 3893/3893 3892/3892 3894/3894
f 3892/3892 3895/3895 3894/3894
f 3894/3894 3895/3895 3896/3896
f 3895/3895 3897/3897 3896/3896
f 3896/3896 3897/3897 3898/3898
f 3899/3899 3900/3900 3871/3871
f 3871/3871 3900/3900 3872/3872
f 3900/3900 3901/3901 3872/3872
f 3872/3872 3901/3901 3873/3873
f 3901/3901 3902/3902 3873/3873
f 3873/3873 3902/3902 3874/3874
f 3214/3214 3213/3213 3224/3224
f 3224/3224 3213/3213 3221/3221
f 3213/3213 3215/3215 3221/3221
f 3221/3221 3215/3215 3220/3220
f 3215/3215 3216/3216 3220/3220
f 3220/3220 3216/3216 3219/3219
f 3495/3495 2177/2177 3493/3493
f 3493/3493 2177/2177 3903/3903
f 3903/3903 2177/2177 3904/3904
f 2177/2177 3905/3905 3904/3904
f 3905/3905 3906/3906 3904/3904
f 3904/3904 3906/3906 3907/3907
f 3908/3908 3909/3909 3891/3891
f 3891/3891 3909/3909 3892/3892
f 3909/3909 3910/3910 3892/3892
f 3892/3892 3910/3910 3895/3895
f 3910/3910 3911/3911 3895/3895
f 3895/3895 3911/3911 3897/3897
f 3243/3243 3245/3245 3251/3251
f 3251/3251 3245/3245 3252/3252
f 3245/3245 3248/3248 3252/3252
f 3252/3252 3248/3248 3254/3254
f 3248/3248 3249/3249 3254/3254
f 3254/3254 3249/3249 3253/3253
f 3827/3827 3828/3828 3908/3908
f 3908/3908 3828/3828 3909/3909
f 3828/3828 3830/3830 3909/3909
f 3909/3909 3830/3830 3910/3910
f 3830/3830 3832/3832 3910/3910
f 3910/3910 3832/3832 3911/3911
f 3802/3802 3912/3912 3612/3612
f 3612/3612 3912/3912 3611/3611
f 3611/3611 3912/3912 3913/3913
f 3913/3913 3912/3912 3914/3914
f 3912/3912 3915/3915 3914/3914
f 3915/3915 2272/2272 3914/3914
f 3914/3914 2272/2272 2271/2271
f 3612/3612 1719/1719 3804/3804
f 1719/1719 1710/1710 3804/3804
f 3804/3804 1710/1710 3807/3807
f 1710/1710 1716/1716 3807/3807
f 3807/3807 1716/1716 3916/3916
f 3916/3916 1716/1716 3917/3917
f 3917/3917 1716/1716 3918/3918
f 1716/1716 3919/3919 3918/3918
f 2172/2172 3920/3920 2170/2170
f 2170/2170 3920/3920 3921/3921
f 3921/3921 3920/3920 3922/3922
f 3920/3920 3490/3490 3922/3922
f 3490/3490 3489/3489 3922/3922
f 3922/3922 3489/3489 3923/3923
f 3489/3489 3924/3924 3923/3923
f 3923/3923 3924/3924 3925/3925
f 2134/2134 3926/3926 2132/2132
f 2132/2132 3926/3926 3927/3927
f 3927/3927 3926/3926 3928/3928
f 3926/3926 3439/3439 3928/3928
f 3439/3439 3438/3438 3928/3928
f 3928/3928 3438/3438 3929/3929
f 3438/3438 3930/3930 3929/3929
f 3929/3929 3930/3930 3931/3931
f 3038/3038 3036/3036 3932/3932
f 3036/3036 3933/3933 3932/3932
f 3932/3932 3933/3933 3934/3934
f 3933/3933 3935/3935 3934/3934
f 3934/3934 3935/3935 3936/3936
f 3935/3935 3937/3937 3936/3936
f 3936/3936 3937/3937 2678/2678
f 3937/3937 2676/2676 2678/2678
f 3036/3036 3600/3600 3933/3933
f 3600/3600 3788/3788 3933/3933
f 3933/3933 3788/3788 3935/3935
f 3788/3788 3789/3789 3935/3935
f 3935/3935 3789/3789 3937/3937
f 3789/3789 3791/3791 3937/3937
f 3937/3937 3791/3791 2676/2676
f 3791/3791 2739/2739 2676/2676
f 3938/3938 3939/3939 3940/3940
f 3939/3939 3941/3941 3940/3940
f 3940/3940 3941/3941 3942/3942
f 3942/3942 3941/3941 3943/3943
f 3943/3943 3941/3941 3944/3944
f 3944/3944 3941/3941 3945/3945
f 3941/3941 3939/3939 3945/3945
f 3945/3945 3939/3939 3946/3946
f 3947/3947 3660/3660 2780/2780
f 3660/3660 3659/3659 2780/2780
f 3659/3659 3948/3948 2780/2780
f 2780/2780 3948/3948 2779/2779
f 3948/3948 3949/3949 2779/2779
f 3949/3949 3950/3950 2779/2779
f 2779/2779 3950/3950 3619/3619
f 3619/3619 3950/3950 3620/3620
f 3950/3950 3951/3951 3620/3620
f 3530/3530 1861/1861 2991/2991
f 1861/1861 1860/1860 2991/2991
f 1860/1860 1847/1847 2991/2991
f 2991/2991 1847/1847 2993/2993
f 1847/1847 1848/1848 2993/2993
f 2993/2993 1848/1848 2995/2995
f 1848/1848 1842/1842 2995/2995
f 2995/2995 1842/1842 2932/2932
f 1842/1842 1843/1843 2932/2932
f 3952/3952 3953/3953 3785/3785
f 3953/3953 3954/3954 3785/3785
f 3954/3954 3813/3813 3785/3785
f 3785/3785 3813/3813 3784/3784
f 3813/3813 3811/3811 3784/3784
f 3784/3784 3811/3811 3783/3783
f 3811/3811 3809/3809 3783/3783
f 3809/3809 3955/3955 3783/3783
f 3955/3955 3956/3956 3783/3783
f 3783/3783 3956/3956 3957/3957
f 3412/3412 3958/3958 3414/3414
f 3958/3958 3959/3959 3414/3414
f 3414/3414 3959/3959 3416/3416
f 3959/3959 3960/3960 3416/3416
f 3416/3416 3960/3960 3418/3418
f 3960/3960 3961/3961 3418/3418
f 3418/3418 3961/3961 3420/3420
f 3961/3961 3962/3962 3420/3420
f 3420/3420 3962/3962 2866/2866
f 3962/3962 3963/3963 2866/2866
f 3958/3958 3412/3412 3964/3964
f 3412/3412 3410/3410 3964/3964
f 3964/3964 3410/3410 3965/3965
f 3410/3410 3408/3408 3965/3965
f 3965/3965 3408/3408 3966/3966
f 3408/3408 3406/3406 3966/3966
f 3966/3966 3406/3406 3967/3967
f 3406/3406 3404/3404 3967/3967
f 3967/3967 3404/3404 3968/3968
f 3404/3404 2861/2861 3968/3968
f 3968/3968 2861/2861 3969/3969
f 2861/2861 2859/2859 3969/3969
f 3969/3969 2859/2859 3963/3963
f 2859/2859 2866/2866 3963/3963
f 3762/3762 3970/3970 3971/3971
f 3971/3971 3970/3970 3972/3972
f 3970/3970 3973/3973 3972/3972
f 3972/3972 3973/3973 3974/3974
f 3973/3973 3975/3975 3974/3974
f 3974/3974 3975/3975 3976/3976
f 3975/3975 3977/3977 3976/3976
f 3976/3976 3977/3977 3978/3978
f 3977/3977 3979/3979 3978/3978
f 3978/3978 3979/3979 3980/3980
f 3979/3979 3368/3368 3980/3980
f 3980/3980 3368/3368 3367/3367
f 3736/3736 3981/3981 3982/3982
f 3982/3982 3981/3981 3983/3983
f 3981/3981 3984/3984 3983/3983
f 3983/3983 3984/3984 3985/3985
f 3984/3984 3986/3986 3985/3985
f 3985/3985 3986/3986 3987/3987
f 3986/3986 3988/3988 3987/3987
f 3987/3987 3988/3988 3989/3989
f 3988/3988 3990/3990 3989/3989
f 3989/3989 3990/3990 3377/3377
f 3990/3990 3991/3991 3377/3377
f 3377/3377 3991/3991 3378/3378
f 2102/2102 2104/2104 3992/3992
f 2104/2104 3993/3993 3992/3992
f 3992/3992 3993/3993 3994/3994
f 3993/3993 3995/3995 3994/3994
f 3994/3994 3995/3995 3996/3996
f 3995/3995 3997/3997 3996/3996
f 3996/3996 3997/3997 3998/3998
f 3997/3997 3999/3999 3998/3998
f 3998/3998 3999/3999 4000/4000
f 3999/3999 4001/4001 4000/4000
f 4000/4000 4001/4001 2092/2092
f 4001/4001 2088/2088 2092/2092
f 2092/2092 2088/2088 2087/2087
f 4002/4002 4003/4003 4004/4004
f 4002/4002 4005/4005 4003/4003
f 4002/4002 4004/4004 4006/4006
f 4002/4002 4006/4006 4007/4007
f 4002/4002 4008/4008 4009/4009
f 4002/4002 4010/4010 4008/4008
f 4002/4002 4011/4011 4010/4010
f 4002/4002 4012/4012 4011/4011
f 4013/4013 4014/4014 4015/4015
f 4016/4016 4017/4017 4018/4018
f 4017/4017 4016/4016 4019/4019
f 4016/4016 4020/4020 4019/4019
f 4021/4021 4022/4022 4023/4023
f 4024/4024 4025/4025 4026/4026
f 4026/4026 4027/4027 4024/4024
f 4028/4028 4027/4027 4029/4029
f 4027/4027 4026/4026 4029/4029
f 4030/4030 4031/4031 4026/4026
f 4031/4031 4029/4029 4026/4026
f 4032/4032 4033/4033 4034/4034
f 4035/4035 4036/4036 4034/4034
f 4036/4036 4032/4032 4034/4034
f 4037/4037 4038/4038 4034/4034
f 4038/4038 4035/4035 4034/4034
f 4031/4031 4037/4037 4033/4033
f 4037/4037 4034/4034 4033/4033
f 4037/4037 4039/4039 4038/4038
f 4039/4039 4040/4040 4038/4038
f 4035/4035 4041/4041 4036/4036
f 4042/4042 4043/4043 4044/4044
f 4044/4044 4045/4045 4042/4042
f 4046/4046 4045/4045 4047/4047
f 4045/4045 4044/4044 4047/4047
f 4048/4048 4049/4049 4043/4043
f 4049/4049 4044/4044 4043/4043
f 4049/4049 4050/4050 4044/4044
f 4050/4050 4047/4047 4044/4044
f 4051/4051 4052/4052 4053/4053
f 4054/4054 4055/4055 4052/4052
f 4052/4052 4051/4051 4054/4054
f 4056/4056 4057/4057 4052/4052
f 4057/4057 4053/4053 4052/4052
f 4050/4050 4056/4056 4055/4055
f 4056/4056 4052/4052 4055/4055
f 4056/4056 4058/4058 4057/4057
f 4058/4058 4059/4059 4057/4057
f 4053/4053 4060/4060 4051/4051
f 4061/4061 4062/4062 4063/4063
f 4063/4063 4064/4064 4061/4061
f 4065/4065 4064/4064 4066/4066
f 4064/4064 4063/4063 4066/4066
f 4067/4067 4068/4068 4063/4063
f 4068/4068 4066/4066 4063/4063
f 4069/4069 4070/4070 4071/4071
f 4072/4072 4073/4073 4071/4071
f 4073/4073 4074/4074 4071/4071
f 4068/4068 4072/4072 4070/4070
f 4072/4072 4071/4071 4070/4070
f 4072/4072 4075/4075 4073/4073
f 4075/4075 4076/4076 4073/4073
f 4074/4074 4077/4077 4078/4078
f 4079/4079 4080/4080 4081/4081
f 4082/4082 4083/4083 4084/4084
f 4083/4083 4085/4085 4084/4084
f 4084/4084 4085/4085 4086/4086
f 4085/4085 4087/4087 4086/4086
f 4086/4086 4087/4087 4088/4088
f 4087/4087 4019/4019 4088/4088
f 4019/4019 4020/4020 4088/4088
f 4020/4020 4081/4081 4088/4088
f 4088/4088 4081/4081 4089/4089
f 4081/4081 4080/4080 4089/4089
f 4089/4089 4080/4080 4090/4090
f 4080/4080 4091/4091 4090/4090
f 4090/4090 4091/4091 4092/4092
f 4091/4091 4093/4093 4092/4092
f 4092/4092 4093/4093 4094/4094
f 4093/4093 4095/4095 4094/4094
f 4096/4096 4097/4097 4098/4098
f 4097/4097 4099/4099 4098/4098
f 4099/4099 4094/4094 4098/4098
f 4098/4098 4094/4094 4100/4100
f 4094/4094 4095/4095 4100/4100
f 4099/4099 4097/4097 4101/4101
f 4097/4097 4102/4102 4101/4101
f 4101/4101 4102/4102 4103/4103
f 4102/4102 4104/4104 4103/4103
f 4103/4103 4104/4104 4105/4105
f 4104/4104 4106/4106 4105/4105
f 4106/4106 4107/4107 4105/4105
f 4107/4107 4108/4108 4105/4105
f 4105/4105 4108/4108 4109/4109
f 4109/4109 4108/4108 4110/4110
f 4108/4108 4111/4111 4110/4110
f 4097/4097 4096/4096 4015/4015
f 4096/4096 4013/4013 4015/4015
f 4112/4112 4113/4113 4114/4114
f 4113/4113 4115/4115 4114/4114
f 4093/4093 4116/4116 4095/4095
f 4116/4116 4014/4014 4095/4095
f 4022/4022 4117/4117 4023/4023
f 4117/4117 4118/4118 4023/4023
f 4091/4091 4119/4119 4093/4093
f 4119/4119 4116/4116 4093/4093
f 4080/4080 4018/4018 4091/4091
f 4018/4018 4119/4119 4091/4091
f 4087/4087 4120/4120 4019/4019
f 4120/4120 4017/4017 4019/4019
f 4121/4121 4090/4090 4122/4122
f 4090/4090 4092/4092 4122/4122
f 4085/4085 4114/4114 4087/4087
f 4114/4114 4120/4120 4087/4087
f 4123/4123 4030/4030 4025/4025
f 4030/4030 4026/4026 4025/4025
f 4124/4124 4089/4089 4121/4121
f 4089/4089 4090/4090 4121/4121
f 4125/4125 4126/4126 4049/4049
f 4126/4126 4050/4050 4049/4049
f 4125/4125 4049/4049 4127/4127
f 4049/4049 4048/4048 4127/4127
f 4125/4125 4128/4128 4126/4126
f 4128/4128 4129/4129 4126/4126
f 4056/4056 4050/4050 4058/4058
f 4050/4050 4130/4130 4058/4058
f 4059/4059 4058/4058 4131/4131
f 4058/4058 4132/4132 4131/4131
f 4127/4127 4133/4133 4125/4125
f 4133/4133 4128/4128 4125/4125
f 4132/4132 4058/4058 4134/4134
f 4058/4058 4130/4130 4134/4134
f 4135/4135 4136/4136 4022/4022
f 4136/4136 4117/4117 4022/4022
f 4137/4137 4138/4138 4067/4067
f 4138/4138 4068/4068 4067/4067
f 4137/4137 4067/4067 4139/4139
f 4067/4067 4140/4140 4139/4139
f 4137/4137 4141/4141 4138/4138
f 4141/4141 4142/4142 4138/4138
f 4072/4072 4068/4068 4075/4075
f 4068/4068 4143/4143 4075/4075
f 4022/4022 4021/4021 4106/4106
f 4021/4021 4107/4107 4106/4106
f 4139/4139 4144/4144 4137/4137
f 4144/4144 4141/4141 4137/4137
f 4145/4145 4075/4075 4146/4146
f 4075/4075 4143/4143 4146/4146
f 4076/4076 4075/4075 4147/4147
f 4075/4075 4145/4145 4147/4147
f 4074/4074 4078/4078 4071/4071
f 4078/4078 4069/4069 4071/4071
f 4148/4148 4149/4149 4030/4030
f 4149/4149 4031/4031 4030/4030
f 4148/4148 4030/4030 4150/4150
f 4030/4030 4123/4123 4150/4150
f 4149/4149 4148/4148 4151/4151
f 4148/4148 4152/4152 4151/4151
f 4037/4037 4031/4031 4039/4039
f 4031/4031 4153/4153 4039/4039
f 4040/4040 4039/4039 4154/4154
f 4039/4039 4155/4155 4154/4154
f 4148/4148 4150/4150 4152/4152
f 4150/4150 4156/4156 4152/4152
f 4039/4039 4153/4153 4155/4155
f 4153/4153 4157/4157 4155/4155
f 4083/4083 4112/4112 4085/4085
f 4112/4112 4114/4114 4085/4085
f 4116/4116 4158/4158 4014/4014
f 4158/4158 4159/4159 4014/4014
f 4080/4080 4079/4079 4018/4018
f 4079/4079 4016/4016 4018/4018
f 4014/4014 4013/4013 4095/4095
f 4013/4013 4100/4100 4095/4095
f 4140/4140 4067/4067 4062/4062
f 4067/4067 4063/4063 4062/4062
f 4005/4005 4002/4002 4158/4158
f 4002/4002 4009/4009 4158/4158
f 4007/4007 4160/4160 4002/4002
f 4160/4160 4012/4012 4002/4002
f 4161/4161 4088/4088 4124/4124
f 4088/4088 4089/4089 4124/4124
f 4162/4162 4086/4086 4161/4161
f 4086/4086 4088/4088 4161/4161
f 4163/4163 4084/4084 4162/4162
f 4084/4084 4086/4086 4162/4162
f 4164/4164 4082/4082 4163/4163
f 4082/4082 4084/4084 4163/4163
f 4165/4165 4105/4105 4166/4166
f 4105/4105 4109/4109 4166/4166
f 4167/4167 4103/4103 4165/4165
f 4103/4103 4105/4105 4165/4165
f 4168/4168 4101/4101 4167/4167
f 4101/4101 4103/4103 4167/4167
f 4169/4169 4099/4099 4168/4168
f 4099/4099 4101/4101 4168/4168
f 4170/4170 4094/4094 4169/4169
f 4094/4094 4099/4099 4169/4169
f 4119/4119 4171/4171 4116/4116
f 4171/4171 4158/4158 4116/4116
f 4122/4122 4092/4092 4170/4170
f 4092/4092 4094/4094 4170/4170
f 4104/4104 4135/4135 4106/4106
f 4135/4135 4022/4022 4106/4106
f 4102/4102 4172/4172 4104/4104
f 4172/4172 4135/4135 4104/4104
f 4017/4017 4173/4173 4018/4018
f 4173/4173 4174/4174 4018/4018
f 4120/4120 4175/4175 4017/4017
f 4175/4175 4173/4173 4017/4017
f 4097/4097 4015/4015 4102/4102
f 4015/4015 4172/4172 4102/4102
f 4114/4114 4115/4115 4120/4120
f 4115/4115 4175/4175 4120/4120
f 4172/4172 4176/4176 4135/4135
f 4176/4176 4136/4136 4135/4135
f 4015/4015 4177/4177 4172/4172
f 4177/4177 4176/4176 4172/4172
f 4018/4018 4174/4174 4119/4119
f 4174/4174 4171/4171 4119/4119
f 4014/4014 4159/4159 4015/4015
f 4159/4159 4177/4177 4015/4015
f 4110/4110 4111/4111 4023/4023
f 4111/4111 4021/4021 4023/4023
f 4178/4178 4170/4170 4179/4179
f 4170/4170 4169/4169 4179/4179
f 4179/4179 4169/4169 4180/4180
f 4169/4169 4168/4168 4180/4180
f 4180/4180 4168/4168 4181/4181
f 4168/4168 4167/4167 4181/4181
f 4181/4181 4167/4167 4182/4182
f 4167/4167 4165/4165 4182/4182
f 4182/4182 4165/4165 4183/4183
f 4165/4165 4166/4166 4183/4183
f 4170/4170 4178/4178 4122/4122
f 4178/4178 4184/4184 4122/4122
f 4122/4122 4184/4184 4121/4121
f 4184/4184 4185/4185 4121/4121
f 4121/4121 4185/4185 4124/4124
f 4185/4185 4186/4186 4124/4124
f 4124/4124 4186/4186 4161/4161
f 4186/4186 4187/4187 4161/4161
f 4161/4161 4187/4187 4162/4162
f 4187/4187 4188/4188 4162/4162
f 4162/4162 4188/4188 4163/4163
f 4188/4188 4189/4189 4163/4163
f 4163/4163 4189/4189 4164/4164
f 4189/4189 4190/4190 4164/4164
f 4232/4232 4233/4233 4234/4234
f 4235/4235 4236/4236 4237/4237
f 4236/4236 4238/4238 4237/4237
f 4239/4239 4240/4240 4241/4241
f 4240/4240 4242/4242 4241/4241
f 4243/4243 4244/4244 4245/4245
f 4244/4244 4246/4246 4245/4245
f 4247/4247 4246/4246 4248/4248
f 4246/4246 4244/4244 4248/4248
f 4249/4249 4248/4248 4250/4250
f 4248/4248 4244/4244 4250/4250
f 4251/4251 4246/4246 4252/4252
f 4246/4246 4247/4247 4252/4252
f 4253/4253 4247/4247 4254/4254
f 4247/4247 4248/4248 4254/4254
f 4255/4255 4256/4256 4257/4257
f 4256/4256 4258/4258 4257/4257
f 4259/4259 4260/4260 4261/4261
f 4260/4260 4262/4262 4261/4261
f 4263/4263 4264/4264 4265/4265
f 4264/4264 4260/4260 4265/4265
f 4266/4266 4267/4267 4268/4268
f 4267/4267 4264/4264 4268/4268
f 4269/4269 4262/4262 4270/4270
f 4262/4262 4267/4267 4270/4270
f 4260/4260 4264/4264 4262/4262
f 4264/4264 4267/4267 4262/4262
f 4271/4271 4272/4272 4273/4273
f 4272/4272 4274/4274 4273/4273
f 4272/4272 4275/4275 4274/4274
f 4275/4275 4276/4276 4274/4274
f 4277/4277 4278/4278 4279/4279
f 4278/4278 4280/4280 4279/4279
f 4278/4278 4281/4281 4280/4280
f 4281/4281 4282/4282 4280/4280
f 4283/4283 4284/4284 4285/4285
f 4284/4284 4286/4286 4285/4285
f 4284/4284 4287/4287 4286/4286
f 4287/4287 4288/4288 4286/4286
f 4287/4287 4289/4289 4288/4288
f 4289/4289 4290/4290 4288/4288
f 4291/4291 4292/4292 4293/4293
f 4292/4292 4294/4294 4293/4293
f 4295/4295 4296/4296 4297/4297
f 4296/4296 4298/4298 4297/4297
f 4299/4299 4300/4300 4301/4301
f 4300/4300 4302/4302 4301/4301
f 4300/4300 4291/4291 4302/4302
f 4291/4291 4293/4293 4302/4302
f 4303/4303 4304/4304 4291/4291
f 4304/4304 4292/4292 4291/4291
f 4305/4305 4306/4306 4295/4295
f 4306/4306 4296/4296 4295/4295
f 4307/4307 4308/4308 4299/4299
f 4308/4308 4300/4300 4299/4299
f 4308/4308 4303/4303 4300/4300
f 4303/4303 4291/4291 4300/4300
f 4309/4309 4310/4310 4303/4303
f 4310/4310 4304/4304 4303/4303
f 4311/4311 4312/4312 4305/4305
f 4312/4312 4313/4313 4305/4305
f 4312/4312 4314/4314 4313/4313
f 4314/4314 4315/4315 4313/4313
f 4314/4314 4316/4316 4315/4315
f 4316/4316 4308/4308 4315/4315
f 4316/4316 4309/4309 4308/4308
f 4309/4309 4303/4303 4308/4308
f 4317/4317 4318/4318 4309/4309
f 4318/4318 4310/4310 4309/4309
f 4319/4319 4320/4320 4311/4311
f 4320/4320 4321/4321 4311/4311
f 4320/4320 4322/4322 4321/4321
f 4322/4322 4323/4323 4321/4321
f 4322/4322 4324/4324 4323/4323
f 4324/4324 4316/4316 4323/4323
f 4324/4324 4317/4317 4316/4316
f 4317/4317 4309/4309 4316/4316
f 4325/4325 4326/4326 4327/4327
f 4326/4326 4328/4328 4327/4327
f 4326/4326 4329/4329 4328/4328
f 4329/4329 4330/4330 4328/4328
f 4329/4329 4331/4331 4330/4330
f 4331/4331 4332/4332 4330/4330
f 4333/4333 4334/4334 4335/4335
f 4334/4334 4336/4336 4335/4335
f 4337/4337 4338/4338 4339/4339
f 4338/4338 4340/4340 4339/4339
f 4341/4341 4342/4342 4343/4343
f 4342/4342 4344/4344 4343/4343
f 4342/4342 4333/4333 4344/4344
f 4333/4333 4335/4335 4344/4344
f 4345/4345 4346/4346 4333/4333
f 4346/4346 4334/4334 4333/4333
f 4347/4347 4348/4348 4337/4337
f 4348/4348 4338/4338 4337/4337
f 4349/4349 4350/4350 4341/4341
f 4350/4350 4342/4342 4341/4341
f 4350/4350 4345/4345 4342/4342
f 4345/4345 4333/4333 4342/4342
f 4351/4351 4352/4352 4345/4345
f 4352/4352 4346/4346 4345/4345
f 4353/4353 4354/4354 4347/4347
f 4354/4354 4355/4355 4347/4347
f 4354/4354 4356/4356 4355/4355
f 4356/4356 4357/4357 4355/4355
f 4356/4356 4358/4358 4357/4357
f 4358/4358 4350/4350 4357/4357
f 4358/4358 4351/4351 4350/4350
f 4351/4351 4345/4345 4350/4350
f 4359/4359 4360/4360 4351/4351
f 4360/4360 4352/4352 4351/4351
f 4361/4361 4362/4362 4353/4353
f 4362/4362 4363/4363 4353/4353
f 4362/4362 4364/4364 4363/4363
f 4364/4364 4365/4365 4363/4363
f 4364/4364 4366/4366 4365/4365
f 4366/4366 4358/4358 4365/4365
f 4366/4366 4359/4359 4358/4358
f 4359/4359 4351/4351 4358/4358
f 4367/4367 4368/4368 4369/4369
f 4368/4368 4370/4370 4369/4369
f 4368/4368 4371/4371 4370/4370
f 4371/4371 4372/4372 4370/4370
f 4373/4373 4374/4374 4375/4375
f 4374/4374 4376/4376 4375/4375
f 4374/4374 4377/4377 4376/4376
f 4377/4377 4378/4378 4376/4376
f 4379/4379 4380/4380 4381/4381
f 4380/4380 4382/4382 4381/4381
f 4383/4383 4384/4384 4385/4385
f 4384/4384 4386/4386 4385/4385
f 4387/4387 4383/4383 4388/4388
f 4383/4383 4385/4385 4388/4388
f 4389/4389 4390/4390 4391/4391
f 4390/4390 4392/4392 4391/4391
f 4393/4393 4386/4386 4394/4394
f 4386/4386 4384/4384 4394/4394
f 4392/4392 4395/4395 4391/4391
f 4395/4395 4396/4396 4391/4391
f 4395/4395 4381/4381 4396/4396
f 4381/4381 4397/4397 4396/4396
f 4398/4398 4399/4399 4400/4400
f 4399/4399 4401/4401 4400/4400
f 4402/4402 4258/4258 4403/4403
f 4258/4258 4256/4256 4403/4403
f 4404/4404 4403/4403 4405/4405
f 4403/4403 4256/4256 4405/4405
f 4406/4406 4258/4258 4407/4407
f 4258/4258 4402/4402 4407/4407
f 4408/4408 4402/4402 4409/4409
f 4402/4402 4403/4403 4409/4409
f 4410/4410 4411/4411 4412/4412
f 4411/4411 4413/4413 4412/4412
f 4411/4411 4414/4414 4413/4413
f 4414/4414 4415/4415 4413/4413
f 4414/4414 4416/4416 4415/4415
f 4416/4416 4417/4417 4415/4415
f 4416/4416 4418/4418 4417/4417
f 4418/4418 4419/4419 4417/4417
f 4420/4420 4421/4421 4422/4422
f 4421/4421 4423/4423 4422/4422
f 4424/4424 4425/4425 4426/4426
f 4425/4425 4421/4421 4426/4426
f 4427/4427 4423/4423 4428/4428
f 4423/4423 4429/4429 4428/4428
f 4421/4421 4425/4425 4423/4423
f 4425/4425 4429/4429 4423/4423
f 4430/4430 4429/4429 4431/4431
f 4429/4429 4425/4425 4431/4431
f 4432/4432 4433/4433 4434/4434
f 4433/4433 4435/4435 4434/4434
f 4436/4436 4437/4437 4438/4438
f 4437/4437 4439/4439 4438/4438
f 4440/4440 4441/4441 4442/4442
f 4441/4441 4443/4443 4442/4442
f 4433/4433 4440/4440 4435/4435
f 4440/4440 4442/4442 4435/4435
f 4444/4444 4445/4445 4432/4432
f 4445/4445 4433/4433 4432/4432
f 4446/4446 4447/4447 4436/4436
f 4447/4447 4437/4437 4436/4436
f 4448/4448 4449/4449 4440/4440
f 4449/4449 4441/4441 4440/4440
f 4445/4445 4448/4448 4433/4433
f 4448/4448 4440/4440 4433/4433
f 4450/4450 4451/4451 4444/4444
f 4451/4451 4445/4445 4444/4444
f 4452/4452 4453/4453 4454/4454
f 4453/4453 4447/4447 4454/4454
f 4455/4455 4452/4452 4456/4456
f 4452/4452 4454/4454 4456/4456
f 4457/4457 4455/4455 4448/4448
f 4455/4455 4456/4456 4448/4448
f 4451/4451 4457/4457 4445/4445
f 4457/4457 4448/4448 4445/4445
f 4458/4458 4459/4459 4450/4450
f 4459/4459 4451/4451 4450/4450
f 4460/4460 4461/4461 4462/4462
f 4461/4461 4453/4453 4462/4462
f 4463/4463 4460/4460 4464/4464
f 4460/4460 4462/4462 4464/4464
f 4465/4465 4463/4463 4457/4457
f 4463/4463 4464/4464 4457/4457
f 4459/4459 4465/4465 4451/4451
f 4465/4465 4457/4457 4451/4451
f 4466/4466 4467/4467 4468/4468
f 4467/4467 4469/4469 4468/4468
f 4470/4470 4471/4471 4472/4472
f 4471/4471 4473/4473 4472/4472
f 4474/4474 4475/4475 4476/4476
f 4475/4475 4477/4477 4476/4476
f 4467/4467 4474/4474 4469/4469
f 4474/4474 4476/4476 4469/4469
f 4478/4478 4479/4479 4466/4466
f 4479/4479 4467/4467 4466/4466
f 4480/4480 4481/4481 4470/4470
f 4481/4481 4471/4471 4470/4470
f 4482/4482 4483/4483 4474/4474
f 4483/4483 4475/4475 4474/4474
f 4479/4479 4482/4482 4467/4467
f 4482/4482 4474/4474 4467/4467
f 4484/4484 4412/4412 4478/4478
f 4412/4412 4479/4479 4478/4478
f 4485/4485 4419/4419 4486/4486
f 4419/4419 4481/4481 4486/4486
f 4487/4487 4485/4485 4488/4488
f 4485/4485 4486/4486 4488/4488
f 4413/4413 4487/4487 4482/4482
f 4487/4487 4488/4488 4482/4482
f 4412/4412 4413/4413 4479/4479
f 4413/4413 4482/4482 4479/4479
f 4489/4489 4410/4410 4484/4484
f 4410/4410 4412/4412 4484/4484
f 4490/4490 4491/4491 4492/4492
f 4491/4491 4493/4493 4492/4492
f 4494/4494 4495/4495 4496/4496
f 4495/4495 4497/4497 4496/4496
f 4495/4495 4498/4498 4497/4497
f 4498/4498 4499/4499 4497/4497
f 4500/4500 4501/4501 4502/4502
f 4501/4501 4503/4503 4502/4502
f 4496/4496 4504/4504 4494/4494
f 4504/4504 4505/4505 4494/4494
f 4506/4506 4502/4502 4507/4507
f 4502/4502 4503/4503 4507/4507
f 4493/4493 4506/4506 4508/4508
f 4506/4506 4507/4507 4508/4508
f 4509/4509 4510/4510 4511/4511
f 4510/4510 4512/4512 4511/4511
f 4513/4513 4514/4514 4515/4515
f 4514/4514 4516/4516 4515/4515
f 4515/4515 4516/4516 4517/4517
f 4516/4516 4518/4518 4517/4517
f 4517/4517 4518/4518 4519/4519
f 4518/4518 4520/4520 4519/4519
f 4519/4519 4520/4520 4521/4521
f 4520/4520 4522/4522 4521/4521
f 4522/4522 4523/4523 4521/4521
f 4521/4521 4523/4523 4524/4524
f 4523/4523 4525/4525 4524/4524
f 4524/4524 4525/4525 4526/4526
f 4525/4525 4509/4509 4526/4526
f 4526/4526 4509/4509 4511/4511
f 4527/4527 4528/4528 4529/4529
f 4528/4528 4530/4530 4529/4529
f 4531/4531 4532/4532 4533/4533
f 4533/4533 4532/4532 4534/4534
f 4532/4532 4535/4535 4534/4534
f 4534/4534 4535/4535 4536/4536
f 4535/4535 4537/4537 4536/4536
f 4536/4536 4537/4537 4538/4538
f 4537/4537 4539/4539 4538/4538
f 4538/4538 4539/4539 4540/4540
f 4539/4539 4541/4541 4540/4540
f 4540/4540 4541/4541 4542/4542
f 4541/4541 4543/4543 4542/4542
f 4542/4542 4543/4543 4544/4544
f 4543/4543 4527/4527 4544/4544
f 4544/4544 4527/4527 4529/4529
f 4545/4545 4546/4546 4547/4547
f 4546/4546 4548/4548 4547/4547
f 4549/4549 4550/4550 4551/4551
f 4551/4551 4550/4550 4552/4552
f 4550/4550 4553/4553 4552/4552
f 4552/4552 4553/4553 4554/4554
f 4553/4553 4555/4555 4554/4554
f 4554/4554 4555/4555 4556/4556
f 4555/4555 4557/4557 4556/4556
f 4556/4556 4557/4557 4558/4558
f 4557/4557 4559/4559 4558/4558
f 4558/4558 4559/4559 4560/4560
f 4559/4559 4561/4561 4560/4560
f 4560/4560 4561/4561 4562/4562
f 4561/4561 4545/4545 4562/4562
f 4562/4562 4545/4545 4547/4547
f 4563/4563 4564/4564 4565/4565
f 4564/4564 4566/4566 4565/4565
f 4567/4567 4568/4568 4569/4569
f 4569/4569 4568/4568 4570/4570
f 4568/4568 4571/4571 4570/4570
f 4570/4570 4571/4571 4572/4572
f 4571/4571 4573/4573 4572/4572
f 4572/4572 4573/4573 4574/4574
f 4573/4573 4575/4575 4574/4574
f 4574/4574 4575/4575 4576/4576
f 4575/4575 4577/4577 4576/4576
f 4576/4576 4577/4577 4578/4578
f 4577/4577 4579/4579 4578/4578
f 4578/4578 4579/4579 4580/4580
f 4579/4579 4563/4563 4580/4580
f 4580/4580 4563/4563 4565/4565
f 4581/4581 4582/4582 4583/4583
f 4582/4582 4584/4584 4583/4583
f 4585/4585 4586/4586 4587/4587
f 4587/4587 4586/4586 4588/4588
f 4586/4586 4589/4589 4588/4588
f 4588/4588 4589/4589 4590/4590
f 4589/4589 4591/4591 4590/4590
f 4590/4590 4591/4591 4592/4592
f 4591/4591 4593/4593 4592/4592
f 4592/4592 4593/4593 4594/4594
f 4593/4593 4595/4595 4594/4594
f 4594/4594 4595/4595 4596/4596
f 4595/4595 4597/4597 4596/4596
f 4596/4596 4597/4597 4598/4598
f 4597/4597 4581/4581 4598/4598
f 4598/4598 4581/4581 4583/4583
f 4599/4599 4600/4600 4601/4601
f 4600/4600 4602/4602 4601/4601
f 4599/4599 4601/4601 4603/4603
f 4601/4601 4604/4604 4603/4603
f 4604/4604 4605/4605 4603/4603
f 4603/4603 4605/4605 4606/4606
f 4606/4606 4605/4605 4607/4607
f 4605/4605 4608/4608 4607/4607
f 4607/4607 4608/4608 4609/4609
f 4608/4608 4610/4610 4609/4609
f 4610/4610 4611/4611 4609/4609
f 4609/4609 4611/4611 4612/4612
f 4612/4612 4611/4611 4613/4613
f 4611/4611 4614/4614 4613/4613
f 4614/4614 4615/4615 4613/4613
f 4615/4615 4616/4616 4613/4613
f 4617/4617 4618/4618 4619/4619
f 4618/4618 4620/4620 4619/4619
f 4617/4617 4619/4619 4621/4621
f 4619/4619 4622/4622 4621/4621
f 4622/4622 4623/4623 4621/4621
f 4621/4621 4623/4623 4624/4624
f 4624/4624 4623/4623 4625/4625
f 4623/4623 4626/4626 4625/4625
f 4626/4626 4627/4627 4625/4625
f 4625/4625 4627/4627 4628/4628
f 4628/4628 4627/4627 4629/4629
f 4627/4627 4630/4630 4629/4629
f 4630/4630 4631/4631 4629/4629
f 4629/4629 4631/4631 4632/4632
f 4632/4632 4631/4631 4633/4633
f 4631/4631 4634/4634 4633/4633
f 4635/4635 4636/4636 4637/4637
f 4636/4636 4638/4638 4637/4637
f 4635/4635 4637/4637 4639/4639
f 4637/4637 4640/4640 4639/4639
f 4640/4640 4641/4641 4639/4639
f 4639/4639 4641/4641 4642/4642
f 4642/4642 4641/4641 4643/4643
f 4641/4641 4644/4644 4643/4643
f 4644/4644 4645/4645 4643/4643
f 4643/4643 4645/4645 4646/4646
f 4646/4646 4645/4645 4647/4647
f 4645/4645 4648/4648 4647/4647
f 4648/4648 4649/4649 4647/4647
f 4647/4647 4649/4649 4650/4650
f 4650/4650 4649/4649 4651/4651
f 4649/4649 4652/4652 4651/4651
f 4653/4653 4654/4654 4655/4655
f 4654/4654 4656/4656 4655/4655
f 4653/4653 4655/4655 4657/4657
f 4655/4655 4658/4658 4657/4657
f 4658/4658 4659/4659 4657/4657
f 4657/4657 4659/4659 4660/4660
f 4660/4660 4659/4659 4661/4661
f 4659/4659 4662/4662 4661/4661
f 4662/4662 4663/4663 4661/4661
f 4661/4661 4663/4663 4664/4664
f 4664/4664 4663/4663 4665/4665
f 4663/4663 4666/4666 4665/4665
f 4666/4666 4667/4667 4665/4665
f 4665/4665 4667/4667 4668/4668
f 4668/4668 4667/4667 4669/4669
f 4667/4667 4670/4670 4669/4669
f 4671/4671 4672/4672 4673/4673
f 4672/4672 4674/4674 4673/4673
f 4671/4671 4673/4673 4675/4675
f 4673/4673 4676/4676 4675/4675
f 4676/4676 4677/4677 4675/4675
f 4675/4675 4677/4677 4678/4678
f 4678/4678 4677/4677 4679/4679
f 4677/4677 4680/4680 4679/4679
f 4680/4680 4681/4681 4679/4679
f 4679/4679 4681/4681 4682/4682
f 4682/4682 4681/4681 4683/4683
f 4681/4681 4684/4684 4683/4683
f 4684/4684 4685/4685 4683/4683
f 4683/4683 4685/4685 4686/4686
f 4686/4686 4685/4685 4687/4687
f 4685/4685 4688/4688 4687/4687
f 4689/4689 4690/4690 4691/4691
f 4690/4690 4692/4692 4691/4691
f 4689/4689 4691/4691 4693/4693
f 4691/4691 4694/4694 4693/4693
f 4694/4694 4695/4695 4693/4693
f 4693/4693 4695/4695 4696/4696
f 4696/4696 4695/4695 4697/4697
f 4695/4695 4698/4698 4697/4697
f 4697/4697 4698/4698 4699/4699
f 4698/4698 4700/4700 4699/4699
f 4700/4700 4701/4701 4699/4699
f 4699/4699 4701/4701 4702/4702
f 4702/4702 4701/4701 4703/4703
f 4701/4701 4704/4704 4703/4703
f 4704/4704 4705/4705 4703/4703
f 4705/4705 4706/4706 4703/4703
f 4707/4707 4233/4233 4708/4708
f 4233/4233 4232/4232 4708/4708
f 4232/4232 4239/4239 4708/4708
f 4708/4708 4239/4239 4241/4241
f 4233/4233 4709/4709 4234/4234
f 4709/4709 4710/4710 4234/4234
f 4234/4234 4710/4710 4238/4238
f 4710/4710 4237/4237 4238/4238
f 4281/4281 4711/4711 4282/4282
f 4282/4282 4711/4711 4712/4712
f 4711/4711 4271/4271 4712/4712
f 4712/4712 4271/4271 4273/4273
f 4377/4377 4713/4713 4378/4378
f 4378/4378 4713/4713 4714/4714
f 4713/4713 4367/4367 4714/4714
f 4714/4714 4367/4367 4369/4369
f 4472/4472 4477/4477 4470/4470
f 4477/4477 4475/4475 4470/4470
f 4470/4470 4475/4475 4480/4480
f 4475/4475 4483/4483 4480/4480
f 4715/4715 4716/4716 4717/4717
f 4716/4716 4718/4718 4717/4717
f 4717/4717 4718/4718 4504/4504
f 4718/4718 4505/4505 4504/4504
f 4379/4379 4381/4381 4719/4719
f 4381/4381 4395/4395 4719/4719
f 4719/4719 4395/4395 4388/4388
f 4395/4395 4387/4387 4388/4388
f 4438/4438 4443/4443 4436/4436
f 4443/4443 4441/4441 4436/4436
f 4436/4436 4441/4441 4446/4446
f 4441/4441 4449/4449 4446/4446
f 4301/4301 4298/4298 4299/4299
f 4298/4298 4296/4296 4299/4299
f 4299/4299 4296/4296 4307/4307
f 4296/4296 4306/4306 4307/4307
f 4720/4720 4721/4721 4722/4722
f 4721/4721 4723/4723 4722/4722
f 4722/4722 4723/4723 4394/4394
f 4723/4723 4393/4393 4394/4394
f 4493/4493 4491/4491 4506/4506
f 4491/4491 4724/4724 4506/4506
f 4506/4506 4724/4724 4498/4498
f 4724/4724 4499/4499 4498/4498
f 4343/4343 4340/4340 4341/4341
f 4340/4340 4338/4338 4341/4341
f 4341/4341 4338/4338 4349/4349
f 4338/4338 4348/4348 4349/4349
f 4725/4725 4726/4726 4727/4727
f 4727/4727 4726/4726 4728/4728
f 4726/4726 4729/4729 4728/4728
f 4728/4728 4729/4729 4730/4730
f 4729/4729 4332/4332 4730/4730
f 4730/4730 4332/4332 4331/4331
f 4731/4731 4732/4732 4733/4733
f 4732/4732 4734/4734 4733/4733
f 4733/4733 4734/4734 4735/4735
f 4734/4734 4736/4736 4735/4735
f 4736/4736 4737/4737 4735/4735
f 4735/4735 4737/4737 4738/4738
f 4739/4739 4740/4740 4741/4741
f 4740/4740 4742/4742 4741/4741
f 4741/4741 4742/4742 4743/4743
f 4742/4742 4744/4744 4743/4743
f 4744/4744 4745/4745 4743/4743
f 4743/4743 4745/4745 4746/4746
f 4747/4747 4748/4748 4749/4749
f 4748/4748 4682/4682 4749/4749
f 4749/4749 4682/4682 4750/4750
f 4682/4682 4683/4683 4750/4750
f 4683/4683 4751/4751 4750/4750
f 4750/4750 4751/4751 4752/4752
f 4753/4753 4754/4754 4755/4755
f 4754/4754 4684/4684 4755/4755
f 4755/4755 4684/4684 4756/4756
f 4684/4684 4681/4681 4756/4756
f 4681/4681 4757/4757 4756/4756
f 4756/4756 4757/4757 4758/4758
f 4759/4759 4760/4760 4761/4761
f 4761/4761 4760/4760 4762/4762
f 4760/4760 4763/4763 4762/4762
f 4762/4762 4763/4763 4764/4764
f 4763/4763 4765/4765 4764/4764
f 4764/4764 4765/4765 4766/4766
f 4761/4761 4767/4767 4759/4759
f 4759/4759 4767/4767 4768/4768
f 4767/4767 4769/4769 4768/4768
f 4768/4768 4769/4769 4770/4770
f 4769/4769 4771/4771 4770/4770
f 4770/4770 4771/4771 4772/4772
f 4773/4773 4774/4774 4775/4775
f 4774/4774 4702/4702 4775/4775
f 4775/4775 4702/4702 4776/4776
f 4776/4776 4702/4702 4777/4777
f 4702/4702 4778/4778 4777/4777
f 4777/4777 4778/4778 4779/4779
f 4780/4780 4781/4781 4782/4782
f 4782/4782 4781/4781 4783/4783
f 4781/4781 4611/4611 4783/4783
f 4783/4783 4611/4611 4784/4784
f 4611/4611 4785/4785 4784/4784
f 4784/4784 4785/4785 4786/4786
f 4787/4787 4788/4788 4789/4789
f 4788/4788 4612/4612 4789/4789
f 4789/4789 4612/4612 4790/4790
f 4790/4790 4612/4612 4791/4791
f 4612/4612 4792/4792 4791/4791
f 4791/4791 4792/4792 4793/4793
f 4794/4794 4795/4795 4796/4796
f 4795/4795 4797/4797 4796/4796
f 4796/4796 4797/4797 4798/4798
f 4798/4798 4797/4797 4799/4799
f 4797/4797 4800/4800 4799/4799
f 4799/4799 4800/4800 4801/4801
f 4802/4802 4803/4803 4804/4804
f 4803/4803 4628/4628 4804/4804
f 4804/4804 4628/4628 4805/4805
f 4628/4628 4629/4629 4805/4805
f 4629/4629 4806/4806 4805/4805
f 4805/4805 4806/4806 4807/4807
f 4808/4808 4809/4809 4810/4810
f 4809/4809 4630/4630 4810/4810
f 4810/4810 4630/4630 4811/4811
f 4630/4630 4627/4627 4811/4811
f 4627/4627 4812/4812 4811/4811
f 4811/4811 4812/4812 4813/4813
f 4814/4814 4815/4815 4816/4816
f 4816/4816 4815/4815 4817/4817
f 4817/4817 4815/4815 4818/4818
f 4815/4815 4819/4819 4818/4818
f 4819/4819 4820/4820 4818/4818
f 4818/4818 4820/4820 4821/4821
f 4822/4822 4823/4823 4824/4824
f 4824/4824 4823/4823 4825/4825
f 4825/4825 4823/4823 4826/4826
f 4823/4823 4827/4827 4826/4826
f 4827/4827 4828/4828 4826/4826
f 4826/4826 4828/4828 4829/4829
f 4379/4379 4719/4719 4830/4830
f 4830/4830 4719/4719 4831/4831
f 4831/4831 4719/4719 4832/4832
f 4719/4719 4833/4833 4832/4832
f 4833/4833 4834/4834 4832/4832
f 4832/4832 4834/4834 4835/4835
f 4836/4836 4837/4837 4491/4491
f 4491/4491 4837/4837 4724/4724
f 4724/4724 4837/4837 4838/4838
f 4837/4837 4839/4839 4838/4838
f 4839/4839 4840/4840 4838/4838
f 4838/4838 4840/4840 4841/4841
f 4842/4842 4843/4843 4844/4844
f 4843/4843 4845/4845 4844/4844
f 4844/4844 4845/4845 4846/4846
f 4845/4845 4847/4847 4846/4846
f 4847/4847 4848/4848 4846/4846
f 4846/4846 4848/4848 4849/4849
f 4850/4850 4851/4851 4852/4852
f 4851/4851 4853/4853 4852/4852
f 4852/4852 4853/4853 4854/4854
f 4853/4853 4855/4855 4854/4854
f 4855/4855 4856/4856 4854/4854
f 4854/4854 4856/4856 4857/4857
f 4858/4858 4859/4859 4860/4860
f 4859/4859 4646/4646 4860/4860
f 4860/4860 4646/4646 4861/4861
f 4646/4646 4647/4647 4861/4861
f 4647/4647 4862/4862 4861/4861
f 4861/4861 4862/4862 4863/4863
f 4864/4864 4865/4865 4866/4866
f 4865/4865 4648/4648 4866/4866
f 4866/4866 4648/4648 4867/4867
f 4648/4648 4645/4645 4867/4867
f 4645/4645 4868/4868 4867/4867
f 4867/4867 4868/4868 4869/4869
f 4870/4870 4871/4871 4872/4872
f 4871/4871 4664/4664 4872/4872
f 4872/4872 4664/4664 4873/4873
f 4664/4664 4665/4665 4873/4873
f 4665/4665 4874/4874 4873/4873
f 4873/4873 4874/4874 4875/4875
f 4876/4876 4877/4877 4878/4878
f 4877/4877 4666/4666 4878/4878
f 4878/4878 4666/4666 4879/4879
f 4666/4666 4663/4663 4879/4879
f 4663/4663 4880/4880 4879/4879
f 4879/4879 4880/4880 4881/4881
f 4882/4882 4883/4883 4884/4884
f 4884/4884 4883/4883 4885/4885
f 4883/4883 4886/4886 4885/4885
f 4885/4885 4886/4886 4887/4887
f 4886/4886 4888/4888 4887/4887
f 4887/4887 4888/4888 4889/4889
f 4890/4890 4891/4891 4892/4892
f 4891/4891 4893/4893 4892/4892
f 4892/4892 4893/4893 4894/4894
f 4894/4894 4893/4893 4895/4895
f 4893/4893 4896/4896 4895/4895
f 4895/4895 4896/4896 4897/4897
f 4898/4898 4899/4899 4900/4900
f 4900/4900 4899/4899 4901/4901
f 4899/4899 4701/4701 4901/4901
f 4901/4901 4701/4701 4902/4902
f 4701/4701 4903/4903 4902/4902
f 4902/4902 4903/4903 4904/4904
f 4905/4905 4906/4906 4907/4907
f 4906/4906 4908/4908 4907/4907
f 4907/4907 4908/4908 4909/4909
f 4908/4908 4910/4910 4909/4909
f 4909/4909 4910/4910 4513/4513
f 4910/4910 4514/4514 4513/4513
f 4911/4911 4912/4912 4913/4913
f 4913/4913 4912/4912 4914/4914
f 4912/4912 4915/4915 4914/4914
f 4914/4914 4915/4915 4916/4916
f 4915/4915 4917/4917 4916/4916
f 4916/4916 4917/4917 4918/4918
f 4400/4400 4919/4919 4398/4398
f 4398/4398 4919/4919 4920/4920
f 4919/4919 4921/4921 4920/4920
f 4920/4920 4921/4921 4922/4922
f 4921/4921 4512/4512 4922/4922
f 4922/4922 4512/4512 4510/4510
f 4923/4923 4924/4924 4925/4925
f 4925/4925 4924/4924 4926/4926
f 4924/4924 4927/4927 4926/4926
f 4926/4926 4927/4927 4928/4928
f 4927/4927 4290/4290 4928/4928
f 4928/4928 4290/4290 4289/4289
f 4929/4929 4930/4930 4931/4931
f 4930/4930 4932/4932 4931/4931
f 4932/4932 4744/4744 4931/4931
f 4931/4931 4744/4744 4734/4734
f 4734/4734 4744/4744 4736/4736
f 4744/4744 4742/4742 4736/4736
f 4742/4742 4933/4933 4736/4736
f 4736/4736 4933/4933 4934/4934
f 4934/4934 4933/4933 4935/4935
f 4933/4933 4936/4936 4935/4935
f 4937/4937 4938/4938 4939/4939
f 4938/4938 4940/4940 4939/4939
f 4940/4940 4855/4855 4939/4939
f 4939/4939 4855/4855 4845/4845
f 4845/4845 4855/4855 4847/4847
f 4855/4855 4853/4853 4847/4847
f 4853/4853 4941/4941 4847/4847
f 4847/4847 4941/4941 4942/4942
f 4942/4942 4941/4941 4943/4943
f 4941/4941 4944/4944 4943/4943
f 4945/4945 4946/4946 4947/4947
f 4946/4946 4948/4948 4947/4947
f 4947/4947 4948/4948 4949/4949
f 4948/4948 4950/4950 4949/4949
f 4950/4950 4951/4951 4949/4949
f 4951/4951 4952/4952 4949/4949
f 4949/4949 4952/4952 4953/4953
f 4952/4952 4954/4954 4953/4953
f 4954/4954 4955/4955 4953/4953
f 4955/4955 4956/4956 4953/4953
f 4953/4953 4956/4956 4957/4957
f 4956/4956 4958/4958 4957/4957
f 4957/4957 4958/4958 4959/4959
f 4960/4960 4961/4961 4962/4962
f 4961/4961 4963/4963 4962/4962
f 4964/4964 4965/4965 4966/4966
f 4965/4965 4967/4967 4966/4966
f 4965/4965 4964/4964 4968/4968
f 4964/4964 4969/4969 4968/4968
f 4968/4968 4969/4969 4970/4970
f 4969/4969 4971/4971 4970/4970
f 4970/4970 4971/4971 4972/4972
f 4971/4971 4973/4973 4972/4972
f 4972/4972 4973/4973 4974/4974
f 4973/4973 4975/4975 4974/4974
f 4974/4974 4975/4975 4976/4976
f 4975/4975 4977/4977 4976/4976
f 4976/4976 4977/4977 4978/4978
f 4977/4977 4979/4979 4978/4978
f 4978/4978 4979/4979 4980/4980
f 4979/4979 4981/4981 4980/4980
f 4982/4982 4983/4983 4984/4984
f 4983/4983 4985/4985 4984/4984
f 4985/4985 4986/4986 4984/4984
f 4984/4984 4986/4986 4987/4987
f 4988/4988 4989/4989 4990/4990
f 4989/4989 4991/4991 4990/4990
f 4991/4991 4992/4992 4990/4990
f 4990/4990 4992/4992 4993/4993
f 4994/4994 4995/4995 4996/4996
f 4996/4996 4995/4995 4997/4997
f 4997/4997 4995/4995 4998/4998
f 4995/4995 4999/4999 4998/4998
f 4999/4999 5000/5000 4998/4998
f 4998/4998 5000/5000 5001/5001
f 5002/5002 5003/5003 5004/5004
f 5004/5004 5003/5003 5005/5005
f 5003/5003 5006/5006 5005/5005
f 5006/5006 5007/5007 5005/5005
f 5007/5007 5008/5008 5005/5005
f 5005/5005 5008/5008 5009/5009
f 5010/5010 5011/5011 5012/5012
f 5012/5012 5011/5011 5013/5013
f 5013/5013 5011/5011 5014/5014
f 5011/5011 5015/5015 5014/5014
f 5015/5015 5016/5016 5014/5014
f 5014/5014 5016/5016 5017/5017
f 5018/5018 5019/5019 5020/5020
f 5019/5019 5021/5021 5020/5020
f 5021/5021 5022/5022 5020/5020
f 5020/5020 5022/5022 5023/5023
f 5022/5022 5024/5024 5023/5023
f 5024/5024 5025/5025 5023/5023
f 5025/5025 5026/5026 5023/5023
f 5023/5023 5026/5026 5027/5027
f 5028/5028 5029/5029 5030/5030
f 5030/5030 5029/5029 5031/5031
f 5031/5031 5029/5029 5032/5032
f 5032/5032 5029/5029 5033/5033
f 5029/5029 5034/5034 5033/5033
f 5033/5033 5034/5034 5035/5035
f 5034/5034 5036/5036 5035/5035
f 5035/5035 5036/5036 5037/5037
f 5038/5038 5039/5039 5040/5040
f 5040/5040 5039/5039 4963/4963
f 5039/5039 5018/5018 4963/4963
f 4963/4963 5018/5018 4962/4962
f 5018/5018 5020/5020 4962/4962
f 5020/5020 5041/5041 4962/4962
f 5041/5041 5042/5042 4962/4962
f 4962/4962 5042/5042 5043/5043
f 5044/5044 5045/5045 5046/5046
f 5047/5047 5045/5045 5044/5044
f 5046/5046 5045/5045 5048/5048
f 5048/5048 5045/5045 5049/5049
f 5050/5050 5045/5045 5051/5051
f 5052/5052 5045/5045 5050/5050
f 5053/5053 5045/5045 5052/5052
f 5054/5054 5045/5045 5053/5053
f 5055/5055 5056/5056 5057/5057
f 5058/5058 5059/5059 5060/5060
f 5061/5061 5062/5062 5063/5063
f 5064/5064 5065/5065 5062/5062
f 5065/5065 5063/5063 5062/5062
f 5066/5066 5067/5067 5068/5068
f 5069/5069 5068/5068 5067/5067
f 5070/5070 5071/5071 5072/5072
f 5071/5071 5068/5068 5072/5072
f 5069/5069 5073/5073 5068/5068
f 5073/5073 5072/5072 5068/5068
f 5074/5074 5075/5075 5076/5076
f 5077/5077 5070/5070 5076/5076
f 5070/5070 5074/5074 5076/5076
f 5078/5078 5076/5076 5079/5079
f 5076/5076 5075/5075 5079/5079
f 5080/5080 5077/5077 5078/5078
f 5077/5077 5076/5076 5078/5078
f 5081/5081 5077/5077 5082/5082
f 5077/5077 5080/5080 5082/5082
f 5083/5083 5078/5078 5079/5079
f 5084/5084 5085/5085 5086/5086
f 5087/5087 5086/5086 5085/5085
f 5087/5087 5088/5088 5086/5086
f 5088/5088 5089/5089 5086/5086
f 5090/5090 5091/5091 5086/5086
f 5091/5091 5084/5084 5086/5086
f 5092/5092 5090/5090 5089/5089
f 5090/5090 5086/5086 5089/5089
f 5093/5093 5094/5094 5095/5095
f 5096/5096 5097/5097 5093/5093
f 5094/5094 5093/5093 5097/5097
f 5098/5098 5099/5099 5095/5095
f 5099/5099 5093/5093 5095/5095
f 5100/5100 5099/5099 5101/5101
f 5099/5099 5098/5098 5101/5101
f 5096/5096 5093/5093 5092/5092
f 5093/5093 5099/5099 5092/5092
f 5102/5102 5095/5095 5094/5094
f 5103/5103 5104/5104 5105/5105
f 5106/5106 5105/5105 5104/5104
f 5106/5106 5107/5107 5105/5105
f 5107/5107 5108/5108 5105/5105
f 5109/5109 5110/5110 5108/5108
f 5110/5110 5105/5105 5108/5108
f 5111/5111 5112/5112 5113/5113
f 5114/5114 5115/5115 5116/5116
f 5115/5115 5113/5113 5116/5116
f 5115/5115 5109/5109 5113/5113
f 5109/5109 5111/5111 5113/5113
f 5117/5117 5115/5115 5118/5118
f 5115/5115 5114/5114 5118/5118
f 5119/5119 5116/5116 5120/5120
f 5121/5121 5122/5122 5123/5123
f 5124/5124 5125/5125 5126/5126
f 5125/5125 5127/5127 5126/5126
f 5126/5126 5127/5127 5128/5128
f 5127/5127 5129/5129 5128/5128
f 5128/5128 5129/5129 5121/5121
f 5129/5129 5130/5130 5121/5121
f 5121/5121 5130/5130 5122/5122
f 5130/5130 5131/5131 5122/5122
f 5122/5122 5131/5131 5132/5132
f 5132/5132 5131/5131 5133/5133
f 5133/5133 5131/5131 5134/5134
f 5131/5131 5135/5135 5134/5134
f 5134/5134 5135/5135 5136/5136
f 5135/5135 5137/5137 5136/5136
f 5136/5136 5137/5137 5138/5138
f 5137/5137 5139/5139 5138/5138
f 5056/5056 5055/5055 5140/5140
f 5055/5055 5138/5138 5140/5140
f 5141/5141 5142/5142 5143/5143
f 5142/5142 5144/5144 5143/5143
f 5143/5143 5144/5144 5139/5139
f 5139/5139 5144/5144 5138/5138
f 5144/5144 5140/5140 5138/5138
f 5141/5141 5143/5143 5145/5145
f 5143/5143 5146/5146 5145/5145
f 5145/5145 5146/5146 5147/5147
f 5146/5146 5148/5148 5147/5147
f 5147/5147 5148/5148 5149/5149
f 5148/5148 5150/5150 5149/5149
f 5149/5149 5150/5150 5151/5151
f 5150/5150 5152/5152 5151/5151
f 5151/5151 5152/5152 5064/5064
f 5152/5152 5065/5065 5064/5064
f 5149/5149 5151/5151 5153/5153
f 5062/5062 5061/5061 5153/5153
f 5061/5061 5149/5149 5153/5153
f 5139/5139 5154/5154 5143/5143
f 5154/5154 5155/5155 5143/5143
f 5137/5137 5156/5156 5139/5139
f 5156/5156 5154/5154 5139/5139
f 5135/5135 5157/5157 5137/5137
f 5157/5157 5156/5156 5137/5137
f 5131/5131 5158/5158 5135/5135
f 5158/5158 5157/5157 5135/5135
f 5142/5142 5141/5141 5056/5056
f 5141/5141 5057/5057 5056/5056
f 5148/5148 5159/5159 5150/5150
f 5159/5159 5160/5160 5150/5150
f 5125/5125 5161/5161 5127/5127
f 5161/5161 5162/5162 5127/5127
f 5163/5163 5128/5128 5058/5058
f 5128/5128 5121/5121 5058/5058
f 5164/5164 5126/5126 5163/5163
f 5126/5126 5128/5128 5163/5163
f 5165/5165 5124/5124 5164/5164
f 5124/5124 5126/5126 5164/5164
f 5166/5166 5147/5147 5061/5061
f 5147/5147 5149/5149 5061/5061
f 5167/5167 5145/5145 5166/5166
f 5145/5145 5147/5147 5166/5166
f 5057/5057 5141/5141 5167/5167
f 5141/5141 5145/5145 5167/5167
f 5168/5168 5136/5136 5055/5055
f 5136/5136 5138/5138 5055/5055
f 5169/5169 5134/5134 5168/5168
f 5134/5134 5136/5136 5168/5168
f 5060/5060 5133/5133 5169/5169
f 5133/5133 5134/5134 5169/5169
f 5170/5170 5058/5058 5171/5171
f 5058/5058 5060/5060 5171/5171
f 5172/5172 5163/5163 5170/5170
f 5163/5163 5058/5058 5170/5170
f 5173/5173 5164/5164 5172/5172
f 5164/5164 5163/5163 5172/5172
f 5174/5174 5165/5165 5173/5173
f 5165/5165 5164/5164 5173/5173
f 5175/5175 5061/5061 5176/5176
f 5061/5061 5063/5063 5176/5176
f 5177/5177 5166/5166 5175/5175
f 5166/5166 5061/5061 5175/5175
f 5178/5178 5167/5167 5177/5177
f 5167/5167 5166/5166 5177/5177
f 5179/5179 5057/5057 5178/5178
f 5057/5057 5167/5167 5178/5178
f 5180/5180 5055/5055 5179/5179
f 5055/5055 5057/5057 5179/5179
f 5181/5181 5168/5168 5180/5180
f 5168/5168 5055/5055 5180/5180
f 5182/5182 5169/5169 5181/5181
f 5169/5169 5168/5168 5181/5181
f 5171/5171 5060/5060 5182/5182
f 5060/5060 5169/5169 5182/5182
f 5059/5059 5058/5058 5123/5123
f 5058/5058 5121/5121 5123/5123
f 5132/5132 5133/5133 5059/5059
f 5133/5133 5060/5060 5059/5059
f 5143/5143 5155/5155 5146/5146
f 5155/5155 5183/5183 5146/5146
f 5092/5092 5099/5099 5184/5184
f 5099/5099 5100/5100 5184/5184
f 5100/5100 5101/5101 5185/5185
f 5101/5101 5186/5186 5185/5185
f 5116/5116 5113/5113 5120/5120
f 5113/5113 5112/5112 5120/5120
f 5129/5129 5187/5187 5130/5130
f 5187/5187 5188/5188 5130/5130
f 5127/5127 5162/5162 5129/5129
f 5162/5162 5187/5187 5129/5129
f 5150/5150 5160/5160 5152/5152
f 5160/5160 5189/5189 5152/5152
f 5047/5047 5181/5181 5045/5045
f 5181/5181 5051/5051 5045/5045
f 5049/5049 5045/5045 5190/5190
f 5045/5045 5054/5054 5190/5190
f 5191/5191 5192/5192 5070/5070
f 5192/5192 5071/5071 5070/5070
f 5110/5110 5193/5193 5105/5105
f 5193/5193 5103/5103 5105/5105
f 5194/5194 5081/5081 5195/5195
f 5081/5081 5196/5196 5195/5195
f 5117/5117 5118/5118 5197/5197
f 5118/5118 5198/5198 5197/5197
f 5071/5071 5192/5192 5199/5199
f 5192/5192 5200/5200 5199/5199
f 5192/5192 5191/5191 5201/5201
f 5191/5191 5202/5202 5201/5201
f 5109/5109 5115/5115 5203/5203
f 5115/5115 5117/5117 5203/5203
f 5130/5130 5188/5188 5131/5131
f 5188/5188 5158/5158 5131/5131
f 5204/5204 5205/5205 5206/5206
f 5205/5205 5207/5207 5206/5206
f 5207/5207 5205/5205 5109/5109
f 5205/5205 5110/5110 5109/5109
f 5110/5110 5205/5205 5193/5193
f 5205/5205 5208/5208 5193/5193
f 5209/5209 5210/5210 5092/5092
f 5210/5210 5090/5090 5092/5092
f 5090/5090 5210/5210 5091/5091
f 5210/5210 5211/5211 5091/5091
f 5212/5212 5210/5210 5213/5213
f 5210/5210 5209/5209 5213/5213
f 5100/5100 5185/5185 5184/5184
f 5185/5185 5214/5214 5184/5184
f 5071/5071 5199/5199 5068/5068
f 5199/5199 5066/5066 5068/5068
f 5215/5215 5208/5208 5204/5204
f 5208/5208 5205/5205 5204/5204
f 5146/5146 5183/5183 5148/5148
f 5183/5183 5159/5159 5148/5148
f 5117/5117 5197/5197 5203/5203
f 5197/5197 5216/5216 5203/5203
f 5070/5070 5077/5077 5194/5194
f 5077/5077 5081/5081 5194/5194
f 5081/5081 5082/5082 5196/5196
f 5082/5082 5217/5217 5196/5196
f 5218/5218 5211/5211 5212/5212
f 5211/5211 5210/5210 5212/5212
f 5200/5200 5192/5192 5219/5219
f 5192/5192 5201/5201 5219/5219
f 5154/5154 5220/5220 5155/5155
f 5220/5220 5221/5221 5155/5155
f 5155/5155 5221/5221 5183/5183
f 5221/5221 5222/5222 5183/5183
f 5183/5183 5222/5222 5159/5159
f 5222/5222 5223/5223 5159/5159
f 5159/5159 5223/5223 5160/5160
f 5223/5223 5224/5224 5160/5160
f 5160/5160 5224/5224 5189/5189
f 5224/5224 5225/5225 5189/5189
f 5220/5220 5154/5154 5226/5226
f 5154/5154 5156/5156 5226/5226
f 5226/5226 5156/5156 5227/5227
f 5156/5156 5157/5157 5227/5227
f 5227/5227 5157/5157 5228/5228
f 5157/5157 5158/5158 5228/5228
f 5228/5228 5158/5158 5229/5229
f 5158/5158 5188/5188 5229/5229
f 5229/5229 5188/5188 5230/5230
f 5188/5188 5187/5187 5230/5230
f 5230/5230 5187/5187 5231/5231
f 5187/5187 5162/5162 5231/5231
f 5231/5231 5162/5162 5232/5232
f 5162/5162 5161/5161 5232/5232
f 6128/6128 6129/6129 6130/6130
f 6131/6131 6132/6132 6133/6133
f 6134/6134 6135/6135 6136/6136
f 6137/6137 6138/6138 6139/6139
f 6140/6140 6132/6132 6141/6141
f 6132/6132 6131/6131 6141/6141
f 6142/6142 6138/6138 6143/6143
f 6138/6138 6137/6137 6143/6143
f 6136/6136 6135/6135 6144/6144
f 6135/6135 6145/6145 6144/6144
f 6129/6129 6128/6128 6146/6146
f 6128/6128 6147/6147 6146/6146
f 6133/6133 6130/6130 6131/6131
f 6130/6130 6129/6129 6131/6131
f 6129/6129 6146/6146 6131/6131
f 6131/6131 6146/6146 6141/6141
f 6142/6142 6143/6143 6148/6148
f 6148/6148 6143/6143 6149/6149
f 6143/6143 6144/6144 6149/6149
f 6149/6149 6144/6144 6145/6145
f 6139/6139 6134/6134 6137/6137
f 6134/6134 6136/6136 6137/6137
f 6136/6136 6144/6144 6137/6137
f 6137/6137 6144/6144 6143/6143
f 6150/6150 6151/6151 6152/6152
f 6153/6153 6154/6154 6155/6155
f 6156/6156 6157/6157 6158/6158
f 6159/6159 6160/6160 6161/6161
f 6153/6153 6162/6162 6154/6154
f 6162/6162 6163/6163 6154/6154
f 6159/6159 6164/6164 6160/6160
f 6164/6164 6165/6165 6160/6160
f 6156/6156 6158/6158 6166/6166
f 6158/6158 6167/6167 6166/6166
f 6151/6151 6150/6150 6168/6168
f 6150/6150 6169/6169 6168/6168
f 6152/6152 6155/6155 6150/6150
f 6155/6155 6154/6154 6150/6150
f 6154/6154 6163/6163 6150/6150
f 6150/6150 6163/6163 6169/6169
f 6164/6164 6170/6170 6165/6165
f 6165/6165 6170/6170 6167/6167
f 6170/6170 6171/6171 6167/6167
f 6167/6167 6171/6171 6166/6166
f 6157/6157 6161/6161 6158/6158
f 6161/6161 6160/6160 6158/6158
f 6160/6160 6165/6165 6158/6158
f 6158/6158 6165/6165 6167/6167
f 6172/6172 6173/6173 6174/6174
f 6173/6173 6175/6175 6174/6174
f 6176/6176 6177/6177 6178/6178
f 6177/6177 6179/6179 6178/6178
f 6178/6178 6179/6179 6180/6180
f 6179/6179 6181/6181 6180/6180
f 6182/6182 6183/6183 6184/6184
f 6183/6183 6185/6185 6184/6184
f 6184/6184 6185/6185 6172/6172
f 6185/6185 6173/6173 6172/6172
f 6186/6186 6187/6187 6188/6188
f 6187/6187 6189/6189 6188/6188
f 6188/6188 6189/6189 6190/6190
f 6189/6189 6191/6191 6190/6190
f 6190/6190 6191/6191 6192/6192
f 6191/6191 6193/6193 6192/6192
f 6192/6192 6193/6193 6194/6194
f 6193/6193 6195/6195 6194/6194
f 6189/6189 6196/6196 6191/6191
f 6196/6196 6197/6197 6191/6191
f 6191/6191 6197/6197 6193/6193
f 6197/6197 6198/6198 6193/6193
f 6196/6196 6199/6199 6197/6197
f 6199/6199 6200/6200 6197/6197
f 6197/6197 6200/6200 6198/6198
f 6200/6200 6201/6201 6198/6198
f 6202/6202 6203/6203 6201/6201
f 6201/6201 6203/6203 6198/6198
f 6203/6203 6195/6195 6198/6198
f 6198/6198 6195/6195 6193/6193
f 6204/6204 6205/6205 6206/6206
f 6205/6205 6207/6207 6206/6206
f 6208/6208 6209/6209 6210/6210
f 6209/6209 6211/6211 6210/6210
f 6209/6209 6208/6208 6212/6212
f 6208/6208 6213/6213 6212/6212
f 6212/6212 6213/6213 6214/6214
f 6213/6213 6215/6215 6214/6214
f 6216/6216 6217/6217 6215/6215
f 6217/6217 6214/6214 6215/6215
f 6212/6212 6218/6218 6209/6209
f 6218/6218 6219/6219 6209/6209
f 6214/6214 6220/6220 6212/6212
f 6220/6220 6218/6218 6212/6212
f 6221/6221 6219/6219 6222/6222
f 6219/6219 6218/6218 6222/6222
f 6222/6222 6218/6218 6223/6223
f 6218/6218 6220/6220 6223/6223
f 6223/6223 6220/6220 6224/6224
f 6224/6224 6220/6220 6225/6225
f 6220/6220 6214/6214 6225/6225
f 6225/6225 6214/6214 6217/6217
f 6226/6226 6227/6227 6228/6228
f 6227/6227 6229/6229 6228/6228
f 6230/6230 6231/6231 6226/6226
f 6231/6231 6227/6227 6226/6226
f 6232/6232 6233/6233 6230/6230
f 6233/6233 6231/6231 6230/6230
f 6234/6234 6235/6235 6232/6232
f 6235/6235 6233/6233 6232/6232
f 6236/6236 6237/6237 6234/6234
f 6237/6237 6235/6235 6234/6234
f 6238/6238 6239/6239 6240/6240
f 6239/6239 6241/6241 6240/6240
f 6242/6242 6243/6243 6238/6238
f 6243/6243 6239/6239 6238/6238
f 6244/6244 6245/6245 6242/6242
f 6245/6245 6243/6243 6242/6242
f 6246/6246 6247/6247 6244/6244
f 6247/6247 6245/6245 6244/6244
f 6248/6248 6249/6249 6246/6246
f 6249/6249 6247/6247 6246/6246
f 6250/6250 6251/6251 6248/6248
f 6251/6251 6249/6249 6248/6248
f 6252/6252 6253/6253 6250/6250
f 6253/6253 6251/6251 6250/6250
f 6254/6254 6255/6255 6256/6256
f 6255/6255 6257/6257 6256/6256
f 6228/6228 6229/6229 6254/6254
f 6229/6229 6255/6255 6254/6254
f 6258/6258 6259/6259 6260/6260
f 6259/6259 6261/6261 6260/6260
f 6262/6262 6263/6263 6258/6258
f 6263/6263 6259/6259 6258/6258
f 6264/6264 6265/6265 6259/6259
f 6265/6265 6261/6261 6259/6259
f 6266/6266 6267/6267 6261/6261
f 6267/6267 6260/6260 6261/6261
f 6268/6268 6269/6269 6260/6260
f 6269/6269 6258/6258 6260/6260
f 6262/6262 6258/6258 6270/6270
f 6258/6258 6269/6269 6270/6270
f 6262/6262 6267/6267 6263/6263
f 6267/6267 6266/6266 6263/6263
f 6264/6264 6259/6259 6271/6271
f 6259/6259 6263/6263 6271/6271
f 6261/6261 6265/6265 6266/6266
f 6265/6265 6272/6272 6266/6266
f 6273/6273 6268/6268 6267/6267
f 6268/6268 6260/6260 6267/6267
f 6268/6268 6274/6274 6269/6269
f 6274/6274 6275/6275 6269/6269
f 6269/6269 6275/6275 6270/6270
f 6275/6275 6276/6276 6270/6270
f 6267/6267 6262/6262 6273/6273
f 6262/6262 6270/6270 6273/6273
f 6271/6271 6263/6263 6272/6272
f 6263/6263 6266/6266 6272/6272
f 6274/6274 6268/6268 6277/6277
f 6268/6268 6273/6273 6277/6277
f 6277/6277 6273/6273 6276/6276
f 6273/6273 6270/6270 6276/6276
f 6278/6278 6279/6279 6280/6280
f 6279/6279 6281/6281 6280/6280
f 6282/6282 6283/6283 6278/6278
f 6283/6283 6279/6279 6278/6278
f 6284/6284 6285/6285 6280/6280
f 6285/6285 6278/6278 6280/6280
f 6286/6286 6287/6287 6281/6281
f 6287/6287 6280/6280 6281/6281
f 6288/6288 6289/6289 6279/6279
f 6289/6289 6281/6281 6279/6279
f 6279/6279 6283/6283 6288/6288
f 6283/6283 6290/6290 6288/6288
f 6286/6286 6283/6283 6287/6287
f 6283/6283 6282/6282 6287/6287
f 6278/6278 6285/6285 6282/6282
f 6285/6285 6291/6291 6282/6282
f 6284/6284 6280/6280 6292/6292
f 6280/6280 6287/6287 6292/6292
f 6289/6289 6293/6293 6281/6281
f 6293/6293 6286/6286 6281/6281
f 6294/6294 6289/6289 6295/6295
f 6289/6289 6288/6288 6295/6295
f 6295/6295 6288/6288 6296/6296
f 6288/6288 6290/6290 6296/6296
f 6283/6283 6286/6286 6290/6290
f 6286/6286 6293/6293 6290/6290
f 6282/6282 6291/6291 6287/6287
f 6291/6291 6292/6292 6287/6287
f 6289/6289 6294/6294 6293/6293
f 6294/6294 6297/6297 6293/6293
f 6293/6293 6297/6297 6290/6290
f 6297/6297 6296/6296 6290/6290
f 6298/6298 6299/6299 6300/6300
f 6299/6299 6301/6301 6300/6300
f 6302/6302 6303/6303 6298/6298
f 6303/6303 6299/6299 6298/6298
f 6303/6303 6304/6304 6299/6299
f 6304/6304 6305/6305 6299/6299
f 6306/6306 6302/6302 6307/6307
f 6302/6302 6298/6298 6307/6307
f 6299/6299 6305/6305 6301/6301
f 6305/6305 6308/6308 6301/6301
f 6301/6301 6309/6309 6300/6300
f 6309/6309 6310/6310 6300/6300
f 6308/6308 6311/6311 6301/6301
f 6311/6311 6309/6309 6301/6301
f 6300/6300 6310/6310 6312/6312
f 6310/6310 6313/6313 6312/6312
f 6307/6307 6298/6298 6312/6312
f 6298/6298 6300/6300 6312/6312
f 6305/6305 6314/6314 6308/6308
f 6314/6314 6315/6315 6308/6308
f 6314/6314 6316/6316 6315/6315
f 6316/6316 6317/6317 6315/6315
f 6318/6318 6319/6319 6309/6309
f 6319/6319 6310/6310 6309/6309
f 6316/6316 6307/6307 6317/6317
f 6307/6307 6312/6312 6317/6317
f 6304/6304 6320/6320 6305/6305
f 6320/6320 6314/6314 6305/6305
f 6320/6320 6321/6321 6314/6314
f 6321/6321 6316/6316 6314/6314
f 6321/6321 6306/6306 6316/6316
f 6306/6306 6307/6307 6316/6316
f 6322/6322 6318/6318 6311/6311
f 6318/6318 6309/6309 6311/6311
f 6319/6319 6323/6323 6310/6310
f 6323/6323 6313/6313 6310/6310
f 6313/6313 6324/6324 6312/6312
f 6324/6324 6317/6317 6312/6312
f 6311/6311 6308/6308 6325/6325
f 6308/6308 6315/6315 6325/6325
f 6325/6325 6315/6315 6324/6324
f 6315/6315 6317/6317 6324/6324
f 6326/6326 6327/6327 6324/6324
f 6327/6327 6325/6325 6324/6324
f 6327/6327 6322/6322 6325/6325
f 6322/6322 6311/6311 6325/6325
f 6318/6318 6322/6322 6328/6328
f 6322/6322 6329/6329 6328/6328
f 6323/6323 6326/6326 6313/6313
f 6326/6326 6324/6324 6313/6313
f 6323/6323 6319/6319 6330/6330
f 6319/6319 6331/6331 6330/6330
f 6332/6332 6333/6333 6334/6334
f 6333/6333 6335/6335 6334/6334
f 6333/6333 6336/6336 6337/6337
f 6336/6336 6338/6338 6337/6337
f 6337/6337 6338/6338 6339/6339
f 6338/6338 6330/6330 6339/6339
f 6340/6340 6332/6332 6341/6341
f 6332/6332 6334/6334 6341/6341
f 6342/6342 6331/6331 6340/6340
f 6331/6331 6328/6328 6340/6340
f 6336/6336 6333/6333 6329/6329
f 6333/6333 6332/6332 6329/6329
f 6327/6327 6326/6326 6336/6336
f 6326/6326 6338/6338 6336/6336
f 6339/6339 6330/6330 6342/6342
f 6330/6330 6331/6331 6342/6342
f 6326/6326 6323/6323 6338/6338
f 6323/6323 6330/6330 6338/6338
f 6329/6329 6332/6332 6328/6328
f 6332/6332 6340/6340 6328/6328
f 6319/6319 6318/6318 6331/6331
f 6318/6318 6328/6328 6331/6331
f 6322/6322 6327/6327 6329/6329
f 6327/6327 6336/6336 6329/6329
f 6343/6343 6344/6344 6345/6345
f 6344/6344 6346/6346 6345/6345
f 6347/6347 6348/6348 6343/6343
f 6348/6348 6344/6344 6343/6343
f 6349/6349 6347/6347 6350/6350
f 6347/6347 6343/6343 6350/6350
f 6348/6348 6351/6351 6344/6344
f 6351/6351 6352/6352 6344/6344
f 6350/6350 6343/6343 6353/6353
f 6343/6343 6345/6345 6353/6353
f 6354/6354 6345/6345 6355/6355
f 6345/6345 6346/6346 6355/6355
f 6356/6356 6353/6353 6354/6354
f 6353/6353 6345/6345 6354/6354
f 6355/6355 6346/6346 6357/6357
f 6346/6346 6358/6358 6357/6357
f 6344/6344 6352/6352 6346/6346
f 6352/6352 6358/6358 6346/6346
f 6359/6359 6350/6350 6360/6360
f 6350/6350 6353/6353 6360/6360
f 6361/6361 6359/6359 6362/6362
f 6359/6359 6360/6360 6362/6362
f 6363/6363 6364/6364 6355/6355
f 6364/6364 6354/6354 6355/6355
f 6352/6352 6361/6361 6358/6358
f 6361/6361 6362/6362 6358/6358
f 6365/6365 6349/6349 6359/6359
f 6349/6349 6350/6350 6359/6359
f 6366/6366 6365/6365 6361/6361
f 6365/6365 6359/6359 6361/6361
f 6351/6351 6366/6366 6352/6352
f 6366/6366 6361/6361 6352/6352
f 6364/6364 6367/6367 6354/6354
f 6367/6367 6356/6356 6354/6354
f 6368/6368 6363/6363 6357/6357
f 6363/6363 6355/6355 6357/6357
f 6369/6369 6357/6357 6362/6362
f 6357/6357 6358/6358 6362/6362
f 6353/6353 6356/6356 6360/6360
f 6356/6356 6370/6370 6360/6360
f 6360/6360 6370/6370 6362/6362
f 6370/6370 6369/6369 6362/6362
f 6371/6371 6372/6372 6370/6370
f 6372/6372 6369/6369 6370/6370
f 6367/6367 6371/6371 6356/6356
f 6371/6371 6370/6370 6356/6356
f 6367/6367 6364/6364 6373/6373
f 6364/6364 6374/6374 6373/6373
f 6372/6372 6368/6368 6369/6369
f 6368/6368 6357/6357 6369/6369
f 6363/6363 6368/6368 6375/6375
f 6368/6368 6376/6376 6375/6375
f 6377/6377 6378/6378 6335/6335
f 6378/6378 6334/6334 6335/6335
f 6379/6379 6377/6377 6380/6380
f 6377/6377 6381/6381 6380/6380
f 6380/6380 6381/6381 6376/6376
f 6381/6381 6382/6382 6376/6376
f 6378/6378 6383/6383 6334/6334
f 6383/6383 6341/6341 6334/6334
f 6375/6375 6384/6384 6374/6374
f 6384/6384 6383/6383 6374/6374
f 6377/6377 6379/6379 6378/6378
f 6379/6379 6373/6373 6378/6378
f 6372/6372 6371/6371 6380/6380
f 6371/6371 6379/6379 6380/6380
f 6376/6376 6382/6382 6375/6375
f 6382/6382 6384/6384 6375/6375
f 6368/6368 6372/6372 6376/6376
f 6372/6372 6380/6380 6376/6376
f 6378/6378 6373/6373 6383/6383
f 6373/6373 6374/6374 6383/6383
f 6364/6364 6363/6363 6374/6374
f 6363/6363 6375/6375 6374/6374
f 6371/6371 6367/6367 6379/6379
f 6367/6367 6373/6373 6379/6379
f 6385/6385 6386/6386 6387/6387
f 6386/6386 6388/6388 6387/6387
f 6389/6389 6390/6390 6391/6391
f 6390/6390 6392/6392 6391/6391
f 6393/6393 6256/6256 6394/6394
f 6394/6394 6256/6256 6252/6252
f 6256/6256 6257/6257 6252/6252
f 6252/6252 6257/6257 6253/6253
f 6394/6394 6252/6252 6395/6395
f 6252/6252 6250/6250 6395/6395
f 6395/6395 6250/6250 6396/6396
f 6250/6250 6248/6248 6396/6396
f 6396/6396 6248/6248 6397/6397
f 6248/6248 6246/6246 6397/6397
f 6397/6397 6246/6246 6398/6398
f 6246/6246 6244/6244 6398/6398
f 6398/6398 6244/6244 6399/6399
f 6244/6244 6242/6242 6399/6399
f 6399/6399 6242/6242 6400/6400
f 6242/6242 6238/6238 6400/6400
f 6400/6400 6238/6238 6401/6401
f 6238/6238 6240/6240 6401/6401
f 6401/6401 6240/6240 6402/6402
f 6402/6402 6240/6240 6236/6236
f 6240/6240 6241/6241 6236/6236
f 6236/6236 6241/6241 6237/6237
f 6402/6402 6236/6236 6403/6403
f 6236/6236 6234/6234 6403/6403
f 6403/6403 6234/6234 6404/6404
f 6234/6234 6232/6232 6404/6404
f 6404/6404 6232/6232 6405/6405
f 6232/6232 6230/6230 6405/6405
f 6405/6405 6230/6230 6406/6406
f 6230/6230 6226/6226 6406/6406
f 6406/6406 6226/6226 6407/6407
f 6226/6226 6228/6228 6407/6407
f 6407/6407 6228/6228 6408/6408
f 6228/6228 6254/6254 6408/6408
f 6408/6408 6254/6254 6393/6393
f 6254/6254 6256/6256 6393/6393
f 6199/6199 6196/6196 6409/6409
f 6409/6409 6196/6196 6410/6410
f 6196/6196 6189/6189 6410/6410
f 6410/6410 6189/6189 6187/6187
f 6411/6411 6412/6412 6221/6221
f 6221/6221 6412/6412 6219/6219
f 6412/6412 6211/6211 6219/6219
f 6219/6219 6211/6211 6209/6209
f 6333/6333 6337/6337 6335/6335
f 6335/6335 6337/6337 6413/6413
f 6337/6337 6339/6339 6413/6413
f 6413/6413 6339/6339 6414/6414
f 6341/6341 6415/6415 6340/6340
f 6340/6340 6415/6415 6342/6342
f 6415/6415 6414/6414 6342/6342
f 6342/6342 6414/6414 6339/6339
f 6335/6335 6413/6413 6377/6377
f 6377/6377 6413/6413 6381/6381
f 6413/6413 6414/6414 6381/6381
f 6381/6381 6414/6414 6382/6382
f 6383/6383 6384/6384 6341/6341
f 6341/6341 6384/6384 6415/6415
f 6384/6384 6382/6382 6415/6415
f 6415/6415 6382/6382 6414/6414
f 6416/6416 6417/6417 6418/6418
f 6418/6418 6417/6417 6419/6419
f 6417/6417 6385/6385 6419/6419
f 6419/6419 6385/6385 6387/6387
f 6420/6420 6421/6421 6422/6422
f 6421/6421 6423/6423 6422/6422
f 6422/6422 6423/6423 6424/6424
f 6423/6423 6425/6425 6424/6424
f 6421/6421 6420/6420 6426/6426
f 6420/6420 6427/6427 6426/6426
f 6426/6426 6427/6427 6428/6428
f 6427/6427 6429/6429 6428/6428
f 6428/6428 6429/6429 6430/6430
f 6429/6429 6431/6431 6430/6430
f 6430/6430 6431/6431 6432/6432
f 6431/6431 6433/6433 6432/6432
f 6432/6432 6433/6433 6434/6434
f 6433/6433 6435/6435 6434/6434
f 6434/6434 6435/6435 6436/6436
f 6435/6435 6437/6437 6436/6436
f 6436/6436 6437/6437 6438/6438
f 6437/6437 6439/6439 6438/6438
f 6438/6438 6439/6439 6440/6440
f 6439/6439 6441/6441 6440/6440
f 6440/6440 6441/6441 6442/6442
f 6441/6441 6443/6443 6442/6442
f 6442/6442 6443/6443 6444/6444
f 6443/6443 6445/6445 6444/6444
f 6444/6444 6445/6445 6446/6446
f 6445/6445 6447/6447 6446/6446
f 6446/6446 6447/6447 6448/6448
f 6447/6447 6449/6449 6448/6448
f 6448/6448 6449/6449 6450/6450
f 6449/6449 6451/6451 6450/6450
f 6450/6450 6451/6451 6452/6452
f 6451/6451 6453/6453 6452/6452
f 6454/6454 6455/6455 6456/6456
f 6455/6455 6457/6457 6456/6456
f 6456/6456 6457/6457 6458/6458
f 6457/6457 6459/6459 6458/6458
f 6458/6458 6459/6459 6460/6460
f 6461/6461 6462/6462 6417/6417
f 6462/6462 6463/6463 6417/6417
f 6463/6463 6464/6464 6417/6417
f 6464/6464 6465/6465 6417/6417
f 6417/6417 6465/6465 6385/6385
f 6466/6466 6467/6467 6216/6216
f 6216/6216 6467/6467 6217/6217
f 6467/6467 6468/6468 6217/6217
f 6217/6217 6468/6468 6225/6225
f 6468/6468 6469/6469 6225/6225
f 6225/6225 6469/6469 6224/6224
f 6470/6470 6471/6471 6466/6466
f 6466/6466 6471/6471 6467/6467
f 6471/6471 6472/6472 6467/6467
f 6467/6467 6472/6472 6468/6468
f 6472/6472 6473/6473 6468/6468
f 6468/6468 6473/6473 6469/6469
f 6474/6474 6475/6475 6476/6476
f 6476/6476 6475/6475 6477/6477
f 6475/6475 6478/6478 6477/6477
f 6477/6477 6478/6478 6479/6479
f 6478/6478 6480/6480 6479/6479
f 6479/6479 6480/6480 6481/6481
f 6194/6194 6195/6195 6474/6474
f 6474/6474 6195/6195 6475/6475
f 6195/6195 6203/6203 6475/6475
f 6475/6475 6203/6203 6478/6478
f 6203/6203 6202/6202 6478/6478
f 6478/6478 6202/6202 6480/6480
f 6482/6482 6179/6179 6483/6483
f 6483/6483 6179/6179 6484/6484
f 6179/6179 6177/6177 6484/6484
f 6484/6484 6177/6177 6485/6485
f 6177/6177 6486/6486 6485/6485
f 6485/6485 6486/6486 6487/6487
f 6488/6488 6489/6489 6186/6186
f 6186/6186 6489/6489 6187/6187
f 6489/6489 6490/6490 6187/6187
f 6187/6187 6490/6490 6410/6410
f 6490/6490 6491/6491 6410/6410
f 6410/6410 6491/6491 6409/6409
f 6492/6492 6493/6493 6488/6488
f 6488/6488 6493/6493 6489/6489
f 6493/6493 6494/6494 6489/6489
f 6489/6489 6494/6494 6490/6490
f 6494/6494 6495/6495 6490/6490
f 6490/6490 6495/6495 6491/6491
f 6496/6496 6497/6497 6492/6492
f 6492/6492 6497/6497 6493/6493
f 6497/6497 6498/6498 6493/6493
f 6493/6493 6498/6498 6494/6494
f 6498/6498 6499/6499 6494/6494
f 6494/6494 6499/6499 6495/6495
f 6210/6210 6211/6211 6496/6496
f 6496/6496 6211/6211 6497/6497
f 6211/6211 6412/6412 6497/6497
f 6497/6497 6412/6412 6498/6498
f 6412/6412 6411/6411 6498/6498
f 6498/6498 6411/6411 6499/6499
f 6500/6500 6501/6501 6502/6502
f 6502/6502 6501/6501 6503/6503
f 6501/6501 6504/6504 6503/6503
f 6503/6503 6504/6504 6505/6505
f 6504/6504 6416/6416 6505/6505
f 6505/6505 6416/6416 6418/6418
f 6205/6205 6204/6204 6506/6506
f 6204/6204 6507/6507 6506/6506
f 6506/6506 6507/6507 6508/6508
f 6507/6507 6509/6509 6508/6508
f 6508/6508 6509/6509 6510/6510
f 6509/6509 6511/6511 6510/6510
f 6510/6510 6511/6511 6512/6512
f 6511/6511 6513/6513 6512/6512
f 6512/6512 6513/6513 6514/6514
f 6513/6513 6515/6515 6514/6514
f 6514/6514 6515/6515 6516/6516
f 6515/6515 6517/6517 6516/6516
f 6516/6516 6517/6517 6392/6392
f 6517/6517 6391/6391 6392/6392
f 6206/6206 6207/6207 6518/6518
f 6207/6207 6519/6519 6518/6518
f 6518/6518 6519/6519 6520/6520
f 6519/6519 6521/6521 6520/6520
f 6520/6520 6521/6521 6522/6522
f 6521/6521 6523/6523 6522/6522
f 6522/6522 6523/6523 6524/6524
f 6523/6523 6525/6525 6524/6524
f 6524/6524 6525/6525 6526/6526
f 6525/6525 6527/6527 6526/6526
f 6526/6526 6527/6527 6528/6528
f 6527/6527 6529/6529 6528/6528
f 6528/6528 6529/6529 6389/6389
f 6529/6529 6390/6390 6389/6389

g Object_texture_0018.jpg

usemtl mat_1-texture_0018.jpg

f 85/85 86/86 87/87
f 88/88 89/89 90/90
f 91/91 92/92 93/93
f 94/94 95/95 96/96
f 97/97 98/98 99/99
f 98/98 100/100 99/99
f 101/101 102/102 103/103
f 102/102 104/104 103/103
f 105/105 106/106 107/107
f 106/106 108/108 107/107
f 109/109 110/110 111/111
f 110/110 112/112 111/111
f 113/113 114/114 115/115
f 114/114 116/116 115/115
f 117/117 118/118 119/119
f 118/118 120/120 119/119
f 121/121 122/122 123/123
f 122/122 124/124 123/123
f 125/125 126/126 127/127
f 126/126 128/128 127/127
f 129/129 130/130 131/131
f 130/130 132/132 131/131
f 133/133 134/134 135/135
f 134/134 136/136 135/135
f 132/132 137/137 131/131
f 137/137 138/138 131/131
f 139/139 140/140 141/141
f 140/140 142/142 141/141
f 143/143 144/144 145/145
f 144/144 146/146 145/145
f 147/147 148/148 149/149
f 148/148 150/150 149/149
f 151/151 152/152 153/153
f 152/152 154/154 153/153
f 155/155 156/156 157/157
f 156/156 158/158 157/157
f 159/159 160/160 161/161
f 160/160 162/162 161/161
f 163/163 164/164 165/165
f 164/164 166/166 165/165
f 167/167 168/168 169/169
f 168/168 170/170 169/169
f 171/171 172/172 173/173
f 172/172 174/174 173/173
f 175/175 176/176 177/177
f 176/176 178/178 177/177
f 179/179 180/180 181/181
f 180/180 182/182 181/181
f 183/183 184/184 185/185
f 184/184 186/186 185/185
f 187/187 188/188 189/189
f 188/188 190/190 189/189
f 191/191 192/192 193/193
f 192/192 194/194 193/193
f 186/186 184/184 179/179
f 184/184 180/180 179/179
f 195/195 196/196 197/197
f 196/196 198/198 197/197
f 199/199 200/200 201/201
f 200/200 202/202 201/201
f 203/203 204/204 205/205
f 204/204 206/206 205/205
f 207/207 208/208 209/209
f 208/208 210/210 209/209
f 211/211 212/212 213/213
f 212/212 214/214 213/213
f 215/215 216/216 217/217
f 216/216 218/218 217/217
f 219/219 220/220 221/221
f 220/220 222/222 221/221
f 223/223 224/224 225/225
f 224/224 226/226 225/225
f 227/227 228/228 229/229
f 228/228 230/230 229/229
f 231/231 232/232 86/86
f 232/232 233/233 86/86
f 234/234 235/235 236/236
f 235/235 237/237 236/236
f 238/238 239/239 240/240
f 239/239 241/241 240/240
f 242/242 243/243 244/244
f 243/243 92/92 244/244
f 245/245 246/246 247/247
f 246/246 248/248 247/247
f 249/249 250/250 251/251
f 250/250 252/252 251/251
f 253/253 254/254 255/255
f 254/254 256/256 255/255
f 257/257 256/256 258/258
f 256/256 259/259 258/258
f 260/260 261/261 262/262
f 261/261 263/263 262/262
f 261/261 264/264 265/265
f 264/264 266/266 265/265
f 267/267 268/268 269/269
f 268/268 270/270 269/269
f 271/271 272/272 273/273
f 272/272 274/274 273/273
f 275/275 276/276 277/277
f 276/276 278/278 277/277
f 279/279 280/280 281/281
f 280/280 282/282 281/281
f 282/282 283/283 284/284
f 283/283 285/285 284/284
f 286/286 287/287 288/288
f 287/287 280/280 288/288
f 289/289 290/290 291/291
f 290/290 292/292 291/291
f 280/280 287/287 293/293
f 287/287 294/294 293/293
f 295/295 296/296 297/297
f 296/296 298/298 297/297
f 299/299 300/300 301/301
f 300/300 302/302 301/301
f 303/303 304/304 305/305
f 304/304 306/306 305/305
f 307/307 308/308 309/309
f 308/308 310/310 309/309
f 311/311 312/312 313/313
f 312/312 314/314 313/313
f 315/315 316/316 317/317
f 316/316 318/318 317/317
f 319/319 320/320 321/321
f 320/320 322/322 321/321
f 323/323 324/324 325/325
f 324/324 326/326 325/325
f 327/327 328/328 329/329
f 328/328 330/330 329/329
f 331/331 332/332 333/333
f 332/332 334/334 333/333
f 334/334 335/335 333/333
f 335/335 336/336 333/333
f 337/337 338/338 331/331
f 338/338 332/332 331/331
f 335/335 338/338 336/336
f 338/338 337/337 336/336
f 339/339 340/340 341/341
f 340/340 342/342 341/341
f 343/343 344/344 345/345
f 344/344 346/346 345/345
f 347/347 348/348 349/349
f 348/348 350/350 349/349
f 104/104 102/102 351/351
f 102/102 352/352 351/351
f 353/353 354/354 355/355
f 354/354 356/356 355/355
f 357/357 358/358 359/359
f 358/358 360/360 359/359
f 361/361 169/169 358/358
f 169/169 170/170 358/358
f 358/358 170/170 360/360
f 170/170 362/362 360/360
f 363/363 364/364 365/365
f 364/364 366/366 365/365
f 365/365 366/366 367/367
f 368/368 369/369 370/370
f 369/369 367/367 370/370
f 370/370 367/367 366/366
f 371/371 372/372 373/373
f 372/372 374/374 373/373
f 373/373 374/374 375/375
f 376/376 377/377 378/378
f 377/377 375/375 378/378
f 378/378 375/375 374/374
f 379/379 380/380 381/381
f 380/380 382/382 381/381
f 381/381 382/382 383/383
f 384/384 385/385 386/386
f 385/385 387/387 386/386
f 386/386 387/387 388/388
f 389/389 390/390 391/391
f 390/390 380/380 391/391
f 391/391 380/380 379/379
f 392/392 393/393 394/394
f 393/393 385/385 394/394
f 394/394 385/385 384/384
f 395/395 396/396 397/397
f 396/396 398/398 397/397
f 397/397 398/398 399/399
f 400/400 401/401 402/402
f 402/402 401/401 403/403
f 401/401 404/404 403/403
f 403/403 404/404 405/405
f 404/404 395/395 405/405
f 405/405 395/395 406/406
f 395/395 397/397 406/406
f 406/406 397/397 407/407
f 408/408 409/409 410/410
f 409/409 411/411 410/410
f 410/410 411/411 412/412
f 413/413 414/414 415/415
f 415/415 414/414 416/416
f 414/414 417/417 416/416
f 416/416 417/417 418/418
f 417/417 408/408 418/418
f 418/418 408/408 419/419
f 408/408 410/410 419/419
f 419/419 410/410 420/420
f 421/421 422/422 423/423
f 422/422 424/424 423/423
f 423/423 424/424 425/425
f 426/426 427/427 428/428
f 427/427 429/429 428/428
f 429/429 430/430 428/428
f 428/428 430/430 431/431
f 430/430 432/432 431/431
f 431/431 432/432 425/425
f 425/425 432/432 423/423
f 432/432 433/433 423/423
f 434/434 435/435 436/436
f 435/435 437/437 436/436
f 436/436 437/437 438/438
f 439/439 440/440 441/441
f 440/440 442/442 441/441
f 442/442 443/443 441/441
f 441/441 443/443 444/444
f 443/443 445/445 444/444
f 444/444 445/445 438/438
f 438/438 445/445 436/436
f 445/445 446/446 436/436
f 104/104 351/351 103/103
f 103/103 351/351 348/348
f 351/351 447/447 348/348
f 348/348 447/447 350/350
f 349/349 448/448 347/347
f 448/448 352/352 347/347
f 352/352 102/102 347/347
f 347/347 102/102 101/101
f 449/449 450/450 451/451
f 451/451 450/450 452/452
f 450/450 453/453 452/452
f 452/452 453/453 454/454
f 455/455 456/456 457/457
f 457/457 456/456 458/458
f 456/456 459/459 458/458
f 458/458 459/459 460/460
f 461/461 462/462 463/463
f 462/462 464/464 463/463
f 464/464 465/465 463/463
f 463/463 465/465 466/466
f 467/467 468/468 469/469
f 469/469 468/468 470/470
f 468/468 471/471 470/470
f 470/470 471/471 472/472
f 473/473 474/474 475/475
f 474/474 476/476 475/475
f 476/476 477/477 475/475
f 475/475 477/477 478/478
f 479/479 480/480 481/481
f 481/481 480/480 482/482
f 480/480 483/483 482/482
f 482/482 483/483 484/484
f 485/485 486/486 487/487
f 487/487 486/486 488/488
f 486/486 489/489 488/488
f 488/488 489/489 490/490
f 487/487 491/491 485/485
f 485/485 491/491 492/492
f 491/491 493/493 492/492
f 492/492 493/493 494/494
f 495/495 496/496 497/497
f 496/496 498/498 497/497
f 498/498 138/138 497/497
f 497/497 138/138 137/137
f 499/499 498/498 500/500
f 498/498 496/496 500/500
f 496/496 501/501 500/500
f 500/500 501/501 502/502
f 503/503 504/504 505/505
f 504/504 506/506 505/505
f 505/505 506/506 507/507
f 506/506 508/508 507/507
f 509/509 510/510 511/511
f 510/510 512/512 511/511
f 512/512 513/513 511/511
f 511/511 513/513 514/514
f 514/514 513/513 515/515
f 513/513 505/505 515/515
f 515/515 505/505 507/507
f 495/495 497/497 516/516
f 516/516 497/497 512/512
f 497/497 137/137 512/512
f 512/512 137/137 513/513
f 517/517 518/518 519/519
f 518/518 520/520 519/519
f 520/520 521/521 519/519
f 519/519 521/521 522/522
f 523/523 524/524 519/519
f 524/524 525/525 519/519
f 519/519 525/525 517/517
f 525/525 526/526 517/517
f 526/526 527/527 517/517
f 527/527 528/528 517/517
f 517/517 528/528 529/529
f 528/528 530/530 529/529
f 530/530 531/531 529/529
f 531/531 532/532 529/529
f 529/529 532/532 533/533
f 534/534 535/535 536/536
f 535/535 537/537 536/536
f 537/537 538/538 536/536
f 536/536 538/538 539/539
f 538/538 540/540 539/539
f 541/541 542/542 543/543
f 542/542 544/544 543/543
f 544/544 545/545 543/543
f 543/543 545/545 546/546
f 545/545 547/547 546/546
f 548/548 549/549 550/550
f 549/549 551/551 550/550
f 550/550 551/551 552/552
f 551/551 535/535 552/552
f 552/552 535/535 534/534
f 553/553 554/554 555/555
f 554/554 556/556 555/555
f 555/555 556/556 557/557
f 556/556 542/542 557/557
f 557/557 542/542 541/541
f 558/558 559/559 560/560
f 559/559 561/561 560/560
f 560/560 561/561 562/562
f 561/561 563/563 562/562
f 562/562 563/563 564/564
f 565/565 566/566 567/567
f 567/567 566/566 562/562
f 562/562 566/566 560/560
f 566/566 568/568 560/560
f 560/560 568/568 569/569
f 570/570 571/571 572/572
f 572/572 571/571 573/573
f 573/573 571/571 574/574
f 571/571 575/575 574/574
f 574/574 575/575 576/576
f 577/577 578/578 579/579
f 579/579 578/578 574/574
f 574/574 578/578 573/573
f 578/578 580/580 573/573
f 573/573 580/580 581/581
f 582/582 583/583 584/584
f 583/583 585/585 584/584
f 585/585 586/586 584/584
f 584/584 586/586 587/587
f 586/586 588/588 587/587
f 587/587 588/588 589/589
f 590/590 591/591 592/592
f 592/592 591/591 593/593
f 591/591 594/594 593/593
f 593/593 594/594 595/595
f 594/594 596/596 595/595
f 595/595 596/596 597/597
f 592/592 598/598 590/590
f 590/590 598/598 599/599
f 598/598 600/600 599/599
f 599/599 600/600 601/601
f 600/600 602/602 601/601
f 601/601 602/602 603/603
f 604/604 605/605 606/606
f 606/606 605/605 607/607
f 605/605 608/608 607/607
f 607/607 608/608 609/609
f 608/608 597/597 609/609
f 609/609 597/597 596/596
f 606/606 610/610 604/604
f 604/604 610/610 611/611
f 610/610 612/612 611/611
f 611/611 612/612 613/613
f 612/612 603/603 613/613
f 613/613 603/603 602/602
f 614/614 615/615 616/616
f 616/616 615/615 617/617
f 615/615 618/618 617/617
f 617/617 618/618 619/619
f 618/618 620/620 619/619
f 619/619 620/620 621/621
f 622/622 623/623 624/624
f 624/624 623/623 625/625
f 623/623 626/626 625/625
f 625/625 626/626 627/627
f 626/626 628/628 627/627
f 627/627 628/628 629/629
f 630/630 631/631 632/632
f 631/631 633/633 632/632
f 632/632 633/633 634/634
f 633/633 635/635 634/634
f 634/634 635/635 636/636
f 635/635 637/637 636/636
f 631/631 630/630 638/638
f 630/630 639/639 638/638
f 638/638 639/639 640/640
f 639/639 641/641 640/640
f 640/640 641/641 642/642
f 641/641 643/643 642/642
f 642/642 643/643 644/644
f 643/643 645/645 644/644
f 644/644 645/645 646/646
f 645/645 647/647 646/646
f 646/646 647/647 648/648
f 647/647 649/649 648/648
f 648/648 649/649 650/650
f 649/649 651/651 650/650
f 652/652 653/653 654/654
f 653/653 655/655 654/654
f 654/654 655/655 656/656
f 655/655 657/657 656/656
f 656/656 657/657 658/658
f 657/657 659/659 658/658
f 653/653 652/652 660/660
f 652/652 661/661 660/660
f 660/660 661/661 662/662
f 661/661 663/663 662/662
f 662/662 663/663 664/664
f 663/663 665/665 664/664
f 664/664 665/665 666/666
f 665/665 667/667 666/666
f 666/666 667/667 668/668
f 667/667 669/669 668/668
f 668/668 669/669 670/670
f 669/669 671/671 670/670
f 670/670 671/671 672/672
f 671/671 673/673 672/672
f 674/674 675/675 676/676
f 675/675 677/677 676/676
f 676/676 677/677 678/678
f 677/677 679/679 678/678
f 678/678 679/679 680/680
f 679/679 681/681 680/680
f 680/680 681/681 682/682
f 681/681 683/683 682/682
f 684/684 685/685 686/686
f 686/686 685/685 687/687
f 685/685 688/688 687/687
f 687/687 688/688 689/689
f 688/688 690/690 689/689
f 689/689 690/690 691/691
f 690/690 270/270 691/691
f 691/691 270/270 268/268
f 692/692 693/693 694/694
f 693/693 695/695 694/694
f 694/694 695/695 696/696
f 695/695 697/697 696/696
f 696/696 697/697 698/698
f 697/697 699/699 698/698
f 698/698 699/699 700/700
f 699/699 701/701 700/700
f 693/693 692/692 702/702
f 692/692 703/703 702/702
f 702/702 703/703 704/704
f 703/703 705/705 704/704
f 704/704 705/705 706/706
f 705/705 707/707 706/706
f 706/706 707/707 701/701
f 707/707 700/700 701/701
f 708/708 709/709 710/710
f 710/710 709/709 711/711
f 709/709 712/712 711/711
f 711/711 712/712 713/713
f 712/712 714/714 713/713
f 713/713 714/714 715/715
f 714/714 274/274 715/715
f 715/715 274/274 272/272
f 675/675 674/674 716/716
f 674/674 717/717 716/716
f 716/716 717/717 718/718
f 717/717 719/719 718/718
f 718/718 719/719 720/720
f 719/719 721/721 720/720
f 720/720 721/721 683/683
f 721/721 682/682 683/683
f 722/722 723/723 724/724
f 723/723 725/725 724/724
f 725/725 726/726 724/724
f 724/724 726/726 727/727
f 726/726 728/728 727/727
f 727/727 728/728 729/729
f 728/728 730/730 729/729
f 729/729 730/730 731/731
f 269/269 732/732 267/267
f 267/267 732/732 733/733
f 732/732 734/734 733/733
f 733/733 734/734 735/735
f 734/734 736/736 735/735
f 735/735 736/736 737/737
f 736/736 738/738 737/737
f 737/737 738/738 739/739
f 273/273 740/740 271/271
f 271/271 740/740 741/741
f 740/740 742/742 741/741
f 741/741 742/742 743/743
f 742/742 744/744 743/743
f 743/743 744/744 745/745
f 744/744 746/746 745/745
f 745/745 746/746 747/747
f 748/748 749/749 750/750
f 749/749 751/751 750/750
f 751/751 752/752 750/750
f 750/750 752/752 753/753
f 753/753 752/752 754/754
f 752/752 755/755 754/754
f 755/755 756/756 754/754
f 754/754 756/756 757/757
f 758/758 759/759 760/760
f 759/759 761/761 760/760
f 761/761 762/762 760/760
f 760/760 762/762 763/763
f 763/763 762/762 764/764
f 762/762 765/765 764/764
f 765/765 766/766 764/764
f 764/764 766/766 767/767
f 768/768 769/769 770/770
f 769/769 771/771 770/770
f 771/771 772/772 770/770
f 770/770 772/772 773/773
f 773/773 772/772 774/774
f 772/772 775/775 774/774
f 775/775 776/776 774/774
f 774/774 776/776 777/777
f 778/778 779/779 780/780
f 779/779 781/781 780/780
f 781/781 782/782 780/780
f 780/780 782/782 783/783
f 783/783 782/782 784/784
f 782/782 785/785 784/784
f 785/785 786/786 784/784
f 784/784 786/786 787/787
f 788/788 789/789 790/790
f 789/789 791/791 790/790
f 791/791 792/792 790/790
f 790/790 792/792 793/793
f 792/792 794/794 793/793
f 793/793 794/794 795/795
f 794/794 796/796 795/795
f 795/795 796/796 797/797
f 798/798 799/799 800/800
f 799/799 801/801 800/800
f 801/801 802/802 800/800
f 800/800 802/802 803/803
f 802/802 804/804 803/803
f 803/803 804/804 805/805
f 804/804 806/806 805/805
f 806/806 807/807 805/805
f 805/805 807/807 808/808
f 809/809 810/810 811/811
f 810/810 812/812 811/811
f 812/812 813/813 811/811
f 813/813 814/814 811/811
f 811/811 814/814 815/815
f 814/814 816/816 815/815
f 815/815 816/816 817/817
f 816/816 818/818 817/817
f 817/817 818/818 819/819
f 820/820 821/821 822/822
f 821/821 823/823 822/822
f 823/823 824/824 822/822
f 822/822 824/824 825/825
f 824/824 826/826 825/825
f 825/825 826/826 827/827
f 826/826 828/828 827/827
f 828/828 829/829 827/827
f 827/827 829/829 830/830
f 831/831 832/832 833/833
f 832/832 834/834 833/833
f 833/833 834/834 286/286
f 834/834 835/835 286/286
f 286/286 835/835 836/836
f 835/835 837/837 836/836
f 836/836 837/837 831/831
f 837/837 832/832 831/831
f 838/838 839/839 177/177
f 839/839 840/840 177/177
f 177/177 840/840 175/175
f 840/840 841/841 175/175
f 175/175 841/841 176/176
f 176/176 841/841 178/178
f 841/841 838/838 178/178
f 178/178 838/838 177/177
f 842/842 843/843 844/844
f 843/843 845/845 844/844
f 845/845 846/846 844/844
f 846/846 847/847 844/844
f 844/844 847/847 848/848
f 847/847 849/849 848/848
f 848/848 849/849 850/850
f 849/849 851/851 850/850
f 850/850 851/851 852/852
f 853/853 854/854 855/855
f 854/854 856/856 855/855
f 855/855 856/856 857/857
f 856/856 858/858 857/857
f 857/857 858/858 859/859
f 858/858 860/860 859/859
f 859/859 860/860 861/861
f 860/860 862/862 861/861
f 861/861 862/862 863/863
f 862/862 864/864 863/863
f 854/854 853/853 865/865
f 853/853 866/866 865/865
f 865/865 866/866 867/867
f 866/866 868/868 867/867
f 867/867 868/868 869/869
f 868/868 870/870 869/869
f 869/869 870/870 871/871
f 870/870 872/872 871/871
f 871/871 872/872 864/864
f 872/872 863/863 864/864
f 873/873 874/874 875/875
f 874/874 876/876 875/875
f 875/875 876/876 877/877
f 876/876 878/878 877/877
f 877/877 878/878 879/879
f 878/878 880/880 879/879
f 879/879 880/880 881/881
f 880/880 882/882 881/881
f 881/881 882/882 883/883
f 882/882 884/884 883/883
f 883/883 884/884 885/885
f 884/884 886/886 885/885
f 887/887 888/888 889/889
f 888/888 890/890 889/889
f 889/889 890/890 891/891
f 890/890 892/892 891/891
f 891/891 892/892 893/893
f 892/892 894/894 893/893
f 893/893 894/894 895/895
f 894/894 896/896 895/895
f 895/895 896/896 897/897
f 896/896 898/898 897/897
f 897/897 898/898 899/899
f 898/898 900/900 899/899
f 901/901 873/873 902/902
f 873/873 875/875 902/902
f 902/902 875/875 903/903
f 875/875 877/877 903/903
f 903/903 877/877 904/904
f 877/877 879/879 904/904
f 904/904 879/879 905/905
f 879/879 881/881 905/905
f 905/905 881/881 906/906
f 881/881 883/883 906/906
f 906/906 883/883 907/907
f 883/883 885/885 907/907
f 908/908 909/909 910/910
f 909/909 911/911 910/910
f 910/910 911/911 912/912
f 911/911 913/913 912/912
f 912/912 913/913 914/914
f 913/913 915/915 914/914
f 914/914 915/915 916/916
f 915/915 917/917 916/916
f 916/916 917/917 918/918
f 917/917 919/919 918/918
f 918/918 919/919 920/920
f 919/919 921/921 920/920
f 874/874 873/873 922/922
f 873/873 923/923 922/922
f 922/922 923/923 924/924
f 923/923 925/925 924/924
f 924/924 925/925 926/926
f 925/925 927/927 926/926
f 926/926 927/927 928/928
f 927/927 929/929 928/928
f 928/928 929/929 930/930
f 929/929 931/931 930/930
f 930/930 931/931 886/886
f 931/931 885/885 886/886
f 932/932 933/933 934/934
f 933/933 935/935 934/934
f 934/934 935/935 936/936
f 935/935 937/937 936/936
f 936/936 937/937 938/938
f 937/937 939/939 938/938
f 938/938 939/939 940/940
f 939/939 941/941 940/940
f 940/940 941/941 942/942
f 941/941 943/943 942/942
f 942/942 943/943 944/944
f 943/943 945/945 944/944
f 946/946 945/945 947/947
f 945/945 943/943 947/947
f 947/947 943/943 948/948
f 943/943 941/941 948/948
f 948/948 941/941 949/949
f 941/941 939/939 949/949
f 949/949 939/939 950/950
f 939/939 937/937 950/950
f 950/950 937/937 951/951
f 937/937 935/935 951/951
f 951/951 935/935 952/952
f 935/935 933/933 952/952
f 946/946 953/953 954/954
f 953/953 955/955 954/954
f 954/954 955/955 956/956
f 955/955 957/957 956/956
f 956/956 957/957 958/958
f 957/957 959/959 958/958
f 958/958 959/959 960/960
f 959/959 961/961 960/960
f 960/960 961/961 962/962
f 961/961 963/963 962/962
f 962/962 963/963 952/952
f 963/963 964/964 952/952
f 945/945 946/946 965/965
f 946/946 954/954 965/965
f 965/965 954/954 966/966
f 954/954 956/956 966/966
f 966/966 956/956 967/967
f 956/956 958/958 967/967
f 967/967 958/958 968/968
f 958/958 960/960 968/968
f 968/968 960/960 969/969
f 960/960 962/962 969/969
f 969/969 962/962 933/933
f 962/962 952/952 933/933
f 873/873 901/901 923/923
f 901/901 970/970 923/923
f 923/923 970/970 925/925
f 970/970 971/971 925/925
f 925/925 971/971 927/927
f 971/971 972/972 927/927
f 927/927 972/972 929/929
f 972/972 973/973 929/929
f 929/929 973/973 931/931
f 973/973 974/974 931/931
f 931/931 974/974 885/885
f 974/974 907/907 885/885
f 909/909 908/908 975/975
f 908/908 976/976 975/975
f 975/975 976/976 977/977
f 976/976 978/978 977/977
f 977/977 978/978 979/979
f 978/978 980/980 979/979
f 979/979 980/980 981/981
f 980/980 982/982 981/981
f 981/981 982/982 983/983
f 982/982 984/984 983/983
f 983/983 984/984 921/921
f 984/984 920/920 921/921
f 933/933 932/932 969/969
f 932/932 985/985 969/969
f 969/969 985/985 968/968
f 985/985 986/986 968/968
f 968/968 986/986 967/967
f 986/986 987/987 967/967
f 967/967 987/987 966/966
f 987/987 988/988 966/966
f 966/966 988/988 965/965
f 988/988 989/989 965/965
f 965/965 989/989 945/945
f 989/989 944/944 945/945
f 952/952 964/964 951/951
f 964/964 990/990 951/951
f 951/951 990/990 950/950
f 990/990 991/991 950/950
f 950/950 991/991 949/949
f 991/991 992/992 949/949
f 949/949 992/992 948/948
f 992/992 993/993 948/948
f 948/948 993/993 947/947
f 993/993 994/994 947/947
f 947/947 994/994 946/946
f 994/994 953/953 946/946
f 888/888 887/887 995/995
f 887/887 996/996 995/995
f 995/995 996/996 997/997
f 996/996 998/998 997/997
f 997/997 998/998 999/999
f 998/998 1000/1000 999/999
f 999/999 1000/1000 1001/1001
f 1000/1000 1002/1002 1001/1001
f 1001/1001 1002/1002 1003/1003
f 1002/1002 1004/1004 1003/1003
f 1003/1003 1004/1004 900/900
f 1004/1004 899/899 900/900

g Object_default-grey.jpg

usemtl mat_2-default-grey.jpg

f 1116/1116 1117/1117 1118/1118
f 1116/1116 1119/1119 1117/1117
f 1120/1120 1121/1121 1122/1122
f 1121/1121 1123/1123 1122/1122
f 1123/1123 1124/1124 1122/1122
f 1125/1125 1126/1126 1127/1127
f 1125/1125 1128/1128 1126/1126
f 1129/1129 1130/1130 1131/1131
f 1132/1132 1133/1133 1134/1134
f 4191/4191 4192/4192 4193/4193
f 4192/4192 4194/4194 4193/4193
f 4195/4195 4196/4196 4197/4197
f 4198/4198 4199/4199 4200/4200
f 4201/4201 4202/4202 4203/4203
f 4204/4204 4205/4205 4206/4206
f 4207/4207 4208/4208 4209/4209
f 4207/4207 4210/4210 4208/4208
f 4211/4211 4212/4212 4213/4213
f 4212/4212 4214/4214 4213/4213
f 4215/4215 4216/4216 4217/4217
f 4218/4218 4219/4219 4220/4220
f 4218/4218 4221/4221 4219/4219
f 4222/4222 4223/4223 4224/4224
f 4223/4223 4225/4225 4224/4224
f 4225/4225 4226/4226 4224/4224
f 4227/4227 4228/4228 4229/4229
f 4228/4228 4230/4230 4229/4229
f 4230/4230 4231/4231 4229/4229

g Object_texture_0024.jpg

usemtl mat_3-texture_0024.jpg

f 1574/1574 1575/1575 1576/1576
f 1575/1575 1577/1577 1576/1576
f 1578/1578 1579/1579 1580/1580
f 1579/1579 1581/1581 1580/1580
f 1582/1582 1583/1583 1584/1584
f 1583/1583 1585/1585 1584/1584
f 1586/1586 1587/1587 1588/1588
f 1587/1587 1589/1589 1588/1588
f 1582/1582 1584/1584 1590/1590
f 1584/1584 1591/1591 1590/1590
f 1590/1590 1591/1591 1588/1588
f 1591/1591 1586/1586 1588/1588
f 1577/1577 1575/1575 1592/1592
f 1575/1575 1593/1593 1592/1592
f 1592/1592 1593/1593 1579/1579
f 1593/1593 1581/1581 1579/1579

g Object_texture_0007.jpg

usemtl mat_4-texture_0007.jpg

f 5233/5233 5234/5234 5235/5235
f 5234/5234 5236/5236 5235/5235
f 5235/5235 5236/5236 5237/5237
f 5236/5236 5238/5238 5237/5237
f 5239/5239 5240/5240 5241/5241
f 5240/5240 5242/5242 5241/5241
f 5243/5243 5244/5244 5239/5239
f 5244/5244 5240/5240 5239/5239
f 5245/5245 5246/5246 5247/5247
f 5247/5247 5246/5246 5241/5241
f 5246/5246 5248/5248 5241/5241
f 5241/5241 5248/5248 5239/5239
f 5248/5248 5249/5249 5239/5239
f 5239/5239 5249/5249 5243/5243
f 5248/5248 5250/5250 5249/5249
f 5250/5250 5251/5251 5249/5249
f 5246/5246 5252/5252 5248/5248
f 5252/5252 5250/5250 5248/5248
f 5250/5250 5253/5253 5251/5251
f 5253/5253 5254/5254 5251/5251
f 5251/5251 5254/5254 5255/5255
f 5254/5254 5256/5256 5255/5255
f 5257/5257 5258/5258 5252/5252
f 5258/5258 5259/5259 5252/5252
f 5252/5252 5259/5259 5250/5250
f 5259/5259 5260/5260 5250/5250
f 5260/5260 5261/5261 5250/5250
f 5250/5250 5261/5261 5253/5253
f 5255/5255 5256/5256 5260/5260
f 5256/5256 5261/5261 5260/5260
f 5237/5237 5238/5238 5262/5262
f 5238/5238 5263/5263 5262/5262
f 5262/5262 5263/5263 5264/5264
f 5263/5263 5265/5265 5264/5264
f 5266/5266 5267/5267 5268/5268
f 5267/5267 5269/5269 5268/5268
f 5257/5257 5270/5270 5258/5258
f 5270/5270 5271/5271 5258/5258
f 5268/5268 5269/5269 5247/5247
f 5269/5269 5272/5272 5247/5247
f 5247/5247 5272/5272 5245/5245
f 5272/5272 5273/5273 5245/5245
f 5245/5245 5273/5273 5257/5257
f 5273/5273 5270/5270 5257/5257
f 5274/5274 5275/5275 5276/5276
f 5275/5275 5277/5277 5276/5276
f 5277/5277 5278/5278 5279/5279
f 5278/5278 5280/5280 5279/5279
f 5281/5281 5282/5282 5283/5283
f 5282/5282 5284/5284 5283/5283
f 5275/5275 5285/5285 5277/5277
f 5285/5285 5278/5278 5277/5277
f 5286/5286 5287/5287 5288/5288
f 5287/5287 5289/5289 5288/5288
f 5278/5278 5285/5285 5281/5281
f 5285/5285 5282/5282 5281/5281
f 5282/5282 5290/5290 5284/5284
f 5290/5290 5291/5291 5284/5284
f 5285/5285 5292/5292 5282/5282
f 5292/5292 5290/5290 5282/5282
f 5275/5275 5293/5293 5285/5285
f 5293/5293 5292/5292 5285/5285
f 5274/5274 5294/5294 5275/5275
f 5294/5294 5293/5293 5275/5275
f 5290/5290 5295/5295 5291/5291
f 5295/5295 5296/5296 5291/5291
f 5292/5292 5287/5287 5290/5290
f 5287/5287 5295/5295 5290/5290
f 5293/5293 5289/5289 5292/5292
f 5289/5289 5287/5287 5292/5292
f 5294/5294 5297/5297 5293/5293
f 5297/5297 5289/5289 5293/5293
f 5298/5298 5299/5299 5300/5300
f 5299/5299 5301/5301 5300/5300
f 5302/5302 5300/5300 5303/5303
f 5300/5300 5301/5301 5303/5303
f 5304/5304 5301/5301 5305/5305
f 5301/5301 5299/5299 5305/5305
f 5306/5306 5299/5299 5307/5307
f 5299/5299 5298/5298 5307/5307
f 5308/5308 5298/5298 5309/5309
f 5298/5298 5300/5300 5309/5309
f 5310/5310 5311/5311 5312/5312
f 5311/5311 5313/5313 5312/5312
f 5314/5314 5315/5315 5310/5310
f 5315/5315 5311/5311 5310/5310
f 5316/5316 5317/5317 5318/5318
f 5317/5317 5319/5319 5318/5318
f 5312/5312 5313/5313 5316/5316
f 5313/5313 5317/5317 5316/5316
f 5320/5320 5321/5321 5322/5322
f 5321/5321 5323/5323 5322/5322
f 5324/5324 5325/5325 5326/5326
f 5325/5325 5321/5321 5326/5326
f 5327/5327 5328/5328 5329/5329
f 5328/5328 5325/5325 5329/5329
f 5330/5330 5331/5331 5332/5332
f 5331/5331 5333/5333 5332/5332
f 5334/5334 5335/5335 5336/5336
f 5335/5335 5331/5331 5336/5336
f 5337/5337 5338/5338 5339/5339
f 5338/5338 5335/5335 5339/5339
f 5340/5340 5333/5333 5341/5341
f 5333/5333 5338/5338 5341/5341
f 5331/5331 5335/5335 5333/5333
f 5335/5335 5338/5338 5333/5333
f 5342/5342 5343/5343 5344/5344
f 5343/5343 5345/5345 5344/5344
f 5346/5346 5347/5347 5348/5348
f 5347/5347 5349/5349 5348/5348
f 5350/5350 5351/5351 5352/5352
f 5351/5351 5353/5353 5352/5352
f 5351/5351 5354/5354 5353/5353
f 5354/5354 5355/5355 5353/5353
f 5354/5354 5350/5350 5355/5355
f 5350/5350 5352/5352 5355/5355
f 5356/5356 5357/5357 5358/5358
f 5357/5357 5359/5359 5358/5358
f 5357/5357 5360/5360 5359/5359
f 5360/5360 5361/5361 5359/5359
f 5360/5360 5356/5356 5361/5361
f 5356/5356 5358/5358 5361/5361
f 5362/5362 5363/5363 5364/5364
f 5363/5363 5365/5365 5364/5364
f 5365/5365 5363/5363 5366/5366
f 5363/5363 5367/5367 5366/5366
f 5368/5368 5364/5364 5369/5369
f 5364/5364 5365/5365 5369/5369
f 5362/5362 5364/5364 5370/5370
f 5364/5364 5371/5371 5370/5370
f 5372/5372 5373/5373 5374/5374
f 5373/5373 5375/5375 5374/5374
f 5376/5376 5377/5377 5378/5378
f 5377/5377 5379/5379 5378/5378
f 5380/5380 5378/5378 5381/5381
f 5378/5378 5379/5379 5381/5381
f 5378/5378 5382/5382 5376/5376
f 5382/5382 5383/5383 5376/5376
f 5382/5382 5378/5378 5384/5384
f 5378/5378 5380/5380 5384/5384
f 5383/5383 5385/5385 5386/5386
f 5385/5385 5387/5387 5386/5386
f 5379/5379 5388/5388 5381/5381
f 5388/5388 5389/5389 5381/5381
f 5390/5390 5391/5391 5392/5392
f 5391/5391 5393/5393 5392/5392
f 5382/5382 5384/5384 5392/5392
f 5384/5384 5390/5390 5392/5392
f 5387/5387 5394/5394 5386/5386
f 5394/5394 5395/5395 5386/5386
f 5396/5396 5397/5397 5398/5398
f 5397/5397 5399/5399 5398/5398
f 5398/5398 5377/5377 5396/5396
f 5377/5377 5376/5376 5396/5396
f 5392/5392 5385/5385 5382/5382
f 5385/5385 5383/5383 5382/5382
f 5400/5400 5401/5401 5402/5402
f 5401/5401 5403/5403 5402/5402
f 5404/5404 5405/5405 5406/5406
f 5405/5405 5407/5407 5406/5406
f 5408/5408 5409/5409 5410/5410
f 5409/5409 5411/5411 5410/5410
f 5412/5412 5413/5413 5414/5414
f 5413/5413 5415/5415 5414/5414
f 5416/5416 5417/5417 5418/5418
f 5417/5417 5419/5419 5418/5418
f 5420/5420 5421/5421 5422/5422
f 5421/5421 5423/5423 5422/5422
f 5424/5424 5425/5425 5426/5426
f 5425/5425 5427/5427 5426/5426
f 5428/5428 5429/5429 5430/5430
f 5429/5429 5431/5431 5430/5430
f 5430/5430 5432/5432 5433/5433
f 5432/5432 5434/5434 5433/5433
f 5431/5431 5435/5435 5430/5430
f 5435/5435 5432/5432 5430/5430
f 5433/5433 5434/5434 5436/5436
f 5434/5434 5437/5437 5436/5436
f 5438/5438 5439/5439 5431/5431
f 5439/5439 5435/5435 5431/5431
f 5436/5436 5440/5440 5441/5441
f 5440/5440 5442/5442 5441/5441
f 5443/5443 5444/5444 5438/5438
f 5444/5444 5439/5439 5438/5438
f 5441/5441 5445/5445 5446/5446
f 5445/5445 5447/5447 5446/5446
f 5448/5448 5449/5449 5443/5443
f 5449/5449 5450/5450 5443/5443
f 5446/5446 5447/5447 5428/5428
f 5447/5447 5451/5451 5428/5428
f 5452/5452 5453/5453 5448/5448
f 5453/5453 5454/5454 5448/5448
f 5428/5428 5451/5451 5429/5429
f 5451/5451 5455/5455 5429/5429
f 5429/5429 5455/5455 5452/5452
f 5455/5455 5453/5453 5452/5452
f 5456/5456 5455/5455 5457/5457
f 5455/5455 5451/5451 5457/5457
f 5458/5458 5459/5459 5460/5460
f 5459/5459 5461/5461 5460/5460
f 5462/5462 5459/5459 5463/5463
f 5459/5459 5464/5464 5463/5463
f 5465/5465 5461/5461 5462/5462
f 5461/5461 5459/5459 5462/5462
f 5463/5463 5464/5464 5466/5466
f 5464/5464 5467/5467 5466/5466
f 5468/5468 5469/5469 5465/5465
f 5469/5469 5461/5461 5465/5465
f 5466/5466 5470/5470 5471/5471
f 5470/5470 5472/5472 5471/5471
f 5473/5473 5474/5474 5468/5468
f 5474/5474 5469/5469 5468/5468
f 5471/5471 5475/5475 5476/5476
f 5475/5475 5477/5477 5476/5476
f 5478/5478 5479/5479 5473/5473
f 5479/5479 5480/5480 5473/5473
f 5476/5476 5477/5477 5481/5481
f 5477/5477 5482/5482 5481/5481
f 5483/5483 5484/5484 5478/5478
f 5484/5484 5485/5485 5478/5478
f 5481/5481 5482/5482 5486/5486
f 5482/5482 5487/5487 5486/5486
f 5486/5486 5487/5487 5483/5483
f 5487/5487 5484/5484 5483/5483
f 5465/5465 5462/5462 5486/5486
f 5462/5462 5481/5481 5486/5486
f 5488/5488 5489/5489 5490/5490
f 5489/5489 5491/5491 5490/5490
f 5492/5492 5493/5493 5494/5494
f 5493/5493 5495/5495 5494/5494
f 5496/5496 5497/5497 5488/5488
f 5497/5497 5489/5489 5488/5488
f 5494/5494 5495/5495 5498/5498
f 5495/5495 5499/5499 5498/5498
f 5498/5498 5499/5499 5500/5500
f 5499/5499 5501/5501 5500/5500
f 5500/5500 5501/5501 5496/5496
f 5501/5501 5497/5497 5496/5496
f 5502/5502 5503/5503 5504/5504
f 5503/5503 5505/5505 5504/5504
f 5506/5506 5507/5507 5508/5508
f 5507/5507 5509/5509 5508/5508
f 5504/5504 5505/5505 5510/5510
f 5505/5505 5511/5511 5510/5510
f 5512/5512 5513/5513 5506/5506
f 5513/5513 5507/5507 5506/5506
f 5514/5514 5515/5515 5512/5512
f 5515/5515 5513/5513 5512/5512
f 5510/5510 5511/5511 5514/5514
f 5511/5511 5515/5515 5514/5514
f 5516/5516 5517/5517 5518/5518
f 5517/5517 5519/5519 5518/5518
f 5520/5520 5521/5521 5522/5522
f 5521/5521 5523/5523 5522/5522
f 5524/5524 5523/5523 5525/5525
f 5523/5523 5521/5521 5525/5525
f 5526/5526 5521/5521 5527/5527
f 5521/5521 5520/5520 5527/5527
f 5528/5528 5520/5520 5529/5529
f 5520/5520 5522/5522 5529/5529
f 5530/5530 5531/5531 5532/5532
f 5531/5531 5533/5533 5532/5532
f 5532/5532 5533/5533 5534/5534
f 5533/5533 5535/5535 5534/5534
f 5534/5534 5535/5535 5536/5536
f 5535/5535 5537/5537 5536/5536
f 5538/5538 5539/5539 5540/5540
f 5539/5539 5541/5541 5540/5540
f 5540/5540 5541/5541 5542/5542
f 5541/5541 5543/5543 5542/5542
f 5542/5542 5543/5543 5544/5544
f 5543/5543 5545/5545 5544/5544
f 5544/5544 5545/5545 5546/5546
f 5545/5545 5547/5547 5546/5546
f 5546/5546 5547/5547 5530/5530
f 5547/5547 5531/5531 5530/5530
f 5548/5548 5549/5549 5550/5550
f 5549/5549 5551/5551 5550/5550
f 5552/5552 5553/5553 5548/5548
f 5553/5553 5549/5549 5548/5548
f 5554/5554 5555/5555 5552/5552
f 5555/5555 5553/5553 5552/5552
f 5556/5556 5557/5557 5558/5558
f 5557/5557 5559/5559 5558/5558
f 5560/5560 5561/5561 5556/5556
f 5561/5561 5557/5557 5556/5556
f 5562/5562 5563/5563 5560/5560
f 5563/5563 5561/5561 5560/5560
f 5564/5564 5565/5565 5562/5562
f 5565/5565 5563/5563 5562/5562
f 5550/5550 5551/5551 5564/5564
f 5551/5551 5565/5565 5564/5564
f 5566/5566 5567/5567 5568/5568
f 5567/5567 5569/5569 5568/5568
f 5570/5570 5571/5571 5572/5572
f 5571/5571 5573/5573 5572/5572
f 5574/5574 5575/5575 5576/5576
f 5575/5575 5577/5577 5576/5576
f 5578/5578 5579/5579 5580/5580
f 5579/5579 5581/5581 5580/5580
f 5582/5582 5583/5583 5584/5584
f 5583/5583 5585/5585 5584/5584
f 5586/5586 5587/5587 5588/5588
f 5587/5587 5589/5589 5588/5588
f 5590/5590 5591/5591 5592/5592
f 5591/5591 5593/5593 5592/5592
f 5594/5594 5595/5595 5596/5596
f 5595/5595 5597/5597 5596/5596
f 5598/5598 5599/5599 5600/5600
f 5599/5599 5601/5601 5600/5600
f 5602/5602 5603/5603 5604/5604
f 5603/5603 5605/5605 5604/5604
f 5606/5606 5607/5607 5608/5608
f 5607/5607 5609/5609 5608/5608
f 5605/5605 5607/5607 5604/5604
f 5607/5607 5598/5598 5604/5604
f 5607/5607 5606/5606 5598/5598
f 5606/5606 5599/5599 5598/5598
f 5600/5600 5610/5610 5611/5611
f 5610/5610 5612/5612 5611/5611
f 5613/5613 5614/5614 5615/5615
f 5614/5614 5616/5616 5615/5615
f 5601/5601 5617/5617 5600/5600
f 5617/5617 5618/5618 5600/5600
f 5527/5527 5619/5619 5526/5526
f 5619/5619 5620/5620 5526/5526
f 5621/5621 5622/5622 5623/5623
f 5622/5622 5624/5624 5623/5623
f 5625/5625 5626/5626 5627/5627
f 5626/5626 5628/5628 5627/5627
f 5629/5629 5630/5630 5621/5621
f 5630/5630 5622/5622 5621/5621
f 5627/5627 5628/5628 5631/5631
f 5628/5628 5632/5632 5631/5631
f 5631/5631 5632/5632 5633/5633
f 5632/5632 5634/5634 5633/5633
f 5633/5633 5634/5634 5629/5629
f 5634/5634 5630/5630 5629/5629
f 5635/5635 5636/5636 5637/5637
f 5636/5636 5638/5638 5637/5637
f 5639/5639 5640/5640 5641/5641
f 5640/5640 5642/5642 5641/5641
f 5637/5637 5638/5638 5643/5643
f 5638/5638 5644/5644 5643/5643
f 5645/5645 5646/5646 5639/5639
f 5646/5646 5640/5640 5639/5639
f 5647/5647 5648/5648 5645/5645
f 5648/5648 5646/5646 5645/5645
f 5643/5643 5644/5644 5647/5647
f 5644/5644 5648/5648 5647/5647
f 5649/5649 5650/5650 5651/5651
f 5650/5650 5652/5652 5651/5651
f 5653/5653 5654/5654 5655/5655
f 5654/5654 5656/5656 5655/5655
f 5655/5655 5650/5650 5657/5657
f 5650/5650 5649/5649 5657/5657
f 5657/5657 5658/5658 5659/5659
f 5658/5658 5660/5660 5659/5659
f 5659/5659 5661/5661 5653/5653
f 5661/5661 5662/5662 5653/5653
f 5655/5655 5663/5663 5653/5653
f 5663/5663 5664/5664 5653/5653
f 5659/5659 5665/5665 5657/5657
f 5665/5665 5666/5666 5657/5657
f 5241/5241 5242/5242 5247/5247
f 5242/5242 5268/5268 5247/5247
f 5245/5245 5257/5257 5246/5246
f 5257/5257 5252/5252 5246/5246
f 5667/5667 5668/5668 5669/5669
f 5668/5668 5670/5670 5669/5669
f 5668/5668 5667/5667 5671/5671
f 5667/5667 5672/5672 5671/5671
f 5671/5671 5672/5672 5673/5673
f 5672/5672 5674/5674 5673/5673
f 5673/5673 5674/5674 5675/5675
f 5674/5674 5676/5676 5675/5675
f 5675/5675 5676/5676 5677/5677
f 5676/5676 5678/5678 5677/5677
f 5677/5677 5678/5678 5679/5679
f 5678/5678 5680/5680 5679/5679
f 5679/5679 5680/5680 5681/5681
f 5680/5680 5682/5682 5681/5681
f 5681/5681 5682/5682 5683/5683
f 5682/5682 5684/5684 5683/5683
f 5685/5685 5667/5667 5686/5686
f 5667/5667 5669/5669 5686/5686
f 5667/5667 5685/5685 5672/5672
f 5685/5685 5687/5687 5672/5672
f 5672/5672 5687/5687 5674/5674
f 5687/5687 5688/5688 5674/5674
f 5674/5674 5688/5688 5676/5676
f 5688/5688 5689/5689 5676/5676
f 5676/5676 5689/5689 5678/5678
f 5689/5689 5690/5690 5678/5678
f 5678/5678 5690/5690 5680/5680
f 5690/5690 5691/5691 5680/5680
f 5680/5680 5691/5691 5682/5682
f 5691/5691 5692/5692 5682/5682
f 5682/5682 5692/5692 5684/5684
f 5692/5692 5693/5693 5684/5684
f 5694/5694 5681/5681 5695/5695
f 5681/5681 5683/5683 5695/5695
f 5681/5681 5694/5694 5679/5679
f 5694/5694 5696/5696 5679/5679
f 5679/5679 5696/5696 5677/5677
f 5696/5696 5697/5697 5677/5677
f 5677/5677 5697/5697 5675/5675
f 5697/5697 5698/5698 5675/5675
f 5675/5675 5698/5698 5673/5673
f 5698/5698 5699/5699 5673/5673
f 5673/5673 5699/5699 5671/5671
f 5699/5699 5700/5700 5671/5671
f 5671/5671 5700/5700 5668/5668
f 5700/5700 5701/5701 5668/5668
f 5668/5668 5701/5701 5670/5670
f 5701/5701 5702/5702 5670/5670
f 5557/5557 5541/5541 5559/5559
f 5541/5541 5539/5539 5559/5559
f 5541/5541 5557/5557 5543/5543
f 5557/5557 5561/5561 5543/5543
f 5543/5543 5561/5561 5545/5545
f 5561/5561 5563/5563 5545/5545
f 5545/5545 5563/5563 5547/5547
f 5563/5563 5565/5565 5547/5547
f 5547/5547 5565/5565 5531/5531
f 5565/5565 5551/5551 5531/5531
f 5531/5531 5551/5551 5533/5533
f 5551/5551 5549/5549 5533/5533
f 5533/5533 5549/5549 5535/5535
f 5549/5549 5553/5553 5535/5535
f 5535/5535 5553/5553 5537/5537
f 5553/5553 5555/5555 5537/5537
f 5701/5701 5685/5685 5702/5702
f 5685/5685 5686/5686 5702/5702
f 5685/5685 5701/5701 5687/5687
f 5701/5701 5700/5700 5687/5687
f 5687/5687 5700/5700 5688/5688
f 5700/5700 5699/5699 5688/5688
f 5688/5688 5699/5699 5689/5689
f 5699/5699 5698/5698 5689/5689
f 5689/5689 5698/5698 5690/5690
f 5698/5698 5697/5697 5690/5690
f 5690/5690 5697/5697 5691/5691
f 5697/5697 5696/5696 5691/5691
f 5691/5691 5696/5696 5692/5692
f 5696/5696 5694/5694 5692/5692
f 5692/5692 5694/5694 5693/5693
f 5694/5694 5695/5695 5693/5693
f 5703/5703 5704/5704 5705/5705
f 5704/5704 5706/5706 5705/5705
f 5704/5704 5703/5703 5707/5707
f 5703/5703 5708/5708 5707/5707
f 5707/5707 5708/5708 5709/5709
f 5708/5708 5710/5710 5709/5709
f 5709/5709 5710/5710 5711/5711
f 5710/5710 5712/5712 5711/5711
f 5711/5711 5712/5712 5713/5713
f 5712/5712 5714/5714 5713/5713
f 5713/5713 5714/5714 5715/5715
f 5714/5714 5716/5716 5715/5715
f 5715/5715 5716/5716 5717/5717
f 5716/5716 5718/5718 5717/5717
f 5717/5717 5718/5718 5719/5719
f 5718/5718 5720/5720 5719/5719
f 5721/5721 5597/5597 5722/5722
f 5597/5597 5595/5595 5722/5722
f 5723/5723 5724/5724 5722/5722
f 5724/5724 5725/5725 5722/5722
f 5722/5722 5725/5725 5721/5721
f 5725/5725 5726/5726 5721/5721
f 5726/5726 5727/5727 5721/5721
f 5727/5727 5728/5728 5721/5721
f 5721/5721 5728/5728 5729/5729
f 5578/5578 5580/5580 5592/5592
f 5580/5580 5590/5590 5592/5592
f 5730/5730 5731/5731 5732/5732
f 5732/5732 5731/5731 5592/5592
f 5731/5731 5733/5733 5592/5592
f 5733/5733 5734/5734 5592/5592
f 5592/5592 5734/5734 5578/5578
f 5734/5734 5735/5735 5578/5578
f 5578/5578 5735/5735 5736/5736
f 5737/5737 5738/5738 5739/5739
f 5738/5738 5740/5740 5739/5739
f 5739/5739 5740/5740 5741/5741
f 5742/5742 5743/5743 5744/5744
f 5743/5743 5745/5745 5744/5744
f 5744/5744 5745/5745 5746/5746
f 5481/5481 5462/5462 5476/5476
f 5462/5462 5463/5463 5476/5476
f 5476/5476 5463/5463 5471/5471
f 5463/5463 5466/5466 5471/5471
f 5747/5747 5748/5748 5749/5749
f 5748/5748 5750/5750 5749/5749
f 5749/5749 5750/5750 5751/5751
f 5750/5750 5752/5752 5751/5751
f 5753/5753 5754/5754 5755/5755
f 5754/5754 5756/5756 5755/5755
f 5755/5755 5756/5756 5757/5757
f 5756/5756 5758/5758 5757/5757
f 5348/5348 5349/5349 5759/5759
f 5349/5349 5760/5760 5759/5759
f 5759/5759 5760/5760 5342/5342
f 5760/5760 5343/5343 5342/5342
f 5448/5448 5443/5443 5452/5452
f 5443/5443 5438/5438 5452/5452
f 5452/5452 5438/5438 5429/5429
f 5438/5438 5431/5431 5429/5429
f 5344/5344 5345/5345 5761/5761
f 5345/5345 5762/5762 5761/5761
f 5761/5761 5762/5762 5763/5763
f 5762/5762 5764/5764 5763/5763
f 5765/5765 5757/5757 5766/5766
f 5757/5757 5758/5758 5766/5766
f 5766/5766 5758/5758 5767/5767
f 5758/5758 5768/5768 5767/5767
f 5459/5459 5458/5458 5769/5769
f 5458/5458 5770/5770 5769/5769
f 5769/5769 5770/5770 5771/5771
f 5770/5770 5772/5772 5771/5771
f 5478/5478 5473/5473 5483/5483
f 5473/5473 5468/5468 5483/5483
f 5483/5483 5468/5468 5486/5486
f 5468/5468 5465/5465 5486/5486
f 5773/5773 5774/5774 5731/5731
f 5774/5774 5727/5727 5731/5731
f 5731/5731 5727/5727 5733/5733
f 5727/5727 5726/5726 5733/5733
f 5775/5775 5776/5776 5777/5777
f 5776/5776 5778/5778 5777/5777
f 5777/5777 5778/5778 5456/5456
f 5778/5778 5455/5455 5456/5456
f 5243/5243 5249/5249 5779/5779
f 5249/5249 5780/5780 5779/5779
f 5780/5780 5781/5781 5779/5779
f 5779/5779 5781/5781 5782/5782
f 5255/5255 5260/5260 5783/5783
f 5783/5783 5260/5260 5784/5784
f 5260/5260 5785/5785 5784/5784
f 5784/5784 5785/5785 5786/5786
f 5321/5321 5325/5325 5323/5323
f 5325/5325 5328/5328 5323/5323
f 5328/5328 5787/5787 5323/5323
f 5323/5323 5787/5787 5788/5788
f 5789/5789 5790/5790 5791/5791
f 5790/5790 5343/5343 5791/5791
f 5343/5343 5792/5792 5791/5791
f 5791/5791 5792/5792 5793/5793
f 5376/5376 5383/5383 5794/5794
f 5383/5383 5795/5795 5794/5794
f 5795/5795 5374/5374 5794/5794
f 5794/5794 5374/5374 5375/5375
f 5796/5796 5797/5797 5798/5798
f 5798/5798 5797/5797 5799/5799
f 5797/5797 5800/5800 5799/5799
f 5799/5799 5800/5800 5801/5801
f 5802/5802 5514/5514 5803/5803
f 5514/5514 5804/5804 5803/5803
f 5804/5804 5805/5805 5803/5803
f 5803/5803 5805/5805 5806/5806
f 5807/5807 5808/5808 5809/5809
f 5808/5808 5500/5500 5809/5809
f 5500/5500 5810/5810 5809/5809
f 5809/5809 5810/5810 5811/5811
f 5744/5744 5746/5746 5737/5737
f 5737/5737 5746/5746 5738/5738
f 5746/5746 5796/5796 5738/5738
f 5738/5738 5796/5796 5798/5798
f 5812/5812 5614/5614 5813/5813
f 5813/5813 5614/5614 5814/5814
f 5614/5614 5609/5609 5814/5814
f 5814/5814 5609/5609 5607/5607
f 5600/5600 5611/5611 5598/5598
f 5598/5598 5611/5611 5815/5815
f 5611/5611 5816/5816 5815/5815
f 5815/5815 5816/5816 5817/5817
f 5818/5818 5819/5819 5820/5820
f 5819/5819 5648/5648 5820/5820
f 5648/5648 5821/5821 5820/5820
f 5820/5820 5821/5821 5822/5822
f 5823/5823 5634/5634 5824/5824
f 5634/5634 5825/5825 5824/5824
f 5825/5825 5826/5826 5824/5824
f 5824/5824 5826/5826 5827/5827
f 5460/5460 5461/5461 5828/5828
f 5461/5461 5829/5829 5828/5828
f 5828/5828 5829/5829 5830/5830
f 5829/5829 5831/5831 5830/5830
f 5428/5428 5430/5430 5446/5446
f 5430/5430 5433/5433 5446/5446
f 5446/5446 5433/5433 5441/5441
f 5433/5433 5436/5436 5441/5441
f 5832/5832 5833/5833 5834/5834
f 5833/5833 5835/5835 5834/5834
f 5834/5834 5835/5835 5451/5451
f 5835/5835 5457/5457 5451/5451
f 5836/5836 5750/5750 5837/5837
f 5837/5837 5750/5750 5838/5838
f 5750/5750 5748/5748 5838/5838
f 5838/5838 5748/5748 5839/5839
f 5840/5840 5841/5841 5839/5839
f 5841/5841 5842/5842 5839/5839
f 5839/5839 5842/5842 5838/5838
f 5842/5842 5400/5400 5838/5838
f 5838/5838 5400/5400 5402/5402
f 5843/5843 5747/5747 5407/5407
f 5747/5747 5749/5749 5407/5407
f 5749/5749 5844/5844 5407/5407
f 5407/5407 5844/5844 5845/5845
f 5419/5419 5417/5417 5405/5405
f 5405/5405 5417/5417 5407/5407
f 5407/5407 5417/5417 5843/5843
f 5417/5417 5846/5846 5843/5843
f 5843/5843 5846/5846 5847/5847
f 5848/5848 5849/5849 5850/5850
f 5849/5849 5851/5851 5850/5850
f 5851/5851 5852/5852 5850/5850
f 5852/5852 5516/5516 5850/5850
f 5850/5850 5516/5516 5518/5518
f 5517/5517 5853/5853 5519/5519
f 5853/5853 5854/5854 5519/5519
f 5854/5854 5855/5855 5519/5519
f 5855/5855 5856/5856 5519/5519
f 5519/5519 5856/5856 5857/5857
f 5567/5567 5858/5858 5569/5569
f 5858/5858 5859/5859 5569/5569
f 5859/5859 5860/5860 5569/5569
f 5860/5860 5861/5861 5569/5569
f 5569/5569 5861/5861 5862/5862
f 5863/5863 5864/5864 5865/5865
f 5864/5864 5866/5866 5865/5865
f 5866/5866 5867/5867 5865/5865
f 5867/5867 5566/5566 5865/5865
f 5865/5865 5566/5566 5568/5568
f 5868/5868 5869/5869 5870/5870
f 5870/5870 5869/5869 5871/5871
f 5869/5869 5872/5872 5871/5871
f 5871/5871 5872/5872 5873/5873
f 5872/5872 5874/5874 5873/5873
f 5873/5873 5874/5874 5875/5875
f 5870/5870 5871/5871 5876/5876
f 5876/5876 5871/5871 5877/5877
f 5871/5871 5873/5873 5877/5877
f 5877/5877 5873/5873 5878/5878
f 5873/5873 5875/5875 5878/5878
f 5878/5878 5875/5875 5879/5879
f 5880/5880 5881/5881 5879/5879
f 5879/5879 5881/5881 5878/5878
f 5881/5881 5882/5882 5878/5878
f 5878/5878 5882/5882 5877/5877
f 5882/5882 5883/5883 5877/5877
f 5877/5877 5883/5883 5876/5876
f 5884/5884 5885/5885 5880/5880
f 5880/5880 5885/5885 5881/5881
f 5885/5885 5886/5886 5881/5881
f 5881/5881 5886/5886 5882/5882
f 5886/5886 5887/5887 5882/5882
f 5882/5882 5887/5887 5883/5883
f 5888/5888 5889/5889 5884/5884
f 5884/5884 5889/5889 5885/5885
f 5889/5889 5890/5890 5885/5885
f 5885/5885 5890/5890 5886/5886
f 5890/5890 5891/5891 5886/5886
f 5886/5886 5891/5891 5887/5887
f 5892/5892 5893/5893 5888/5888
f 5888/5888 5893/5893 5889/5889
f 5893/5893 5894/5894 5889/5889
f 5889/5889 5894/5894 5890/5890
f 5894/5894 5895/5895 5890/5890
f 5890/5890 5895/5895 5891/5891
f 5895/5895 5894/5894 5896/5896
f 5896/5896 5894/5894 5897/5897
f 5894/5894 5893/5893 5897/5897
f 5897/5897 5893/5893 5898/5898
f 5893/5893 5892/5892 5898/5898
f 5898/5898 5892/5892 5899/5899
f 5896/5896 5897/5897 5900/5900
f 5900/5900 5897/5897 5901/5901
f 5897/5897 5898/5898 5901/5901
f 5901/5901 5898/5898 5902/5902
f 5898/5898 5899/5899 5902/5902
f 5902/5902 5899/5899 5903/5903
f 5653/5653 5664/5664 5659/5659
f 5659/5659 5664/5664 5665/5665
f 5664/5664 5663/5663 5665/5665
f 5665/5665 5663/5663 5666/5666
f 5663/5663 5655/5655 5666/5666
f 5666/5666 5655/5655 5657/5657
f 5904/5904 5905/5905 5906/5906
f 5906/5906 5905/5905 5907/5907
f 5907/5907 5905/5905 5908/5908
f 5905/5905 5909/5909 5908/5908
f 5909/5909 5910/5910 5908/5908
f 5908/5908 5910/5910 5911/5911
f 5912/5912 5913/5913 5914/5914
f 5913/5913 5915/5915 5914/5914
f 5915/5915 5916/5916 5914/5914
f 5916/5916 5917/5917 5914/5914
f 5917/5917 5373/5373 5914/5914
f 5914/5914 5373/5373 5372/5372
f 5711/5711 5918/5918 5919/5919
f 5918/5918 5920/5920 5919/5919
f 5920/5920 5921/5921 5919/5919
f 5921/5921 5922/5922 5919/5919
f 5922/5922 5923/5923 5919/5919
f 5919/5919 5923/5923 5924/5924
f 5925/5925 5926/5926 5927/5927
f 5926/5926 5928/5928 5927/5927
f 5928/5928 5929/5929 5927/5927
f 5929/5929 5884/5884 5927/5927
f 5884/5884 5930/5930 5927/5927
f 5927/5927 5930/5930 5931/5931
f 5932/5932 5933/5933 5934/5934
f 5933/5933 5935/5935 5934/5934
f 5935/5935 5936/5936 5934/5934
f 5936/5936 5937/5937 5934/5934
f 5937/5937 5938/5938 5934/5934
f 5934/5934 5938/5938 5939/5939
f 5564/5564 5940/5940 5941/5941
f 5940/5940 5942/5942 5941/5941
f 5942/5942 5943/5943 5941/5941
f 5943/5943 5944/5944 5941/5941
f 5944/5944 5945/5945 5941/5941
f 5941/5941 5945/5945 5946/5946
f 5947/5947 5271/5271 5948/5948
f 5271/5271 5270/5270 5948/5948
f 5948/5948 5270/5270 5753/5753
f 5270/5270 5273/5273 5753/5753
f 5753/5753 5273/5273 5754/5754
f 5273/5273 5272/5272 5754/5754
f 5754/5754 5272/5272 5949/5949
f 5272/5272 5269/5269 5949/5949
f 5949/5949 5269/5269 5950/5950
f 5269/5269 5267/5267 5950/5950
f 5951/5951 5952/5952 5953/5953
f 5953/5953 5952/5952 5954/5954
f 5952/5952 5955/5955 5954/5954
f 5954/5954 5955/5955 5956/5956
f 5955/5955 5957/5957 5956/5956
f 5956/5956 5957/5957 5958/5958
f 5957/5957 5959/5959 5958/5958
f 5958/5958 5959/5959 5960/5960
f 5959/5959 5961/5961 5960/5960
f 5960/5960 5961/5961 5962/5962
f 5961/5961 5959/5959 5963/5963
f 5963/5963 5959/5959 5964/5964
f 5959/5959 5957/5957 5964/5964
f 5964/5964 5957/5957 5965/5965
f 5957/5957 5955/5955 5965/5965
f 5965/5965 5955/5955 5966/5966
f 5955/5955 5952/5952 5966/5966
f 5966/5966 5952/5952 5967/5967
f 5952/5952 5951/5951 5967/5967
f 5967/5967 5951/5951 5968/5968
f 5963/5963 5964/5964 5969/5969
f 5969/5969 5964/5964 5970/5970
f 5964/5964 5965/5965 5970/5970
f 5970/5970 5965/5965 5971/5971
f 5965/5965 5966/5966 5971/5971
f 5971/5971 5966/5966 5972/5972
f 5966/5966 5967/5967 5972/5972
f 5972/5972 5967/5967 5973/5973
f 5967/5967 5968/5968 5973/5973
f 5973/5973 5968/5968 5974/5974
f 5969/5969 5970/5970 5935/5935
f 5935/5935 5970/5970 5975/5975
f 5970/5970 5971/5971 5975/5975
f 5975/5975 5971/5971 5976/5976
f 5971/5971 5972/5972 5976/5976
f 5976/5976 5972/5972 5977/5977
f 5972/5972 5973/5973 5977/5977
f 5977/5977 5973/5973 5978/5978
f 5973/5973 5974/5974 5978/5978
f 5978/5978 5974/5974 5979/5979
f 5935/5935 5975/5975 5980/5980
f 5980/5980 5975/5975 5981/5981
f 5975/5975 5976/5976 5981/5981
f 5981/5981 5976/5976 5982/5982
f 5976/5976 5977/5977 5982/5982
f 5982/5982 5977/5977 5983/5983
f 5977/5977 5978/5978 5983/5983
f 5983/5983 5978/5978 5984/5984
f 5978/5978 5979/5979 5984/5984
f 5984/5984 5979/5979 5985/5985
f 5980/5980 5981/5981 5986/5986
f 5986/5986 5981/5981 5987/5987
f 5981/5981 5982/5982 5987/5987
f 5987/5987 5982/5982 5988/5988
f 5982/5982 5983/5983 5988/5988
f 5988/5988 5983/5983 5989/5989
f 5983/5983 5984/5984 5989/5989
f 5989/5989 5984/5984 5990/5990
f 5984/5984 5985/5985 5990/5990
f 5990/5990 5985/5985 5991/5991
f 5986/5986 5987/5987 5992/5992
f 5992/5992 5987/5987 5993/5993
f 5987/5987 5988/5988 5993/5993
f 5993/5993 5988/5988 5994/5994
f 5988/5988 5989/5989 5994/5994
f 5994/5994 5989/5989 5995/5995
f 5989/5989 5990/5990 5995/5995
f 5995/5995 5990/5990 5996/5996
f 5990/5990 5991/5991 5996/5996
f 5996/5996 5991/5991 5997/5997
f 5992/5992 5993/5993 5998/5998
f 5998/5998 5993/5993 5999/5999
f 5993/5993 5994/5994 5999/5999
f 5999/5999 5994/5994 6000/6000
f 5994/5994 5995/5995 6000/6000
f 6000/6000 5995/5995 6001/6001
f 5995/5995 5996/5996 6001/6001
f 6001/6001 5996/5996 6002/6002
f 5996/5996 5997/5997 6002/6002
f 6002/6002 5997/5997 6003/6003
f 6004/6004 6005/6005 6006/6006
f 6005/6005 6007/6007 6006/6006
f 6007/6007 6008/6008 6006/6006
f 6008/6008 6009/6009 6006/6006
f 6009/6009 6010/6010 6006/6006
f 6010/6010 6011/6011 6006/6006
f 6011/6011 6012/6012 6006/6006
f 6012/6012 6013/6013 6006/6006
f 6013/6013 6014/6014 6006/6006
f 6006/6006 6014/6014 6015/6015
f 6016/6016 6017/6017 6018/6018
f 6017/6017 6019/6019 6018/6018
f 6019/6019 6020/6020 6018/6018
f 6018/6018 6020/6020 6021/6021
f 6021/6021 6020/6020 6022/6022
f 6020/6020 6023/6023 6022/6022
f 6022/6022 6023/6023 6024/6024
f 6023/6023 6025/6025 6024/6024
f 6024/6024 6025/6025 6026/6026
f 6025/6025 6027/6027 6026/6026
f 6017/6017 6016/6016 6028/6028
f 6016/6016 6007/6007 6028/6028
f 6028/6028 6007/6007 6029/6029
f 6007/6007 6030/6030 6029/6029
f 6029/6029 6030/6030 6031/6031
f 6030/6030 6032/6032 6031/6031
f 6031/6031 6032/6032 6033/6033
f 6032/6032 6034/6034 6033/6033
f 6033/6033 6034/6034 6035/6035
f 6034/6034 6036/6036 6035/6035
f 6035/6035 6036/6036 6037/6037
f 6036/6036 6038/6038 6037/6037
f 6037/6037 6038/6038 6039/6039
f 6038/6038 6040/6040 6039/6039
f 6041/6041 6042/6042 6043/6043
f 6042/6042 6044/6044 6043/6043
f 6044/6044 6045/6045 6043/6043
f 6045/6045 6046/6046 6043/6043
f 6043/6043 6046/6046 6047/6047
f 6046/6046 6048/6048 6047/6047
f 6047/6047 6048/6048 6049/6049
f 6048/6048 6050/6050 6049/6049
f 6049/6049 6050/6050 6051/6051
f 6051/6051 6050/6050 6052/6052
f 6052/6052 6050/6050 6053/6053
f 6050/6050 6054/6054 6053/6053
f 6055/6055 6056/6056 6057/6057
f 6056/6056 6058/6058 6057/6057
f 6058/6058 6059/6059 6057/6057
f 6059/6059 6060/6060 6057/6057
f 6057/6057 6060/6060 6061/6061
f 6060/6060 6062/6062 6061/6061
f 6061/6061 6062/6062 6063/6063
f 6062/6062 6064/6064 6063/6063
f 6063/6063 6064/6064 6065/6065
f 6065/6065 6064/6064 6066/6066
f 6066/6066 6064/6064 6067/6067
f 6064/6064 6068/6068 6067/6067
f 5623/5623 5635/5635 5621/5621
f 5635/5635 5637/5637 5621/5621
f 5621/5621 5637/5637 5629/5629
f 5637/5637 5643/5643 5629/5629
f 5629/5629 5643/5643 5633/5633
f 5643/5643 5647/5647 5633/5633
f 5633/5633 5647/5647 5631/5631
f 5647/5647 5645/5645 5631/5631
f 5631/5631 5645/5645 5627/5627
f 5645/5645 5639/5639 5627/5627
f 5627/5627 5639/5639 5625/5625
f 5639/5639 5641/5641 5625/5625
f 5503/5503 5491/5491 5505/5505
f 5491/5491 5489/5489 5505/5505
f 5505/5505 5489/5489 5511/5511
f 5489/5489 5497/5497 5511/5511
f 5511/5511 5497/5497 5515/5515
f 5497/5497 5501/5501 5515/5515
f 5515/5515 5501/5501 5513/5513
f 5501/5501 5499/5499 5513/5513
f 5513/5513 5499/5499 5507/5507
f 5499/5499 5495/5495 5507/5507
f 5507/5507 5495/5495 5509/5509
f 5495/5495 5493/5493 5509/5509
f 5266/5266 5268/5268 6069/6069
f 5268/5268 5242/5242 6069/6069
f 5242/5242 5240/5240 6069/6069
f 6069/6069 5240/5240 6070/6070
f 6070/6070 5240/5240 6071/6071
f 6071/6071 5240/5240 6072/6072
f 5240/5240 5244/5244 6072/6072
f 6072/6072 5244/5244 6073/6073
f 5244/5244 6074/6074 6073/6073
f 6073/6073 6074/6074 6075/6075
f 6074/6074 6070/6070 6075/6075
f 6075/6075 6070/6070 6071/6071
f 6076/6076 6077/6077 6078/6078
f 6077/6077 6079/6079 6078/6078
f 6078/6078 6079/6079 5862/5862
f 6079/6079 6043/6043 5862/5862
f 5862/5862 6043/6043 6080/6080
f 6043/6043 6081/6081 6080/6080
f 6081/6081 6082/6082 6080/6080
f 6080/6080 6082/6082 6083/6083
f 6083/6083 6082/6082 5865/5865
f 6082/6082 6051/6051 5865/5865
f 5865/5865 6051/6051 6084/6084
f 6051/6051 6085/6085 6084/6084
f 6084/6084 6085/6085 6086/6086
f 6085/6085 6087/6087 6086/6086
f 6086/6086 6087/6087 6088/6088
f 6087/6087 6089/6089 6088/6088
f 6088/6088 6089/6089 6090/6090
f 6089/6089 6091/6091 6090/6090
f 6090/6090 6091/6091 6092/6092
f 6091/6091 6093/6093 6092/6092
f 6093/6093 6094/6094 6092/6092
f 6092/6092 6094/6094 6095/6095
f 6095/6095 6094/6094 6096/6096
f 6094/6094 6097/6097 6096/6096
f 6096/6096 6097/6097 6098/6098
f 6097/6097 6099/6099 6098/6098
f 6098/6098 6099/6099 6100/6100
f 6099/6099 6101/6101 6100/6100
f 6102/6102 6103/6103 6104/6104
f 6103/6103 6105/6105 6104/6104
f 6104/6104 6105/6105 6106/6106
f 6105/6105 6107/6107 6106/6106
f 6106/6106 6107/6107 6108/6108
f 6107/6107 6109/6109 6108/6108
f 6109/6109 6110/6110 6108/6108
f 6108/6108 6110/6110 6111/6111
f 6111/6111 6110/6110 6112/6112
f 6110/6110 6113/6113 6112/6112
f 6112/6112 6113/6113 6114/6114
f 6113/6113 6115/6115 6114/6114
f 6114/6114 6115/6115 6116/6116
f 6115/6115 6117/6117 6116/6116
f 6116/6116 6117/6117 6118/6118
f 6117/6117 6119/6119 6118/6118
f 6118/6118 6119/6119 6059/6059
f 6119/6119 5850/5850 6059/6059
f 6059/6059 5850/5850 6120/6120
f 5850/5850 6121/6121 6120/6120
f 6121/6121 6122/6122 6120/6120
f 6120/6120 6122/6122 6123/6123
f 6123/6123 6122/6122 6064/6064
f 6122/6122 5857/5857 6064/6064
f 6064/6064 5857/5857 6124/6124
f 5857/5857 6125/6125 6124/6124
f 6124/6124 6125/6125 6126/6126
f 6125/6125 6127/6127 6126/6126

g Object_default-grey.jpg

usemtl mat_5-default-grey.jpg

f 6530/6530 6531/6531 6532/6532
f 6533/6533 6534/6534 6535/6535
f 6536/6536 6537/6537 6538/6538
f 6537/6537 6539/6539 6538/6538
f 6540/6540 6541/6541 6542/6542
f 6543/6543 6544/6544 6545/6545
f 6544/6544 6546/6546 6545/6545
f 6547/6547 6548/6548 6549/6549
f 6547/6547 6550/6550 6548/6548
f 6551/6551 6552/6552 6553/6553
f 6554/6554 6555/6555 6556/6556
f 6554/6554 6557/6557 6555/6555
f 6558/6558 6559/6559 6560/6560
f 6561/6561 6562/6562 6563/6563
f 6561/6561 6564/6564 6562/6562
f 6565/6565 6566/6566 6567/6567
f 6568/6568 6569/6569 6570/6570
f 6571/6571 6572/6572 6573/6573
f 6574/6574 6575/6575 6576/6576
f 6577/6577 6578/6578 6579/6579
f 6577/6577 6580/6580 6578/6578
f 6581/6581 6582/6582 6583/6583
f 6584/6584 6585/6585 6586/6586
f 6587/6587 6588/6588 6589/6589
f 6590/6590 6591/6591 6592/6592
f 6591/6591 6593/6593 6592/6592
f 6594/6594 6595/6595 6596/6596
f 6597/6597 6598/6598 6599/6599
f 6597/6597 6600/6600 6598/6598
f 6601/6601 6602/6602 6603/6603
f 6604/6604 6605/6605 6606/6606
f 6607/6607 6608/6608 6609/6609
f 6608/6608 6610/6610 6609/6609
f 6611/6611 6612/6612 6613/6613
f 6614/6614 6615/6615 6616/6616
f 6615/6615 6617/6617 6616/6616
f 6618/6618 6619/6619 6620/6620
f 6618/6618 6621/6621 6619/6619
f 6622/6622 6623/6623 6624/6624
f 6622/6622 6625/6625 6623/6623
f 6622/6622 6626/6626 6625/6625
f 6627/6627 6628/6628 6629/6629
f 6627/6627 6630/6630 6628/6628
f 6627/6627 6631/6631 6630/6630
f 6632/6632 6633/6633 6634/6634
f 6632/6632 6635/6635 6633/6633

g Object_default-grey.jpg

usemtl mat_6-default-grey.jpg

# num_faces: 7574
